[run number],operating-cost,[reporter],[final],[min],[max],[mean],[total steps]
1,0,[step],1000,0,1000,500,1000
1,,count sellers,20,20,20,20,1000
1,,exited-sellers,0,0,0,0,1000
1,,survival-rate,1,1,1,1,1000
1,,mean-cash,1106.5,1000,1106.5,1106.126873126873,1000
1,,mean-debt,0,0,0,0,1000
1,,mean-buyer-budget,43,43,641.75,45.086663336663335,1000
1,,count offers,124,24,124,78.46353646353646,1000
1,,link-loss,0,0,0,0,1000
1,,mean-complexity,8,3.5,8,6.472027972027988,1000
2,0,[step],1000,0,1000,500,1000
2,,count sellers,20,20,20,20,1000
2,,exited-sellers,0,0,0,0,1000
2,,survival-rate,1,1,1,1,1000
2,,mean-cash,1111375,1000,1111375,1110.955044955045,1000
2,,mean-debt,0,0,0,0,1000
2,,mean-buyer-budget,35.8,35.8,625.8,38.04900099900096,1000
2,,count offers,125,13,125,76.07192807192807,1000
2,,link-loss,0,0,0,0,1000
2,,mean-complexity,8.45,3.95,8.45,6.9446053946053485,1000
3,0,[step],1000,0,1000,500,1000
3,,count sellers,20,20,20,20,1000
3,,exited-sellers,0,0,0,0,1000
3,,survival-rate,1,1,1,1,1000
3,,mean-cash,1126,1000,1126,1125.4957542457541,1000
3,,mean-debt,0,0,0,0,1000
3,,mean-buyer-budget,36.7,36.7,606.7,38.79915084915083,1000
3,,count offers,111,20,111,78.9080919080919,1000
3,,link-loss,0,0,0,0,1000
3,,mean-complexity,7.8,3.45,7.8,6.414435564435539,1000
4,0,[step],1000,0,1000,500,1000
4,,count sellers,20,20,20,20,1000
4,,exited-sellers,0,0,0,0,1000
4,,survival-rate,1,1,1,1,1000
4,,mean-cash,1052.5,1000,1052.5,1052.2857142857142,1000
4,,mean-debt,0,0,0,0,1000
4,,mean-buyer-budget,39.95,39.95,508.7,41.525924075923854,1000
4,,count offers,114,8,114,62.00999000999001,1000
4,,link-loss,0,0,0,0,1000
4,,mean-complexity,8.4,4.1,8.4,6.609640359640376,1000
5,0,[step],1000,0,1000,500,1000
5,,count sellers,20,20,20,20,1000
5,,exited-sellers,0,0,0,0,1000
5,,survival-rate,1,1,1,1,1000
5,,mean-cash,1120.75,1000,1120.75,1120.2925824175825,1000
5,,mean-debt,0,0,0,0,1000
5,,mean-buyer-budget,40.65,40.65,630.65,42.81158841158925,1000
5,,count offers,145,22,145,90.8881118881119,1000
5,,link-loss,0,0,0,0,1000
5,,mean-complexity,8.75,4.5,8.75,7.131718281718276,1000
6,0,[step],1000,0,1000,500,1000
6,,count sellers,20,20,20,20,1000
6,,exited-sellers,0,0,0,0,1000
6,,survival-rate,1,1,1,1,1000
6,,mean-cash,1163.5,1000,1163.5,1162.8702547452547,1000
6,,mean-debt,0,0,0,0,1000
6,,mean-buyer-budget,44.9,44.9,589.9,46.99915084915175,1000
6,,count offers,157,36,157,107.53246753246754,1000
6,,link-loss,0,0,0,0,1000
6,,mean-complexity,8.5,4.05,8.5,7.263486513486538,1000
7,0,[step],1000,0,1000,500,1000
7,,count sellers,20,20,20,20,1000
7,,exited-sellers,0,0,0,0,1000
7,,survival-rate,1,1,1,1,1000
7,,mean-cash,1000,1000,1000,1000,1000
7,,mean-debt,0,0,0,0,1000
7,,mean-buyer-budget,56.35,56.35,598.85,58.35049950049849,1000
7,,count offers,100,0,100,48.91608391608391,1000
7,,link-loss,0,0,0,0,1000
7,,mean-complexity,7.5,3.35,7.5,5.878771228771218,1000
8,0,[step],1000,0,1000,500,1000
8,,count sellers,20,20,20,20,1000
8,,exited-sellers,0,0,0,0,1000
8,,survival-rate,1,1,1,1,1000
8,,mean-cash,1153,1000,1153,1152.4174575424574,1000
8,,mean-debt,0,0,0,0,1000
8,,mean-buyer-budget,43.05,43.05,596.8,45.11668331668376,1000
8,,count offers,134,17,134,87.28571428571429,1000
8,,link-loss,0,0,0,0,1000
8,,mean-complexity,8.5,3.7,8.5,6.747302697302714,1000
9,0,[step],1000,0,1000,500,1000
9,,count sellers,20,20,20,20,1000
9,,exited-sellers,0,0,0,0,1000
9,,survival-rate,1,1,1,1,1000
9,,mean-cash,1039.75,1000,1039.75,1039.6091408591408,1000
9,,mean-debt,0,0,0,0,1000
9,,mean-buyer-budget,46.55,46.55,585.3,48.411888111888736,1000
9,,count offers,114,11,114,66.9050949050949,1000
9,,link-loss,0,0,0,0,1000
9,,mean-complexity,8.3,4.15,8.3,6.847602397602384,1000
10,0,[step],1000,0,1000,500,1000
10,,count sellers,20,20,20,20,1000
10,,exited-sellers,0,0,0,0,1000
10,,survival-rate,1,1,1,1,1000
10,,mean-cash,1045,1000,1045,1044.8201798201799,1000
10,,mean-debt,0,0,0,0,1000
10,,mean-buyer-budget,35.25,35.25,585.25,37.141858141858144,1000
10,,count offers,116,10,116,66.97202797202797,1000
10,,link-loss,0,0,0,0,1000
10,,mean-complexity,8.25,3.95,8.25,6.686563436563447,1000
11,0,[step],1000,0,1000,500,1000
11,,count sellers,20,20,20,20,1000
11,,exited-sellers,0,0,0,0,1000
11,,survival-rate,1,1,1,1,1000
11,,mean-cash,1168375,1000,1168375,1167.7066683316684,1000
11,,mean-debt,0,0,0,0,1000
11,,mean-buyer-budget,55.05,55.05,616.3,57.27777222777322,1000
11,,count offers,143,27,143,92.86813186813187,1000
11,,link-loss,0,0,0,0,1000
11,,mean-complexity,8.8,4.2,8.8,7.194655344655329,1000
12,0,[step],1000,0,1000,500,1000
12,,count sellers,20,20,20,20,1000
12,,exited-sellers,0,0,0,0,1000
12,,survival-rate,1,1,1,1,1000
12,,mean-cash,1068.25,1000,1068.25,1067.9753996003997,1000
12,,mean-debt,0,0,0,0,1000
12,,mean-buyer-budget,39.5,39.5,560.75,41.36438561438561,1000
12,,count offers,128,24,128,86.26373626373626,1000
12,,link-loss,0,0,0,0,1000
12,,mean-complexity,8.6,4.3,8.6,7.202747252747297,1000
13,0,[step],1000,0,1000,500,1000
13,,count sellers,20,20,20,20,1000
13,,exited-sellers,0,0,0,0,1000
13,,survival-rate,1,1,1,1,1000
13,,mean-cash,1156.75,1000,1156.75,1156.1712037962038,1000
13,,mean-debt,0,0,0,0,1000
13,,mean-buyer-budget,38.6,38.6,604.85,40.60424575424495,1000
13,,count offers,121,21,121,80.93806193806194,1000
13,,link-loss,0,0,0,0,1000
13,,mean-complexity,8.25,3.9,8.25,6.799050949050902,1000
14,0,[step],1000,0,1000,500,1000
14,,count sellers,20,20,20,20,1000
14,,exited-sellers,0,0,0,0,1000
14,,survival-rate,1,1,1,1,1000
14,,mean-cash,1111.75,1000,1111.75,1111.3532717282717,1000
14,,mean-debt,0,0,0,0,1000
14,,mean-buyer-budget,61.15,61.15,596.15,63.01563436563541,1000
14,,count offers,139,23,139,89.27772227772228,1000
14,,link-loss,0,0,0,0,1000
14,,mean-complexity,8.25,4.15,8.25,6.655594405594419,1000
15,0,[step],1000,0,1000,500,1000
15,,count sellers,20,20,20,20,1000
15,,exited-sellers,0,0,0,0,1000
15,,survival-rate,1,1,1,1,1000
15,,mean-cash,1087375,1000,1087375,1087.0591908091908,1000
15,,mean-debt,0,0,0,0,1000
15,,mean-buyer-budget,44.25,44.25,591.75,46.17682317682318,1000
15,,count offers,115,24,115,76.0949050949051,1000
15,,link-loss,0,0,0,0,1000
15,,mean-complexity,8,3.9,8,6.403496503496497,1000
16,0,[step],1000,0,1000,500,1000
16,,count sellers,20,20,20,20,1000
16,,exited-sellers,0,0,0,0,1000
16,,survival-rate,1,1,1,1,1000
16,,mean-cash,1082.5,1000,1082.5,1082.1253746253747,1000
16,,mean-debt,0,0,0,0,1000
16,,mean-buyer-budget,53.15,53.15,684.4,55.628771228772216,1000
16,,count offers,134,12,134,78.7002997002997,1000
16,,link-loss,0,0,0,0,1000
16,,mean-complexity,8.2,3.8,8.2,6.556943056943032,1000
17,0,[step],1000,0,1000,500,1000
17,,count sellers,20,20,20,20,1000
17,,exited-sellers,0,0,0,0,1000
17,,survival-rate,1,1,1,1,1000
17,,mean-cash,1109.5,1000,1109.5,1109.101023976024,1000
17,,mean-debt,0,0,0,0,1000
17,,mean-buyer-budget,48.25,48.25,563.25,49.985764235764236,1000
17,,count offers,123,25,123,78.18781218781218,1000
17,,link-loss,0,0,0,0,1000
17,,mean-complexity,8.45,4.7,8.45,7.170629370629339,1000
18,0,[step],1000,0,1000,500,1000
18,,count sellers,20,20,20,20,1000
18,,exited-sellers,0,0,0,0,1000
18,,survival-rate,1,1,1,1,1000
18,,mean-cash,1085.5,1000,1085.5,1085.2317682317682,1000
18,,mean-debt,0,0,0,0,1000
18,,mean-buyer-budget,42.9,42.9,484.15,44.299850149851,1000
18,,count offers,129,20,129,83.81518481518482,1000
18,,link-loss,0,0,0,0,1000
18,,mean-complexity,8.4,4.2,8.4,6.924125874125912,1000
19,0,[step],1000,0,1000,500,1000
19,,count sellers,20,20,20,20,1000
19,,exited-sellers,0,0,0,0,1000
19,,survival-rate,1,1,1,1,1000
19,,mean-cash,1124.5,1000,1124.5,1123.9530469530469,1000
19,,mean-debt,0,0,0,0,1000
19,,mean-buyer-budget,47,47,730.75,49.49125874125874,1000
19,,count offers,97,7,97,69.58141858141857,1000
19,,link-loss,0,0,0,0,1000
19,,mean-complexity,7.6,4.1,7.6,6.328721278721311,1000
20,0,[step],1000,0,1000,500,1000
20,,count sellers,20,20,20,20,1000
20,,exited-sellers,0,0,0,0,1000
20,,survival-rate,1,1,1,1,1000
20,,mean-cash,1126.75,1000,1126.75,1126.28996003996,1000
20,,mean-debt,0,0,0,0,1000
20,,mean-buyer-budget,28.75,28.75,551.25,30.526973026973028,1000
20,,count offers,121,20,121,88.63636363636364,1000
20,,link-loss,0,0,0,0,1000
20,,mean-complexity,8.3,4.45,8.3,7.125174825174853,1000
21,0,[step],1000,0,1000,500,1000
21,,count sellers,20,20,20,20,1000
21,,exited-sellers,0,0,0,0,1000
21,,survival-rate,1,1,1,1,1000
21,,mean-cash,1182.25,1000,1182.25,1181.5292207792209,1000
21,,mean-debt,0,0,0,0,1000
21,,mean-buyer-budget,38.15,38.15,645.65,40.55259740259821,1000
21,,count offers,135,23,135,83.53146853146853,1000
21,,link-loss,0,0,0,0,1000
21,,mean-complexity,8.5,4.25,8.5,6.846903096903086,1000
22,0,[step],1000,0,1000,500,1000
22,,count sellers,20,20,20,20,1000
22,,exited-sellers,0,0,0,0,1000
22,,survival-rate,1,1,1,1,1000
22,,mean-cash,1046.5,1000,1046.5,1046.2977022977022,1000
22,,mean-debt,0,0,0,0,1000
22,,mean-buyer-budget,47.35,47.35,608.6,49.43541458541366,1000
22,,count offers,120,5,120,71.07792207792208,1000
22,,link-loss,0,0,0,0,1000
22,,mean-complexity,8.15,4.2,8.15,6.611038961038957,1000
23,0,[step],1000,0,1000,500,1000
23,,count sellers,20,20,20,20,1000
23,,exited-sellers,0,0,0,0,1000
23,,survival-rate,1,1,1,1,1000
23,,mean-cash,1072,1000,1072,1071.7317682317682,1000
23,,mean-debt,0,0,0,0,1000
23,,mean-buyer-budget,41.65,41.65,581.65,43.549350649351496,1000
23,,count offers,128,16,128,76.96903096903097,1000
23,,link-loss,0,0,0,0,1000
23,,mean-complexity,8.35,3.9,8.35,6.781318681318698,1000
24,0,[step],1000,0,1000,500,1000
24,,count sellers,20,20,20,20,1000
24,,exited-sellers,0,0,0,0,1000
24,,survival-rate,1,1,1,1,1000
24,,mean-cash,1140.25,1000,1140.25,1139.7375124875125,1000
24,,mean-debt,0,0,0,0,1000
24,,mean-buyer-budget,45.5,45.5,613,47.50799200799201,1000
24,,count offers,153,41,153,106.87212787212788,1000
24,,link-loss,0,0,0,0,1000
24,,mean-complexity,9.1,4.55,9.1,7.653846153846154,1000
25,0,[step],1000,0,1000,500,1000
25,,count sellers,20,20,20,20,1000
25,,exited-sellers,0,0,0,0,1000
25,,survival-rate,1,1,1,1,1000
25,,mean-cash,1157125,1000,1157125,1156.5761738261738,1000
25,,mean-debt,0,0,0,0,1000
25,,mean-buyer-budget,35.05,35.05,558.8,36.87942057942045,1000
25,,count offers,145,28,145,98.1008991008991,1000
25,,link-loss,0,0,0,0,1000
25,,mean-complexity,8.55,4.05,8.55,6.9646853146852905,1000
26,0,[step],1000,0,1000,500,1000
26,,count sellers,20,20,20,20,1000
26,,exited-sellers,0,0,0,0,1000
26,,survival-rate,1,1,1,1,1000
26,,mean-cash,1084,1000,1084,1083.6313686313686,1000
26,,mean-debt,0,0,0,0,1000
26,,mean-buyer-budget,37.5,37.5,555,39.47802197802198,1000
26,,count offers,120,25,120,73.26073926073926,1000
26,,link-loss,0,0,0,0,1000
26,,mean-complexity,8.05,3.85,8.05,6.5171828171828015,1000
27,0,[step],1000,0,1000,500,1000
27,,count sellers,20,20,20,20,1000
27,,exited-sellers,0,0,0,0,1000
27,,survival-rate,1,1,1,1,1000
27,,mean-cash,1125.25,1000,1125.25,1124.8023226773228,1000
27,,mean-debt,0,0,0,0,1000
27,,mean-buyer-budget,39.75,39.75,701,42.116383616383615,1000
27,,count offers,123,23,123,79.04795204795205,1000
27,,link-loss,0,0,0,0,1000
27,,mean-complexity,8.3,3.75,8.3,6.6664835164835,1000
28,0,[step],1000,0,1000,500,1000
28,,count sellers,20,20,20,20,1000
28,,exited-sellers,0,0,0,0,1000
28,,survival-rate,1,1,1,1,1000
28,,mean-cash,1113.25,1000,1113.25,1112.821803196803,1000
28,,mean-debt,0,0,0,0,1000
28,,mean-buyer-budget,36.7,36.7,532.95,38.420779220779224,1000
28,,count offers,167,32,167,113.8061938061938,1000
28,,link-loss,0,0,0,0,1000
28,,mean-complexity,9,4.35,9,7.5979520479521,1000
29,0,[step],1000,0,1000,500,1000
29,,count sellers,20,20,20,20,1000
29,,exited-sellers,0,0,0,0,1000
29,,survival-rate,1,1,1,1,1000
29,,mean-cash,1013.5,1000,1013.5,1013.4535464535464,1000
29,,mean-debt,0,0,0,0,1000
29,,mean-buyer-budget,44.7,44.7,570.95,46.580619380618856,1000
29,,count offers,119,6,119,69.65734265734265,1000
29,,link-loss,0,0,0,0,1000
29,,mean-complexity,8.1,4,8.1,6.568131868131867,1000
30,0,[step],1000,0,1000,500,1000
30,,count sellers,20,20,20,20,1000
30,,exited-sellers,0,0,0,0,1000
30,,survival-rate,1,1,1,1,1000
30,,mean-cash,1082.5,1000,1082.5,1082.1508491508491,1000
30,,mean-debt,0,0,0,0,1000
30,,mean-buyer-budget,45.1,45.1,695.1,47.63121878121787,1000
30,,count offers,116,10,116,72.05594405594405,1000
30,,link-loss,0,0,0,0,1000
30,,mean-complexity,8.2,4.35,8.2,6.923926073926102,1000
31,5,[step],1000,0,1000,500,1000
31,,count sellers,7,7,20,16.8011988011988,1000
31,,exited-sellers,13,0,13,3.1988011988011986,1000
31,,survival-rate,0.35,0.35,1,0.8400599400599429,1000
31,,mean-cash,18.571428571428573,-8,1142.5,316.62091495195745,1000
31,,mean-debt,3714.285714285714,0,3714.285714285714,1581.5583378770164,1000
31,,mean-buyer-budget,43.2,43.2,683.2,45.81863136863088,1000
31,,count offers,50,14,96,57.582417582417584,1000
31,,link-loss,64,0,64,14.653346653346654,1000
31,,mean-complexity,8.428571428571429,3.75,8.5,6.670595094770943,1000
32,5,[step],1000,0,1000,500,1000
32,,count sellers,7,7,20,17.477522477522477,1000
32,,exited-sellers,13,0,13,2.5224775224775224,1000
32,,survival-rate,0.35,0.35,1,0.8738761238761259,1000
32,,mean-cash,68.57142857142857,48,1104.5,323.9636323855667,1000
32,,mean-debt,4000,0,4000,1679.9765800985135,1000
32,,mean-buyer-budget,42.95,42.95,519.2,44.53341658341618,1000
32,,count offers,50,44,118,80.31668331668331,1000
32,,link-loss,81,0,81,14.64935064935065,1000
32,,mean-complexity,8.428571428571429,4.5,8.428571428571429,7.139573609775478,1000
33,5,[step],1000,0,1000,500,1000
33,,count sellers,10,10,20,17.428571428571427,1000
33,,exited-sellers,10,0,10,2.5714285714285716,1000
33,,survival-rate,0.5,0.5,1,0.8714285714285672,1000
33,,mean-cash,57,51.81818181818182,1046.75,303.7230475984226,1000
33,,mean-debt,4000,0,4000,1724.246224970496,1000
33,,mean-buyer-budget,39.75,39.75,492.25,41.312187812187815,1000
33,,count offers,55,28,111,62.86513486513486,1000
33,,link-loss,70,0,70,18.226773226773226,1000
33,,mean-complexity,8.2,4.35,8.214285714285714,6.8380862352765766,1000
34,5,[step],1000,0,1000,500,1000
34,,count sellers,6,6,20,16.335664335664337,1000
34,,exited-sellers,14,0,14,3.664335664335664,1000
34,,survival-rate,0.3,0.3,1,0.8167832167832138,1000
34,,mean-cash,-498.3333333333333,-498.3333333333333,1027,144.41296853884197,1000
34,,mean-debt,3416.6666666666665,0,3416.6666666666665,1575.5565419151887,1000
34,,mean-buyer-budget,36.1,36.1,444.85,37.48861138861065,1000
34,,count offers,40,32,109,64.22877122877122,1000
34,,link-loss,74,0,74,20.073926073926074,1000
34,,mean-complexity,8,4.65,8,6.826022950298653,1000
35,5,[step],1000,0,1000,500,1000
35,,count sellers,5,5,20,16.123876123876123,1000
35,,exited-sellers,15,0,15,3.8761238761238763,1000
35,,survival-rate,0.25,0.25,1,0.8061938061938055,1000
35,,mean-cash,42,39,1005,292.8969601826749,1000
35,,mean-debt,4000,0,4000,1751.027543884686,1000
35,,mean-buyer-budget,48.75,48.75,565,50.39085914085914,1000
35,,count offers,27,14,90,45.77522477522478,1000
35,,link-loss,71,0,71,18.365634365634367,1000
35,,mean-complexity,8.2,4.1,8.2,6.638611388611383,1000
36,5,[step],1000,0,1000,500,1000
36,,count sellers,3,3,20,15.734265734265735,1000
36,,exited-sellers,17,0,17,4.265734265734266,1000
36,,survival-rate,0.15,0.15,1,0.7867132867132877,1000
36,,mean-cash,110,24,1000,295.5594405594399,1000
36,,mean-debt,4000,0,4000,1755.5361305361253,1000
36,,mean-buyer-budget,42.6,42.6,546.35,44.26958041957957,1000
36,,count offers,17,4,79,40.5984015984016,1000
36,,link-loss,67,0,67,16.083916083916083,1000
36,,mean-complexity,8,3.65,8,6.269569319569351,1000
37,5,[step],1000,0,1000,500,1000
37,,count sellers,9,9,20,17.446553446553448,1000
37,,exited-sellers,11,0,11,2.5534465534465536,1000
37,,survival-rate,0.45,0.45,1,0.8723276723276769,1000
37,,mean-cash,35.55555555555556,27,1060.5,317.6311513577991,1000
37,,mean-debt,3888.8888888888887,0,3888.8888888888887,1701.0300139421006,1000
37,,mean-buyer-budget,52.45,52.45,592.45,54.366833166832286,1000
37,,count offers,57,14,90,57.968031968031966,1000
37,,link-loss,55,0,55,11.596403596403597,1000
37,,mean-complexity,7.888888888888889,4.15,8.1,6.47045329517854,1000
38,5,[step],1000,0,1000,500,1000
38,,count sellers,3,3,20,16.526473526473527,1000
38,,exited-sellers,17,0,17,3.4735264735264737,1000
38,,survival-rate,0.15,0.15,1,0.8263236763236724,1000
38,,mean-cash,122.5,49125,1081125,319.2547260431886,1000
38,,mean-debt,3500,0,3500,1628.2448320909841,1000
38,,mean-buyer-budget,43.8,43.8,532.55,45.53201798201845,1000
38,,count offers,23,16,113,65.94405594405595,1000
38,,link-loss,92,0,92,15.95004995004995,1000
38,,mean-complexity,8.666666666666666,3.8,9,6.791137068060136,1000
39,5,[step],1000,0,1000,500,1000
39,,count sellers,4,4,20,16.441558441558442,1000
39,,exited-sellers,16,0,16,3.5584415584415585,1000
39,,survival-rate,0.2,0.2,1,0.8220779220779248,1000
39,,mean-cash,90,52.5,1011,297.87859393353756,1000
39,,mean-debt,4000,0,4000,1733.5683547221988,1000
39,,mean-buyer-budget,45.75,45.75,670.75,48.01773226773227,1000
39,,count offers,21,12,104,52.36963036963037,1000
39,,link-loss,86,0,86,16.603396603396604,1000
39,,mean-complexity,8,4.05,8.4,6.624028169632522,1000
40,5,[step],1000,0,1000,500,1000
40,,count sellers,4,4,20,16.013986013986013,1000
40,,exited-sellers,16,0,16,3.986013986013986,1000
40,,survival-rate,0.2,0.2,1,0.8006993006993018,1000
40,,mean-cash,52.5,35,1029,294.5430543482494,1000
40,,mean-debt,4000,0,4000,1732.4934805454307,1000
40,,mean-buyer-budget,46.45,46.45,547.7,48.12332667332607,1000
40,,count offers,28,12,108,61.184815184815186,1000
40,,link-loss,90,0,90,20.47952047952048,1000
40,,mean-complexity,8.5,3.8,8.545454545454545,6.882174102953327,1000
41,5,[step],1000,0,1000,500,1000
41,,count sellers,8,8,20,17.068931068931068,1000
41,,exited-sellers,12,0,12,2.931068931068931,1000
41,,survival-rate,0.4,0.4,1,0.8534465534465525,1000
41,,mean-cash,45,34.5,1002.5,296.6825107958973,1000
41,,mean-debt,4000,0,4000,1760.1851694758777,1000
41,,mean-buyer-budget,40.9,40.9,624.65,42.957942057942894,1000
41,,count offers,44,14,93,56.463536463536464,1000
41,,link-loss,49,0,49,11.638361638361639,1000
41,,mean-complexity,8.25,4.05,8.25,6.820958112816248,1000
42,5,[step],1000,0,1000,500,1000
42,,count sellers,8,8,20,17.15284715284715,1000
42,,exited-sellers,12,0,12,2.8471528471528473,1000
42,,survival-rate,0.4,0.4,1,0.8576423576423596,1000
42,,mean-cash,26.25,25,1014,303.4526206394347,1000
42,,mean-debt,4000,0,4000,1758.8427140624965,1000
42,,mean-buyer-budget,47.15,47.15,598.4,49.00314685314777,1000
42,,count offers,52,7,106,59.193806193806196,1000
42,,link-loss,66,0,66,15.040959040959041,1000
42,,mean-complexity,8375,3.95,8.555555555555555,6.743337736744296,1000
43,5,[step],1000,0,1000,500,1000
43,,count sellers,5,5,20,16.045954045954048,1000
43,,exited-sellers,15,0,15,3.954045954045954,1000
43,,survival-rate,0.25,0.25,1,0.8022977022977025,1000
43,,mean-cash,50,23,1020625,294.78379953379965,1000
43,,mean-debt,3900,0,3900,1724.0842490842492,1000
43,,mean-buyer-budget,53,53,413,54.01773226773227,1000
43,,count offers,36,12,73,42.7002997002997,1000
43,,link-loss,59,0,59,15.426573426573427,1000
43,,mean-complexity,8.6,4.2,8.6,6.60887802673515,1000
44,5,[step],1000,0,1000,500,1000
44,,count sellers,4,4,20,15.94905094905095,1000
44,,exited-sellers,16,0,16,4.050949050949051,1000
44,,survival-rate,0.2,0.2,1,0.7974525474525542,1000
44,,mean-cash,105,82375,1091,315.01180961895307,1000
44,,mean-debt,4000,0,4000,1661.7025831311573,1000
44,,mean-buyer-budget,40.9,40.9,582.15,42.82557442557526,1000
44,,count offers,24,24,112,71.89110889110889,1000
44,,link-loss,97,0,97,22.017982017982018,1000
44,,mean-complexity,8.25,3.7,9,7.129211661354519,1000
45,5,[step],1000,0,1000,500,1000
45,,count sellers,2,2,20,15.448551448551449,1000
45,,exited-sellers,18,0,18,4.551448551448551,1000
45,,survival-rate,0.1,0.1,1,0.7724275724275784,1000
45,,mean-cash,15,15,1003.5,291.32134532134455,1000
45,,mean-debt,4000,0,4000,1747.9187479187458,1000
45,,mean-buyer-budget,48.05,48.05,723.05,50.552497502498234,1000
45,,count offers,16,10,92,46.72827172827173,1000
45,,link-loss,85,0,85,19.336663336663335,1000
45,,mean-complexity,8.5,4.3,8.666666666666666,6.882499643213937,1000
46,5,[step],1000,0,1000,500,1000
46,,count sellers,4,4,20,16.27972027972028,1000
46,,exited-sellers,16,0,16,3.7202797202797204,1000
46,,survival-rate,0.2,0.2,1,0.8139860139860192,1000
46,,mean-cash,0,0,1052625,306.67934492247787,1000
46,,mean-debt,4000,0,4000,1712.49234448536,1000
46,,mean-buyer-budget,53.75,53.75,636.25,55.91908091908092,1000
46,,count offers,17,13,87,50.04095904095904,1000
46,,link-loss,79,0,79,15.826173826173827,1000
46,,mean-complexity,8.5,4.2,8.5,6.728602982099494,1000
47,5,[step],1000,0,1000,500,1000
47,,count sellers,6,6,20,16.133866133866135,1000
47,,exited-sellers,14,0,14,3.866133866133866,1000
47,,survival-rate,0.3,0.3,1,0.8066933066933029,1000
47,,mean-cash,-554.1666666666666,-554.1666666666666,1079375,144.77713556285028,1000
47,,mean-debt,3083.3333333333335,0,3083.3333333333335,1469.311244311238,1000
47,,mean-buyer-budget,35.55,35.55,485.55,36.87242757242744,1000
47,,count offers,47,21,94,55.51948051948052,1000
47,,link-loss,48,0,48,12.487512487512488,1000
47,,mean-complexity,8,4.4,8,6.679256457827856,1000
48,5,[step],1000,0,1000,500,1000
48,,count sellers,3,3,20,15.876123876123875,1000
48,,exited-sellers,17,0,17,4.123876123876124,1000
48,,survival-rate,0.15,0.15,1,0.7938061938061944,1000
48,,mean-cash,192.5,47125,1057125,300.9246928146774,1000
48,,mean-debt,4000,0,4000,1686.8655570204016,1000
48,,mean-buyer-budget,53.55,53.55,633.55,55.53801198801291,1000
48,,count offers,30,23,100,57.77022977022977,1000
48,,link-loss,89,0,89,20.21978021978022,1000
48,,mean-complexity,10,3.55,10,6.94010746163594,1000
49,5,[step],1000,0,1000,500,1000
49,,count sellers,3,3,20,16.10789210789211,1000
49,,exited-sellers,17,0,17,3.892107892107892,1000
49,,survival-rate,0.15,0.15,1,0.8053946053946082,1000
49,,mean-cash,0,0,1016,294.4607708308992,1000
49,,mean-debt,4000,0,4000,1742.5854448581724,1000
49,,mean-buyer-budget,41.05,41.05,517.3,42.47232767232795,1000
49,,count offers,10,6,103,52.192807192807194,1000
49,,link-loss,106,0,106,22.277722277722276,1000
49,,mean-complexity,7,3.85,8375,6.624159534549144,1000
50,5,[step],1000,0,1000,500,1000
50,,count sellers,7,7,20,16.7992007992008,1000
50,,exited-sellers,13,0,13,3.2007992007992008,1000
50,,survival-rate,0.35,0.35,1,0.839960039960044,1000
50,,mean-cash,77.14285714285714,51,1009,294.41837649529845,1000
50,,mean-debt,4000,0,4000,1735.4297716935089,1000
50,,mean-buyer-budget,42,42,693.25,44.46878121878122,1000
50,,count offers,42,15,101,59.35064935064935,1000
50,,link-loss,70,0,70,15.816183816183816,1000
50,,mean-complexity,8.714285714285714,3.95,8.714285714285714,6.949478086016506,1000
51,5,[step],1000,0,1000,500,1000
51,,count sellers,6,6,20,16.787212787212788,1000
51,,exited-sellers,14,0,14,3.212787212787213,1000
51,,survival-rate,0.3,0.3,1,0.8393606393606355,1000
51,,mean-cash,0,-180,1057625,251.70244804036034,1000
51,,mean-debt,4000,0,4000,1656.1905432784542,1000
51,,mean-buyer-budget,41.75,41.75,633,44.01773226773227,1000
51,,count offers,19,12,88,51.23276723276723,1000
51,,link-loss,83,0,83,17.288711288711287,1000
51,,mean-complexity,6.666666666666667,4.15,7.6923076923076925,6.407529893793676,1000
52,5,[step],1000,0,1000,500,1000
52,,count sellers,5,5,20,16.167832167832167,1000
52,,exited-sellers,15,0,15,3.832167832167832,1000
52,,survival-rate,0.25,0.25,1,0.8083916083916081,1000
52,,mean-cash,-450,-477.5,1063375,99.54440617102948,1000
52,,mean-debt,3400,0,3400,1464.681458512625,1000
52,,mean-buyer-budget,38.25,38.25,627,40.51398601398601,1000
52,,count offers,42,15,117,65.75124875124875,1000
52,,link-loss,78,0,78,18.918081918081917,1000
52,,mean-complexity,9.4,3.6,9.4,7.1509426720465425,1000
53,5,[step],1000,0,1000,500,1000
53,,count sellers,6,6,20,16.302697302697304,1000
53,,exited-sellers,14,0,14,3.6973026973026974,1000
53,,survival-rate,0.3,0.3,1,0.815134865134858,1000
53,,mean-cash,85,44,1024125,288.1820547778347,1000
53,,mean-debt,4000,0,4000,1713.5920717089639,1000
53,,mean-buyer-budget,49.45,49.45,698.2,51.88756243756165,1000
53,,count offers,36,22,93,55.76823176823177,1000
53,,link-loss,64,0,64,16.0999000999001,1000
53,,mean-complexity,8.166666666666666,4.2,8.166666666666666,6.604605567592626,1000
54,5,[step],1000,0,1000,500,1000
54,,count sellers,9,9,20,17.907092907092906,1000
54,,exited-sellers,11,0,11,2.092907092907093,1000
54,,survival-rate,0.45,0.45,1,0.8953546453546445,1000
54,,mean-cash,55,51125,1040125,304.40598454705,1000
54,,mean-debt,4000,0,4000,1732.1903814910847,1000
54,,mean-buyer-budget,33.7,33.7,506.2,35.17227772227801,1000
54,,count offers,40,28,102,71.83416583416583,1000
54,,link-loss,70,0,70,12.765234765234766,1000
54,,mean-complexity,7.777777777777778,3.8,8,6.649196641593098,1000
55,5,[step],1000,0,1000,500,1000
55,,count sellers,7,7,20,17.18881118881119,1000
55,,exited-sellers,13,0,13,2.8111888111888113,1000
55,,survival-rate,0.35,0.35,1,0.8594405594405599,1000
55,,mean-cash,8.571428571428571,7.5,1078625,319.7186801611936,1000
55,,mean-debt,3785.714285714286,0,3785.714285714286,1675.054215901238,1000
55,,mean-buyer-budget,40,40,655,42.31393606393606,1000
55,,count offers,37,16,94,65.36663336663337,1000
55,,link-loss,63,0,63,13.052947052947053,1000
55,,mean-complexity,8,3.85,8,6.699567342300375,1000
56,5,[step],1000,0,1000,500,1000
56,,count sellers,5,5,20,16.844155844155843,1000
56,,exited-sellers,15,0,15,3.155844155844156,1000
56,,survival-rate,0.25,0.25,1,0.8422077922077928,1000
56,,mean-cash,57.5,41.94444444444444,1058.75,312.24095049694404,1000
56,,mean-debt,3900,0,3900,1704.170294130337,1000
56,,mean-buyer-budget,38.45,38.45,548.45,40.206993006992874,1000
56,,count offers,36,28,121,73.4075924075924,1000
56,,link-loss,102,0,102,20.665334665334665,1000
56,,mean-complexity,8.8,4.25,8.833333333333334,7.114911578597877,1000
57,5,[step],1000,0,1000,500,1000
57,,count sellers,7,7,20,17.11088911088911,1000
57,,exited-sellers,13,0,13,2.889110889110889,1000
57,,survival-rate,0.35,0.35,1,0.8555444555444534,1000
57,,mean-cash,23.571428571428573,23.571428571428573,1072,317.9954605833724,1000
57,,mean-debt,3785.714285714286,0,3785.714285714286,1684.5804545105266,1000
57,,mean-buyer-budget,31.25,31.25,533.75,32.92332667332667,1000
57,,count offers,34,13,92,51.54145854145854,1000
57,,link-loss,73,0,73,14.985014985014985,1000
57,,mean-complexity,8.142857142857142,4.2,8375,6.720589367342579,1000
58,5,[step],1000,0,1000,500,1000
58,,count sellers,7,7,20,16.95104895104895,1000
58,,exited-sellers,13,0,13,3.0489510489510487,1000
58,,survival-rate,0.35,0.35,1,0.8475524475524513,1000
58,,mean-cash,-385.7142857142857,-385.7142857142857,1062,200.7824187689317,1000
58,,mean-debt,3571.4285714285716,0,3571.4285714285716,1601.882488695681,1000
58,,mean-buyer-budget,40.05,40.05,498.8,41.65589410589433,1000
58,,count offers,47,17,128,77.74925074925075,1000
58,,link-loss,86,0,86,19.236763236763238,1000
58,,mean-complexity,8.285714285714286,4.2,8.5,7.300062114597604,1000
59,5,[step],1000,0,1000,500,1000
59,,count sellers,4,4,20,16.431568431568433,1000
59,,exited-sellers,16,0,16,3.5684315684315684,1000
59,,survival-rate,0.2,0.2,1,0.8215784215784203,1000
59,,mean-cash,55,55,1049,309.1495885067318,1000
59,,mean-debt,3875,0,3875,1690.4246186713713,1000
59,,mean-buyer-budget,48.5,48.5,583.5,50.50424575424575,1000
59,,count offers,30,30,105,70.7972027972028,1000
59,,link-loss,81,0,81,14.449550449550449,1000
59,,mean-complexity,9.5,3.8,9.6,7.013367909147152,1000
60,5,[step],1000,0,1000,500,1000
60,,count sellers,7,7,20,17.164835164835164,1000
60,,exited-sellers,13,0,13,2.8351648351648353,1000
60,,survival-rate,0.35,0.35,1,0.8582417582417584,1000
60,,mean-cash,36.785714285714285,36.785714285714285,1061125,314.87086860026494,1000
60,,mean-debt,3928.5714285714284,0,3928.5714285714284,1699.9205922282813,1000
60,,mean-buyer-budget,48.95,48.95,675.2,51.23646353646278,1000
60,,count offers,60,22,126,85.87212787212788,1000
60,,link-loss,80,0,80,14.673326673326674,1000
60,,mean-complexity,9,4.2,9125,7.4423633143413985,1000
61,10,[step],1000,0,1000,500,1000
61,,count sellers,4,4,20,10.397602397602398,1000
61,,exited-sellers,16,0,16,9.602397602397602,1000
61,,survival-rate,0.2,0.2,1,0.5198801198801184,1000
61,,mean-cash,55,32.857142857142854,1031,273.2358863247969,1000
61,,mean-debt,8875,0,8875,4127.420851709063,1000
61,,mean-buyer-budget,50.35,50.35,562.85,52.26433566433471,1000
61,,count offers,33,19,62,34.10889110889111,1000
61,,link-loss,47,0,47,26.505494505494507,1000
61,,mean-complexity,9.25,4.15,9.25,7.273387451709136,1000
62,10,[step],1000,0,1000,500,1000
62,,count sellers,3,3,20,9.397602397602398,1000
62,,exited-sellers,17,0,17,10.602397602397602,1000
62,,survival-rate,0.15,0.15,1,0.46988011988010725,1000
62,,mean-cash,-2474.1666666666665,-2474.1666666666665,1034625,-741.2533224351394,1000
62,,mean-debt,6333.333333333333,0,6333.333333333333,3101.708897163447,1000
62,,mean-buyer-budget,47.55,47.55,541.3,49.10969030969096,1000
62,,count offers,23,23,81,36.774225774225776,1000
62,,link-loss,63,0,63,38.69030969030969,1000
62,,mean-complexity,9.333333333333334,4.1,9.333333333333334,7.636358338630992,1000
63,10,[step],1000,0,1000,500,1000
63,,count sellers,1,1,20,9.714285714285714,1000
63,,exited-sellers,19,0,19,10.285714285714286,1000
63,,survival-rate,0.05,0.05,1,0.4857142857142852,1000
63,,mean-cash,150,0,1033625,274.4504853851175,1000
63,,mean-debt,9000,0,9000,4138.931360602337,1000
63,,mean-buyer-budget,35.75,35.75,672,38.10264735264735,1000
63,,count offers,10,10,80,32.145854145854145,1000
63,,link-loss,89,0,89,45.41158841158841,1000
63,,mean-complexity,10,4.35,10,7.786516704583966,1000
64,10,[step],1000,0,1000,500,1000
64,,count sellers,2,2,20,10.397602397602398,1000
64,,exited-sellers,18,0,18,9.602397602397602,1000
64,,survival-rate,0.1,0.1,1,0.5198801198801183,1000
64,,mean-cash,120,34.285714285714285,1016,270.49121757363554,1000
64,,mean-debt,9000,0,9000,4199.081138641588,1000
64,,mean-buyer-budget,53.3,53.3,517.05,54.905894105895,1000
64,,count offers,16,15,83,36.235764235764236,1000
64,,link-loss,79,0,79,41.21178821178821,1000
64,,mean-complexity,9,4.45,9,7.003986123766262,1000
65,10,[step],1000,0,1000,500,1000
65,,count sellers,1,1,20,8.536463536463536,1000
65,,exited-sellers,19,0,19,11.463536463536464,1000
65,,survival-rate,0.05,0.05,1,0.4268231768231796,1000
65,,mean-cash,0,-12.5,1000,264.87395937395934,1000
65,,mean-debt,9000,0,9000,4203.280053280053,1000
65,,mean-buyer-budget,62.55,62.55,481.3,63.770029970031146,1000
65,,count offers,1,0,44,14.642357642357643,1000
65,,link-loss,49,0,49,26.15284715284715,1000
65,,mean-complexity,7,4.2,8.333333333333334,6.107509157509156,1000
66,10,[step],1000,0,1000,500,1000
66,,count sellers,2,2,20,9.283716283716284,1000
66,,exited-sellers,18,0,18,10.716283716283716,1000
66,,survival-rate,0.1,0.1,1,0.4641858141858113,1000
66,,mean-cash,0,-200.5,1022875,231.59235975063893,1000
66,,mean-debt,9000,0,9000,4173.959644251852,1000
66,,mean-buyer-budget,47.85,47.85,565.35,49.463386613385694,1000
66,,count offers,8,5,57,23.535464535464534,1000
66,,link-loss,60,0,60,34.11188811188811,1000
66,,mean-complexity,6.5,4.3,7.4,6.231984465750693,1000
67,10,[step],1000,0,1000,500,1000
67,,count sellers,1,1,20,9.064935064935066,1000
67,,exited-sellers,19,0,19,10.935064935064934,1000
67,,survival-rate,0.05,0.05,1,0.453246753246759,1000
67,,mean-cash,210,-412.5,1024125,221.97654338806936,1000
67,,mean-debt,9000,0,9000,4092.0458509744226,1000
67,,mean-buyer-budget,32.45,32.45,498.7,33.93726273726314,1000
67,,count offers,10,10,82,34.72827172827173,1000
67,,link-loss,95,0,95,53.26273726273726,1000
67,,mean-complexity,10,4.5,10,7.593863207499578,1000
68,10,[step],1000,0,1000,500,1000
68,,count sellers,1,1,20,8.971028971028971,1000
68,,exited-sellers,19,0,19,11.028971028971029,1000
68,,survival-rate,0.05,0.05,1,0.4485514485514529,1000
68,,mean-cash,0,-20,1000,262.00279939840374,1000
68,,mean-debt,9000,0,9000,4244.46226850073,1000
68,,mean-buyer-budget,47.7,47.7,567.7,49.31713286713221,1000
68,,count offers,9,9,44,18.248751248751248,1000
68,,link-loss,51,0,51,29.26973026973027,1000
68,,mean-complexity,9,3.95,9,7.037152270806117,1000
69,10,[step],1000,0,1000,500,1000
69,,count sellers,1,1,20,10.303696303696304,1000
69,,exited-sellers,19,0,19,9.696303696303696,1000
69,,survival-rate,0.05,0.05,1,0.5151848151848115,1000
69,,mean-cash,-7000,-7000,1068625,-1281.3205235421144,1000
69,,mean-debt,2000,0,4833.333333333333,2506.4176984631576,1000
69,,mean-buyer-budget,49,49,590.25,50.93181818181818,1000
69,,count offers,5,0,60,24.986013986013987,1000
69,,link-loss,77,0,77,33.87612387612388,1000
69,,mean-complexity,6,4.25,7.5,6.118772893772904,1000
70,10,[step],1000,0,1000,500,1000
70,,count sellers,3,3,20,10.622377622377622,1000
70,,exited-sellers,17,0,17,9.377622377622378,1000
70,,survival-rate,0.15,0.15,1,0.531118881118878,1000
70,,mean-cash,133.33333333333334,52125,1051.75,279.3770399874284,1000
70,,mean-debt,8833.333333333334,0,8833.333333333334,4096.849922749043,1000
70,,mean-buyer-budget,50,50,561.25,51.81068931068931,1000
70,,count offers,24,24,64,36.54345654345654,1000
70,,link-loss,59,0,59,31.16983016983017,1000
70,,mean-complexity,8.666666666666666,3.95,8.666666666666666,6.891550479712287,1000
71,10,[step],1000,0,1000,500,1000
71,,count sellers,2,2,20,9.68031968031968,1000
71,,exited-sellers,18,0,18,10.31968031968032,1000
71,,survival-rate,0.1,0.1,1,0.48401598401598844,1000
71,,mean-cash,120,41.666666666666664,1071125,281.4282634753415,1000
71,,mean-debt,8250,0,8250,3853.7783825121464,1000
71,,mean-buyer-budget,53.7,53.7,543.7,55.36708291708201,1000
71,,count offers,14,10,80,29.723276723276722,1000
71,,link-loss,81,0,81,45.56443556443556,1000
71,,mean-complexity,7.5,4.05,7.5,6.406979384252114,1000
72,10,[step],1000,0,1000,500,1000
72,,count sellers,1,1,20,9.526473526473527,1000
72,,exited-sellers,19,0,19,10.473526473526473,1000
72,,survival-rate,0.05,0.05,1,0.47632367632367933,1000
72,,mean-cash,360,-650,1014625,154.18285286142427,1000
72,,mean-debt,9000,0,9000,3941.529898672757,1000
72,,mean-buyer-budget,44.1,44.1,459.1,45.541058941058076,1000
72,,count offers,10,10,83,34.2037962037962,1000
72,,link-loss,80,0,80,40.77522477522478,1000
72,,mean-complexity,10,3.85,10,7.746842839699985,1000
73,10,[step],1000,0,1000,500,1000
73,,count sellers,1,1,20,10.430569430569431,1000
73,,exited-sellers,19,0,19,9.569430569430569,1000
73,,survival-rate,0.05,0.05,1,0.5215284715284684,1000
73,,mean-cash,0,0,1026.5,276.0705466602764,1000
73,,mean-debt,9000,0,9000,4192.98631832312,1000
73,,mean-buyer-budget,42.5,42.5,635,44.80144855144855,1000
73,,count offers,2,2,76,28.563436563436564,1000
73,,link-loss,85,0,85,43.19580419580419,1000
73,,mean-complexity,7,3.65,7.666666666666667,6.0338956898389995,1000
74,10,[step],1000,0,1000,500,1000
74,,count sellers,2,2,20,10.294705294705295,1000
74,,exited-sellers,18,0,18,9.705294705294705,1000
74,,survival-rate,0.1,0.1,1,0.5147352647352582,1000
74,,mean-cash,60,48875,1073125,274.5105782697696,1000
74,,mean-debt,9000,0,9000,4129.435462996387,1000
74,,mean-buyer-budget,48.75,48.75,563.75,50.51198801198801,1000
74,,count offers,9,9,78,37.98001998001998,1000
74,,link-loss,81,0,81,39.395604395604394,1000
74,,mean-complexity,8,4.25,8.333333333333334,7.221255844995236,1000
75,10,[step],1000,0,1000,500,1000
75,,count sellers,0,0,20,9.53946053946054,1000
75,,exited-sellers,20,0,20,10.46053946053946,1000
75,,survival-rate,0,0,1,0.47697302697303245,1000
75,,mean-cash,0,-355.7142857142857,1000.5,147.34880199165917,1000
75,,mean-debt,0,0,6250,2138.515254586685,1000
75,,mean-buyer-budget,53.9,53.9,647.65,56.04160839160938,1000
75,,count offers,0,0,61,21.140859140859142,1000
75,,link-loss,73,0,73,35.92007992007992,1000
75,,mean-complexity,0,0,10,4.523107448107458,1000
76,10,[step],1000,0,1000,500,1000
76,,count sellers,1,1,20,10.007992007992009,1000
76,,exited-sellers,19,0,19,9.992007992007991,1000
76,,survival-rate,0.05,0.05,1,0.5003996003995986,1000
76,,mean-cash,0,-2870,1001,-306.47322381525646,1000
76,,mean-debt,9000,0,9000,3620.1017008022486,1000
76,,mean-buyer-budget,42.2,42.2,608.45,44.246703296702904,1000
76,,count offers,6,6,76,31.772227772227772,1000
76,,link-loss,75,0,75,37.82217782217782,1000
76,,mean-complexity,8,4.2,8.5,7.126768454378322,1000
77,10,[step],1000,0,1000,500,1000
77,,count sellers,1,1,20,9.696303696303696,1000
77,,exited-sellers,19,0,19,10.303696303696304,1000
77,,survival-rate,0.05,0.05,1,0.48481518481519126,1000
77,,mean-cash,0,0,1013875,269.7015879419738,1000
77,,mean-debt,9000,0,9000,4225.098863285676,1000
77,,mean-buyer-budget,39.9,39.9,498.65,41.31983016983097,1000
77,,count offers,9,9,59,25.043956043956044,1000
77,,link-loss,70,0,70,36.35164835164835,1000
77,,mean-complexity,9,3.7,9.333333333333334,7.0288724401361655,1000
78,10,[step],1000,0,1000,500,1000
78,,count sellers,0,0,20,9.17982017982018,1000
78,,exited-sellers,20,0,20,10.82017982017982,1000
78,,survival-rate,0,0,1,0.458991008991011,1000
78,,mean-cash,0,0,1021.5,199.4236807148893,1000
78,,mean-debt,0,0,6000,1871.800177844136,1000
78,,mean-buyer-budget,46.2,46.2,761.2,49.13081918081852,1000
78,,count offers,0,0,58,22.785214785214784,1000
78,,link-loss,74,0,74,36.76223776223776,1000
78,,mean-complexity,0,0,8.5,4.308208641175686,1000
79,10,[step],1000,0,1000,500,1000
79,,count sellers,1,1,20,9.633366633366633,1000
79,,exited-sellers,19,0,19,10.366633366633367,1000
79,,survival-rate,0.05,0.05,1,0.48166833166832923,1000
79,,mean-cash,0,0,1055.5,277.3807929915574,1000
79,,mean-debt,9000,0,9000,4194.128563328114,1000
79,,mean-buyer-budget,37.1,37.1,642.1,39.36648351648273,1000
79,,count offers,7,7,90,32.004995004995,1000
79,,link-loss,89,0,89,47.472527472527474,1000
79,,mean-complexity,9,4.05,9,7.131469774813883,1000
80,10,[step],1000,0,1000,500,1000
80,,count sellers,1,1,20,9.87012987012987,1000
80,,exited-sellers,19,0,19,10.12987012987013,1000
80,,survival-rate,0.05,0.05,1,0.49350649350649806,1000
80,,mean-cash,270,-1440,1035875,-15.719096241199091,1000
80,,mean-debt,9000,0,9000,3818.7045319537847,1000
80,,mean-buyer-budget,49.45,49.45,605.7,51.400549450548695,1000
80,,count offers,10,10,81,43.54245754245754,1000
80,,link-loss,82,0,82,37.84215784215784,1000
80,,mean-complexity,10,4,10,7.465815436644638,1000
81,10,[step],1000,0,1000,500,1000
81,,count sellers,1,1,20,10.463536463536464,1000
81,,exited-sellers,19,0,19,9.536463536463536,1000
81,,survival-rate,0.05,0.05,1,0.5231768231768209,1000
81,,mean-cash,0,0,1093125,282.7689264198994,1000
81,,mean-debt,9000,0,9000,4133.682767449005,1000
81,,mean-buyer-budget,39.1,39.1,661.6,41.47512487512405,1000
81,,count offers,6,6,69,29.836163836163838,1000
81,,link-loss,70,0,70,37.1028971028971,1000
81,,mean-complexity,9,4,9,6.974643105811942,1000
82,10,[step],1000,0,1000,500,1000
82,,count sellers,1,1,20,9.368631368631368,1000
82,,exited-sellers,19,0,19,10.631368631368632,1000
82,,survival-rate,0.05,0.05,1,0.46843156843156963,1000
82,,mean-cash,40,0,1023.25,273.8908858998149,1000
82,,mean-debt,8500,0,8500,3954.507992007994,1000
82,,mean-buyer-budget,45.1,45.1,511.35,46.72337662337574,1000
82,,count offers,10,9,66,28.92007992007992,1000
82,,link-loss,64,0,64,32.723276723276726,1000
82,,mean-complexity,10,3.65,10,7.719304505018797,1000
83,10,[step],1000,0,1000,500,1000
83,,count sellers,1,1,20,8.88011988011988,1000
83,,exited-sellers,19,0,19,11.11988011988012,1000
83,,survival-rate,0.05,0.05,1,0.44400599400600066,1000
83,,mean-cash,0,0,1041875,282.4732706867442,1000
83,,mean-debt,9000,0,9000,4175.536116120529,1000
83,,mean-buyer-budget,43.9,43.9,628.9,45.8692807192816,1000
83,,count offers,3,3,50,18.05694305694306,1000
83,,link-loss,54,0,54,30.431568431568433,1000
83,,mean-complexity,7,3.95,8.333333333333334,6.4392589012718755,1000
84,10,[step],1000,0,1000,500,1000
84,,count sellers,1,1,20,9.08991008991009,1000
84,,exited-sellers,19,0,19,10.91008991008991,1000
84,,survival-rate,0.05,0.05,1,0.45449550449550774,1000
84,,mean-cash,0,0,1002.5,268.1516752478291,1000
84,,mean-debt,9000,0,9000,4236.2441130298275,1000
84,,mean-buyer-budget,32.9,32.9,660.4,35.24140859140929,1000
84,,count offers,2,0,64,18.154845154845155,1000
84,,link-loss,71,0,71,41.41258741258741,1000
84,,mean-complexity,5,4,6.785714285714286,4.870871344772433,1000
85,10,[step],1000,0,1000,500,1000
85,,count sellers,2,2,20,10.027972027972028,1000
85,,exited-sellers,18,0,18,9.972027972027972,1000
85,,survival-rate,0.1,0.1,1,0.5013986013985959,1000
85,,mean-cash,0,-1930,1003.5,-414.59978191971334,1000
85,,mean-debt,9000,0,9000,3531.9128839858113,1000
85,,mean-buyer-budget,51.1,51.1,561.1,52.73086913086818,1000
85,,count offers,10,10,68,27.891108891108892,1000
85,,link-loss,74,0,74,40.8991008991009,1000
85,,mean-complexity,6.5,3.95,7,6.042881880856413,1000
86,10,[step],1000,0,1000,500,1000
86,,count sellers,1,1,20,10.023976023976024,1000
86,,exited-sellers,19,0,19,9.976023976023976,1000
86,,survival-rate,0.05,0.05,1,0.501198801198799,1000
86,,mean-cash,270,0,1034625,262.9063343139265,1000
86,,mean-debt,9000,0,9000,4145.034549754828,1000
86,,mean-buyer-budget,43.65,43.65,561.15,45.37702297702384,1000
86,,count offers,10,10,61,27.88111888111888,1000
86,,link-loss,65,0,65,32.557442557442556,1000
86,,mean-complexity,10,3.65,10,6.560334359834864,1000
87,10,[step],1000,0,1000,500,1000
87,,count sellers,1,1,20,9.001998001998002,1000
87,,exited-sellers,19,0,19,10.998001998001998,1000
87,,survival-rate,0.05,0.05,1,0.4500999000999023,1000
87,,mean-cash,0,-11,1000,253.48825300573574,1000
87,,mean-debt,9000,0,9000,4222.515770942343,1000
87,,mean-buyer-budget,39.15,39.15,621.65,41.2329170829179,1000
87,,count offers,8,1,65,22.205794205794206,1000
87,,link-loss,66,0,66,35.845154845154845,1000
87,,mean-complexity,8,3.6,8,6.112635383264758,1000
88,10,[step],1000,0,1000,500,1000
88,,count sellers,3,3,20,10.263736263736265,1000
88,,exited-sellers,17,0,17,9.736263736263735,1000
88,,survival-rate,0.15,0.15,1,0.5131868131868076,1000
88,,mean-cash,-2833.3333333333335,-2833.3333333333335,1029.5,-721.1218469481464,1000
88,,mean-debt,6166.666666666667,0,6166.666666666667,3197.926298088624,1000
88,,mean-buyer-budget,49,49,594,50.95929070929071,1000
88,,count offers,4,4,57,23.511488511488512,1000
88,,link-loss,69,0,69,35.74025974025974,1000
88,,mean-complexity,7,3.65,7.5,6.410538667681543,1000
89,10,[step],1000,0,1000,500,1000
89,,count sellers,4,4,20,11.678321678321678,1000
89,,exited-sellers,16,0,16,8.321678321678322,1000
89,,survival-rate,0.2,0.2,1,0.5839160839160911,1000
89,,mean-cash,77.5,-455.7142857142857,1000,146.75113252548323,1000
89,,mean-debt,8875,0,8875,4035.2633297438542,1000
89,,mean-buyer-budget,47.3,47.3,612.3,49.321728271728944,1000
89,,count offers,18,9,49,24.406593406593405,1000
89,,link-loss,44,0,44,22.937062937062937,1000
89,,mean-complexity,8.5,3.7,8.5,6.492712590439911,1000
90,10,[step],1000,0,1000,500,1000
90,,count sellers,1,1,20,9.283716283716284,1000
90,,exited-sellers,19,0,19,10.716283716283716,1000
90,,survival-rate,0.05,0.05,1,0.4641858141858173,1000
90,,mean-cash,20,-820,1012.5,108.97519363753128,1000
90,,mean-debt,8000,0,8000,3759.9296807089054,1000
90,,mean-buyer-budget,47.8,47.8,554.05,49.615684315684994,1000
90,,count offers,10,10,63,26.182817182817182,1000
90,,link-loss,64,0,64,33.74225774225774,1000
90,,mean-complexity,10,3.9,10,6.948972888583277,1000
91,20,[step],1000,0,1000,500,1000
91,,count sellers,2,2,20,6.698301698301698,1000
91,,exited-sellers,18,0,18,13.301698301698302,1000
91,,survival-rate,0.1,0.1,1,0.33491508491507854,1000
91,,mean-cash,-9500,-9500,1000,-2896.8855160545963,1000
91,,mean-debt,9500,0,11166.666666666666,6039.001818472348,1000
91,,mean-buyer-budget,39.35,39.35,609.35,41.384215784214966,1000
91,,count offers,1,0,28,11.464535464535464,1000
91,,link-loss,30,0,30,16.87012987012987,1000
91,,mean-complexity,7,4.25,7.666666666666667,6.473785549559834,1000
92,20,[step],1000,0,1000,500,1000
92,,count sellers,2,2,20,5.842157842157842,1000
92,,exited-sellers,18,0,18,14.157842157842158,1000
92,,survival-rate,0.1,0.1,1,0.2921078921078997,1000
92,,mean-cash,0,-22.5,1015375,244.62485957266176,1000
92,,mean-debt,19000,0,19000,9199.972371950395,1000
92,,mean-buyer-budget,43.65,43.65,577.4,45.51313686313774,1000
92,,count offers,14,0,53,12.262737262737263,1000
92,,link-loss,53,0,53,41.43556443556444,1000
92,,mean-complexity,9,4.05,9,6.844482623603505,1000
93,20,[step],1000,0,1000,500,1000
93,,count sellers,1,1,20,5.631368631368631,1000
93,,exited-sellers,19,0,19,14.368631368631368,1000
93,,survival-rate,0.05,0.05,1,0.28156843156843686,1000
93,,mean-cash,0,0,1000,246.99104070532633,1000
93,,mean-debt,19000,0,19000,9231.84989613561,1000
93,,mean-buyer-budget,52.75,52.75,541.5,54.45454545454545,1000
93,,count offers,5,3,32,8.68131868131868,1000
93,,link-loss,36,0,36,26.697302697302696,1000
93,,mean-complexity,9,4.75,9,7.040934462363025,1000
94,20,[step],1000,0,1000,500,1000
94,,count sellers,0,0,20,4.117882117882118,1000
94,,exited-sellers,20,0,20,15.882117882117882,1000
94,,survival-rate,0,0,1,0.20589410589410617,1000
94,,mean-cash,0,-1090,1000,49.74017474367124,1000
94,,mean-debt,0,0,4500,545.9293037964364,1000
94,,mean-buyer-budget,43.65,43.65,517.4,45.16723276723363,1000
94,,count offers,0,0,32,6.061938061938062,1000
94,,link-loss,39,0,39,30.525474525474525,1000
94,,mean-complexity,0,0,8,1.5182066185562713,1000
95,20,[step],1000,0,1000,500,1000
95,,count sellers,2,2,20,6.027972027972028,1000
95,,exited-sellers,18,0,18,13.972027972027972,1000
95,,survival-rate,0.1,0.1,1,0.3013986013986116,1000
95,,mean-cash,5,-598,1005,199.52312813726425,1000
95,,mean-debt,18750,0,18750,9002.596920229282,1000
95,,mean-buyer-budget,48.5,48.5,557.25,50.294455544455545,1000
95,,count offers,11,8,51,16.46953046953047,1000
95,,link-loss,48,0,48,37.63036963036963,1000
95,,mean-complexity,9,4.3,9,7.396073540179445,1000
96,20,[step],1000,0,1000,500,1000
96,,count sellers,1,1,20,5.604395604395604,1000
96,,exited-sellers,19,0,19,14.395604395604396,1000
96,,survival-rate,0.05,0.05,1,0.28021978021978455,1000
96,,mean-cash,-17500,-17500,1000,-6567.442017853974,1000
96,,mean-debt,1500,0,5750,2402.7242847764223,1000
96,,mean-buyer-budget,50.45,50.45,632.95,52.661538461537646,1000
96,,count offers,7,7,77,18.825174825174827,1000
96,,link-loss,80,0,80,61.33566433566433,1000
96,,mean-complexity,9,4.05,9,7.395896718509399,1000
97,20,[step],1000,0,1000,500,1000
97,,count sellers,1,1,20,5.612387612387613,1000
97,,exited-sellers,19,0,19,14.387612387612387,1000
97,,survival-rate,0.05,0.05,1,0.2806193806193865,1000
97,,mean-cash,0,0,1000,245.78135460746967,1000
97,,mean-debt,19000,0,19000,9229.376176237036,1000
97,,mean-buyer-budget,44.6,44.6,560.85,46.351998001997124,1000
97,,count offers,2,0,44,8.557442557442558,1000
97,,link-loss,54,0,54,40.21978021978022,1000
97,,mean-complexity,8,4.4,8,5.5593432498270285,1000
98,20,[step],1000,0,1000,500,1000
98,,count sellers,2,2,20,5.819180819180819,1000
98,,exited-sellers,18,0,18,14.180819180819181,1000
98,,survival-rate,0.1,0.1,1,0.29095904095904673,1000
98,,mean-cash,30,30,1000,248.61844870636077,1000
98,,mean-debt,19000,0,19000,9207.063113931246,1000
98,,mean-buyer-budget,34.75,34.75,716,37.52597402597402,1000
98,,count offers,7,2,24,9.234765234765234,1000
98,,link-loss,35,0,35,26.663336663336665,1000
98,,mean-complexity,8.5,3.85,8.5,6.542776728765738,1000
99,20,[step],1000,0,1000,500,1000
99,,count sellers,1,1,20,5.348651348651349,1000
99,,exited-sellers,19,0,19,14.651348651348652,1000
99,,survival-rate,0.05,0.05,1,0.26743256743257193,1000
99,,mean-cash,0,0,1004,251.73733176580325,1000
99,,mean-debt,19000,0,19000,9061.138603321418,1000
99,,mean-buyer-budget,43.25,43.25,655.75,45.667582417582416,1000
99,,count offers,10,8,35,14.7012987012987,1000
99,,link-loss,35,0,35,24.51848151848152,1000
99,,mean-complexity,9,3.85,9.5,7.610754081083757,1000
100,20,[step],1000,0,1000,500,1000
100,,count sellers,0,0,20,4.486513486513487,1000
100,,exited-sellers,20,0,20,15.513486513486514,1000
100,,survival-rate,0,0,1,0.22432567432567416,1000
100,,mean-cash,0,-370,1006625,68.46345199367174,1000
100,,mean-debt,0,0,5500,764.4483873879486,1000
100,,mean-buyer-budget,47.2,47.2,653.45,49.44150849150781,1000
100,,count offers,0,0,42,7.859140859140859,1000
100,,link-loss,46,0,46,35.23876123876124,1000
100,,mean-complexity,0,0,7,1.7095396666825278,1000
101,20,[step],1000,0,1000,500,1000
101,,count sellers,1,1,20,5.794205794205794,1000
101,,exited-sellers,19,0,19,14.205794205794206,1000
101,,survival-rate,0.05,0.05,1,0.28971028971029716,1000
101,,mean-cash,0,0,1013.25,256.6338112437013,1000
101,,mean-debt,19000,0,19000,9181.696600103194,1000
101,,mean-buyer-budget,40.8,40.8,628.3,42.92537462537494,1000
101,,count offers,2,0,46,10.647352647352648,1000
101,,link-loss,48,0,48,34.837162837162836,1000
101,,mean-complexity,8,4,8,6.396791486901374,1000
102,20,[step],1000,0,1000,500,1000
102,,count sellers,0,0,20,4.914085914085914,1000
102,,exited-sellers,20,0,20,15.085914085914085,1000
102,,survival-rate,0,0,1,0.24570429570429486,1000
102,,mean-cash,0,-5250,1000,-1400.221734919537,1000
102,,mean-debt,0,0,13500,3126.876770970177,1000
102,,mean-buyer-budget,29.45,29.45,593.2,31.391808191808728,1000
102,,count offers,0,0,42,10.909090909090908,1000
102,,link-loss,57,0,57,39.252747252747255,1000
102,,mean-complexity,0,0,8.5,4.375927247355821,1000
103,20,[step],1000,0,1000,500,1000
103,,count sellers,2,2,20,6.562437562437562,1000
103,,exited-sellers,18,0,18,13.437562437562438,1000
103,,survival-rate,0.1,0.1,1,0.32812187812187144,1000
103,,mean-cash,0,0,1000,253.18675992186866,1000
103,,mean-debt,19000,0,19000,9226.581663563431,1000
103,,mean-buyer-budget,52.5,52.5,582.5,54.446803196803195,1000
103,,count offers,11,3,63,15.492507492507492,1000
103,,link-loss,78,0,78,54.91208791208791,1000
103,,mean-complexity,8.5,4.2,8.5,6.405110640275477,1000
104,20,[step],1000,0,1000,500,1000
104,,count sellers,1,1,20,4.722277722277722,1000
104,,exited-sellers,19,0,19,15.277722277722278,1000
104,,survival-rate,0.05,0.05,1,0.23611388611389336,1000
104,,mean-cash,0,-1225,1004,136.76865991151703,1000
104,,mean-debt,19000,0,19000,9057.717282717284,1000
104,,mean-buyer-budget,46.15,46.15,707.4,48.97842157842251,1000
104,,count offers,9,0,63,15.52047952047952,1000
104,,link-loss,68,0,68,53.26673326673327,1000
104,,mean-complexity,8,3.7,8.5,6.999745492602637,1000
105,20,[step],1000,0,1000,500,1000
105,,count sellers,2,2,20,5.8321678321678325,1000
105,,exited-sellers,18,0,18,14.167832167832168,1000
105,,survival-rate,0.1,0.1,1,0.29160839160839797,1000
105,,mean-cash,180,51.42857142857143,1003,254.67757134640223,1000
105,,mean-debt,19000,0,19000,9099.077762064777,1000
105,,mean-buyer-budget,46.8,46.8,515.55,48.41838161838224,1000
105,,count offers,10,10,76,19.215784215784215,1000
105,,link-loss,66,0,66,51.66033966033966,1000
105,,mean-complexity,8.5,4.5,8.5,7.424656296084865,1000
106,20,[step],1000,0,1000,500,1000
106,,count sellers,1,1,20,5.927072927072927,1000
106,,exited-sellers,19,0,19,14.072927072927072,1000
106,,survival-rate,0.05,0.05,1,0.2963536463536531,1000
106,,mean-cash,0,-1803.3333333333333,1019375,17.572665055557156,1000
106,,mean-debt,19000,0,19000,8962.015307369953,1000
106,,mean-buyer-budget,33.65,33.65,622.4,35.91898101898173,1000
106,,count offers,2,0,46,11.604395604395604,1000
106,,link-loss,67,0,67,47.75924075924076,1000
106,,mean-complexity,8,4.1,8,6.8116044073586535,1000
107,20,[step],1000,0,1000,500,1000
107,,count sellers,2,2,20,6.93006993006993,1000
107,,exited-sellers,18,0,18,13.06993006993007,1000
107,,survival-rate,0.1,0.1,1,0.3465034965034991,1000
107,,mean-cash,135,-388.4375,1011,217.1968240509072,1000
107,,mean-debt,19000,0,19000,9080.485494359133,1000
107,,mean-buyer-budget,39.65,39.65,614.65,41.88901098901182,1000
107,,count offers,10,7,64,21.663336663336665,1000
107,,link-loss,67,0,67,47.634365634365636,1000
107,,mean-complexity,9,4.25,9,6.98498351465384,1000
108,20,[step],1000,0,1000,500,1000
108,,count sellers,1,1,20,5.545454545454546,1000
108,,exited-sellers,19,0,19,14.454545454545455,1000
108,,survival-rate,0.05,0.05,1,0.27727272727273,1000
108,,mean-cash,-17000,-17000,1033.25,-4830.793314910198,1000
108,,mean-debt,2000,0,8750,4100.38197733003,1000
108,,mean-buyer-budget,47.3,47.3,571.05,49.086963036963695,1000
108,,count offers,7,6,53,16.787212787212788,1000
108,,link-loss,62,0,62,43.94105894105894,1000
108,,mean-complexity,9,3.85,9,7.404768175547395,1000
109,20,[step],1000,0,1000,500,1000
109,,count sellers,0,0,20,4.6683316683316685,1000
109,,exited-sellers,20,0,20,15.331668331668332,1000
109,,survival-rate,0,0,1,0.23341658341658356,1000
109,,mean-cash,0,0,1000,130.17059780046762,1000
109,,mean-debt,0,0,9000,2090.4645678996353,1000
109,,mean-buyer-budget,40.2,40.2,550.2,41.9020479520477,1000
109,,count offers,0,0,57,12.115884115884116,1000
109,,link-loss,62,0,62,44.93206793206793,1000
109,,mean-complexity,0,0,7.5,3.1319369663525523,1000
110,20,[step],1000,0,1000,500,1000
110,,count sellers,1,1,20,4.946053946053946,1000
110,,exited-sellers,19,0,19,15.053946053946055,1000
110,,survival-rate,0.05,0.05,1,0.24730269730270496,1000
110,,mean-cash,90,10,1000,257.54538318824035,1000
110,,mean-debt,19000,0,19000,9185.02147203446,1000
110,,mean-buyer-budget,40.2,40.2,528.95,41.71348651348628,1000
110,,count offers,4,4,40,8.557442557442558,1000
110,,link-loss,40,0,40,31.532467532467532,1000
110,,mean-complexity,8,3.65,8,6.191819003507314,1000
111,20,[step],1000,0,1000,500,1000
111,,count sellers,0,0,20,4.858141858141858,1000
111,,exited-sellers,20,0,20,15.141858141858142,1000
111,,survival-rate,0,0,1,0.2429070929070953,1000
111,,mean-cash,0,-336.6666666666667,1000,125.69807771593493,1000
111,,mean-debt,0,0,10000,2579.912115301726,1000
111,,mean-buyer-budget,48,48,591.75,49.803196803196805,1000
111,,count offers,0,0,45,9.141858141858142,1000
111,,link-loss,50,0,50,37.34365634365634,1000
111,,mean-complexity,0,0,5.7272727272727275,2.6895597908584947,1000
112,20,[step],1000,0,1000,500,1000
112,,count sellers,0,0,20,4.375624375624375,1000
112,,exited-sellers,20,0,20,15.624375624375624,1000
112,,survival-rate,0,0,1,0.2187812187812183,1000
112,,mean-cash,0,0,1028,110.39983549861174,1000
112,,mean-debt,0,0,4750,843.3942126249817,1000
112,,mean-buyer-budget,42.4,42.4,738.65,45.042357642358525,1000
112,,count offers,0,0,31,6.775224775224776,1000
112,,link-loss,31,0,31,22.57842157842158,1000
112,,mean-complexity,0,0,10,2.0923104479048535,1000
113,20,[step],1000,0,1000,500,1000
113,,count sellers,0,0,20,4.969030969030969,1000
113,,exited-sellers,20,0,20,15.03096903096903,1000
113,,survival-rate,0,0,1,0.2484515484515553,1000
113,,mean-cash,0,-980,1000,163.6947418770596,1000
113,,mean-debt,0,0,17500,7767.040865117789,1000
113,,mean-buyer-budget,42,42,660.75,44.467532467532465,1000
113,,count offers,0,0,59,16.505494505494507,1000
113,,link-loss,66,0,66,44.31968031968032,1000
113,,mean-complexity,0,0,9,7.254128242165206,1000
114,20,[step],1000,0,1000,500,1000
114,,count sellers,0,0,20,4.702297702297702,1000
114,,exited-sellers,20,0,20,15.297702297702298,1000
114,,survival-rate,0,0,1,0.23511488511488726,1000
114,,mean-cash,0,-1705,1000,3.8223335106451413,1000
114,,mean-debt,0,0,10000,2455.8886730152976,1000
114,,mean-buyer-budget,43.85,43.85,660.1,46.16768231768143,1000
114,,count offers,0,0,62,11.861138861138862,1000
114,,link-loss,82,0,82,62.192807192807194,1000
114,,mean-complexity,0,0,7,3.149227287863649,1000
115,20,[step],1000,0,1000,500,1000
115,,count sellers,3,3,20,7.293706293706293,1000
115,,exited-sellers,17,0,17,12.706293706293707,1000
115,,survival-rate,0.15,0.15,1,0.36468531468530424,1000
115,,mean-cash,0,-314.44444444444446,1000,218.04198416758106,1000
115,,mean-debt,19000,0,19000,9196.756190821316,1000
115,,mean-buyer-budget,36.55,36.55,625.3,38.543006993007,1000
115,,count offers,17,2,43,15.045954045954046,1000
115,,link-loss,50,0,50,36.14685314685315,1000
115,,mean-complexity,7.333333333333333,4,7.333333333333333,6.199461809517158,1000
116,20,[step],1000,0,1000,500,1000
116,,count sellers,0,0,20,4.293706293706293,1000
116,,exited-sellers,20,0,20,15.706293706293707,1000
116,,survival-rate,0,0,1,0.21468531468531502,1000
116,,mean-cash,0,-175.83333333333334,1018125,100.2483706769421,1000
116,,mean-debt,0,0,7000,1245.5270919556633,1000
116,,mean-buyer-budget,52.7,52.7,638.95,54.86783216783127,1000
116,,count offers,0,0,48,9.550449550449551,1000
116,,link-loss,52,0,52,38.437562437562434,1000
116,,mean-complexity,0,0,9,2.611096046810325,1000
117,20,[step],1000,0,1000,500,1000
117,,count sellers,0,0,20,5.402597402597403,1000
117,,exited-sellers,20,0,20,14.597402597402597,1000
117,,survival-rate,0,0,1,0.27012987012987183,1000
117,,mean-cash,0,-3606.6666666666665,1024875,-553.9539261243806,1000
117,,mean-debt,0,0,14500,4594.2752413531625,1000
117,,mean-buyer-budget,44.8,44.8,603.55,46.991558441558986,1000
117,,count offers,0,0,72,19.454545454545453,1000
117,,link-loss,82,0,82,56.00799200799201,1000
117,,mean-complexity,0,0,7.4,4.999438692620516,1000
118,20,[step],1000,0,1000,500,1000
118,,count sellers,2,2,20,5.617382617382617,1000
118,,exited-sellers,18,0,18,14.382617382617383,1000
118,,survival-rate,0.1,0.1,1,0.2808691308691342,1000
118,,mean-cash,135,-307.5,1000,240.72279731105286,1000
118,,mean-debt,19000,0,19000,9119.061920985,1000
118,,mean-buyer-budget,55.65,55.65,646.9,57.91023976024076,1000
118,,count offers,16,9,44,17.13186813186813,1000
118,,link-loss,40,0,40,31.785214785214784,1000
118,,mean-complexity,9,4.25,9,7.522292344407731,1000
119,20,[step],1000,0,1000,500,1000
119,,count sellers,0,0,20,4.348651348651349,1000
119,,exited-sellers,20,0,20,15.651348651348652,1000
119,,survival-rate,0,0,1,0.21743256743256872,1000
119,,mean-cash,0,0,1000,108.21803737388161,1000
119,,mean-debt,0,0,7000,1295.2990191626557,1000
119,,mean-buyer-budget,43.3,43.3,498.3,44.731068931069345,1000
119,,count offers,0,0,42,5.764235764235765,1000
119,,link-loss,48,0,48,38.18981018981019,1000
119,,mean-complexity,0,0,6,2.0451834060600262,1000
120,20,[step],1000,0,1000,500,1000
120,,count sellers,1,1,20,5.232767232767233,1000
120,,exited-sellers,19,0,19,14.767232767232768,1000
120,,survival-rate,0.05,0.05,1,0.2616383616383661,1000
120,,mean-cash,55,15,1000,262.7318837714067,1000
120,,mean-debt,18500,0,18500,8870.428044316655,1000
120,,mean-buyer-budget,42.25,42.25,723.5,44.78746253746254,1000
120,,count offers,10,10,36,15.781218781218781,1000
120,,link-loss,41,0,41,29.35964035964036,1000
120,,mean-complexity,10,3.65,10,8.38558903633829,1000
121,30,[step],1000,0,1000,500,1000
121,,count sellers,1,1,20,5.2267732267732265,1000
121,,exited-sellers,19,0,19,14.773226773226773,1000
121,,survival-rate,0.05,0.05,1,0.26133866133866174,1000
121,,mean-cash,-29000,-29000,1000,-8520.943655703271,1000
121,,mean-debt,0,0,12666.666666666666,5445.391750274375,1000
121,,mean-buyer-budget,30.7,30.7,570.7,32.62182817182872,1000
121,,count offers,0,0,39,7.136863136863137,1000
121,,link-loss,51,0,51,38.95804195804196,1000
121,,mean-complexity,4,4,6.333333333333333,5.084586733612706,1000
122,30,[step],1000,0,1000,500,1000
122,,count sellers,1,1,20,4.656343656343656,1000
122,,exited-sellers,19,0,19,15.343656343656344,1000
122,,survival-rate,0.05,0.05,1,0.2328171828171889,1000
122,,mean-cash,270,-3580,1000,-524.2010504382691,1000
122,,mean-debt,29000,0,29000,13298.845856377664,1000
122,,mean-buyer-budget,49.45,49.45,559.45,51.314385614384854,1000
122,,count offers,10,5,37,11.935064935064934,1000
122,,link-loss,44,0,44,35.3056943056943,1000
122,,mean-complexity,10,4.45,10,7.696312295518223,1000
123,30,[step],1000,0,1000,500,1000
123,,count sellers,0,0,20,3.7132867132867133,1000
123,,exited-sellers,20,0,20,16.286713286713287,1000
123,,survival-rate,0,0,1,0.18566433566434,1000
123,,mean-cash,0,-20655,1000,-7087.541845938459,1000
123,,mean-debt,0,0,5000,1434.858342451852,1000
123,,mean-buyer-budget,45.15,45.15,640.15,47.448951048951955,1000
123,,count offers,0,0,34,11.956043956043956,1000
123,,link-loss,50,0,50,34.69530469530469,1000
123,,mean-complexity,0,0,10,6.3483003361580685,1000
124,30,[step],1000,0,1000,500,1000
124,,count sellers,0,0,20,2.966033966033966,1000
124,,exited-sellers,20,0,20,17.033966033966035,1000
124,,survival-rate,0,0,1,0.14830169830169845,1000
124,,mean-cash,0,0,1003,70.59180727281375,1000
124,,mean-debt,0,0,6500,711.6590119836872,1000
124,,mean-buyer-budget,47,47,668.25,49.47377622377623,1000
124,,count offers,0,0,62,8.043956043956044,1000
124,,link-loss,62,0,62,51.5044955044955,1000
124,,mean-complexity,0,0,7.428571428571429,1.3782165886061986,1000
125,30,[step],1000,0,1000,500,1000
125,,count sellers,2,2,20,5.591408591408592,1000
125,,exited-sellers,18,0,18,14.408591408591409,1000
125,,survival-rate,0.1,0.1,1,0.27957042957043327,1000
125,,mean-cash,5,-55125,1000,246.85495577516284,1000
125,,mean-debt,28750,0,28750,14084.612831391036,1000
125,,mean-buyer-budget,43.1,43.1,596.85,45.05554445554359,1000
125,,count offers,14,7,48,15.82017982017982,1000
125,,link-loss,55,0,55,40.56843156843157,1000
125,,mean-complexity,9,4.142857142857143,9,6.445717635677667,1000
126,30,[step],1000,0,1000,500,1000
126,,count sellers,0,0,20,3.5384615384615383,1000
126,,exited-sellers,20,0,20,16.46153846153846,1000
126,,survival-rate,0,0,1,0.17692307692308007,1000
126,,mean-cash,0,-3,1000,171.99937333728545,1000
126,,mean-debt,0,0,19500,6477.7175205746635,1000
126,,mean-buyer-budget,38.7,38.7,622.45,40.960239760239574,1000
126,,count offers,0,0,30,5.206793206793207,1000
126,,link-loss,38,0,38,29.146853146853147,1000
126,,mean-complexity,0,0,7,3.7559101155255,1000
127,30,[step],1000,0,1000,500,1000
127,,count sellers,0,0,20,3.3046953046953047,1000
127,,exited-sellers,20,0,20,16.695304695304696,1000
127,,survival-rate,0,0,1,0.16523476523477054,1000
127,,mean-cash,0,0,1000,163.8377548123427,1000
127,,mean-debt,0,0,17500,5325.604462692375,1000
127,,mean-buyer-budget,38.6,38.6,644.85,40.63921078920999,1000
127,,count offers,0,0,58,11.546453546453547,1000
127,,link-loss,64,0,64,49.34665334665335,1000
127,,mean-complexity,0,0,10,5.588257956939276,1000
128,30,[step],1000,0,1000,500,1000
128,,count sellers,0,0,20,3.5154845154845153,1000
128,,exited-sellers,20,0,20,16.484515484515484,1000
128,,survival-rate,0,0,1,0.17577422577422708,1000
128,,mean-cash,0,-4500,1000,-561.9819201777243,1000
128,,mean-debt,0,0,17500,4511.219025729515,1000
128,,mean-buyer-budget,38.5,38.5,734.75,41.17482517482517,1000
128,,count offers,0,0,18,2.8871128871128873,1000
128,,link-loss,26,0,26,21.244755244755243,1000
128,,mean-complexity,0,0,7,3.4179353862920294,1000
129,30,[step],1000,0,1000,500,1000
129,,count sellers,0,0,20,3.10989010989011,1000
129,,exited-sellers,20,0,20,16.89010989010989,1000
129,,survival-rate,0,0,1,0.15549450549450686,1000
129,,mean-cash,0,-7440,1000,-788.9155718231349,1000
129,,mean-debt,0,0,3750,668.6882445285811,1000
129,,mean-buyer-budget,43.4,43.4,672.15,45.78636363636453,1000
129,,count offers,0,0,16,2.681318681318681,1000
129,,link-loss,23,0,23,19.057942057942057,1000
129,,mean-complexity,0,0,6.666666666666667,1.8805900565354343,1000
130,30,[step],1000,0,1000,500,1000
130,,count sellers,1,1,20,3.8811188811188813,1000
130,,exited-sellers,19,0,19,16.11888111888112,1000
130,,survival-rate,0.05,0.05,1,0.19405594405595,1000
130,,mean-cash,-27500,-27500,1000,-12357.196984980113,1000
130,,mean-debt,1500,0,5500,1606.3872617363245,1000
130,,mean-buyer-budget,48.5,48.5,503.5,50.02597402597402,1000
130,,count offers,3,2,56,9.835164835164836,1000
130,,link-loss,59,0,59,49.142857142857146,1000
130,,mean-complexity,7,3.8,7,5.986850156953583,1000
131,30,[step],1000,0,1000,500,1000
131,,count sellers,1,1,20,3.984015984015984,1000
131,,exited-sellers,19,0,19,16.015984015984017,1000
131,,survival-rate,0.05,0.05,1,0.19920079920080788,1000
131,,mean-cash,-28500,-28500,1000,-13032.953103672884,1000
131,,mean-debt,500,0,4333.333333333333,958.6737438385798,1000
131,,mean-buyer-budget,47.35,47.35,494.85,48.817282717281806,1000
131,,count offers,2,0,34,5.512487512487512,1000
131,,link-loss,46,0,46,38.077922077922075,1000
131,,mean-complexity,8,3.7,8,6.051522653171004,1000
132,30,[step],1000,0,1000,500,1000
132,,count sellers,0,0,20,3.4045954045954048,1000
132,,exited-sellers,20,0,20,16.595404595404595,1000
132,,survival-rate,0,0,1,0.17022977022977348,1000
132,,mean-cash,0,0,1000,149.95129562412282,1000
132,,mean-debt,0,0,16500,4645.774945999722,1000
132,,mean-buyer-budget,41.35,41.35,500.1,42.777322677321855,1000
132,,count offers,0,0,32,4.9010989010989015,1000
132,,link-loss,41,0,41,32.98301698301698,1000
132,,mean-complexity,0,0,6.5,3.0027562347742127,1000
133,30,[step],1000,0,1000,500,1000
133,,count sellers,0,0,20,3.6773226773226773,1000
133,,exited-sellers,20,0,20,16.322677322677322,1000
133,,survival-rate,0,0,1,0.18386613386613163,1000
133,,mean-cash,0,-13080,1000,-1424.7957903596016,1000
133,,mean-debt,0,0,8500,2318.292236124404,1000
133,,mean-buyer-budget,46.45,46.45,607.7,48.37307692307631,1000
133,,count offers,0,0,26,4.213786213786213,1000
133,,link-loss,32,0,32,25.532467532467532,1000
133,,mean-complexity,0,0,5.5,2.3758691580369895,1000
134,30,[step],1000,0,1000,500,1000
134,,count sellers,1,1,20,3.5874125874125875,1000
134,,exited-sellers,19,0,19,16.412587412587413,1000
134,,survival-rate,0.05,0.05,1,0.1793706293706372,1000
134,,mean-cash,0,0,1002.25,251.85212568816468,1000
134,,mean-debt,29000,0,29000,14182.511211731991,1000
134,,mean-buyer-budget,46.65,46.65,696.65,49.547102897103834,1000
134,,count offers,0,0,60,7.27072927072927,1000
134,,link-loss,66,0,66,55.74025974025974,1000
134,,mean-complexity,4,3,6.6,3.782979250187042,1000
135,30,[step],1000,0,1000,500,1000
135,,count sellers,0,0,20,3.2397602397602396,1000
135,,exited-sellers,20,0,20,16.76023976023976,1000
135,,survival-rate,0,0,1,0.16198801198801213,1000
135,,mean-cash,0,-10830,1000,-1492.1477451120306,1000
135,,mean-debt,0,0,5250,1184.5761381475666,1000
135,,mean-buyer-budget,44.05,44.05,682.8,46.458841158841686,1000
135,,count offers,0,0,37,7.317682317682317,1000
135,,link-loss,37,0,37,28.583416583416582,1000
135,,mean-complexity,0,0,8.25,3.116459730745445,1000
136,30,[step],1000,0,1000,500,1000
136,,count sellers,2,2,20,5.602397602397603,1000
136,,exited-sellers,18,0,18,14.397602397602398,1000
136,,survival-rate,0.1,0.1,1,0.28011988011988265,1000
136,,mean-cash,-13500,-13500,1000,-5432.100770938848,1000
136,,mean-debt,15500,0,15500,8539.12868560794,1000
136,,mean-buyer-budget,41.95,41.95,694.45,44.44125874125833,1000
136,,count offers,14,1,31,10.07992007992008,1000
136,,link-loss,41,0,41,30.85214785214785,1000
136,,mean-complexity,8,4.25,8,6.281391900493392,1000
137,30,[step],1000,0,1000,500,1000
137,,count sellers,0,0,20,2.896103896103896,1000
137,,exited-sellers,20,0,20,17.103896103896105,1000
137,,survival-rate,0,0,1,0.1448051948051953,1000
137,,mean-cash,0,-52125,1000,53.78794339817691,1000
137,,mean-debt,0,0,5500,523.4797711446063,1000
137,,mean-buyer-budget,39.8,39.8,522.3,41.3859140859143,1000
137,,count offers,0,0,43,4.65934065934066,1000
137,,link-loss,43,0,43,36.31368631368631,1000
137,,mean-complexity,0,0,7,1.0918903440881442,1000
138,30,[step],1000,0,1000,500,1000
138,,count sellers,1,1,20,5.7622377622377625,1000
138,,exited-sellers,19,0,19,14.237762237762238,1000
138,,survival-rate,0.05,0.05,1,0.2881118881118874,1000
138,,mean-cash,-28410,-28410,1000,-6674.982203693744,1000
138,,mean-debt,500,0,16500,7255.298273155417,1000
138,,mean-buyer-budget,45.5,45.5,523,47.13211788211788,1000
138,,count offers,6,6,39,17.006993006993007,1000
138,,link-loss,51,0,51,34.5044955044955,1000
138,,mean-complexity,9,3.9,9,6.898047312882425,1000
139,30,[step],1000,0,1000,500,1000
139,,count sellers,1,1,20,3.8811188811188813,1000
139,,exited-sellers,19,0,19,16.11888111888112,1000
139,,survival-rate,0.05,0.05,1,0.19405594405595086,1000
139,,mean-cash,-26130,-26130,1000,-11624.972795602665,1000
139,,mean-debt,2000,0,3250,1707.2487036772752,1000
139,,mean-buyer-budget,58.35,58.35,643.35,60.64770229770127,1000
139,,count offers,10,10,64,16.257742257742258,1000
139,,link-loss,54,0,54,46.48851148851149,1000
139,,mean-complexity,10,4.65,10,8.769866497139224,1000
140,30,[step],1000,0,1000,500,1000
140,,count sellers,0,0,20,4.481518481518481,1000
140,,exited-sellers,20,0,20,15.518481518481519,1000
140,,survival-rate,0,0,1,0.2240759240759238,1000
140,,mean-cash,0,-86.25,1000,152.9494819823862,1000
140,,mean-debt,0,0,18000,5773.87919689369,1000
140,,mean-buyer-budget,34.95,34.95,533.7,36.52717282717299,1000
140,,count offers,0,0,47,11.999000999001,1000
140,,link-loss,64,0,64,43.043956043956044,1000
140,,mean-complexity,0,0,10,4.299409842017229,1000
141,30,[step],1000,0,1000,500,1000
141,,count sellers,0,0,20,3.958041958041958,1000
141,,exited-sellers,20,0,20,16.041958041958043,1000
141,,survival-rate,0,0,1,0.19790209790210034,1000
141,,mean-cash,0,0,1000,158.00096323229408,1000
141,,mean-debt,0,0,16500,4815.46082677451,1000
141,,mean-buyer-budget,42.1,42.1,602.1,44.16918081917996,1000
141,,count offers,0,0,57,14.850149850149851,1000
141,,link-loss,70,0,70,51.20979020979021,1000
141,,mean-complexity,0,0,10,4.824060962347682,1000
142,30,[step],1000,0,1000,500,1000
142,,count sellers,2,2,20,5.619380619380619,1000
142,,exited-sellers,18,0,18,14.38061938061938,1000
142,,survival-rate,0.1,0.1,1,0.28096903096903836,1000
142,,mean-cash,-13820,-13820,1000,-5266.254886919802,1000
142,,mean-debt,15000,0,15000,8554.480043765756,1000
142,,mean-buyer-budget,45.5,45.5,683,47.922577422577426,1000
142,,count offers,17,15,35,20.816183816183816,1000
142,,link-loss,32,0,32,23.306693306693308,1000
142,,mean-complexity,9,4.3,9,7.239539760677458,1000
143,30,[step],1000,0,1000,500,1000
143,,count sellers,0,0,20,4.203796203796204,1000
143,,exited-sellers,20,0,20,15.796203796203796,1000
143,,survival-rate,0,0,1,0.21018981018981023,1000
143,,mean-cash,0,-18322.5,1000,-3502.563111131293,1000
143,,mean-debt,0,0,10500,3890.304608811103,1000
143,,mean-buyer-budget,45.4,45.4,615.4,47.6902097902107,1000
143,,count offers,0,0,36,10.533466533466534,1000
143,,link-loss,46,0,46,32.484515484515484,1000
143,,mean-complexity,0,0,10,4.999022406165269,1000
144,30,[step],1000,0,1000,500,1000
144,,count sellers,1,1,20,3.7062937062937062,1000
144,,exited-sellers,19,0,19,16.293706293706293,1000
144,,survival-rate,0.05,0.05,1,0.18531468531469433,1000
144,,mean-cash,0,0,1000,248.10212902177193,1000
144,,mean-debt,29000,0,29000,14219.900535971965,1000
144,,mean-buyer-budget,40.15,40.15,708.9,42.789860139860984,1000
144,,count offers,3,0,42,6.8901098901098905,1000
144,,link-loss,53,0,53,44.44055944055944,1000
144,,mean-complexity,7,4.45,7.25,6.191711463140035,1000
145,30,[step],1000,0,1000,500,1000
145,,count sellers,0,0,20,3.877122877122877,1000
145,,exited-sellers,20,0,20,16.122877122877124,1000
145,,survival-rate,0,0,1,0.19385614385614475,1000
145,,mean-cash,0,0,1000,143.3657935471123,1000
145,,mean-debt,0,0,16000,4368.92992538597,1000
145,,mean-buyer-budget,51.25,51.25,501.25,52.704795204795204,1000
145,,count offers,0,0,34,6.103896103896104,1000
145,,link-loss,44,0,44,34.53846153846154,1000
145,,mean-complexity,0,0,6,3.0846580769657734,1000
146,30,[step],1000,0,1000,500,1000
146,,count sellers,0,0,20,3.2157842157842156,1000
146,,exited-sellers,20,0,20,16.784215784215785,1000
146,,survival-rate,0,0,1,0.1607892107892109,1000
146,,mean-cash,0,-5070,1000,-137.30563958186332,1000
146,,mean-debt,0,0,5666.666666666667,850.1445441005877,1000
146,,mean-buyer-budget,37.1,37.1,730.85,40.01708291708211,1000
146,,count offers,0,0,42,7.544455544455545,1000
146,,link-loss,54,0,54,43.13886113886114,1000
146,,mean-complexity,0,0,10,1.866569810475908,1000
147,30,[step],1000,0,1000,500,1000
147,,count sellers,1,1,20,4.508491508491509,1000
147,,exited-sellers,19,0,19,15.491508491508492,1000
147,,survival-rate,0.05,0.05,1,0.22542457542457953,1000
147,,mean-cash,0,0,1005625,257.05032323376446,1000
147,,mean-debt,29000,0,29000,14181.955400299554,1000
147,,mean-buyer-budget,47.4,47.4,643.65,49.6215284715294,1000
147,,count offers,1,1,38,8.748251748251748,1000
147,,link-loss,45,0,45,32.86813186813187,1000
147,,mean-complexity,7,4,8.5,6.640286301000588,1000
148,30,[step],1000,0,1000,500,1000
148,,count sellers,1,1,20,3.6563436563436564,1000
148,,exited-sellers,19,0,19,16.343656343656345,1000
148,,survival-rate,0.05,0.05,1,0.18281718281719106,1000
148,,mean-cash,0,-1645,1006,165.79840404628118,1000
148,,mean-debt,29000,0,29000,14086.5480492978,1000
148,,mean-buyer-budget,39.9,39.9,624.9,41.9292207792216,1000
148,,count offers,6,0,45,7.204795204795205,1000
148,,link-loss,46,0,46,38.14985014985015,1000
148,,mean-complexity,8,4.6,8.333333333333334,6.346429472403497,1000
149,30,[step],1000,0,1000,500,1000
149,,count sellers,3,3,20,5.577422577422578,1000
149,,exited-sellers,17,0,17,14.422577422577422,1000
149,,survival-rate,0.15,0.15,1,0.2788711288711286,1000
149,,mean-cash,43.333333333333336,26,1000,253.1114494210828,1000
149,,mean-debt,28833.333333333332,0,28833.333333333332,14073.477297051193,1000
149,,mean-buyer-budget,49.2,49.2,605.45,51.26918081918006,1000
149,,count offers,15,13,60,19.413586413586415,1000
149,,link-loss,53,0,53,44.213786213786214,1000
149,,mean-complexity,8,3.9,8,6.801902078744338,1000
150,30,[step],1000,0,1000,500,1000
150,,count sellers,0,0,20,3.3736263736263736,1000
150,,exited-sellers,20,0,20,16.626373626373628,1000
150,,survival-rate,0,0,1,0.16868131868132422,1000
150,,mean-cash,0,-57.77777777777778,1000,168.7075702075702,1000
150,,mean-debt,0,0,19500,6502.816627816627,1000
150,,mean-buyer-budget,41.3,41.3,676.3,43.4965534465538,1000
150,,count offers,0,0,18,7.448551448551449,1000
150,,link-loss,24,0,24,14.835164835164836,1000
150,,mean-complexity,0,0,10,5.265828615828616,1000
151,40,[step],1000,0,1000,500,1000
151,,count sellers,0,0,20,2.3656343656343655,1000
151,,exited-sellers,20,0,20,17.634365634365633,1000
151,,survival-rate,0,0,1,0.11828171828171789,1000
151,,mean-cash,0,-7280,1000,-443.2101910188823,1000
151,,mean-debt,0,0,4500,600.1503006373135,1000
151,,mean-buyer-budget,41.75,41.75,618,43.90284715284715,1000
151,,count offers,0,0,33,3.3316683316683315,1000
151,,link-loss,37,0,37,31.94305694305694,1000
151,,mean-complexity,0,0,7.5,1.387359194252301,1000
152,40,[step],1000,0,1000,500,1000
152,,count sellers,1,1,20,3.5804195804195804,1000
152,,exited-sellers,19,0,19,16.41958041958042,1000
152,,survival-rate,0.05,0.05,1,0.1790209790209876,1000
152,,mean-cash,300,-156.25,1000,235.12551301512346,1000
152,,mean-debt,39000,0,39000,18997.887556166774,1000
152,,mean-buyer-budget,45.05,45.05,673.8,47.235314685315245,1000
152,,count offers,10,3,19,10.410589410589411,1000
152,,link-loss,26,0,26,20.51848151848152,1000
152,,mean-complexity,10,3.4,10,8.193297287128454,1000
153,40,[step],1000,0,1000,500,1000
153,,count sellers,0,0,20,2.624375624375624,1000
153,,exited-sellers,20,0,20,17.375624375624376,1000
153,,survival-rate,0,0,1,0.13121878121878108,1000
153,,mean-cash,0,-3315,1000,-159.60833222721334,1000
153,,mean-debt,0,0,19500,4600.05552639169,1000
153,,mean-buyer-budget,45.8,45.8,655.8,48.05524475524536,1000
153,,count offers,0,0,29,5.8781218781218785,1000
153,,link-loss,33,0,33,25.51848151848152,1000
153,,mean-complexity,0,0,9,3.4083806303586526,1000
154,40,[step],1000,0,1000,500,1000
154,,count sellers,0,0,20,2.6103896103896105,1000
154,,exited-sellers,20,0,20,17.38961038961039,1000
154,,survival-rate,0,0,1,0.1305194805194807,1000
154,,mean-cash,0,-2040,1000,-31.89181842965558,1000
154,,mean-debt,0,0,7000,572.2859225356729,1000
154,,mean-buyer-budget,52.05,52.05,642.05,54.2677822177831,1000
154,,count offers,0,0,31,4.240759240759241,1000
154,,link-loss,39,0,39,33.557442557442556,1000
154,,mean-complexity,0,0,6.6,1.0562014506195327,1000
155,40,[step],1000,0,1000,500,1000
155,,count sellers,0,0,20,2.1998001998001997,1000
155,,exited-sellers,20,0,20,17.8001998001998,1000
155,,survival-rate,0,0,1,0.10999000999000987,1000
155,,mean-cash,0,-24625,1000,59.99710885462635,1000
155,,mean-debt,0,0,8500,893.4735621798558,1000
155,,mean-buyer-budget,41.75,41.75,611.75,43.797952047952045,1000
155,,count offers,0,0,33,3.89010989010989,1000
155,,link-loss,33,0,33,28.53946053946054,1000
155,,mean-complexity,0,0,8,1.2683466494655307,1000
156,40,[step],1000,0,1000,500,1000
156,,count sellers,0,0,20,2.3156843156843157,1000
156,,exited-sellers,20,0,20,17.684315684315685,1000
156,,survival-rate,0,0,1,0.11578421578421551,1000
156,,mean-cash,0,-483.3333333333333,1000,32.31248852470357,1000
156,,mean-debt,0,0,6500,529.3010798009284,1000
156,,mean-buyer-budget,41.9,41.9,548.15,43.64075924076008,1000
156,,count offers,0,0,25,2.5104895104895104,1000
156,,link-loss,33,0,33,29.024975024975024,1000
156,,mean-complexity,0,0,6,0.973720753039422,1000
157,40,[step],1000,0,1000,500,1000
157,,count sellers,0,0,20,3.3216783216783217,1000
157,,exited-sellers,20,0,20,16.678321678321677,1000
157,,survival-rate,0,0,1,0.1660839160839237,1000
157,,mean-cash,0,-36690,1000,-16380.758158508157,1000
157,,mean-debt,0,0,6833.333333333333,2285.688716045859,1000
157,,mean-buyer-budget,40.15,40.15,692.65,42.505144855145694,1000
157,,count offers,0,0,32,9.584415584415584,1000
157,,link-loss,39,0,39,25.208791208791208,1000
157,,mean-complexity,0,0,9,7.123398030540893,1000
158,40,[step],1000,0,1000,500,1000
158,,count sellers,1,1,20,4.207792207792208,1000
158,,exited-sellers,19,0,19,15.792207792207792,1000
158,,survival-rate,0.05,0.05,1,0.21038961038960866,1000
158,,mean-cash,452.5,-3259.1666666666665,1000,-245.40502408846584,1000
158,,mean-debt,37000,0,37000,17632.196483170508,1000
158,,mean-buyer-budget,36.15,36.15,674.9,38.55009990010067,1000
158,,count offers,10,10,40,13.714285714285714,1000
158,,link-loss,42,0,42,29.506493506493506,1000
158,,mean-complexity,10,3.85,10,7.330122907395636,1000
159,40,[step],1000,0,1000,500,1000
159,,count sellers,0,0,20,2.364635364635365,1000
159,,exited-sellers,20,0,20,17.635364635364635,1000
159,,survival-rate,0,0,1,0.11823176823176731,1000
159,,mean-cash,0,0,1000,93.85321654702275,1000
159,,mean-debt,0,0,14000,2521.1222427256394,1000
159,,mean-buyer-budget,32,32,522,33.62962037962038,1000
159,,count offers,0,0,34,4.107892107892108,1000
159,,link-loss,39,0,39,33.50949050949051,1000
159,,mean-complexity,0,0,5.5,1.749470143576038,1000
160,40,[step],1000,0,1000,500,1000
160,,count sellers,1,1,20,3.2287712287712287,1000
160,,exited-sellers,19,0,19,16.77122877122877,1000
160,,survival-rate,0.05,0.05,1,0.1614385614385692,1000
160,,mean-cash,-37000,-37000,1000,-16878.737557175868,1000
160,,mean-debt,2000,0,6166.666666666667,2095.217949438728,1000
160,,mean-buyer-budget,61.95,61.95,713.2,64.3725774225762,1000
160,,count offers,3,2,32,6.984015984015984,1000
160,,link-loss,44,0,44,36.40959040959041,1000
160,,mean-complexity,6,3.8,7,5.287162044304901,1000
161,40,[step],1000,0,1000,500,1000
161,,count sellers,1,1,20,3.959040959040959,1000
161,,exited-sellers,19,0,19,16.04095904095904,1000
161,,survival-rate,0.05,0.05,1,0.19795204795204957,1000
161,,mean-cash,60,-120.5,1000,237.49965661603298,1000
161,,mean-debt,39000,0,39000,19067.241046499286,1000
161,,mean-buyer-budget,43.8,43.8,555.05,45.62692307692355,1000
161,,count offers,1,1,12,6.568431568431569,1000
161,,link-loss,16,0,16,9.132867132867133,1000
161,,mean-complexity,7,4.05,7,6.249495062096432,1000
162,40,[step],1000,0,1000,500,1000
162,,count sellers,0,0,20,3.2297702297702298,1000
162,,exited-sellers,20,0,20,16.77022977022977,1000
162,,survival-rate,0,0,1,0.16148851148851606,1000
162,,mean-cash,0,0,1000,180.62731786195837,1000
162,,mean-debt,0,0,28500,10220.86371836622,1000
162,,mean-buyer-budget,42.9,42.9,614.15,45.03411588411675,1000
162,,count offers,0,0,25,8.939060939060939,1000
162,,link-loss,44,0,44,29.58041958041958,1000
162,,mean-complexity,0,0,10,5.901733048835941,1000
163,40,[step],1000,0,1000,500,1000
163,,count sellers,1,1,20,3.2227772227772227,1000
163,,exited-sellers,19,0,19,16.77722277722278,1000
163,,survival-rate,0.05,0.05,1,0.1611388611388682,1000
163,,mean-cash,0,-18.75,1000,243.592755944332,1000
163,,mean-debt,39000,0,39000,19199.02954278358,1000
163,,mean-buyer-budget,50.5,50.5,738,53.35839160839161,1000
163,,count offers,7,4,48,10.062937062937063,1000
163,,link-loss,58,0,58,50.58841158841159,1000
163,,mean-complexity,9,3.95,9,7.790628135780042,1000
164,40,[step],1000,0,1000,500,1000
164,,count sellers,1,1,20,4.044955044955045,1000
164,,exited-sellers,19,0,19,15.955044955044954,1000
164,,survival-rate,0.05,0.05,1,0.20224775224775265,1000
164,,mean-cash,30,-71.53846153846153,1000,246.8571318791099,1000
164,,mean-debt,39000,0,39000,19219.10516223703,1000
164,,mean-buyer-budget,48.45,48.45,517.2,49.891058941058255,1000
164,,count offers,6,6,40,11.19080919080919,1000
164,,link-loss,42,0,42,32.217782217782215,1000
164,,mean-complexity,8,4.142857142857143,8,6.283245509069682,1000
165,40,[step],1000,0,1000,500,1000
165,,count sellers,2,2,20,4.62037962037962,1000
165,,exited-sellers,18,0,18,15.379620379620379,1000
165,,survival-rate,0.1,0.1,1,0.23101898101897922,1000
165,,mean-cash,0,-6500,1000,-1442.3903683374174,1000
165,,mean-debt,39000,0,39000,17537.400726342665,1000
165,,mean-buyer-budget,46.25,46.25,565,48.03696303696304,1000
165,,count offers,10,1,49,11.487512487512488,1000
165,,link-loss,56,0,56,46.41158841158841,1000
165,,mean-complexity,7,4.25,7,6.1833618295803285,1000
166,40,[step],1000,0,1000,500,1000
166,,count sellers,1,1,20,3.1758241758241756,1000
166,,exited-sellers,19,0,19,16.824175824175825,1000
166,,survival-rate,0.05,0.05,1,0.15879120879121483,1000
166,,mean-cash,0,-60.90909090909091,1000,236.71695043772968,1000
166,,mean-debt,39000,0,39000,19232.563936784714,1000
166,,mean-buyer-budget,37.45,37.45,621.2,39.50419580419573,1000
166,,count offers,5,0,28,5.082917082917083,1000
166,,link-loss,28,0,28,24.805194805194805,1000
166,,mean-complexity,6,3.5,6,5.1214491857349005,1000
167,40,[step],1000,0,1000,500,1000
167,,count sellers,0,0,20,2.6863136863136865,1000
167,,exited-sellers,20,0,20,17.313686313686315,1000
167,,survival-rate,0,0,1,0.1343156843156849,1000
167,,mean-cash,0,-64.54545454545455,1000,135.14051383182252,1000
167,,mean-debt,0,0,22000,6153.385899814471,1000
167,,mean-buyer-budget,48.05,48.05,600.55,50.055494505495204,1000
167,,count offers,0,0,29,4.63036963036963,1000
167,,link-loss,42,0,42,34.94105894105894,1000
167,,mean-complexity,0,0,6.5,2.679885532383035,1000
168,40,[step],1000,0,1000,500,1000
168,,count sellers,1,1,20,3.247752247752248,1000
168,,exited-sellers,19,0,19,16.75224775224775,1000
168,,survival-rate,0.05,0.05,1,0.16238761238762026,1000
168,,mean-cash,180,0,1000,246.2754897346244,1000
168,,mean-debt,39000,0,39000,19078.84887548349,1000
168,,mean-buyer-budget,49,49,567.75,50.70829170829171,1000
168,,count offers,8,5,36,10.045954045954046,1000
168,,link-loss,34,0,34,29.627372627372626,1000
168,,mean-complexity,9,3.85,9,8.10034004457081,1000
169,40,[step],1000,0,1000,500,1000
169,,count sellers,1,1,20,3.6403596403596405,1000
169,,exited-sellers,19,0,19,16.35964035964036,1000
169,,survival-rate,0.05,0.05,1,0.18201798201798722,1000
169,,mean-cash,0,-7150,1000,-1132.3789823230381,1000
169,,mean-debt,39000,0,39000,17852.439747232456,1000
169,,mean-buyer-budget,39.2,39.2,487.95,40.69600399600383,1000
169,,count offers,2,2,37,7.602397602397603,1000
169,,link-loss,41,0,41,34.422577422577426,1000
169,,mean-complexity,7,4.5,7,6.194464421137748,1000
170,40,[step],1000,0,1000,500,1000
170,,count sellers,1,1,20,3.629370629370629,1000
170,,exited-sellers,19,0,19,16.37062937062937,1000
170,,survival-rate,0.05,0.05,1,0.18146853146853814,1000
170,,mean-cash,-39000,-39000,1000,-17381.798994864057,1000
170,,mean-debt,0,0,7000,1591.185751200736,1000
170,,mean-buyer-budget,42.35,42.35,661.1,44.76133866133779,1000
170,,count offers,4,1,29,5.951048951048951,1000
170,,link-loss,37,0,37,31.369630369630368,1000
170,,mean-complexity,9,3.9,9,6.4216840380177,1000
171,40,[step],1000,0,1000,500,1000
171,,count sellers,0,0,20,2.6053946053946055,1000
171,,exited-sellers,20,0,20,17.394605394605396,1000
171,,survival-rate,0,0,1,0.13026973026973038,1000
171,,mean-cash,0,-1244.1666666666667,1000,41.92722874029067,1000
171,,mean-debt,0,0,17000,3592.951566415602,1000
171,,mean-buyer-budget,44.2,44.2,595.45,46.02942057942008,1000
171,,count offers,0,0,36,5.21978021978022,1000
171,,link-loss,46,0,46,39.25074925074925,1000
171,,mean-complexity,0,0,6.333333333333333,1.8061045181924316,1000
172,40,[step],1000,0,1000,500,1000
172,,count sellers,0,0,20,2.341658341658342,1000
172,,exited-sellers,20,0,20,17.65834165834166,1000
172,,survival-rate,0,0,1,0.11708291708291689,1000
172,,mean-cash,0,0,1000,63.92715675932457,1000
172,,mean-debt,0,0,9000,1059.3288704302688,1000
172,,mean-buyer-budget,36.1,36.1,539.85,37.85074925074851,1000
172,,count offers,0,0,28,2.6793206793206794,1000
172,,link-loss,28,0,28,25.15284715284715,1000
172,,mean-complexity,0,0,5.230769230769231,1.1977330361945762,1000
173,40,[step],1000,0,1000,500,1000
173,,count sellers,2,2,20,4.060939060939061,1000
173,,exited-sellers,18,0,18,15.939060939060939,1000
173,,survival-rate,0.1,0.1,1,0.2030469530469493,1000
173,,mean-cash,0,0,1000,244.4264882705817,1000
173,,mean-debt,39000,0,39000,19215.20971397345,1000
173,,mean-buyer-budget,48.25,48.25,592,50.22427572427572,1000
173,,count offers,13,2,38,11.918081918081919,1000
173,,link-loss,40,0,40,34.52247752247752,1000
173,,mean-complexity,8.5,3.7,8.5,6.603229249383101,1000
174,40,[step],1000,0,1000,500,1000
174,,count sellers,0,0,20,2.5284715284715285,1000
174,,exited-sellers,20,0,20,17.471528471528472,1000
174,,survival-rate,0,0,1,0.1264235764235752,1000
174,,mean-cash,0,-277.14285714285717,1000,113.12577877500455,1000
174,,mean-debt,0,0,19000,4547.668373917125,1000
174,,mean-buyer-budget,40.5,40.5,610.5,42.72902097902098,1000
174,,count offers,0,0,38,4.380619380619381,1000
174,,link-loss,42,0,42,36.366633366633366,1000
174,,mean-complexity,0,0,8,3.220744240774211,1000
175,40,[step],1000,0,1000,500,1000
175,,count sellers,1,1,20,3.877122877122877,1000
175,,exited-sellers,19,0,19,16.122877122877124,1000
175,,survival-rate,0.05,0.05,1,0.19385614385614558,1000
175,,mean-cash,0,-3733.3333333333335,1000,-370.92667302935183,1000
175,,mean-debt,39000,0,39000,18609.887406965325,1000
175,,mean-buyer-budget,47.5,47.5,686.25,49.917582417582416,1000
175,,count offers,0,0,29,5.536463536463536,1000
175,,link-loss,37,0,37,29.82017982017982,1000
175,,mean-complexity,4,3,6.333333333333333,4.711980335681632,1000
176,40,[step],1000,0,1000,500,1000
176,,count sellers,0,0,20,3.7082917082917084,1000
176,,exited-sellers,20,0,20,16.291708291708293,1000
176,,survival-rate,0,0,1,0.185414585414591,1000
176,,mean-cash,0,-1932.857142857143,1000,-48.25167701928443,1000
176,,mean-debt,0,0,31000,11927.052655137071,1000
176,,mean-buyer-budget,42.6,42.6,587.6,44.461888111887255,1000
176,,count offers,0,0,39,8.234765234765234,1000
176,,link-loss,53,0,53,41.18581418581419,1000
176,,mean-complexity,0,0,9,5.960623583875334,1000
177,40,[step],1000,0,1000,500,1000
177,,count sellers,0,0,20,3.5744255744255744,1000
177,,exited-sellers,20,0,20,16.425574425574425,1000
177,,survival-rate,0,0,1,0.17872127872128396,1000
177,,mean-cash,0,0,1000,218.74496831839468,1000
177,,mean-debt,0,0,34000,14663.392884172106,1000
177,,mean-buyer-budget,55.4,55.4,607.9,57.60279720279821,1000
177,,count offers,0,0,41,12.947052947052947,1000
177,,link-loss,69,0,69,49.2997002997003,1000
177,,mean-complexity,0,0,10,6.887874235876245,1000
178,40,[step],1000,0,1000,500,1000
178,,count sellers,1,1,20,3.0259740259740258,1000
178,,exited-sellers,19,0,19,16.974025974025974,1000
178,,survival-rate,0.05,0.05,1,0.15129870129870598,1000
178,,mean-cash,0,0,1000,242.16084510727376,1000
178,,mean-debt,39000,0,39000,19224.121116978262,1000
178,,mean-buyer-budget,48.4,48.4,543.4,50.130769230770156,1000
178,,count offers,5,0,35,3.9100899100899102,1000
178,,link-loss,35,0,35,30.918081918081917,1000
178,,mean-complexity,9,4.1,9,6.559902002759145,1000
179,40,[step],1000,0,1000,500,1000
179,,count sellers,0,0,20,2.775224775224775,1000
179,,exited-sellers,20,0,20,17.224775224775225,1000
179,,survival-rate,0,0,1,0.13876123876124005,1000
179,,mean-cash,0,-137,1000,141.10129264674717,1000
179,,mean-debt,0,0,23500,7017.049941400591,1000
179,,mean-buyer-budget,48.65,48.65,528.65,50.282117882118804,1000
179,,count offers,0,0,32,2.944055944055944,1000
179,,link-loss,35,0,35,30.813186813186814,1000
179,,mean-complexity,0,0,6.5,3.6364656988033603,1000
180,40,[step],1000,0,1000,500,1000
180,,count sellers,0,0,20,2.3606393606393605,1000
180,,exited-sellers,20,0,20,17.63936063936064,1000
180,,survival-rate,0,0,1,0.118031968031968,1000
180,,mean-cash,0,-255,1000,64.18522880161244,1000
180,,mean-debt,0,0,11000,1548.2839865207497,1000
180,,mean-buyer-budget,68.15,68.15,656.9,70.43521478521535,1000
180,,count offers,0,0,44,4.071928071928072,1000
180,,link-loss,56,0,56,49.58041958041958,1000
180,,mean-complexity,0,0,8,1.7701900774328323,1000
181,50,[step],1000,0,1000,500,1000
181,,count sellers,0,0,20,1.94005994005994,1000
181,,exited-sellers,20,0,20,18.05994005994006,1000
181,,survival-rate,0,0,1,0.09700299700299637,1000
181,,mean-cash,0,-10120,1000,-787.3868892859279,1000
181,,mean-debt,0,0,5500,720.8558535481611,1000
181,,mean-buyer-budget,42.2,42.2,542.2,43.94950049950012,1000
181,,count offers,0,0,25,2.5794205794205793,1000
181,,link-loss,32,0,32,28.223776223776223,1000
181,,mean-complexity,0,0,9,1.6045618911003527,1000
182,50,[step],1000,0,1000,500,1000
182,,count sellers,0,0,20,1.7182817182817183,1000
182,,exited-sellers,20,0,20,18.28171828171828,1000
182,,survival-rate,0,0,1,0.0859140859140858,1000
182,,mean-cash,0,-698,1000,18.433887541030398,1000
182,,mean-debt,0,0,7500,566.4942200656486,1000
182,,mean-buyer-budget,38.85,38.85,730.1,41.63471528471445,1000
182,,count offers,0,0,26,2.113886113886114,1000
182,,link-loss,27,0,27,24.759240759240758,1000
182,,mean-complexity,0,0,5.333333333333333,0.7451703058845914,1000
183,50,[step],1000,0,1000,500,1000
183,,count sellers,1,1,20,3.5234765234765235,1000
183,,exited-sellers,19,0,19,16.476523476523475,1000
183,,survival-rate,0.05,0.05,1,0.1761738261738274,1000
183,,mean-cash,0,-15750,1000,-5148.1264065327505,1000
183,,mean-debt,49000,0,49000,18838.67757561564,1000
183,,mean-buyer-budget,57.45,57.45,573.7,59.4055444555434,1000
183,,count offers,7,0,32,6.905094905094905,1000
183,,link-loss,43,0,43,36.70629370629371,1000
183,,mean-complexity,8,3.5,8,6.34031449874357,1000
184,50,[step],1000,0,1000,500,1000
184,,count sellers,1,1,20,3.6073926073926073,1000
184,,exited-sellers,19,0,19,16.392607392607392,1000
184,,survival-rate,0.05,0.05,1,0.18036963036963422,1000
184,,mean-cash,-47020,-47020,1000,-17566.697481090338,1000
184,,mean-debt,1500,0,16000,6135.742233956517,1000
184,,mean-buyer-budget,53.3,53.3,625.8,55.53651348651442,1000
184,,count offers,10,10,20,12.254745254745254,1000
184,,link-loss,31,0,31,24.455544455544455,1000
184,,mean-complexity,10,3.45,10,7.282216592930877,1000
185,50,[step],1000,0,1000,500,1000
185,,count sellers,0,0,20,2.5054945054945055,1000
185,,exited-sellers,20,0,20,17.494505494505493,1000
185,,survival-rate,0,0,1,0.1252747252747243,1000
185,,mean-cash,0,-947.5,1000,75.78685687439435,1000
185,,mean-debt,0,0,24000,5843.80123705798,1000
185,,mean-buyer-budget,51.25,51.25,606.25,53.196803196803195,1000
185,,count offers,0,0,45,8.570429570429571,1000
185,,link-loss,58,0,58,45.7972027972028,1000
185,,mean-complexity,0,0,10,3.6516657612561696,1000
186,50,[step],1000,0,1000,500,1000
186,,count sellers,0,0,20,1.6713286713286712,1000
186,,exited-sellers,20,0,20,18.32867132867133,1000
186,,survival-rate,0,0,1,0.08356643356643341,1000
186,,mean-cash,0,-106.66666666666667,1000,30.58756683432008,1000
186,,mean-debt,0,0,6500,440.16196646066777,1000
186,,mean-buyer-budget,54.2,54.2,479.2,55.55864135864044,1000
186,,count offers,0,0,28,1.832167832167832,1000
186,,link-loss,28,0,28,25.632367632367632,1000
186,,mean-complexity,0,0,5,0.6668287700755232,1000
187,50,[step],1000,0,1000,500,1000
187,,count sellers,0,0,20,2.4365634365634365,1000
187,,exited-sellers,20,0,20,17.563436563436564,1000
187,,survival-rate,0,0,1,0.12182817182817195,1000
187,,mean-cash,0,-13670,1000,-855.5922567068297,1000
187,,mean-debt,0,0,8833.333333333334,1549.0584714985314,1000
187,,mean-buyer-budget,42.15,42.15,705.9,44.689960039960916,1000
187,,count offers,0,0,40,5.558441558441558,1000
187,,link-loss,43,0,43,36.97802197802198,1000
187,,mean-complexity,0,0,7,1.9992979048923145,1000
188,50,[step],1000,0,1000,500,1000
188,,count sellers,0,0,20,2.7662337662337664,1000
188,,exited-sellers,20,0,20,17.233766233766232,1000
188,,survival-rate,0,0,1,0.13831168831168955,1000
188,,mean-cash,0,-35910,1000,-13415.428763113638,1000
188,,mean-debt,0,0,2406.25,989.5516979837065,1000
188,,mean-buyer-budget,51.75,51.75,671.75,53.93281718281718,1000
188,,count offers,0,0,26,8.896103896103897,1000
188,,link-loss,35,0,35,24.45154845154845,1000
188,,mean-complexity,0,0,10,6.4521282766126165,1000
189,50,[step],1000,0,1000,500,1000
189,,count sellers,0,0,20,3.197802197802198,1000
189,,exited-sellers,20,0,20,16.802197802197803,1000
189,,survival-rate,0,0,1,0.15989010989011468,1000
189,,mean-cash,0,-38670,1000,-14925.418694581032,1000
189,,mean-debt,0,0,5000,1588.194342564972,1000
189,,mean-buyer-budget,46.15,46.15,632.4,48.32407592407684,1000
189,,count offers,0,0,30,6.183816183816184,1000
189,,link-loss,40,0,40,29.182817182817182,1000
189,,mean-complexity,0,0,9,5.592470230956744,1000
190,50,[step],1000,0,1000,500,1000
190,,count sellers,0,0,20,2.4525474525474524,1000
190,,exited-sellers,20,0,20,17.547452547452547,1000
190,,survival-rate,0,0,1,0.12262737262737204,1000
190,,mean-cash,0,-1322.5,1000,-16.30408418930191,1000
190,,mean-debt,0,0,17500,3028.2370529267014,1000
190,,mean-buyer-budget,56.2,56.2,631.2,58.277922077921055,1000
190,,count offers,0,0,31,3.174825174825175,1000
190,,link-loss,35,0,35,30.693306693306692,1000
190,,mean-complexity,0,0,6,1.9272913021958107,1000
191,50,[step],1000,0,1000,500,1000
191,,count sellers,1,1,20,2.5074925074925076,1000
191,,exited-sellers,19,0,19,17.492507492507492,1000
191,,survival-rate,0.05,0.05,1,0.12537462537462263,1000
191,,mean-cash,0,-156.66666666666666,1000,224.45876345876346,1000
191,,mean-debt,49000,0,49000,24205.133755133753,1000
191,,mean-buyer-budget,49.35,49.35,523.1,51.06078921078828,1000
191,,count offers,4,0,30,4.378621378621379,1000
191,,link-loss,30,0,30,27.594405594405593,1000
191,,mean-complexity,7,3.75,7,5.344211344211344,1000
192,50,[step],1000,0,1000,500,1000
192,,count sellers,1,1,20,3.043956043956044,1000
192,,exited-sellers,19,0,19,16.956043956043956,1000
192,,survival-rate,0.05,0.05,1,0.15219780219780688,1000
192,,mean-cash,-47500,-47500,1000,-22796.853795014507,1000
192,,mean-debt,1500,0,6000,1190.4858877386346,1000
192,,mean-buyer-budget,58.35,58.35,544.6,59.865984015983,1000
192,,count offers,9,0,19,3.6923076923076925,1000
192,,link-loss,20,0,20,18.14185814185814,1000
192,,mean-complexity,8,4,8,5.9350442292749985,1000
193,50,[step],1000,0,1000,500,1000
193,,count sellers,0,0,20,2.253746253746254,1000
193,,exited-sellers,20,0,20,17.746253746253746,1000
193,,survival-rate,0,0,1,0.11268731268731212,1000
193,,mean-cash,0,-1818.75,1000,-10.958615823625822,1000
193,,mean-debt,0,0,13500,1787.5702372330743,1000
193,,mean-buyer-budget,42.95,42.95,609.2,44.91053946053903,1000
193,,count offers,0,0,30,3.015984015984016,1000
193,,link-loss,37,0,37,32.88511488511489,1000
193,,mean-complexity,0,0,7,1.5765742305202843,1000
194,50,[step],1000,0,1000,500,1000
194,,count sellers,0,0,20,2.1648351648351647,1000
194,,exited-sellers,20,0,20,17.835164835164836,1000
194,,survival-rate,0,0,1,0.10824175824175718,1000
194,,mean-cash,0,-626,1000,84.85839878846872,1000
194,,mean-debt,0,0,23000,5369.760765652374,1000
194,,mean-buyer-budget,39.3,39.3,656.8,41.56523476523499,1000
194,,count offers,0,0,25,2.991008991008991,1000
194,,link-loss,27,0,27,23.483516483516482,1000
194,,mean-complexity,0,0,7,2.86547659799408,1000
195,50,[step],1000,0,1000,500,1000
195,,count sellers,0,0,20,1.7262737262737262,1000
195,,exited-sellers,20,0,20,18.273726273726275,1000
195,,survival-rate,0,0,1,0.08631368631368631,1000
195,,mean-cash,0,-995,1000,12.715596324597605,1000
195,,mean-debt,0,0,5000,252.15606818305582,1000
195,,mean-buyer-budget,41.35,41.35,681.35,43.73761238761153,1000
195,,count offers,0,0,36,2.078921078921079,1000
195,,link-loss,40,0,40,36.616383616383615,1000
195,,mean-complexity,0,0,5.666666666666667,0.5711893417937373,1000
196,50,[step],1000,0,1000,500,1000
196,,count sellers,0,0,20,1.922077922077922,1000
196,,exited-sellers,20,0,20,18.07792207792208,1000
196,,survival-rate,0,0,1,0.0961038961038956,1000
196,,mean-cash,0,-8670,1000,-511.2812039151325,1000
196,,mean-debt,0,0,5500,616.716427511882,1000
196,,mean-buyer-budget,46.65,46.65,639.15,48.92897102897195,1000
196,,count offers,0,0,42,4.945054945054945,1000
196,,link-loss,52,0,52,45.637362637362635,1000
196,,mean-complexity,0,0,10,1.5950275373976672,1000
197,50,[step],1000,0,1000,500,1000
197,,count sellers,0,0,20,2.723276723276723,1000
197,,exited-sellers,20,0,20,17.276723276723278,1000
197,,survival-rate,0,0,1,0.13616383616383726,1000
197,,mean-cash,0,-23700,1000,-3795.9963157263983,1000
197,,mean-debt,0,0,11000,2777.420564783202,1000
197,,mean-buyer-budget,47.5,47.5,657.5,49.6491008991009,1000
197,,count offers,0,0,24,3.102897102897103,1000
197,,link-loss,26,0,26,22.397602397602398,1000
197,,mean-complexity,0,0,5625,2.7253204670787086,1000
198,50,[step],1000,0,1000,500,1000
198,,count sellers,0,0,20,1.7902097902097902,1000
198,,exited-sellers,20,0,20,18.20979020979021,1000
198,,survival-rate,0,0,1,0.08951048951048958,1000
198,,mean-cash,0,-735,1000,-2.0776847611263207,1000
198,,mean-debt,0,0,6500,396.5949634780804,1000
198,,mean-buyer-budget,54.7,54.7,675.95,56.987712287711304,1000
198,,count offers,0,0,25,2.092907092907093,1000
198,,link-loss,27,0,27,24.47052947052947,1000
198,,mean-complexity,0,0,6.5,0.8040871466196143,1000
199,50,[step],1000,0,1000,500,1000
199,,count sellers,0,0,20,2.033966033966034,1000
199,,exited-sellers,20,0,20,17.966033966033965,1000
199,,survival-rate,0,0,1,0.1016983016983015,1000
199,,mean-cash,0,-202.1153846153846,1000,54.11412638310739,1000
199,,mean-debt,0,0,12500,1599.8422323597147,1000
199,,mean-buyer-budget,31.7,31.7,452.95,33.027422577423074,1000
199,,count offers,0,0,20,1.6133866133866135,1000
199,,link-loss,20,0,20,17.975024975024976,1000
199,,mean-complexity,0,0,5.111111111111111,1.025362912700576,1000
200,50,[step],1000,0,1000,500,1000
200,,count sellers,1,1,20,3.5344655344655345,1000
200,,exited-sellers,19,0,19,16.465534465534464,1000
200,,survival-rate,0.05,0.05,1,0.1767232767232826,1000
200,,mean-cash,90,18,1000,258.95130453113643,1000
200,,mean-debt,49000,0,49000,24188.98185596634,1000
200,,mean-buyer-budget,35.4,35.4,605.4,37.489160839161585,1000
200,,count offers,10,7,24,10.842157842157842,1000
200,,link-loss,36,0,36,29.98001998001998,1000
200,,mean-complexity,9,3.55,9,7.1707392406487465,1000
201,50,[step],1000,0,1000,500,1000
201,,count sellers,0,0,20,2.131868131868132,1000
201,,exited-sellers,20,0,20,17.86813186813187,1000
201,,survival-rate,0,0,1,0.10659340659340641,1000
201,,mean-cash,0,-187.5,1000,55.32619184567237,1000
201,,mean-debt,0,0,11500,1366.1073913321663,1000
201,,mean-buyer-budget,36.7,36.7,690.45,39.35984015984009,1000
201,,count offers,0,0,20,1.1518481518481518,1000
201,,link-loss,24,0,24,22.013986013986013,1000
201,,mean-complexity,0,0,4.5,0.9971038562946656,1000
202,50,[step],1000,0,1000,500,1000
202,,count sellers,0,0,20,2.6693306693306695,1000
202,,exited-sellers,20,0,20,17.33066933066933,1000
202,,survival-rate,0,0,1,0.13346653346653523,1000
202,,mean-cash,0,-7250,1000,-671.4779225103902,1000
202,,mean-debt,0,0,21000,3708.875350839636,1000
202,,mean-buyer-budget,44.6,44.6,528.35,46.40569430569342,1000
202,,count offers,0,0,32,4.1918081918081915,1000
202,,link-loss,44,0,44,37.33766233766234,1000
202,,mean-complexity,0,0,6,2.171515767782006,1000
203,50,[step],1000,0,1000,500,1000
203,,count sellers,0,0,20,2.4095904095904097,1000
203,,exited-sellers,20,0,20,17.59040959040959,1000
203,,survival-rate,0,0,1,0.12047952047951846,1000
203,,mean-cash,0,-9615,1000,-2046.0690218456202,1000
203,,mean-debt,0,0,22500,3062.1289341693937,1000
203,,mean-buyer-budget,42.05,42.05,698.3,44.67487512487555,1000
203,,count offers,0,0,33,3.7832167832167833,1000
203,,link-loss,37,0,37,31.794205794205794,1000
203,,mean-complexity,0,0,9,3.1614741568787523,1000
204,50,[step],1000,0,1000,500,1000
204,,count sellers,1,1,20,2.8591408591408594,1000
204,,exited-sellers,19,0,19,17.140859140859142,1000
204,,survival-rate,0.05,0.05,1,0.1429570429570446,1000
204,,mean-cash,-47000,-47000,1000,-22170.689020935773,1000
204,,mean-debt,2000,0,6250,1803.9385398151633,1000
204,,mean-buyer-budget,36.65,36.65,609.15,38.73916083916161,1000
204,,count offers,4,4,46,8.136863136863138,1000
204,,link-loss,44,0,44,39.23376623376623,1000
204,,mean-complexity,7,4.3,7,6.733287707963032,1000
205,50,[step],1000,0,1000,500,1000
205,,count sellers,0,0,20,1.9610389610389611,1000
205,,exited-sellers,20,0,20,18.038961038961038,1000
205,,survival-rate,0,0,1,0.09805194805194753,1000
205,,mean-cash,0,-833.3333333333334,1000,34.505554385674266,1000
205,,mean-debt,0,0,12500,1581.0282811593997,1000
205,,mean-buyer-budget,44.75,44.75,649.75,46.916583416583414,1000
205,,count offers,0,0,27,2.038961038961039,1000
205,,link-loss,36,0,36,32.66433566433567,1000
205,,mean-complexity,0,0,5,1.2251878574306148,1000
206,50,[step],1000,0,1000,500,1000
206,,count sellers,0,0,20,1.881118881118881,1000
206,,exited-sellers,20,0,20,18.11888111888112,1000
206,,survival-rate,0,0,1,0.09405594405594378,1000
206,,mean-cash,0,-868,1000,19.832877783083834,1000
206,,mean-debt,0,0,9000,800.3754411034631,1000
206,,mean-buyer-budget,47.9,47.9,704.15,50.55359640359735,1000
206,,count offers,0,0,32,2.6093906093906094,1000
206,,link-loss,37,0,37,33.44955044955045,1000
206,,mean-complexity,0,0,5.555555555555555,0.8684706929212425,1000
207,50,[step],1000,0,1000,500,1000
207,,count sellers,0,0,20,3.4845154845154847,1000
207,,exited-sellers,20,0,20,16.515484515484516,1000
207,,survival-rate,0,0,1,0.17422577422577606,1000
207,,mean-cash,0,-32700,1000,-9608.826682779982,1000
207,,mean-debt,0,0,9333.333333333334,2383.6014412937498,1000
207,,mean-buyer-budget,46.2,46.2,503.7,47.752197802197216,1000
207,,count offers,0,0,34,12.995004995004996,1000
207,,link-loss,48,0,48,31.794205794205794,1000
207,,mean-complexity,0,0,9.5,5.3145035672508305,1000
208,50,[step],1000,0,1000,500,1000
208,,count sellers,1,1,20,3.1178821178821177,1000
208,,exited-sellers,19,0,19,16.882117882117882,1000
208,,survival-rate,0.05,0.05,1,0.1558941058941112,1000
208,,mean-cash,-48290,-48290,1000,-21543.04083630045,1000
208,,mean-debt,500,0,9500,2289.240033470803,1000
208,,mean-buyer-budget,43.3,43.3,534.55,44.93836163836207,1000
208,,count offers,10,1,24,9.08891108891109,1000
208,,link-loss,26,0,26,23.282717282717282,1000
208,,mean-complexity,10,3.65,10,8.008629404783251,1000
209,50,[step],1000,0,1000,500,1000
209,,count sellers,0,0,20,2.942057942057942,1000
209,,exited-sellers,20,0,20,17.057942057942057,1000
209,,survival-rate,0,0,1,0.1471028971028973,1000
209,,mean-cash,0,-9350,1000,-1887.7419184628232,1000
209,,mean-debt,0,0,24000,3858.601166149868,1000
209,,mean-buyer-budget,48.75,48.75,605,50.6993006993007,1000
209,,count offers,0,0,19,3.6713286713286712,1000
209,,link-loss,31,0,31,24.466533466533466,1000
209,,mean-complexity,0,0,7.5,3.1267370574813156,1000
210,50,[step],1000,0,1000,500,1000
210,,count sellers,0,0,20,3.6513486513486515,1000
210,,exited-sellers,20,0,20,16.348651348651348,1000
210,,survival-rate,0,0,1,0.1825674325674342,1000
210,,mean-cash,0,-36550,1000,-9374.577272183915,1000
210,,mean-debt,0,0,15000,5476.357802481678,1000
210,,mean-buyer-budget,28.65,28.65,591.15,30.669230769231344,1000
210,,count offers,0,0,15,1.6963036963036964,1000
210,,link-loss,18,0,18,15.267732267732267,1000
210,,mean-complexity,0,0,7.5,4.5603191014779405,1000
