"BehaviorSpace results (NetLogo 7.0.4)","Table version 2.0"
"VirtEcom1.2.nlogox"
"Experiment A_OperatingCost"
"09/06/2026 23:54:45:530 -0500"
"min-pxcor","max-pxcor","min-pycor","max-pycor"
"-16","16","-16","16"
"[run number]","operating-cost","[step]","count sellers","exited-sellers","survival-rate","mean-cash","mean-debt","mean-buyer-budget","count offers","link-loss","mean-complexity"
"3","10","0","20","0","1","1000","0","669.75","26","0","3.95"
"2","5","0","20","0","1","1000","0","436.55","14","0","4"
"5","30","0","20","0","1","1000","0","595.1","18","0","3.65"
"4","20","0","20","0","1","1000","0","649.6","21","0","3.9"
"6","40","0","20","0","1","1000","0","690.6","15","0","3.95"
"7","50","0","20","0","1","1000","0","597.45","35","0","4.25"
"5","30","1","20","0","1","991.375","0","478.85","18","0","3.65"
"3","10","1","20","0","1","1024.125","0","556","26","0","3.95"
"2","5","1","20","0","1","1007.375","0","325.3","14","0","4"
"6","40","1","20","0","1","968.625","0","574.35","15","0","3.95"
"4","20","1","20","0","1","995","0","537.1","21","0","3.9"
"7","50","1","20","0","1","971","0","489.95","35","0","4.25"
"5","30","2","20","0","1","975.25","0","380.1","18","0","3.65"
"2","5","2","20","0","1","1006.875","0","232.8","14","0","4"
"6","40","2","20","0","1","935.75","0","459.35","15","0","3.95"
"3","10","2","20","0","1","1045.625","0","451","27","0","4"
"4","20","2","20","0","1","991.5","0","425.85","21","0","3.9"
"7","50","2","20","0","1","940.5","0","399.95","35","0","4.25"
"5","30","3","20","0","1","964","0","288.85","18","0","3.7"
"6","40","3","20","0","1","905.875","0","348.1","15","0","3.95"
"2","5","3","20","0","1","1012","0","164.05","14","0","4"
"3","10","3","20","0","1","1067.5","0","344.75","31","0","4.05"
"5","30","4","20","0","1","946","0","226.35","18","0","3.7"
"4","20","3","20","0","1","988","0","327.1","21","0","3.9"
"6","40","4","20","0","1","869.625","0","254.35","15","0","3.95"
"2","5","4","20","0","1","1014.875","0","114.05","23","0","4.1"
"3","10","4","20","0","1","1083.375","0","258.5","31","0","4.05"
"7","50","3","20","0","1","905.5","0","331.2","35","0","4.25"
"5","30","5","20","0","1","924.25","0","176.35","18","0","3.7"
"4","20","4","20","0","1","983","0","245.85","21","0","3.9"
"2","5","5","20","0","1","1021.875","0","74.05","23","0","4.1"
"3","10","5","20","0","1","1092.5","0","194.75","35","0","4.1"
"7","50","4","20","0","1","867.5","0","266.2","35","0","4.25"
"6","40","5","20","0","1","837.125","0","181.85","19","0","4"
"5","30","6","20","0","1","902.5","0","137.6","18","0","3.7"
"4","20","5","20","0","1","975","0","180.85","21","0","3.9"
"3","10","6","20","0","1","1099.75","0","137.25","35","0","4.15"
"2","5","6","20","0","1","1021.375","0","59.05","23","0","4.1"
"6","40","6","20","0","1","811.75","0","118.1","19","0","4"
"7","50","5","20","0","1","831","0","202.45","35","0","4.25"
"5","30","7","20","0","1","880.75","0","100.1","18","0","3.7"
"4","20","6","20","0","1","967","0","128.35","24","0","3.95"
"3","10","7","20","0","1","1104","0","89.75","35","0","4.2"
"6","40","7","20","0","1","778.5","0","75.6","19","0","4"
"1","0","0","20","0","1","1000","0","580.75","20","0","3.65"
"5","30","8","20","0","1","858.625","0","68.85","18","0","3.7"
"2","5","7","20","0","1","1019.375","0","49.05","23","0","4.1"
"7","50","6","20","0","1","794.5","0","144.95","35","0","4.35"
"3","10","8","20","0","1","1104.5","0","54.75","35","0","4.2"
"4","20","7","20","0","1","958.25","0","90.85","24","0","3.95"
"6","40","8","20","0","1","741.875","0","54.35","19","0","4"
"5","30","9","20","0","1","833.125","0","48.85","18","0","3.7"
"2","5","8","20","0","1","1015.875","0","44.05","23","0","4.1"
"7","50","7","20","0","1","755","0","103.7","35","0","4.35"
"6","40","9","20","0","1","703.75","0","43.1","19","0","4"
"3","10","9","20","0","1","1096","0","49.75","35","0","4.25"
"4","20","8","20","0","1","946.5","0","63.35","24","0","3.95"
"5","30","10","20","0","1","806.125","0","38.85","18","0","3.7"
"2","5","9","20","0","1","1012.375","0","39.05","23","0","4.1"
"6","40","10","20","0","1","663.75","0","38.1","19","0","4.05"
"7","50","8","20","0","1","714","0","73.7","35","0","4.35"
"3","10","10","20","0","1","1086","0","49.75","35","0","4.25"
"4","20","9","20","0","1","929.5","0","53.35","24","0","4"
"5","30","11","20","0","1","776.125","0","38.85","18","0","3.75"
"2","5","10","20","0","1","1008.875","0","34.05","23","0","4.1"
"6","40","11","20","0","1","623.75","0","38.1","19","0","4.05"
"3","10","11","20","0","1","1076","0","49.75","35","0","4.25"
"7","50","9","20","0","1","668.5","0","58.7","35","0","4.35"
"4","20","10","20","0","1","909.5","0","53.35","27","0","4.05"
"1","0","1","20","0","1","1016.5","0","463.25","20","0","3.65"
"5","30","12","20","0","1","746.125","0","38.85","18","0","3.75"
"2","5","11","20","0","1","1003.875","0","34.05","23","0","4.1"
"3","10","12","20","0","1","1066","0","49.75","35","0","4.25"
"2","5","12","20","0","1","998.875","0","34.05","24","0","4.15"
"6","40","12","20","0","1","583.75","0","38.1","19","0","4.05"
"4","20","11","20","0","1","889.5","0","53.35","27","0","4.05"
"5","30","13","20","0","1","716.125","0","38.85","18","0","3.75"
"3","10","13","20","0","1","1056","0","49.75","35","0","4.3"
"7","50","10","20","0","1","623","0","43.7","35","0","4.35"
"1","0","2","20","0","1","1031.5","0","344.5","20","0","3.65"
"6","40","13","20","0","1","543.75","0","38.1","19","0","4.1"
"5","30","14","20","0","1","686.125","0","38.85","18","0","3.8"
"2","5","13","20","0","1","993.875","0","34.05","24","0","4.15"
"4","20","12","20","0","1","869.5","0","53.35","27","0","4.05"
"3","10","14","20","0","1","1046","0","49.75","35","0","4.3"
"7","50","11","20","0","1","573","0","43.7","41","0","4.4"
"5","30","15","20","0","1","656.125","0","38.85","18","0","3.8"
"2","5","14","20","0","1","988.875","0","34.05","24","0","4.15"
"3","10","15","20","0","1","1036","0","49.75","35","0","4.3"
"6","40","14","20","0","1","503.75","0","38.1","19","0","4.1"
"7","50","12","20","0","1","523","0","43.7","47","0","4.45"
"4","20","13","20","0","1","849.5","0","53.35","27","0","4.05"
"1","0","3","20","0","1","1040.125","0","272","20","0","3.65"
"5","30","16","20","0","1","626.125","0","38.85","18","0","3.8"
"3","10","16","20","0","1","1026","0","49.75","35","0","4.3"
"2","5","15","20","0","1","983.875","0","34.05","24","0","4.15"
"6","40","15","20","0","1","463.75","0","38.1","19","0","4.1"
"4","20","14","20","0","1","829.5","0","53.35","27","0","4.1"
"7","50","13","20","0","1","473","0","43.7","47","0","4.45"
"5","30","17","20","0","1","596.125","0","38.85","18","0","3.8"
"1","0","4","20","0","1","1048.375","0","207","20","0","3.65"
"6","40","16","20","0","1","423.75","0","38.1","19","0","4.1"
"3","10","17","20","0","1","1016","0","49.75","35","0","4.3"
"2","5","16","20","0","1","978.875","0","34.05","30","0","4.2"
"7","50","14","20","0","1","423","0","43.7","47","0","4.45"
"5","30","18","20","0","1","566.125","0","38.85","18","0","3.85"
"6","40","17","20","0","1","383.75","0","38.1","19","0","4.1"
"4","20","15","20","0","1","809.5","0","53.35","27","0","4.1"
"1","0","5","20","0","1","1056.25","0","149.5","20","0","3.65"
"7","50","15","20","0","1","373","0","43.7","47","0","4.45"
"3","10","18","20","0","1","1006","0","49.75","35","0","4.35"
"2","5","17","20","0","1","973.875","0","34.05","32","0","4.25"
"5","30","19","20","0","1","536.125","0","38.85","18","0","3.85"
"6","40","18","20","0","1","343.75","0","38.1","19","0","4.1"
"7","50","16","20","0","1","323","0","43.7","47","0","4.5"
"4","20","16","20","0","1","789.5","0","53.35","27","0","4.1"
"3","10","19","20","0","1","996","0","49.75","35","0","4.35"
"5","30","20","20","0","1","506.125","0","38.85","18","0","3.85"
"2","5","18","20","0","1","968.875","0","34.05","32","0","4.3"
"6","40","19","20","0","1","303.75","0","38.1","19","0","4.1"
"1","0","6","20","0","1","1065.25","0","100.75","20","0","3.65"
"7","50","17","20","0","1","273","0","43.7","47","0","4.5"
"5","30","21","20","0","1","476.125","0","38.85","18","0","3.85"
"4","20","17","20","0","1","769.5","0","53.35","27","0","4.1"
"6","40","20","20","0","1","263.75","0","38.1","19","0","4.15"
"2","5","19","20","0","1","963.875","0","34.05","32","0","4.3"
"3","10","20","20","0","1","986","0","49.75","35","0","4.35"
"7","50","18","20","0","1","223","0","43.7","47","0","4.5"
"6","40","21","20","0","1","223.75","0","38.1","19","0","4.15"
"4","20","18","20","0","1","749.5","0","53.35","27","0","4.1"
"5","30","22","20","0","1","446.125","0","38.85","18","0","3.85"
"3","10","21","20","0","1","976","0","49.75","35","0","4.35"
"1","0","7","20","0","1","1070.125","0","72","22","0","3.7"
"2","5","20","20","0","1","958.875","0","34.05","32","0","4.3"
"5","30","23","20","0","1","416.125","0","38.85","18","0","3.85"
"6","40","22","20","0","1","183.75","0","38.1","19","0","4.15"
"3","10","22","20","0","1","966","0","49.75","35","0","4.35"
"4","20","19","20","0","1","729.5","0","53.35","27","0","4.15"
"7","50","19","20","0","1","173","0","43.7","47","0","4.55"
"1","0","8","20","0","1","1075.375","0","48.25","22","0","3.7"
"2","5","21","20","0","1","953.875","0","34.05","32","0","4.3"
"6","40","23","20","0","1","143.75","0","38.1","19","0","4.15"
"5","30","24","20","0","1","386.125","0","38.85","18","0","3.85"
"4","20","20","20","0","1","709.5","0","53.35","27","0","4.15"
"1","0","9","20","0","1","1075.375","0","48.25","22","0","3.75"
"2","5","22","20","0","1","948.875","0","34.05","32","0","4.3"
"3","10","23","20","0","1","956","0","49.75","35","0","4.35"
"7","50","20","20","0","1","123","0","43.7","47","0","4.55"
"5","30","25","20","0","1","356.125","0","38.85","18","0","3.9"
"6","40","24","20","0","1","103.75","0","38.1","19","0","4.15"
"4","20","21","20","0","1","689.5","0","53.35","27","0","4.15"
"3","10","24","20","0","1","946","0","49.75","35","0","4.35"
"1","0","10","20","0","1","1075.375","0","48.25","22","0","3.75"
"5","30","26","20","0","1","326.125","0","38.85","20","0","3.95"
"2","5","23","20","0","1","943.875","0","34.05","32","0","4.3"
"7","50","21","20","0","1","198","125","43.7","47","0","4.55"
"6","40","25","20","0","1","63.75","0","38.1","19","0","4.15"
"4","20","22","20","0","1","669.5","0","53.35","27","0","4.15"
"3","10","25","20","0","1","936","0","49.75","35","0","4.35"
"1","0","11","20","0","1","1075.375","0","48.25","22","0","3.75"
"4","20","23","20","0","1","649.5","0","53.35","27","0","4.15"
"2","5","24","20","0","1","938.875","0","34.05","32","0","4.3"
"5","30","27","20","0","1","296.125","0","38.85","20","0","3.95"
"7","50","22","20","0","1","173","150","43.7","48","0","4.6"
"3","10","26","20","0","1","926","0","49.75","40","0","4.4"
"6","40","26","20","0","1","198.75","175","38.1","19","0","4.15"
"4","20","24","20","0","1","629.5","0","53.35","27","0","4.15"
"5","30","28","20","0","1","266.125","0","38.85","20","0","4"
"1","0","12","20","0","1","1075.375","0","48.25","22","0","3.8"
"7","50","23","20","0","1","198","225","43.7","48","0","4.6"
"3","10","27","20","0","1","916","0","49.75","40","0","4.4"
"6","40","27","20","0","1","283.75","300","38.1","19","0","4.15"
"2","5","25","20","0","1","933.875","0","34.05","32","0","4.3"
"4","20","25","20","0","1","609.5","0","53.35","27","0","4.15"
"5","30","29","20","0","1","236.125","0","38.85","22","0","4.1"
"1","0","13","20","0","1","1075.375","0","48.25","22","0","3.8"
"6","40","28","20","0","1","243.75","300","38.1","19","0","4.15"
"7","50","24","20","0","1","173","250","43.7","48","0","4.6"
"3","10","28","20","0","1","906","0","49.75","44","0","4.45"
"5","30","30","20","0","1","206.125","0","38.85","22","0","4.1"
"2","5","26","20","0","1","928.875","0","34.05","32","0","4.3"
"4","20","26","20","0","1","589.5","0","53.35","27","0","4.15"
"3","10","29","20","0","1","896","0","49.75","44","0","4.45"
"6","40","29","20","0","1","228.75","325","38.1","19","0","4.15"
"1","0","14","20","0","1","1075.375","0","48.25","22","0","3.8"
"5","30","31","20","0","1","176.125","0","38.85","22","0","4.1"
"7","50","25","20","0","1","148","275","43.7","48","0","4.6"
"4","20","27","20","0","1","569.5","0","53.35","27","0","4.15"
"3","10","30","20","0","1","886","0","49.75","44","0","4.45"
"2","5","27","20","0","1","923.875","0","34.05","32","0","4.3"
"6","40","30","20","0","1","188.75","325","38.1","19","0","4.2"
"5","30","32","20","0","1","146.125","0","38.85","22","0","4.1"
"4","20","28","20","0","1","549.5","0","53.35","27","0","4.15"
"1","0","15","20","0","1","1075.375","0","48.25","22","0","3.8"
"3","10","31","20","0","1","876","0","49.75","44","0","4.45"
"6","40","31","20","0","1","173.75","350","38.1","19","0","4.25"
"7","50","26","20","0","1","98","275","43.7","48","0","4.6"
"2","5","28","20","0","1","918.875","0","34.05","32","0","4.3"
"4","20","29","20","0","1","529.5","0","53.35","27","0","4.15"
"5","30","33","20","0","1","116.125","0","38.85","22","0","4.15"
"3","10","32","20","0","1","866","0","49.75","44","0","4.45"
"6","40","32","20","0","1","133.75","350","38.1","19","0","4.25"
"1","0","16","20","0","1","1075.375","0","48.25","22","0","3.8"
"2","5","29","20","0","1","913.875","0","34.05","32","0","4.3"
"7","50","27","20","0","1","48","275","43.7","48","0","4.65"
"3","10","33","20","0","1","856","0","49.75","44","0","4.45"
"4","20","30","20","0","1","509.5","0","53.35","27","0","4.15"
"5","30","34","20","0","1","286.125","200","38.85","22","0","4.15"
"6","40","33","20","0","1","143.75","400","38.1","19","0","4.25"
"2","5","30","20","0","1","908.875","0","34.05","32","0","4.35"
"1","0","17","20","0","1","1075.375","0","48.25","22","0","3.8"
"6","40","34","20","0","1","128.75","425","38.1","19","0","4.25"
"5","30","35","20","0","1","281.125","225","38.85","22","0","4.15"
"3","10","34","20","0","1","846","0","49.75","44","0","4.45"
"4","20","31","20","0","1","489.5","0","53.35","27","0","4.2"
"7","50","28","20","0","1","23","300","43.7","48","0","4.65"
"3","10","35","20","0","1","836","0","49.75","44","0","4.45"
"2","5","31","20","0","1","903.875","0","34.05","32","0","4.35"
"1","0","18","20","0","1","1075.375","0","48.25","22","0","3.8"
"6","40","35","20","0","1","88.75","425","38.1","19","0","4.25"
"4","20","32","20","0","1","469.5","0","53.35","27","0","4.2"
"5","30","36","20","0","1","276.125","250","38.85","22","0","4.15"
"7","50","29","20","0","1","-2","325","43.7","48","0","4.65"
"3","10","36","20","0","1","826","0","49.75","44","0","4.45"
"2","5","32","20","0","1","898.875","0","34.05","32","0","4.35"
"4","20","33","20","0","1","449.5","0","53.35","27","0","4.2"
"6","40","36","20","0","1","48.75","425","38.1","19","0","4.25"
"5","30","37","20","0","1","246.125","250","38.85","22","0","4.2"
"1","0","19","20","0","1","1075.375","0","48.25","22","0","3.8"
"4","20","34","20","0","1","429.5","0","53.35","27","0","4.2"
"3","10","37","20","0","1","816","0","49.75","44","0","4.45"
"7","50","30","20","0","1","-52","325","43.7","48","0","4.65"
"6","40","37","20","0","1","58.75","475","38.1","19","0","4.25"
"5","30","38","20","0","1","341.125","375","38.85","22","0","4.2"
"2","5","33","20","0","1","893.875","0","34.05","32","0","4.35"
"4","20","35","20","0","1","409.5","0","53.35","27","0","4.2"
"7","50","31","20","0","1","148","575","43.7","48","0","4.65"
"6","40","38","20","0","1","193.75","650","38.1","19","0","4.25"
"5","30","39","20","0","1","361.125","425","38.85","22","0","4.2"
"2","5","34","20","0","1","888.875","0","34.05","32","0","4.35"
"1","0","20","20","0","1","1075.375","0","48.25","22","0","3.8"
"4","20","36","20","0","1","389.5","0","53.35","27","0","4.2"
"3","10","38","20","0","1","806","0","49.75","44","0","4.45"
"7","50","32","20","0","1","148","625","43.7","48","0","4.65"
"2","5","35","20","0","1","883.875","0","34.05","32","0","4.35"
"5","30","40","20","0","1","331.125","425","38.85","22","0","4.2"
"1","0","21","20","0","1","1075.375","0","48.25","22","0","3.8"
"4","20","37","20","0","1","369.5","0","53.35","27","0","4.2"
"2","5","36","20","0","1","878.875","0","34.05","32","0","4.35"
"6","40","39","20","0","1","203.75","700","38.1","19","0","4.25"
"7","50","33","20","0","1","123","650","43.7","48","0","4.7"
"5","30","41","20","0","1","301.125","425","38.85","22","0","4.2"
"3","10","39","20","0","1","796","0","49.75","44","0","4.45"
"1","0","22","20","0","1","1075.375","0","48.25","22","0","3.9"
"6","40","40","20","0","1","213.75","750","38.1","19","0","4.25"
"7","50","34","20","0","1","123","700","43.7","48","0","4.75"
"2","5","37","20","0","1","873.875","0","34.05","32","0","4.35"
"3","10","40","20","0","1","786","0","49.75","44","0","4.45"
"5","30","42","20","0","1","271.125","425","38.85","22","0","4.25"
"4","20","38","20","0","1","349.5","0","53.35","27","0","4.2"
"6","40","41","20","0","1","198.75","775","38.1","19","0","4.25"
"1","0","23","20","0","1","1075.375","0","48.25","22","0","3.9"
"7","50","35","20","0","1","98","725","43.7","48","0","4.75"
"5","30","43","20","0","1","266.125","450","38.85","22","0","4.25"
"3","10","41","20","0","1","776","0","49.75","44","0","4.45"
"2","5","38","20","0","1","868.875","0","34.05","32","0","4.35"
"4","20","39","20","0","1","329.5","0","53.35","27","0","4.25"
"6","40","42","20","0","1","208.75","825","38.1","19","0","4.25"
"7","50","36","20","0","1","48","725","43.7","48","0","4.75"
"3","10","42","20","0","1","766","0","49.75","44","0","4.5"
"1","0","24","20","0","1","1075.375","0","48.25","22","0","3.95"
"5","30","44","20","0","1","236.125","450","38.85","22","0","4.25"
"4","20","40","20","0","1","309.5","0","53.35","27","0","4.25"
"2","5","39","20","0","1","863.875","0","34.05","32","0","4.35"
"6","40","43","20","0","1","193.75","850","38.1","19","0","4.25"
"7","50","37","20","0","1","-2","725","43.7","48","0","4.75"
"4","20","41","20","0","1","289.5","0","53.35","27","0","4.25"
"5","30","45","20","0","1","206.125","450","38.85","22","0","4.25"
"1","0","25","20","0","1","1075.375","0","48.25","23","0","4"
"7","50","38","20","0","1","-52","725","43.7","48","0","4.75"
"3","10","43","20","0","1","756","0","49.75","44","0","4.5"
"2","5","40","20","0","1","858.875","0","34.05","32","0","4.35"
"6","40","44","20","0","1","153.75","850","38.1","19","0","4.25"
"5","30","46","20","0","1","176.125","450","38.85","22","0","4.25"
"4","20","42","20","0","1","269.5","0","53.35","27","0","4.25"
"7","50","39","20","0","1","-102","725","43.7","48","0","4.75"
"1","0","26","20","0","1","1075.375","0","48.25","23","0","4"
"2","5","41","20","0","1","853.875","0","34.05","32","0","4.35"
"6","40","45","20","0","1","113.75","850","38.1","19","0","4.25"
"3","10","44","20","0","1","746","0","49.75","44","0","4.5"
"5","30","47","20","0","1","146.125","450","38.85","22","0","4.25"
"4","20","43","20","0","1","249.5","0","53.35","27","0","4.25"
"7","50","40","20","0","1","-127","750","43.7","48","0","4.75"
"2","5","42","20","0","1","848.875","0","34.05","32","0","4.35"
"6","40","46","20","0","1","73.75","850","38.1","19","0","4.3"
"1","0","27","20","0","1","1075.375","0","48.25","28","0","4.05"
"4","20","44","20","0","1","229.5","0","53.35","27","0","4.3"
"5","30","48","20","0","1","116.125","450","38.85","22","0","4.25"
"2","5","43","20","0","1","843.875","0","34.05","32","0","4.35"
"3","10","45","20","0","1","736","0","49.75","44","0","4.5"
"6","40","47","20","0","1","58.75","875","38.1","19","0","4.3"
"7","50","41","20","0","1","-27","900","43.7","48","0","4.75"
"1","0","28","20","0","1","1075.375","0","48.25","28","0","4.05"
"4","20","45","20","0","1","209.5","0","53.35","30","0","4.35"
"3","10","46","20","0","1","726","0","49.75","44","0","4.55"
"6","40","48","20","0","1","18.75","875","38.1","19","0","4.3"
"2","5","44","20","0","1","838.875","0","34.05","32","0","4.4"
"7","50","42","20","0","1","-2","975","43.7","48","0","4.75"
"5","30","49","20","0","1","86.125","450","38.85","22","0","4.25"
"4","20","46","20","0","1","189.5","0","53.35","30","0","4.35"
"1","0","29","20","0","1","1075.375","0","48.25","28","0","4.05"
"3","10","47","20","0","1","716","0","49.75","44","0","4.55"
"2","5","45","20","0","1","833.875","0","34.05","32","0","4.4"
"6","40","49","20","0","1","-21.25","875","38.1","19","0","4.3"
"5","30","50","20","0","1","56.125","450","38.85","22","0","4.25"
"7","50","43","20","0","1","23","1050","43.7","48","0","4.75"
"4","20","47","20","0","1","169.5","0","53.35","30","0","4.35"
"6","40","50","20","0","1","-61.25","875","38.1","19","0","4.3"
"3","10","48","20","0","1","706","0","49.75","44","0","4.55"
"2","5","46","20","0","1","828.875","0","34.05","32","0","4.4"
"1","0","30","20","0","1","1075.375","0","48.25","28","0","4.05"
"5","30","51","20","0","1","176.125","600","38.85","22","0","4.25"
"4","20","48","20","0","1","149.5","0","53.35","30","0","4.35"
"7","50","44","20","0","1","-27","1050","43.7","48","0","4.75"
"2","5","47","20","0","1","823.875","0","34.05","32","0","4.4"
"3","10","49","20","0","1","696","0","49.75","44","0","4.55"
"6","40","51","20","0","1","123.75","1100","38.1","19","0","4.3"
"1","0","31","20","0","1","1075.375","0","48.25","28","0","4.1"
"4","20","49","20","0","1","129.5","0","53.35","30","0","4.35"
"5","30","52","20","0","1","171.125","625","38.85","22","0","4.25"
"2","5","48","20","0","1","818.875","0","34.05","32","0","4.4"
"6","40","52","20","0","1","108.75","1125","38.1","19","0","4.3"
"3","10","50","20","0","1","686","0","49.75","44","0","4.6"
"7","50","45","20","0","1","-27","1100","43.7","49","0","4.8"
"1","0","32","20","0","1","1075.375","0","48.25","28","0","4.1"
"4","20","50","20","0","1","109.5","0","53.35","30","0","4.35"
"7","50","46","20","0","1","-52","1125","43.7","49","0","4.85"
"6","40","53","20","0","1","143.75","1200","38.1","19","0","4.3"
"2","5","49","20","0","1","813.875","0","34.05","32","0","4.4"
"3","10","51","20","0","1","676","0","49.75","44","0","4.6"
"5","30","53","20","0","1","166.125","650","38.85","22","0","4.3"
"4","20","51","20","0","1","289.5","200","53.35","30","0","4.35"
"1","0","33","20","0","1","1075.375","0","48.25","28","0","4.1"
"6","40","54","20","0","1","128.75","1225","38.1","19","0","4.35"
"2","5","50","20","0","1","808.875","0","34.05","32","0","4.4"
"5","30","54","20","0","1","211.125","725","38.85","22","0","4.3"
"7","50","47","20","0","1","-77","1150","43.7","50","0","4.9"
"3","10","52","20","0","1","666","0","49.75","44","0","4.6"
"4","20","52","20","0","1","294.5","225","53.35","30","0","4.35"
"1","0","34","20","0","1","1075.375","0","48.25","28","0","4.1"
"7","50","48","20","0","1","-77","1200","43.7","50","0","4.9"
"5","30","55","20","0","1","281.125","825","38.85","22","0","4.3"
"6","40","55","20","0","1","113.75","1250","38.1","19","0","4.35"
"3","10","53","20","0","1","656","0","49.75","44","0","4.6"
"4","20","53","20","0","1","324.5","275","53.35","30","0","4.35"
"2","5","51","20","0","1","803.875","0","34.05","32","0","4.45"
"3","10","54","20","0","1","646","0","49.75","44","0","4.6"
"5","30","56","20","0","1","276.125","850","38.85","22","0","4.3"
"7","50","49","20","0","1","-77","1250","43.7","50","0","4.9"
"1","0","35","20","0","1","1075.375","0","48.25","28","0","4.1"
"6","40","56","20","0","1","98.75","1275","38.1","19","0","4.35"
"4","20","54","20","0","1","304.5","275","53.35","30","0","4.35"
"2","5","52","20","0","1","798.875","0","34.05","32","0","4.45"
"3","10","55","20","0","1","636","0","49.75","45","0","4.65"
"5","30","57","20","0","1","246.125","850","38.85","22","0","4.3"
"1","0","36","20","0","1","1075.375","0","48.25","28","0","4.1"
"4","20","55","20","0","1","284.5","275","53.35","30","0","4.35"
"6","40","57","20","0","1","58.75","1275","38.1","19","0","4.35"
"7","50","50","20","0","1","-102","1275","43.7","56","0","4.95"
"5","30","58","20","0","1","241.125","875","38.85","22","0","4.3"
"3","10","56","20","0","1","626","0","49.75","45","0","4.65"
"2","5","53","20","0","1","793.875","0","34.05","32","0","4.45"
"7","50","51","20","0","1","-2","1425","43.7","56","0","4.95"
"6","40","58","20","0","1","18.75","1275","38.1","19","0","4.35"
"4","20","56","20","0","1","264.5","275","53.35","30","0","4.35"
"1","0","37","20","0","1","1075.375","0","48.25","28","0","4.1"
"5","30","59","20","0","1","211.125","875","38.85","27","0","4.35"
"3","10","57","20","0","1","616","0","49.75","46","0","4.7"
"2","5","54","20","0","1","788.875","0","34.05","32","0","4.45"
"7","50","52","20","0","1","23","1500","43.7","56","0","4.95"
"6","40","59","20","0","1","3.75","1300","38.1","19","0","4.35"
"4","20","57","20","0","1","294.5","325","53.35","33","0","4.4"
"1","0","38","20","0","1","1075.375","0","48.25","28","0","4.1"
"4","20","58","20","0","1","274.5","325","53.35","33","0","4.4"
"2","5","55","20","0","1","783.875","0","34.05","32","0","4.45"
"3","10","58","20","0","1","606","0","49.75","46","0","4.7"
"5","30","60","20","0","1","181.125","875","38.85","27","0","4.35"
"6","40","60","20","0","1","-36.25","1300","38.1","19","0","4.35"
"7","50","53","20","0","1","73","1600","43.7","56","0","4.95"
"1","0","39","20","0","1","1075.375","0","48.25","30","0","4.15"
"4","20","59","20","0","1","254.5","325","53.35","33","0","4.4"
"2","5","56","20","0","1","778.875","0","34.05","32","0","4.45"
"6","40","61","20","0","1","-76.25","1300","38.1","19","0","4.35"
"3","10","59","20","0","1","596","0","49.75","46","0","4.7"
"7","50","54","20","0","1","23","1600","43.7","56","0","5"
"5","30","61","20","0","1","151.125","875","38.85","27","0","4.35"
"1","0","40","20","0","1","1075.375","0","48.25","30","0","4.2"
"4","20","60","20","0","1","234.5","325","53.35","33","0","4.4"
"6","40","62","20","0","1","-91.25","1325","38.1","19","0","4.35"
"2","5","57","20","0","1","773.875","0","34.05","32","0","4.45"
"7","50","55","20","0","1","-2","1625","43.7","56","0","5"
"5","30","62","20","0","1","121.125","875","38.85","27","0","4.35"
"3","10","60","20","0","1","586","0","49.75","46","0","4.7"
"2","5","58","20","0","1","768.875","0","34.05","32","0","4.5"
"1","0","41","20","0","1","1075.375","0","48.25","35","0","4.25"
"5","30","63","20","0","1","91.125","875","38.85","27","0","4.4"
"6","40","63","20","0","1","43.75","1500","38.1","19","0","4.4"
"7","50","56","20","0","1","-52","1625","43.7","56","0","5"
"4","20","61","20","0","1","239.5","350","53.35","33","0","4.4"
"3","10","61","20","0","1","576","0","49.75","46","0","4.7"
"2","5","59","20","0","1","763.875","0","34.05","32","0","4.5"
"4","20","62","20","0","1","219.5","350","53.35","33","0","4.4"
"1","0","42","20","0","1","1075.375","0","48.25","35","0","4.25"
"5","30","64","20","0","1","61.125","875","38.85","27","0","4.4"
"3","10","62","20","0","1","566","0","49.75","46","0","4.7"
"6","40","64","20","0","1","78.75","1575","38.1","19","0","4.45"
"7","50","57","20","0","1","-77","1650","43.7","56","0","5"
"2","5","60","20","0","1","758.875","0","34.05","32","0","4.5"
"4","20","63","20","0","1","199.5","350","53.35","37","0","4.5"
"3","10","63","20","0","1","556","0","49.75","46","0","4.7"
"1","0","43","20","0","1","1075.375","0","48.25","35","0","4.25"
"6","40","65","20","0","1","188.75","1725","38.1","19","0","4.45"
"5","30","65","20","0","1","31.125","875","38.85","27","0","4.4"
"7","50","58","20","0","1","-52","1725","43.7","56","0","5"
"2","5","61","20","0","1","753.875","0","34.05","32","0","4.5"
"3","10","64","20","0","1","546","0","49.75","46","0","4.7"
"4","20","64","20","0","1","179.5","350","53.35","37","0","4.55"
"7","50","59","20","0","1","-102","1725","43.7","56","0","5"
"1","0","44","20","0","1","1075.375","0","48.25","35","0","4.25"
"5","30","66","20","0","1","1.125","875","38.85","27","0","4.4"
"6","40","66","20","0","1","148.75","1725","38.1","19","0","4.45"
"2","5","62","20","0","1","748.875","0","34.05","32","0","4.5"
"3","10","65","20","0","1","536","0","49.75","46","0","4.7"
"4","20","65","20","0","1","159.5","350","53.35","37","0","4.6"
"7","50","60","20","0","1","-127","1750","43.7","56","0","5"
"1","0","45","20","0","1","1075.375","0","48.25","35","0","4.25"
"6","40","67","20","0","1","108.75","1725","38.1","19","0","4.45"
"3","10","66","20","0","1","526","0","49.75","46","0","4.75"
"5","30","67","20","0","1","121.125","1025","38.85","27","0","4.4"
"2","5","63","20","0","1","743.875","0","34.05","32","0","4.5"
"4","20","66","20","0","1","189.5","400","53.35","37","0","4.6"
"7","50","61","20","0","1","-52","1875","43.7","56","0","5"
"1","0","46","20","0","1","1075.375","0","48.25","35","0","4.25"
"2","5","64","20","0","1","738.875","0","34.05","32","0","4.5"
"6","40","68","20","0","1","118.75","1775","38.1","19","0","4.45"
"5","30","68","20","0","1","141.125","1075","38.85","27","0","4.4"
"3","10","67","20","0","1","516","0","49.75","46","0","4.75"
"4","20","67","20","0","1","194.5","425","53.35","37","0","4.6"
"7","50","62","20","0","1","-2","1975","43.7","56","0","5"
"1","0","47","20","0","1","1075.375","0","48.25","35","0","4.3"
"5","30","69","20","0","1","111.125","1075","38.85","27","0","4.4"
"6","40","69","20","0","1","78.75","1775","38.1","19","0","4.45"
"7","50","63","20","0","1","23","2050","43.7","56","0","5"
"4","20","68","20","0","1","174.5","425","53.35","37","0","4.6"
"2","5","65","20","0","1","733.875","0","34.05","32","0","4.5"
"3","10","68","20","0","1","506","0","49.75","46","0","4.8"
"7","50","64","20","0","1","-2","2075","43.7","56","0","5"
"2","5","66","20","0","1","728.875","0","34.05","32","0","4.5"
"3","10","69","20","0","1","496","0","49.75","46","0","4.8"
"6","40","70","20","0","1","38.75","1775","38.1","19","0","4.45"
"5","30","70","20","0","1","81.125","1075","38.85","27","0","4.4"
"4","20","69","20","0","1","154.5","425","53.35","37","0","4.6"
"1","0","48","20","0","1","1075.375","0","48.25","35","0","4.35"
"3","10","70","20","0","1","486","0","49.75","46","0","4.8"
"7","50","65","20","0","1","-27","2100","43.7","56","0","5.05"
"2","5","67","20","0","1","723.875","0","34.05","32","0","4.5"
"6","40","71","20","0","1","-1.25","1775","38.1","19","0","4.45"
"5","30","71","20","0","1","201.125","1225","38.85","30","0","4.45"
"4","20","70","20","0","1","134.5","425","53.35","37","0","4.6"
"1","0","49","20","0","1","1075.375","0","48.25","35","0","4.35"
"3","10","71","20","0","1","476","0","49.75","46","0","4.8"
"2","5","68","20","0","1","718.875","0","34.05","32","0","4.55"
"7","50","66","20","0","1","-27","2150","43.7","56","0","5.05"
"6","40","72","20","0","1","-16.25","1800","38.1","19","0","4.45"
"5","30","72","20","0","1","246.125","1300","38.85","30","0","4.45"
"4","20","71","20","0","1","114.5","425","53.35","37","0","4.6"
"1","0","50","20","0","1","1075.375","0","48.25","35","0","4.35"
"4","20","72","20","0","1","94.5","425","53.35","37","0","4.6"
"5","30","73","20","0","1","216.125","1300","38.85","30","0","4.45"
"7","50","67","20","0","1","-77","2150","43.7","57","0","5.1"
"2","5","69","20","0","1","713.875","0","34.05","32","0","4.55"
"3","10","72","20","0","1","466","0","49.75","46","0","4.8"
"6","40","73","20","0","1","-56.25","1800","38.1","19","0","4.5"
"1","0","51","20","0","1","1075.375","0","48.25","35","0","4.35"
"4","20","73","20","0","1","74.5","425","53.35","41","0","4.65"
"6","40","74","20","0","1","-96.25","1800","38.1","19","0","4.5"
"2","5","70","20","0","1","708.875","0","34.05","32","0","4.55"
"3","10","73","20","0","1","456","0","49.75","46","0","4.8"
"5","30","74","20","0","1","186.125","1300","38.85","30","0","4.5"
"7","50","68","20","0","1","-102","2175","43.7","57","0","5.1"
"1","0","52","20","0","1","1075.375","0","48.25","35","0","4.35"
"3","10","74","20","0","1","446","0","49.75","46","0","4.8"
"4","20","74","20","0","1","54.5","425","53.35","41","0","4.65"
"5","30","75","20","0","1","156.125","1300","38.85","33","0","4.55"
"2","5","71","20","0","1","703.875","0","34.05","35","0","4.6"
"7","50","69","20","0","1","-77","2250","43.7","57","0","5.1"
"6","40","75","20","0","1","-136.25","1800","38.1","19","0","4.55"
"3","10","75","20","0","1","436","0","49.75","46","0","4.8"
"1","0","53","20","0","1","1075.375","0","48.25","35","0","4.35"
"7","50","70","20","0","1","-127","2250","43.7","57","0","5.15"
"5","30","76","20","0","1","126.125","1300","38.85","33","0","4.55"
"4","20","75","20","0","1","34.5","425","53.35","41","0","4.65"
"2","5","72","20","0","1","698.875","0","34.05","35","0","4.6"
"6","40","76","20","0","1","-1.25","1975","38.1","19","0","4.55"
"3","10","76","20","0","1","426","0","49.75","46","0","4.85"
"4","20","76","20","0","1","214.5","625","53.35","41","0","4.65"
"5","30","77","20","0","1","96.125","1300","38.85","33","0","4.55"
"1","0","54","20","0","1","1075.375","0","48.25","35","0","4.35"
"7","50","71","15","5","0.75","80.66666666666667","2466.6666666666665","43.7","45","12","5.466666666666667"
"6","40","77","20","0","1","8.75","2025","38.1","19","0","4.55"
"3","10","77","20","0","1","416","0","49.75","46","0","4.85"
"2","5","73","20","0","1","693.875","0","34.05","35","0","4.65"
"4","20","77","20","0","1","244.5","675","53.35","41","0","4.65"
"5","30","78","20","0","1","66.125","1300","38.85","33","0","4.55"
"7","50","72","15","5","0.75","30.666666666666668","2466.6666666666665","43.7","45","12","5.466666666666667"
"1","0","55","20","0","1","1075.375","0","48.25","35","0","4.35"
"4","20","78","20","0","1","274.5","725","53.35","41","0","4.7"
"5","30","79","20","0","1","36.125","1300","38.85","33","0","4.55"
"2","5","74","20","0","1","688.875","0","34.05","35","0","4.65"
"3","10","78","20","0","1","406","0","49.75","46","0","4.85"
"7","50","73","15","5","0.75","-19.333333333333332","2466.6666666666665","43.7","45","12","5.466666666666667"
"6","40","78","20","0","1","43.75","2100","38.1","19","0","4.55"
"1","0","56","20","0","1","1075.375","0","48.25","35","0","4.4"
"4","20","79","20","0","1","254.5","725","53.35","41","0","4.75"
"3","10","79","20","0","1","396","0","49.75","46","0","4.85"
"7","50","74","15","5","0.75","-69.33333333333333","2466.6666666666665","43.7","45","12","5.466666666666667"
"6","40","79","20","0","1","53.75","2150","38.1","19","0","4.55"
"2","5","75","20","0","1","683.875","0","34.05","35","0","4.65"
"5","30","80","20","0","1","6.125","1300","38.85","33","0","4.6"
"3","10","80","20","0","1","386","0","49.75","46","0","4.9"
"4","20","80","20","0","1","234.5","725","53.35","41","0","4.75"
"1","0","57","20","0","1","1075.375","0","48.25","35","0","4.4"
"7","50","75","15","5","0.75","-52.666666666666664","2533.3333333333335","43.7","45","12","5.466666666666667"
"6","40","80","20","0","1","13.75","2150","38.1","19","0","4.55"
"2","5","76","20","0","1","678.875","0","34.05","35","0","4.65"
"5","30","81","20","0","1","1.125","1325","38.85","35","0","4.65"
"4","20","81","20","0","1","214.5","725","53.35","41","0","4.8"
"3","10","81","20","0","1","376","0","49.75","46","0","4.95"
"7","50","76","15","5","0.75","-102.66666666666667","2533.3333333333335","43.7","45","12","5.466666666666667"
"1","0","58","20","0","1","1075.375","0","48.25","35","0","4.4"
"6","40","81","20","0","1","-1.25","2175","38.1","19","0","4.6"
"5","30","82","20","0","1","-3.875","1350","38.85","38","0","4.7"
"2","5","77","20","0","1","673.875","0","34.05","35","0","4.65"
"3","10","82","20","0","1","366","0","49.75","46","0","4.95"
"7","50","77","14","6","0.7","-67.14285714285714","2607.1428571428573","43.7","45","12","5.642857142857143"
"4","20","82","20","0","1","194.5","725","53.35","41","0","4.8"
"1","0","59","20","0","1","1075.375","0","48.25","35","0","4.4"
"6","40","82","20","0","1","-16.25","2200","38.1","19","0","4.6"
"2","5","78","20","0","1","668.875","0","34.05","35","0","4.65"
"5","30","83","20","0","1","-33.875","1350","38.85","38","0","4.7"
"7","50","78","14","6","0.7","-117.14285714285714","2607.1428571428573","43.7","45","12","5.642857142857143"
"3","10","83","20","0","1","356","0","49.75","46","0","4.95"
"4","20","83","20","0","1","199.5","750","53.35","41","0","4.8"
"6","40","83","20","0","1","-56.25","2200","38.1","19","0","4.6"
"1","0","60","20","0","1","1075.375","0","48.25","35","0","4.4"
"2","5","79","20","0","1","663.875","0","34.05","35","0","4.65"
"7","50","79","14","6","0.7","-167.14285714285714","2607.1428571428573","43.7","47","12","5.714285714285714"
"5","30","84","20","0","1","86.125","1500","38.85","38","0","4.7"
"4","20","84","20","0","1","179.5","750","53.35","41","0","4.8"
"3","10","84","20","0","1","346","0","49.75","46","0","4.95"
"6","40","84","20","0","1","-71.25","2225","38.1","19","0","4.6"
"7","50","80","14","6","0.7","-181.42857142857142","2642.8571428571427","43.7","47","12","5.714285714285714"
"2","5","80","20","0","1","658.875","0","34.05","35","0","4.75"
"1","0","61","20","0","1","1075.375","0","48.25","35","0","4.4"
"4","20","85","20","0","1","184.5","775","53.35","41","0","4.8"
"5","30","85","20","0","1","106.125","1550","38.85","38","0","4.7"
"7","50","81","9","11","0.45","-168.88888888888889","2611.1111111111113","43.7","46","13","6.666666666666667"
"6","40","85","20","0","1","-111.25","2225","38.1","19","0","4.6"
"3","10","85","20","0","1","336","0","49.75","46","0","4.95"
"2","5","81","20","0","1","653.875","0","34.05","35","0","4.8"
"4","20","86","20","0","1","189.5","800","53.35","41","0","4.8"
"1","0","62","20","0","1","1075.375","0","48.25","35","0","4.4"
"3","10","86","20","0","1","326","0","49.75","46","0","4.95"
"6","40","86","20","0","1","-151.25","2225","38.1","19","0","4.6"
"5","30","86","20","0","1","126.125","1600","38.85","38","0","4.7"
"7","50","82","9","11","0.45","-218.88888888888889","2611.1111111111113","43.7","46","13","6.666666666666667"
"2","5","82","20","0","1","648.875","0","34.05","35","0","4.8"
"4","20","87","20","0","1","169.5","800","53.35","41","0","4.8"
"6","40","87","20","0","1","-191.25","2225","38.1","19","0","4.6"
"3","10","87","20","0","1","316","0","49.75","46","0","4.95"
"1","0","63","20","0","1","1075.375","0","48.25","35","0","4.4"
"7","50","83","9","11","0.45","-213.33333333333334","2666.6666666666665","43.7","46","13","6.666666666666667"
"5","30","87","20","0","1","171.125","1675","38.85","38","0","4.7"
"2","5","83","20","0","1","643.875","0","34.05","35","0","4.8"
"4","20","88","20","0","1","174.5","825","53.35","41","0","4.85"
"3","10","88","20","0","1","306","0","49.75","46","0","4.95"
"7","50","84","9","11","0.45","-263.3333333333333","2666.6666666666665","43.7","46","13","6.666666666666667"
"6","40","88","17","3","0.85","-33.23529411764706","2411.764705882353","38.1","19","0","4.764705882352941"
"1","0","64","20","0","1","1075.375","0","48.25","35","0","4.4"
"4","20","89","20","0","1","154.5","825","53.35","41","0","4.85"
"5","30","88","20","0","1","166.125","1700","38.85","38","0","4.7"
"2","5","84","20","0","1","638.875","0","34.05","35","0","4.8"
"3","10","89","20","0","1","296","0","49.75","46","0","5"
"7","50","85","8","12","0.4","-351.25","2625","43.7","40","19","6.5"
"5","30","89","20","0","1","186.125","1750","38.85","38","0","4.75"
"4","20","90","20","0","1","134.5","825","53.35","41","0","4.85"
"6","40","89","17","3","0.85","-73.23529411764706","2411.764705882353","38.1","19","0","4.764705882352941"
"7","50","86","8","12","0.4","-401.25","2625","43.7","40","19","6.5"
"1","0","65","20","0","1","1075.375","0","48.25","35","0","4.4"
"2","5","85","20","0","1","633.875","0","34.05","37","0","4.85"
"3","10","90","20","0","1","286","0","49.75","46","0","5.05"
"5","30","90","20","0","1","156.125","1750","38.85","38","0","4.75"
"4","20","91","20","0","1","114.5","825","53.35","41","0","4.85"
"7","50","87","7","13","0.35","-512.8571428571429","2571.4285714285716","43.7","33","26","6.428571428571429"
"6","40","90","16","4","0.8","-57.1875","2468.75","38.1","16","3","4.6875"
"1","0","66","20","0","1","1075.375","0","48.25","35","0","4.45"
"7","50","88","7","13","0.35","-562.8571428571429","2571.4285714285716","43.7","33","26","6.571428571428571"
"2","5","86","20","0","1","628.875","0","34.05","38","0","4.9"
"5","30","91","20","0","1","151.125","1775","38.85","39","0","4.85"
"4","20","92","20","0","1","119.5","850","53.35","41","0","4.85"
"3","10","91","20","0","1","276","0","49.75","46","0","5.05"
"6","40","91","16","4","0.8","-34.6875","2531.25","38.1","16","3","4.6875"
"7","50","89","7","13","0.35","-612.8571428571429","2571.4285714285716","43.7","33","26","6.571428571428571"
"5","30","92","20","0","1","121.125","1775","38.85","39","0","4.85"
"1","0","67","20","0","1","1075.375","0","48.25","38","0","4.5"
"2","5","87","20","0","1","623.875","0","34.05","41","0","5"
"6","40","92","16","4","0.8","-74.6875","2531.25","38.1","16","3","4.6875"
"3","10","92","20","0","1","266","0","49.75","46","0","5.05"
"4","20","93","20","0","1","149.5","900","53.35","41","0","4.85"
"7","50","90","7","13","0.35","-591.4285714285714","2642.8571428571427","43.7","33","26","6.571428571428571"
"5","30","93","20","0","1","91.125","1775","38.85","39","0","4.85"
"2","5","88","20","0","1","618.875","0","34.05","41","0","5.05"
"6","40","93","16","4","0.8","-83.4375","2562.5","38.1","16","3","4.6875"
"7","50","91","6","14","0.3","-573.3333333333334","2666.6666666666665","43.7","33","26","6.833333333333333"
"1","0","68","20","0","1","1075.375","0","48.25","38","0","4.5"
"2","5","89","20","0","1","613.875","0","34.05","41","0","5.05"
"4","20","94","20","0","1","129.5","900","53.35","41","0","4.85"
"5","30","94","20","0","1","86.125","1800","38.85","39","0","4.85"
"3","10","93","20","0","1","256","0","49.75","46","0","5.05"
"6","40","94","16","4","0.8","-123.4375","2562.5","38.1","16","3","4.6875"
"7","50","92","6","14","0.3","-623.3333333333334","2666.6666666666665","43.7","33","26","6.833333333333333"
"2","5","90","20","0","1","608.875","0","34.05","42","0","5.1"
"4","20","95","20","0","1","109.5","900","53.35","41","0","4.85"
"1","0","69","20","0","1","1075.375","0","48.25","38","0","4.5"
"6","40","95","16","4","0.8","-163.4375","2562.5","38.1","16","3","4.6875"
"3","10","94","20","0","1","246","0","49.75","46","0","5.05"
"5","30","95","20","0","1","56.125","1800","38.85","40","0","4.9"
"7","50","93","6","14","0.3","-590","2750","43.7","33","26","6.833333333333333"
"4","20","96","20","0","1","89.5","900","53.35","41","0","4.9"
"2","5","91","20","0","1","603.875","0","34.05","42","0","5.2"
"6","40","96","16","4","0.8","-203.4375","2562.5","38.1","16","3","4.6875"
"7","50","94","6","14","0.3","-640","2750","43.7","33","26","6.833333333333333"
"1","0","70","20","0","1","1075.375","0","48.25","38","0","4.5"
"5","30","96","20","0","1","51.125","1825","38.85","40","0","4.9"
"3","10","95","20","0","1","236","0","49.75","46","0","5.05"
"4","20","97","20","0","1","69.5","900","53.35","41","0","4.9"
"2","5","92","20","0","1","598.875","0","34.05","42","0","5.2"
"7","50","95","6","14","0.3","-606.6666666666666","2833.3333333333335","43.7","33","26","6.833333333333333"
"6","40","97","16","4","0.8","-212.1875","2593.75","38.1","16","3","4.6875"
"5","30","97","20","0","1","21.125","1825","38.85","40","0","4.9"
"1","0","71","20","0","1","1075.375","0","48.25","38","0","4.5"
"7","50","96","6","14","0.3","-656.6666666666666","2833.3333333333335","43.7","33","26","6.833333333333333"
"3","10","96","20","0","1","226","0","49.75","46","0","5.05"
"4","20","98","20","0","1","49.5","900","53.35","41","0","4.9"
"2","5","93","20","0","1","593.875","0","34.05","42","0","5.2"
"6","40","98","16","4","0.8","-252.1875","2593.75","38.1","16","3","4.6875"
"5","30","98","20","0","1","-8.875","1825","38.85","40","0","4.9"
"7","50","97","6","14","0.3","-706.6666666666666","2833.3333333333335","43.7","33","26","6.833333333333333"
"4","20","99","20","0","1","29.5","900","53.35","41","0","4.9"
"1","0","72","20","0","1","1075.375","0","48.25","38","0","4.5"
"3","10","97","20","0","1","216","0","49.75","46","0","5.05"
"6","40","99","16","4","0.8","-292.1875","2593.75","38.1","16","3","4.6875"
"7","50","98","6","14","0.3","-756.6666666666666","2833.3333333333335","43.7","33","26","6.833333333333333"
"2","5","94","20","0","1","588.875","0","34.05","42","0","5.2"
"5","30","99","20","0","1","-38.875","1825","38.85","40","0","4.9"
"4","20","100","20","0","1","9.5","900","53.35","41","0","4.9"
"7","50","99","6","14","0.3","-806.6666666666666","2833.3333333333335","43.7","33","26","6.833333333333333"
"6","40","100","15","5","0.75","-352.5","2600","38.1","11","8","4.466666666666667"
"3","10","98","20","0","1","206","0","49.75","46","0","5.1"
"2","5","95","20","0","1","583.875","0","34.05","42","0","5.2"
"5","30","100","20","0","1","-68.875","1825","38.85","40","0","4.9"
"1","0","73","20","0","1","1075.375","0","48.25","43","0","4.55"
"4","20","101","20","0","1","214.5","1125","53.35","41","0","4.9"
"7","50","100","6","14","0.3","-773.3333333333334","2916.6666666666665","43.7","33","26","6.833333333333333"
"6","40","101","12","8","0.6","-272.2916666666667","2708.3333333333335","38.1","11","8","4.5"
"2","5","96","20","0","1","578.875","0","34.05","42","0","5.2"
"5","30","101","20","0","1","101.125","2025","38.85","40","0","4.9"
"3","10","99","20","0","1","196","0","49.75","46","0","5.2"
"4","20","102","20","0","1","219.5","1150","53.35","41","0","4.9"
"1","0","74","20","0","1","1075.375","0","48.25","43","0","4.55"
"6","40","102","12","8","0.6","-270.625","2750","38.1","11","8","4.5"
"2","5","97","20","0","1","573.875","0","34.05","42","0","5.2"
"5","30","102","20","0","1","96.125","2050","38.85","40","0","4.9"
"7","50","101","6","14","0.3","-656.6666666666666","3083.3333333333335","43.7","33","26","6.833333333333333"
"6","40","103","12","8","0.6","-268.9583333333333","2791.6666666666665","38.1","11","8","4.5"
"4","20","103","20","0","1","199.5","1150","53.35","45","0","5"
"3","10","100","20","0","1","186","0","49.75","50","0","5.25"
"2","5","98","20","0","1","568.875","0","34.05","42","0","5.2"
"5","30","103","20","0","1","66.125","2050","38.85","40","0","4.9"
"7","50","102","6","14","0.3","-706.6666666666666","3083.3333333333335","43.7","34","26","7"
"1","0","75","20","0","1","1075.375","0","48.25","43","0","4.55"
"6","40","104","12","8","0.6","-308.9583333333333","2791.6666666666665","38.1","11","8","4.5"
"2","5","99","20","0","1","563.875","0","34.05","42","0","5.2"
"7","50","103","6","14","0.3","-673.3333333333334","3166.6666666666665","43.7","34","26","7"
"3","10","101","20","0","1","351","175","49.75","50","0","5.25"
"4","20","104","20","0","1","204.5","1175","53.35","45","0","5"
"1","0","76","20","0","1","1075.375","0","48.25","43","0","4.55"
"5","30","104","20","0","1","111.125","2125","38.85","43","0","4.95"
"2","5","100","20","0","1","558.875","0","34.05","42","0","5.2"
"7","50","104","6","14","0.3","-723.3333333333334","3166.6666666666665","43.7","34","26","7"
"3","10","102","20","0","1","391","225","49.75","50","0","5.3"
"6","40","105","12","8","0.6","-348.9583333333333","2791.6666666666665","38.1","11","8","4.5"
"4","20","105","20","0","1","184.5","1175","53.35","45","0","5"
"7","50","105","6","14","0.3","-773.3333333333334","3166.6666666666665","43.7","34","26","7"
"5","30","105","20","0","1","156.125","2200","38.85","43","0","4.95"
"2","5","101","20","0","1","553.875","0","34.05","42","0","5.2"
"6","40","106","12","8","0.6","-347.2916666666667","2833.3333333333335","38.1","11","8","4.5"
"3","10","103","20","0","1","406","250","49.75","50","0","5.3"
"4","20","106","20","0","1","164.5","1175","53.35","45","0","5.05"
"7","50","106","6","14","0.3","-823.3333333333334","3166.6666666666665","43.7","34","26","7"
"2","5","102","20","0","1","548.875","0","34.05","42","0","5.2"
"5","30","106","20","0","1","176.125","2250","38.85","43","0","4.95"
"7","50","107","6","14","0.3","-873.3333333333334","3166.6666666666665","43.7","34","26","7"
"3","10","104","20","0","1","421","275","49.75","50","0","5.3"
"1","0","77","20","0","1","1075.375","0","48.25","43","0","4.55"
"4","20","107","20","0","1","194.5","1225","53.35","45","0","5.05"
"6","40","107","12","8","0.6","-387.2916666666667","2833.3333333333335","38.1","11","8","4.5"
"2","5","103","20","0","1","543.875","0","34.05","42","0","5.2"
"3","10","105","20","0","1","436","300","49.75","50","0","5.3"
"5","30","107","20","0","1","146.125","2250","38.85","43","0","4.95"
"7","50","108","6","14","0.3","-923.3333333333334","3166.6666666666665","43.7","34","26","7"
"4","20","108","20","0","1","174.5","1225","53.35","45","0","5.05"
"1","0","78","20","0","1","1075.375","0","48.25","43","0","4.55"
"7","50","109","6","14","0.3","-973.3333333333334","3166.6666666666665","43.7","34","26","7"
"3","10","106","20","0","1","426","300","49.75","50","0","5.3"
"6","40","108","12","8","0.6","-427.2916666666667","2833.3333333333335","38.1","11","8","4.5"
"2","5","104","20","0","1","538.875","0","34.05","42","0","5.2"
"5","30","108","20","0","1","116.125","2250","38.85","43","0","4.95"
"4","20","109","20","0","1","154.5","1225","53.35","45","0","5.05"
"7","50","110","5","15","0.25","-1218","3000","43.7","24","36","6.6"
"6","40","109","12","8","0.6","-425.625","2875","38.1","11","8","4.5"
"3","10","107","20","0","1","416","300","49.75","50","0","5.3"
"1","0","79","20","0","1","1075.375","0","48.25","43","0","4.6"
"5","30","109","20","0","1","86.125","2250","38.85","43","0","4.95"
"2","5","105","20","0","1","533.875","0","34.05","42","0","5.2"
"4","20","110","20","0","1","134.5","1225","53.35","45","0","5.05"
"7","50","111","5","15","0.25","-1068","3200","43.7","24","36","6.6"
"6","40","110","12","8","0.6","-465.625","2875","38.1","11","8","4.5"
"3","10","108","20","0","1","406","300","49.75","50","0","5.3"
"1","0","80","20","0","1","1075.375","0","48.25","43","0","4.6"
"2","5","106","20","0","1","528.875","0","34.05","42","0","5.25"
"5","30","110","20","0","1","56.125","2250","38.85","43","0","4.95"
"7","50","112","5","15","0.25","-1118","3200","43.7","24","36","6.6"
"4","20","111","20","0","1","164.5","1275","53.35","45","0","5.05"
"6","40","111","12","8","0.6","-505.625","2875","38.1","11","8","4.5"
"3","10","109","20","0","1","396","300","49.75","50","0","5.3"
"7","50","113","5","15","0.25","-1068","3300","43.7","24","36","6.6"
"5","30","111","20","0","1","51.125","2275","38.85","43","0","4.95"
"1","0","81","20","0","1","1075.375","0","48.25","43","0","4.6"
"2","5","107","20","0","1","523.875","0","34.05","42","0","5.25"
"4","20","112","20","0","1","144.5","1275","53.35","45","0","5.05"
"6","40","112","12","8","0.6","-503.9583333333333","2916.6666666666665","38.1","15","8","4.583333333333333"
"7","50","114","5","15","0.25","-1118","3300","43.7","24","36","6.6"
"3","10","110","20","0","1","386","300","49.75","50","0","5.3"
"7","50","115","5","15","0.25","-1168","3300","43.7","24","36","6.6"
"5","30","112","20","0","1","46.125","2300","38.85","43","0","4.95"
"1","0","82","20","0","1","1075.375","0","48.25","43","0","4.6"
"6","40","113","11","9","0.55","-409.77272727272725","3045.4545454545455","38.1","15","8","4.636363636363637"
"2","5","108","20","0","1","518.875","0","34.05","42","0","5.25"
"4","20","113","20","0","1","124.5","1275","53.35","45","0","5.05"
"7","50","116","5","15","0.25","-1218","3300","43.7","24","36","6.6"
"3","10","111","20","0","1","376","300","49.75","50","0","5.3"
"5","30","113","20","0","1","16.125","2300","38.85","43","0","4.95"
"7","50","117","5","15","0.25","-1268","3300","43.7","24","36","6.6"
"1","0","83","20","0","1","1075.375","0","48.25","43","0","4.6"
"4","20","114","20","0","1","104.5","1275","53.35","45","0","5.05"
"6","40","114","11","9","0.55","-449.77272727272725","3045.4545454545455","38.1","15","8","4.636363636363637"
"2","5","109","20","0","1","513.875","0","34.05","42","0","5.25"
"3","10","112","20","0","1","366","300","49.75","51","0","5.35"
"5","30","114","20","0","1","-13.875","2300","38.85","43","0","4.95"
"7","50","118","5","15","0.25","-1318","3300","43.7","25","36","7"
"4","20","115","20","0","1","84.5","1275","53.35","45","0","5.05"
"2","5","110","20","0","1","508.875","0","34.05","42","0","5.25"
"6","40","115","10","10","0.5","-484.75","3050","38.1","13","10","4.6"
"7","50","119","5","15","0.25","-1368","3300","43.7","25","36","7"
"3","10","113","20","0","1","356","300","49.75","51","0","5.35"
"1","0","84","20","0","1","1075.375","0","48.25","43","0","4.6"
"5","30","115","20","0","1","-43.875","2300","38.85","43","0","4.95"
"4","20","116","20","0","1","64.5","1275","53.35","45","0","5.05"
"6","40","116","10","10","0.5","-524.75","3050","38.1","13","10","4.6"
"2","5","111","20","0","1","503.875","0","34.05","42","0","5.25"
"7","50","120","5","15","0.25","-1418","3300","43.7","25","36","7"
"3","10","114","20","0","1","346","300","49.75","51","0","5.35"
"1","0","85","20","0","1","1075.375","0","48.25","43","0","4.65"
"6","40","117","10","10","0.5","-564.75","3050","38.1","13","10","4.6"
"5","30","116","20","0","1","-73.875","2300","38.85","43","0","5"
"2","5","112","20","0","1","498.875","0","34.05","42","0","5.25"
"7","50","121","4","16","0.2","-1700","3125","43.7","16","45","6.5"
"4","20","117","20","0","1","69.5","1300","53.35","45","0","5.05"
"3","10","115","20","0","1","336","300","49.75","51","0","5.35"
"6","40","118","10","10","0.5","-554.75","3100","38.1","13","10","4.6"
"1","0","86","20","0","1","1075.375","0","48.25","43","0","4.65"
"5","30","117","16","4","0.8","60.15625","2437.5","38.85","42","1","5.375"
"7","50","122","4","16","0.2","-1750","3125","43.7","16","45","6.5"
"4","20","118","20","0","1","49.5","1300","53.35","45","0","5.05"
"2","5","113","20","0","1","493.875","0","34.05","42","0","5.25"
"3","10","116","20","0","1","326","300","49.75","51","0","5.35"
"6","40","119","10","10","0.5","-594.75","3100","38.1","14","10","4.7"
"7","50","123","3","17","0.15","-2383.3333333333335","2666.6666666666665","43.7","9","52","6.333333333333333"
"5","30","118","16","4","0.8","30.15625","2437.5","38.85","42","1","5.375"
"4","20","119","20","0","1","79.5","1350","53.35","45","0","5.05"
"2","5","114","20","0","1","488.875","0","34.05","42","0","5.25"
"7","50","124","3","17","0.15","-2433.3333333333335","2666.6666666666665","43.7","9","52","6.333333333333333"
"6","40","120","10","10","0.5","-634.75","3100","38.1","14","10","4.7"
"3","10","117","20","0","1","341","325","49.75","51","0","5.35"
"1","0","87","20","0","1","1075.375","0","48.25","43","0","4.65"
"5","30","119","16","4","0.8","0.15625","2437.5","38.85","42","1","5.375"
"4","20","120","20","0","1","59.5","1350","53.35","45","0","5.05"
"2","5","115","20","0","1","483.875","0","34.05","42","0","5.25"
"7","50","125","3","17","0.15","-2483.3333333333335","2666.6666666666665","43.7","9","52","6.333333333333333"
"6","40","121","10","10","0.5","-674.75","3100","38.1","14","10","4.7"
"3","10","118","20","0","1","356","350","49.75","51","0","5.35"
"7","50","126","3","17","0.15","-2533.3333333333335","2666.6666666666665","43.7","9","52","6.333333333333333"
"1","0","88","20","0","1","1075.375","0","48.25","43","0","4.65"
"4","20","121","20","0","1","39.5","1350","53.35","45","0","5.05"
"6","40","122","9","11","0.45","-790.2777777777778","3055.5555555555557","38.1","6","18","4.555555555555555"
"2","5","116","20","0","1","478.875","0","34.05","42","0","5.25"
"5","30","120","15","5","0.75","35.5","2500","38.85","39","4","5.466666666666667"
"3","10","119","20","0","1","371","375","49.75","51","0","5.35"
"6","40","123","9","11","0.45","-830.2777777777778","3055.5555555555557","38.1","6","18","4.555555555555555"
"7","50","127","3","17","0.15","-2583.3333333333335","2666.6666666666665","43.7","9","52","6.333333333333333"
"4","20","122","20","0","1","19.5","1350","53.35","45","0","5.05"
"1","0","89","20","0","1","1075.375","0","48.25","43","0","4.65"
"2","5","117","20","0","1","473.875","0","34.05","42","0","5.25"
"5","30","121","15","5","0.75","105.5","2600","38.85","39","4","5.466666666666667"
"3","10","120","20","0","1","361","375","49.75","51","0","5.35"
"7","50","128","3","17","0.15","-2633.3333333333335","2666.6666666666665","43.7","9","52","6.333333333333333"
"6","40","124","9","11","0.45","-870.2777777777778","3055.5555555555557","38.1","6","18","4.555555555555555"
"4","20","123","20","0","1","-0.5","1350","53.35","45","0","5.05"
"5","30","122","15","5","0.75","108.83333333333333","2633.3333333333335","38.85","39","4","5.466666666666667"
"1","0","90","20","0","1","1075.375","0","48.25","43","0","4.65"
"7","50","129","3","17","0.15","-2683.3333333333335","2666.6666666666665","43.7","9","52","6.333333333333333"
"2","5","118","20","0","1","468.875","0","34.05","42","0","5.25"
"6","40","125","9","11","0.45","-910.2777777777778","3055.5555555555557","38.1","6","18","4.555555555555555"
"3","10","121","20","0","1","351","375","49.75","51","0","5.35"
"4","20","124","20","0","1","-20.5","1350","53.35","45","0","5.05"
"5","30","123","15","5","0.75","78.83333333333333","2633.3333333333335","38.85","39","4","5.466666666666667"
"7","50","130","3","17","0.15","-2733.3333333333335","2666.6666666666665","43.7","9","52","6.333333333333333"
"6","40","126","9","11","0.45","-728.0555555555555","3277.777777777778","38.1","6","18","4.555555555555555"
"3","10","122","20","0","1","341","375","49.75","51","0","5.35"
"2","5","119","20","0","1","463.875","0","34.05","42","0","5.25"
"1","0","91","20","0","1","1075.375","0","48.25","43","0","4.65"
"4","20","125","20","0","1","-40.5","1350","53.35","45","0","5.1"
"5","30","124","15","5","0.75","48.833333333333336","2633.3333333333335","38.85","40","4","5.533333333333333"
"7","50","131","3","17","0.15","-2616.6666666666665","2833.3333333333335","43.7","9","52","6.333333333333333"
"6","40","127","9","11","0.45","-768.0555555555555","3277.777777777778","38.1","6","18","4.666666666666667"
"3","10","123","20","0","1","331","375","49.75","56","0","5.4"
"2","5","120","20","0","1","458.875","0","34.05","42","0","5.25"
"1","0","92","20","0","1","1075.375","0","48.25","43","0","4.65"
"4","20","126","20","0","1","164.5","1575","53.35","48","0","5.2"
"5","30","125","15","5","0.75","18.833333333333332","2633.3333333333335","38.85","40","4","5.533333333333333"
"7","50","132","3","17","0.15","-2666.6666666666665","2833.3333333333335","43.7","9","52","6.333333333333333"
"6","40","128","9","11","0.45","-752.5","3333.3333333333335","38.1","6","18","4.666666666666667"
"5","30","126","15","5","0.75","-11.166666666666666","2633.3333333333335","38.85","40","4","5.533333333333333"
"1","0","93","20","0","1","1075.375","0","48.25","43","0","4.65"
"3","10","124","20","0","1","321","375","49.75","56","0","5.4"
"4","20","127","20","0","1","194.5","1625","53.35","50","0","5.25"
"6","40","129","9","11","0.45","-792.5","3333.3333333333335","38.1","6","18","4.666666666666667"
"7","50","133","3","17","0.15","-2716.6666666666665","2833.3333333333335","43.7","9","52","6.333333333333333"
"2","5","121","20","0","1","453.875","0","34.05","42","0","5.25"
"5","30","127","15","5","0.75","-41.166666666666664","2633.3333333333335","38.85","40","4","5.533333333333333"
"7","50","134","3","17","0.15","-2766.6666666666665","2833.3333333333335","43.7","9","52","6.333333333333333"
"1","0","94","20","0","1","1075.375","0","48.25","43","0","4.65"
"3","10","125","20","0","1","311","375","49.75","56","0","5.4"
"2","5","122","20","0","1","448.875","0","34.05","42","0","5.25"
"6","40","130","8","12","0.4","-661.5625","3500","38.1","6","18","4.75"
"4","20","128","20","0","1","199.5","1650","53.35","50","0","5.25"
"7","50","135","3","17","0.15","-2816.6666666666665","2833.3333333333335","43.7","9","52","6.333333333333333"
"5","30","128","14","6","0.7","-20.535714285714285","2678.5714285714284","38.85","37","7","5.5"
"6","40","131","8","12","0.4","-639.0625","3562.5","38.1","6","18","4.75"
"2","5","123","20","0","1","443.875","0","34.05","42","0","5.25"
"3","10","126","20","0","1","301","375","49.75","56","0","5.4"
"1","0","95","20","0","1","1075.375","0","48.25","43","0","4.65"
"5","30","129","14","6","0.7","-50.535714285714285","2678.5714285714284","38.85","37","7","5.5"
"4","20","129","20","0","1","179.5","1650","53.35","50","0","5.25"
"6","40","132","8","12","0.4","-679.0625","3562.5","38.1","6","18","4.75"
"2","5","124","20","0","1","438.875","0","34.05","42","0","5.25"
"7","50","136","3","17","0.15","-2866.6666666666665","2833.3333333333335","43.7","9","52","6.333333333333333"
"3","10","127","20","0","1","291","375","49.75","56","0","5.4"
"5","30","130","14","6","0.7","-80.53571428571429","2678.5714285714284","38.85","37","7","5.5"
"1","0","96","20","0","1","1075.375","0","48.25","43","0","4.65"
"6","40","133","8","12","0.4","-719.0625","3562.5","38.1","6","18","4.75"
"4","20","130","20","0","1","159.5","1650","53.35","50","0","5.25"
"7","50","137","3","17","0.15","-2750","3000","43.7","9","52","6.333333333333333"
"5","30","131","14","6","0.7","-110.53571428571429","2678.5714285714284","38.85","37","7","5.5"
"6","40","134","8","12","0.4","-759.0625","3562.5","38.1","6","18","4.875"
"3","10","128","20","0","1","281","375","49.75","56","0","5.4"
"4","20","131","20","0","1","139.5","1650","53.35","50","0","5.25"
"7","50","138","3","17","0.15","-2800","3000","43.7","9","52","6.333333333333333"
"2","5","125","20","0","1","433.875","0","34.05","42","0","5.25"
"5","30","132","14","6","0.7","-140.53571428571428","2678.5714285714284","38.85","37","7","5.5"
"1","0","97","20","0","1","1075.375","0","48.25","43","0","4.7"
"7","50","139","3","17","0.15","-2850","3000","43.7","9","52","6.333333333333333"
"3","10","129","20","0","1","271","375","49.75","56","0","5.4"
"5","30","133","14","6","0.7","-170.53571428571428","2678.5714285714284","38.85","37","7","5.5"
"6","40","135","8","12","0.4","-799.0625","3562.5","38.1","6","18","4.875"
"2","5","126","20","0","1","428.875","0","34.05","42","0","5.3"
"1","0","98","20","0","1","1075.375","0","48.25","43","0","4.7"
"4","20","132","20","0","1","169.5","1700","53.35","50","0","5.3"
"5","30","134","14","6","0.7","13.75","2892.8571428571427","38.85","37","7","5.5"
"7","50","140","3","17","0.15","-2900","3000","43.7","9","52","6.333333333333333"
"3","10","130","20","0","1","261","375","49.75","56","0","5.4"
"6","40","136","8","12","0.4","-839.0625","3562.5","38.1","6","18","4.875"
"4","20","133","20","0","1","149.5","1700","53.35","50","0","5.35"
"1","0","99","20","0","1","1075.375","0","48.25","43","0","4.7"
"5","30","135","14","6","0.7","-16.25","2892.8571428571427","38.85","37","7","5.5"
"6","40","137","8","12","0.4","-879.0625","3562.5","38.1","6","18","4.875"
"3","10","131","20","0","1","251","375","49.75","56","0","5.4"
"7","50","141","3","17","0.15","-2783.3333333333335","3166.6666666666665","43.7","9","52","6.333333333333333"
"2","5","127","20","0","1","423.875","0","34.05","42","0","5.3"
"7","50","142","3","17","0.15","-2833.3333333333335","3166.6666666666665","43.7","9","52","6.333333333333333"
"5","30","136","14","6","0.7","-46.25","2892.8571428571427","38.85","37","7","5.5"
"6","40","138","7","13","0.35","-833.2142857142857","3642.8571428571427","38.1","6","18","4.714285714285714"
"1","0","100","20","0","1","1075.375","0","48.25","43","0","4.7"
"2","5","128","20","0","1","418.875","0","34.05","42","0","5.35"
"3","10","132","20","0","1","241","375","49.75","56","0","5.4"
"7","50","143","3","17","0.15","-2883.3333333333335","3166.6666666666665","43.7","9","52","6.333333333333333"
"4","20","134","20","0","1","129.5","1700","53.35","50","0","5.35"
"6","40","139","7","13","0.35","-873.2142857142857","3642.8571428571427","38.1","6","18","4.714285714285714"
"5","30","137","13","7","0.65","-42.11538461538461","2923.076923076923","38.85","33","11","5.384615384615385"
"7","50","144","3","17","0.15","-2766.6666666666665","3333.3333333333335","43.7","9","52","6.333333333333333"
"3","10","133","20","0","1","231","375","49.75","56","0","5.4"
"1","0","101","20","0","1","1075.375","0","48.25","43","0","4.7"
"5","30","138","13","7","0.65","43.26923076923077","3038.4615384615386","38.85","33","11","5.384615384615385"
"4","20","135","20","0","1","109.5","1700","53.35","50","0","5.4"
"6","40","140","7","13","0.35","-841.7857142857143","3714.285714285714","38.1","6","18","4.714285714285714"
"2","5","129","20","0","1","413.875","0","34.05","42","0","5.35"
"7","50","145","3","17","0.15","-2816.6666666666665","3333.3333333333335","43.7","9","52","6.333333333333333"
"5","30","139","13","7","0.65","51.73076923076923","3076.923076923077","38.85","33","11","5.384615384615385"
"7","50","146","3","17","0.15","-2866.6666666666665","3333.3333333333335","43.7","9","52","6.333333333333333"
"6","40","141","7","13","0.35","-881.7857142857143","3714.285714285714","38.1","6","18","4.714285714285714"
"4","20","136","20","0","1","114.5","1725","53.35","50","0","5.45"
"3","10","134","20","0","1","221","375","49.75","56","0","5.4"
"1","0","102","20","0","1","1075.375","0","48.25","43","0","4.7"
"2","5","130","20","0","1","408.875","0","34.05","42","0","5.35"
"7","50","147","3","17","0.15","-2916.6666666666665","3333.3333333333335","43.7","9","52","6.333333333333333"
"5","30","140","13","7","0.65","21.73076923076923","3076.923076923077","38.85","33","11","5.384615384615385"
"6","40","142","7","13","0.35","-921.7857142857143","3714.285714285714","38.1","6","18","4.714285714285714"
"3","10","135","20","0","1","211","375","49.75","56","0","5.4"
"7","50","148","3","17","0.15","-2966.6666666666665","3333.3333333333335","43.7","9","52","6.333333333333333"
"2","5","131","20","0","1","403.875","0","34.05","42","0","5.35"
"5","30","141","13","7","0.65","-8.26923076923077","3076.923076923077","38.85","33","11","5.384615384615385"
"4","20","137","20","0","1","94.5","1725","53.35","50","0","5.45"
"1","0","103","20","0","1","1075.375","0","48.25","45","0","4.75"
"6","40","143","7","13","0.35","-890.3571428571429","3785.714285714286","38.1","6","18","4.714285714285714"
"7","50","149","3","17","0.15","-3016.6666666666665","3333.3333333333335","43.7","9","52","6.333333333333333"
"7","50","150","3","17","0.15","-3066.6666666666665","3333.3333333333335","43.7","9","52","6.333333333333333"
"5","30","142","13","7","0.65","-38.26923076923077","3076.923076923077","38.85","33","11","5.384615384615385"
"6","40","144","7","13","0.35","-930.3571428571429","3785.714285714286","38.1","6","18","4.714285714285714"
"3","10","136","20","0","1","201","375","49.75","56","0","5.4"
"2","5","132","20","0","1","398.875","0","34.05","42","0","5.35"
"1","0","104","20","0","1","1075.375","0","48.25","45","0","4.75"
"7","50","151","3","17","0.15","-2950","3500","43.7","9","52","6.333333333333333"
"4","20","138","20","0","1","74.5","1725","53.35","50","0","5.45"
"5","30","143","13","7","0.65","-68.26923076923077","3076.923076923077","38.85","33","11","5.384615384615385"
"3","10","137","20","0","1","191","375","49.75","56","0","5.4"
"2","5","133","20","0","1","393.875","0","34.05","42","0","5.35"
"7","50","152","3","17","0.15","-2833.3333333333335","3666.6666666666665","43.7","9","52","6.333333333333333"
"4","20","139","20","0","1","54.5","1725","53.35","50","0","5.45"
"6","40","145","7","13","0.35","-970.3571428571429","3785.714285714286","38.1","6","18","4.714285714285714"
"1","0","105","20","0","1","1075.375","0","48.25","45","0","4.75"
"3","10","138","20","0","1","181","375","49.75","56","0","5.4"
"7","50","153","3","17","0.15","-2883.3333333333335","3666.6666666666665","43.7","9","52","6.333333333333333"
"5","30","144","13","7","0.65","-98.26923076923077","3076.923076923077","38.85","33","11","5.384615384615385"
"2","5","134","20","0","1","388.875","0","34.05","42","0","5.35"
"6","40","146","7","13","0.35","-1010.3571428571429","3785.714285714286","38.1","6","18","4.714285714285714"
"4","20","140","20","0","1","34.5","1725","53.35","50","0","5.45"
"7","50","154","3","17","0.15","-2933.3333333333335","3666.6666666666665","43.7","9","52","6.333333333333333"
"3","10","139","20","0","1","171","375","49.75","56","0","5.4"
"5","30","145","13","7","0.65","-128.26923076923077","3076.923076923077","38.85","33","11","5.384615384615385"
"1","0","106","20","0","1","1075.375","0","48.25","45","0","4.75"
"6","40","147","7","13","0.35","-1050.357142857143","3785.714285714286","38.1","6","18","4.714285714285714"
"2","5","135","20","0","1","383.875","0","34.05","42","0","5.35"
"7","50","155","3","17","0.15","-2983.3333333333335","3666.6666666666665","43.7","9","52","6.333333333333333"
"5","30","146","13","7","0.65","-119.8076923076923","3115.3846153846152","38.85","33","11","5.384615384615385"
"3","10","140","20","0","1","161","375","49.75","56","0","5.4"
"4","20","141","20","0","1","39.5","1750","53.35","50","0","5.5"
"6","40","148","7","13","0.35","-1090.357142857143","3785.714285714286","38.1","6","18","4.714285714285714"
"7","50","156","3","17","0.15","-3033.3333333333335","3666.6666666666665","43.7","9","52","6.333333333333333"
"2","5","136","20","0","1","378.875","0","34.05","42","0","5.35"
"1","0","107","20","0","1","1075.375","0","48.25","45","0","4.75"
"5","30","147","13","7","0.65","-149.80769230769232","3115.3846153846152","38.85","33","11","5.384615384615385"
"4","20","142","20","0","1","44.5","1775","53.35","50","0","5.5"
"3","10","141","20","0","1","176","400","49.75","56","0","5.4"
"6","40","149","7","13","0.35","-1130.357142857143","3785.714285714286","38.1","6","18","4.714285714285714"
"7","50","157","3","17","0.15","-3083.3333333333335","3666.6666666666665","43.7","9","52","6.333333333333333"
"2","5","137","20","0","1","373.875","0","34.05","42","0","5.35"
"6","40","150","7","13","0.35","-1170.357142857143","3785.714285714286","38.1","6","18","4.714285714285714"
"5","30","148","13","7","0.65","-179.80769230769232","3115.3846153846152","38.85","33","11","5.461538461538462"
"3","10","142","20","0","1","166","400","49.75","56","0","5.4"
"7","50","158","3","17","0.15","-3133.3333333333335","3666.6666666666665","43.7","9","52","6.333333333333333"
"1","0","108","20","0","1","1075.375","0","48.25","45","0","4.75"
"4","20","143","20","0","1","24.5","1775","53.35","50","0","5.5"
"6","40","151","6","14","0.3","-1238.75","3750","38.1","6","18","4.666666666666667"
"7","50","159","2","18","0.1","-2450","4500","43.7","3","58","6"
"5","30","149","13","7","0.65","-171.34615384615384","3153.846153846154","38.85","33","11","5.461538461538462"
"3","10","143","20","0","1","156","400","49.75","56","0","5.45"
"2","5","138","20","0","1","368.875","0","34.05","42","0","5.35"
"1","0","109","20","0","1","1075.375","0","48.25","45","0","4.75"
"7","50","160","2","18","0.1","-2500","4500","43.7","3","58","6"
"6","40","152","6","14","0.3","-1278.75","3750","38.1","6","18","4.666666666666667"
"5","30","150","13","7","0.65","-201.34615384615384","3153.846153846154","38.85","33","11","5.461538461538462"
"4","20","144","20","0","1","4.5","1775","53.35","50","0","5.5"
"3","10","144","20","0","1","171","425","49.75","56","0","5.45"
"7","50","161","2","18","0.1","-2300","4750","43.7","3","58","6"
"2","5","139","20","0","1","363.875","0","34.05","42","0","5.35"
"6","40","153","5","15","0.25","-1576.5","3500","38.1","4","20","4.4"
"5","30","151","13","7","0.65","-0.5769230769230769","3384.6153846153848","38.85","33","11","5.461538461538462"
"1","0","110","20","0","1","1075.375","0","48.25","48","0","4.8"
"7","50","162","2","18","0.1","-2350","4750","43.7","3","58","6"
"4","20","145","20","0","1","9.5","1800","53.35","50","0","5.5"
"6","40","154","5","15","0.25","-1616.5","3500","38.1","4","20","4.4"
"3","10","145","20","0","1","161","425","49.75","56","0","5.5"
"5","30","152","13","7","0.65","-30.576923076923077","3384.6153846153848","38.85","33","11","5.461538461538462"
"2","5","140","20","0","1","358.875","0","34.05","42","0","5.35"
"7","50","163","2","18","0.1","-2400","4750","43.7","3","58","6"
"6","40","155","5","15","0.25","-1656.5","3500","38.1","4","20","4.4"
"4","20","146","20","0","1","-10.5","1800","53.35","50","0","5.5"
"1","0","111","20","0","1","1075.375","0","48.25","48","0","4.8"
"7","50","164","2","18","0.1","-2450","4750","43.7","3","58","6"
"5","30","153","13","7","0.65","-60.57692307692308","3384.6153846153848","38.85","33","11","5.538461538461538"
"2","5","141","20","0","1","353.875","0","34.05","42","0","5.35"
"3","10","146","20","0","1","151","425","49.75","56","0","5.5"
"6","40","156","5","15","0.25","-1596.5","3600","38.1","4","20","4.4"
"7","50","165","2","18","0.1","-2500","4750","43.7","3","58","6"
"4","20","147","20","0","1","-30.5","1800","53.35","50","0","5.5"
"5","30","154","13","7","0.65","-52.11538461538461","3423.076923076923","38.85","33","11","5.538461538461538"
"6","40","157","5","15","0.25","-1636.5","3600","38.1","4","20","4.4"
"1","0","112","20","0","1","1075.375","0","48.25","48","0","4.8"
"3","10","147","20","0","1","141","425","49.75","56","0","5.5"
"2","5","142","20","0","1","348.875","0","34.05","42","0","5.35"
"6","40","158","5","15","0.25","-1676.5","3600","38.1","4","20","4.4"
"4","20","148","20","0","1","-50.5","1800","53.35","50","0","5.5"
"7","50","166","2","18","0.1","-2550","4750","43.7","3","58","6"
"5","30","155","11","9","0.55","-46.13636363636363","3454.5454545454545","38.85","29","20","5.454545454545454"
"6","40","159","5","15","0.25","-1716.5","3600","38.1","4","20","4.4"
"3","10","148","20","0","1","131","425","49.75","56","0","5.5"
"2","5","143","20","0","1","343.875","0","34.05","42","0","5.35"
"4","20","149","20","0","1","-70.5","1800","53.35","50","0","5.5"
"7","50","167","2","18","0.1","-2600","4750","43.7","3","58","6"
"1","0","113","20","0","1","1075.375","0","48.25","48","0","4.8"
"5","30","156","11","9","0.55","-30.681818181818183","3500","38.85","29","20","5.454545454545454"
"6","40","160","5","15","0.25","-1756.5","3600","38.1","4","20","4.4"
"3","10","149","20","0","1","121","425","49.75","56","0","5.5"
"7","50","168","2","18","0.1","-2650","4750","43.7","3","58","6"
"4","20","150","20","0","1","-90.5","1800","53.35","50","0","5.5"
"6","40","161","5","15","0.25","-1796.5","3600","38.1","4","20","4.4"
"1","0","114","20","0","1","1075.375","0","48.25","48","0","4.85"
"7","50","169","2","18","0.1","-2700","4750","43.7","3","58","6"
"5","30","157","11","9","0.55","-60.68181818181818","3500","38.85","29","20","5.454545454545454"
"2","5","144","20","0","1","338.875","0","34.05","45","0","5.4"
"6","40","162","5","15","0.25","-1836.5","3600","38.1","4","20","4.4"
"3","10","150","20","0","1","111","425","49.75","56","0","5.5"
"4","20","151","20","0","1","89.5","2000","53.35","50","0","5.5"
"6","40","163","5","15","0.25","-1676.5","3800","38.1","4","20","4.4"
"5","30","158","11","9","0.55","-90.68181818181819","3500","38.85","29","20","5.454545454545454"
"7","50","170","2","18","0.1","-2750","4750","43.7","3","58","6"
"2","5","145","20","0","1","333.875","0","34.05","45","0","5.4"
"1","0","115","20","0","1","1075.375","0","48.25","48","0","4.85"
"3","10","151","20","0","1","251","575","49.75","56","0","5.5"
"6","40","164","5","15","0.25","-1716.5","3800","38.1","4","20","4.4"
"4","20","152","20","0","1","144.5","2075","53.35","53","0","5.55"
"5","30","159","11","9","0.55","-120.68181818181819","3500","38.85","29","20","5.454545454545454"
"7","50","171","2","18","0.1","-2550","5000","43.7","3","58","6"
"2","5","146","20","0","1","328.875","0","34.05","45","0","5.4"
"1","0","116","20","0","1","1075.375","0","48.25","48","0","4.85"
"3","10","152","20","0","1","291","625","49.75","56","0","5.5"
"7","50","172","2","18","0.1","-2600","5000","43.7","3","58","6"
"6","40","165","5","15","0.25","-1756.5","3800","38.1","4","20","4.4"
"4","20","153","20","0","1","149.5","2100","53.35","53","0","5.55"
"2","5","147","20","0","1","323.875","0","34.05","45","0","5.4"
"6","40","166","5","15","0.25","-1796.5","3800","38.1","4","20","4.4"
"7","50","173","2","18","0.1","-2650","5000","43.7","3","58","6"
"5","30","160","10","10","0.5","-164","3600","38.85","19","30","5.1"
"1","0","117","20","0","1","1075.375","0","48.25","49","0","4.9"
"4","20","154","20","0","1","129.5","2100","53.35","53","0","5.55"
"5","30","161","10","10","0.5","-194","3600","38.85","19","30","5.2"
"6","40","167","5","15","0.25","-1836.5","3800","38.1","4","20","4.4"
"7","50","174","2","18","0.1","-2700","5000","43.7","3","58","6"
"2","5","148","20","0","1","318.875","0","34.05","45","0","5.4"
"3","10","153","20","0","1","306","650","49.75","56","0","5.5"
"6","40","168","5","15","0.25","-1776.5","3900","38.1","4","20","4.4"
"7","50","175","2","18","0.1","-2750","5000","43.7","3","58","6"
"1","0","118","20","0","1","1075.375","0","48.25","49","0","4.9"
"4","20","155","20","0","1","109.5","2100","53.35","53","0","5.6"
"5","30","162","10","10","0.5","-224","3600","38.85","19","30","5.3"
"7","50","176","2","18","0.1","-2800","5000","43.7","3","58","6"
"2","5","149","20","0","1","313.875","0","34.05","45","0","5.4"
"6","40","169","5","15","0.25","-1816.5","3900","38.1","4","20","4.4"
"3","10","154","20","0","1","321","675","49.75","56","0","5.5"
"7","50","177","2","18","0.1","-2850","5000","43.7","3","58","6"
"1","0","119","20","0","1","1075.375","0","48.25","49","0","4.9"
"6","40","170","5","15","0.25","-1856.5","3900","38.1","4","20","4.4"
"5","30","163","10","10","0.5","-254","3600","38.85","19","30","5.3"
"4","20","156","20","0","1","89.5","2100","53.35","53","0","5.6"
"7","50","178","2","18","0.1","-2900","5000","43.7","3","58","6"
"3","10","155","20","0","1","311","675","49.75","56","0","5.5"
"6","40","171","5","15","0.25","-1896.5","3900","38.1","4","20","4.4"
"5","30","164","10","10","0.5","-284","3600","38.85","19","30","5.3"
"2","5","150","20","0","1","308.875","0","34.05","45","0","5.4"
"7","50","179","2","18","0.1","-2950","5000","43.7","3","58","6"
"1","0","120","20","0","1","1075.375","0","48.25","49","0","4.9"
"4","20","157","20","0","1","119.5","2150","53.35","54","0","5.65"
"6","40","172","5","15","0.25","-1936.5","3900","38.1","4","20","4.4"
"3","10","156","20","0","1","301","675","49.75","56","0","5.5"
"7","50","180","2","18","0.1","-3000","5000","43.7","3","58","6"
"5","30","165","10","10","0.5","-314","3600","38.85","19","30","5.3"
"2","5","151","20","0","1","303.875","0","34.05","45","0","5.4"
"6","40","173","5","15","0.25","-1976.5","3900","38.1","4","20","4.4"
"4","20","158","20","0","1","124.5","2175","53.35","54","0","5.65"
"1","0","121","20","0","1","1075.375","0","48.25","49","0","4.9"
"7","50","181","2","18","0.1","-2800","5250","43.7","3","58","6"
"3","10","157","20","0","1","341","725","49.75","60","0","5.55"
"2","5","152","20","0","1","298.875","0","34.05","45","0","5.4"
"6","40","174","5","15","0.25","-2016.5","3900","38.1","4","20","4.4"
"7","50","182","2","18","0.1","-2850","5250","43.7","3","58","6"
"4","20","159","20","0","1","104.5","2175","53.35","54","0","5.65"
"5","30","166","10","10","0.5","-344","3600","38.85","19","30","5.3"
"6","40","175","5","15","0.25","-2056.5","3900","38.1","4","20","4.4"
"3","10","158","20","0","1","331","725","49.75","60","0","5.55"
"7","50","183","2","18","0.1","-2900","5250","43.7","3","58","6"
"2","5","153","20","0","1","293.875","0","34.05","45","0","5.4"
"4","20","160","20","0","1","84.5","2175","53.35","54","0","5.65"
"6","40","176","5","15","0.25","-1896.5","4100","38.1","4","20","4.4"
"1","0","122","20","0","1","1075.375","0","48.25","49","0","4.9"
"7","50","184","2","18","0.1","-2950","5250","43.7","3","58","6"
"2","5","154","20","0","1","288.875","0","34.05","45","0","5.4"
"6","40","177","5","15","0.25","-1936.5","4100","38.1","4","20","4.4"
"7","50","185","2","18","0.1","-3000","5250","43.7","3","58","6"
"4","20","161","20","0","1","89.5","2200","53.35","54","0","5.65"
"1","0","123","20","0","1","1075.375","0","48.25","49","0","4.9"
"3","10","159","20","0","1","321","725","49.75","60","0","5.55"
"5","30","167","10","10","0.5","-74","3900","38.85","19","30","5.3"
"4","20","162","20","0","1","94.5","2225","53.35","54","0","5.65"
"7","50","186","2","18","0.1","-3050","5250","43.7","3","58","6"
"1","0","124","20","0","1","1075.375","0","48.25","49","0","4.9"
"6","40","178","5","15","0.25","-1976.5","4100","38.1","4","20","4.4"
"2","5","155","20","0","1","283.875","0","34.05","45","0","5.45"
"3","10","160","20","0","1","311","725","49.75","60","0","5.55"
"5","30","168","10","10","0.5","-104","3900","38.85","19","30","5.3"
"4","20","163","20","0","1","99.5","2250","53.35","54","0","5.65"
"6","40","179","5","15","0.25","-2016.5","4100","38.1","4","20","4.4"
"7","50","187","2","18","0.1","-3100","5250","43.7","3","58","6"
"3","10","161","20","0","1","301","725","49.75","60","0","5.6"
"5","30","169","10","10","0.5","-134","3900","38.85","19","30","5.4"
"2","5","156","20","0","1","278.875","0","34.05","45","0","5.45"
"1","0","125","20","0","1","1075.375","0","48.25","49","0","4.9"
"4","20","164","20","0","1","104.5","2275","53.35","54","0","5.65"
"6","40","180","5","15","0.25","-2056.5","4100","38.1","4","20","4.4"
"7","50","188","2","18","0.1","-3150","5250","43.7","3","58","6"
"3","10","162","20","0","1","291","725","49.75","60","0","5.6"
"5","30","170","10","10","0.5","-114","3950","38.85","19","30","5.5"
"6","40","181","5","15","0.25","-1996.5","4200","38.1","4","20","4.4"
"7","50","189","2","18","0.1","-3200","5250","43.7","3","58","6"
"4","20","165","20","0","1","84.5","2275","53.35","54","0","5.65"
"1","0","126","20","0","1","1075.375","0","48.25","49","0","4.9"
"3","10","163","20","0","1","281","725","49.75","60","0","5.6"
"2","5","157","20","0","1","273.875","0","34.05","45","0","5.45"
"5","30","171","10","10","0.5","-94","4000","38.85","19","30","5.5"
"7","50","190","2","18","0.1","-3250","5250","43.7","3","58","6"
"4","20","166","20","0","1","64.5","2275","53.35","54","0","5.65"
"5","30","172","10","10","0.5","-74","4050","38.85","19","30","5.5"
"2","5","158","20","0","1","268.875","0","34.05","45","0","5.45"
"7","50","191","2","18","0.1","-3050","5500","43.7","3","58","6"
"3","10","164","20","0","1","271","725","49.75","60","0","5.6"
"1","0","127","20","0","1","1075.375","0","48.25","49","0","4.9"
"2","5","159","20","0","1","263.875","0","34.05","45","0","5.45"
"5","30","173","10","10","0.5","-104","4050","38.85","19","30","5.5"
"7","50","192","2","18","0.1","-3100","5500","43.7","3","58","6"
"3","10","165","20","0","1","261","725","49.75","60","0","5.6"
"6","40","182","5","15","0.25","-2036.5","4200","38.1","4","20","4.4"
"7","50","193","2","18","0.1","-3150","5500","43.7","3","58","6"
"4","20","167","20","0","1","44.5","2275","53.35","54","0","5.65"
"2","5","160","20","0","1","258.875","0","34.05","45","0","5.45"
"3","10","166","20","0","1","276","750","49.75","60","0","5.65"
"1","0","128","20","0","1","1075.375","0","48.25","49","0","4.9"
"7","50","194","2","18","0.1","-3200","5500","43.7","3","58","6"
"6","40","183","5","15","0.25","-2076.5","4200","38.1","4","20","4.4"
"4","20","168","20","0","1","49.5","2300","53.35","54","0","5.65"
"5","30","174","10","10","0.5","-134","4050","38.85","20","30","5.6"
"3","10","167","20","0","1","266","750","49.75","60","0","5.65"
"2","5","161","20","0","1","253.875","0","34.05","45","0","5.45"
"7","50","195","2","18","0.1","-3250","5500","43.7","3","58","6"
"1","0","129","20","0","1","1075.375","0","48.25","49","0","4.95"
"7","50","196","2","18","0.1","-3300","5500","43.7","3","58","6"
"6","40","184","5","15","0.25","-2116.5","4200","38.1","4","20","4.4"
"2","5","162","20","0","1","248.875","0","34.05","45","0","5.45"
"5","30","175","10","10","0.5","-164","4050","38.85","20","30","5.6"
"3","10","168","20","0","1","256","750","49.75","60","0","5.65"
"4","20","169","20","0","1","29.5","2300","53.35","57","0","5.75"
"7","50","197","2","18","0.1","-3350","5500","43.7","3","58","6"
"6","40","185","5","15","0.25","-2156.5","4200","38.1","4","20","4.4"
"5","30","176","10","10","0.5","-194","4050","38.85","20","30","5.6"
"1","0","130","20","0","1","1075.375","0","48.25","49","0","4.95"
"4","20","170","20","0","1","9.5","2300","53.35","57","0","5.75"
"6","40","186","5","15","0.25","-2196.5","4200","38.1","4","20","4.4"
"2","5","163","20","0","1","243.875","0","34.05","45","0","5.45"
"5","30","177","10","10","0.5","-224","4050","38.85","20","30","5.6"
"7","50","198","2","18","0.1","-3400","5500","43.7","3","58","6"
"4","20","171","20","0","1","-10.5","2300","53.35","57","0","5.8"
"3","10","169","20","0","1","271","775","49.75","60","0","5.65"
"5","30","178","10","10","0.5","-254","4050","38.85","20","30","5.6"
"2","5","164","20","0","1","238.875","0","34.05","45","0","5.45"
"1","0","131","20","0","1","1075.375","0","48.25","49","0","4.95"
"6","40","187","5","15","0.25","-2136.5","4300","38.1","4","20","4.4"
"7","50","199","2","18","0.1","-3450","5500","43.7","3","58","6"
"5","30","179","10","10","0.5","-284","4050","38.85","20","30","5.6"
"4","20","172","20","0","1","-5.5","2325","53.35","57","0","5.8"
"3","10","170","20","0","1","261","775","49.75","60","0","5.65"
"2","5","165","20","0","1","233.875","0","34.05","45","0","5.45"
"7","50","200","2","18","0.1","-3500","5500","43.7","3","58","6"
"5","30","180","10","10","0.5","-314","4050","38.85","20","30","5.6"
"4","20","173","20","0","1","-25.5","2325","53.35","57","0","5.8"
"3","10","171","20","0","1","276","800","49.75","60","0","5.65"
"2","5","166","20","0","1","228.875","0","34.05","45","0","5.5"
"7","50","201","2","18","0.1","-3300","5750","43.7","3","58","6"
"7","50","202","2","18","0.1","-3350","5750","43.7","3","58","6"
"5","30","181","10","10","0.5","-344","4050","38.85","20","30","5.6"
"6","40","188","5","15","0.25","-1976.5","4500","38.1","4","20","4.4"
"4","20","174","20","0","1","-45.5","2325","53.35","57","0","5.8"
"2","5","167","20","0","1","223.875","0","34.05","45","0","5.5"
"1","0","132","20","0","1","1075.375","0","48.25","49","0","4.95"
"7","50","203","2","18","0.1","-3400","5750","43.7","3","58","6"
"3","10","172","20","0","1","266","800","49.75","64","0","5.7"
"6","40","189","5","15","0.25","-2016.5","4500","38.1","4","20","4.4"
"5","30","182","10","10","0.5","-374","4050","38.85","20","30","5.6"
"4","20","175","20","0","1","-65.5","2325","53.35","57","0","5.8"
"2","5","168","20","0","1","218.875","0","34.05","45","0","5.5"
"7","50","204","2","18","0.1","-3450","5750","43.7","3","58","6"
"6","40","190","5","15","0.25","-2056.5","4500","38.1","4","20","4.4"
"3","10","173","20","0","1","256","800","49.75","64","0","5.7"
"5","30","183","10","10","0.5","-404","4050","38.85","20","30","5.6"
"7","50","205","2","18","0.1","-3500","5750","43.7","3","58","6"
"6","40","191","5","15","0.25","-2096.5","4500","38.1","4","20","4.4"
"4","20","176","17","3","0.85","138.23529411764707","2529.4117647058824","53.35","54","3","5.882352941176471"
"2","5","169","20","0","1","213.875","0","34.05","45","0","5.5"
"7","50","206","2","18","0.1","-3550","5750","43.7","3","58","6"
"3","10","174","20","0","1","246","800","49.75","64","0","5.7"
"6","40","192","4","16","0.2","-1500.625","5125","38.1","4","20","4.75"
"5","30","184","9","11","0.45","-202.22222222222223","4277.777777777777","38.85","20","30","5.666666666666667"
"1","0","133","20","0","1","1075.375","0","48.25","49","0","4.95"
"7","50","207","2","18","0.1","-3600","5750","43.7","3","58","6"
"4","20","177","17","3","0.85","118.23529411764706","2529.4117647058824","53.35","54","3","5.882352941176471"
"6","40","193","4","16","0.2","-1415.625","5250","38.1","4","20","5"
"5","30","185","9","11","0.45","-232.22222222222223","4277.777777777777","38.85","20","30","5.666666666666667"
"2","5","170","20","0","1","208.875","0","34.05","45","0","5.5"
"3","10","175","20","0","1","236","800","49.75","64","0","5.7"
"7","50","208","2","18","0.1","-3650","5750","43.7","3","58","6"
"6","40","194","4","16","0.2","-1455.625","5250","38.1","4","20","5"
"4","20","178","17","3","0.85","98.23529411764706","2529.4117647058824","53.35","54","3","5.882352941176471"
"5","30","186","9","11","0.45","-262.22222222222223","4277.777777777777","38.85","20","30","5.666666666666667"
"1","0","134","20","0","1","1075.375","0","48.25","49","0","4.95"
"2","5","171","20","0","1","203.875","0","34.05","45","0","5.5"
"6","40","195","4","16","0.2","-1495.625","5250","38.1","4","20","5"
"7","50","209","2","18","0.1","-3700","5750","43.7","3","58","6"
"3","10","176","20","0","1","251","825","49.75","64","0","5.7"
"5","30","187","9","11","0.45","-236.66666666666666","4333.333333333333","38.85","20","30","5.666666666666667"
"4","20","179","17","3","0.85","78.23529411764706","2529.4117647058824","53.35","54","3","5.882352941176471"
"6","40","196","4","16","0.2","-1535.625","5250","38.1","4","20","5"
"7","50","210","1","19","0.05","0","9500","43.7","2","59","7"
"5","30","188","9","11","0.45","-211.11111111111111","4388.888888888889","38.85","20","30","5.666666666666667"
"3","10","177","20","0","1","241","825","49.75","64","0","5.7"
"2","5","172","20","0","1","198.875","0","34.05","45","0","5.5"
"1","0","135","20","0","1","1075.375","0","48.25","49","0","4.95"
"7","50","211","1","19","0.05","450","10000","43.7","2","59","7"
"6","40","197","4","16","0.2","-1575.625","5250","38.1","4","20","5"
"4","20","180","17","3","0.85","87.6470588235294","2558.823529411765","53.35","54","3","5.882352941176471"
"5","30","189","9","11","0.45","-185.55555555555554","4444.444444444444","38.85","20","30","5.666666666666667"
"3","10","178","20","0","1","231","825","49.75","64","0","5.7"
"7","50","212","1","19","0.05","400","10000","43.7","2","59","7"
"2","5","173","20","0","1","193.875","0","34.05","45","0","5.5"
"6","40","198","4","16","0.2","-1615.625","5250","38.1","4","20","5"
"4","20","181","17","3","0.85","67.6470588235294","2558.823529411765","53.35","54","3","5.882352941176471"
"5","30","190","9","11","0.45","-215.55555555555554","4444.444444444444","38.85","20","30","5.666666666666667"
"1","0","136","20","0","1","1075.375","0","48.25","49","0","4.95"
"7","50","213","1","19","0.05","350","10000","43.7","2","59","7"
"3","10","179","20","0","1","221","825","49.75","64","0","5.7"
"6","40","199","4","16","0.2","-1655.625","5250","38.1","4","20","5"
"5","30","191","9","11","0.45","-245.55555555555554","4444.444444444444","38.85","20","30","5.666666666666667"
"2","5","174","20","0","1","188.875","0","34.05","45","0","5.5"
"4","20","182","17","3","0.85","106.47058823529412","2617.6470588235293","53.35","57","3","6"
"7","50","214","1","19","0.05","300","10000","43.7","2","59","7"
"6","40","200","4","16","0.2","-1695.625","5250","38.1","4","20","5"
"3","10","180","20","0","1","211","825","49.75","64","0","5.7"
"1","0","137","20","0","1","1075.375","0","48.25","49","0","4.95"
"7","50","215","1","19","0.05","250","10000","43.7","2","59","7"
"5","30","192","9","11","0.45","-275.55555555555554","4444.444444444444","38.85","20","30","5.666666666666667"
"4","20","183","17","3","0.85","86.47058823529412","2617.6470588235293","53.35","57","3","6"
"6","40","201","4","16","0.2","-1485.625","5500","38.1","4","20","5"
"2","5","175","20","0","1","183.875","0","34.05","45","0","5.5"
"3","10","181","20","0","1","201","825","49.75","64","0","5.75"
"7","50","216","1","19","0.05","200","10000","43.7","2","59","7"
"5","30","193","9","11","0.45","-305.55555555555554","4444.444444444444","38.85","20","30","5.666666666666667"
"6","40","202","4","16","0.2","-1525.625","5500","38.1","4","20","5"
"1","0","138","20","0","1","1075.375","0","48.25","49","0","4.95"
"7","50","217","1","19","0.05","150","10000","43.7","2","59","7"
"4","20","184","17","3","0.85","66.47058823529412","2617.6470588235293","53.35","59","3","6.0588235294117645"
"3","10","182","20","0","1","191","825","49.75","64","0","5.75"
"6","40","203","4","16","0.2","-1565.625","5500","38.1","4","20","5"
"2","5","176","20","0","1","178.875","0","34.05","45","0","5.5"
"5","30","194","9","11","0.45","-335.55555555555554","4444.444444444444","38.85","20","30","5.666666666666667"
"7","50","218","1","19","0.05","100","10000","43.7","2","59","7"
"6","40","204","4","16","0.2","-1605.625","5500","38.1","4","20","5"
"4","20","185","17","3","0.85","75.88235294117646","2647.0588235294117","53.35","62","3","6.117647058823529"
"1","0","139","20","0","1","1075.375","0","48.25","49","0","4.95"
"3","10","183","20","0","1","181","825","49.75","64","0","5.75"
"5","30","195","9","11","0.45","-365.55555555555554","4444.444444444444","38.85","20","30","5.666666666666667"
"2","5","177","20","0","1","173.875","0","34.05","45","0","5.5"
"7","50","219","1","19","0.05","50","10000","43.7","2","59","7"
"6","40","205","4","16","0.2","-1520.625","5625","38.1","4","20","5"
"7","50","220","1","19","0.05","0","10000","43.7","2","59","7"
"4","20","186","17","3","0.85","85.29411764705883","2676.470588235294","53.35","62","3","6.117647058823529"
"5","30","196","9","11","0.45","-395.55555555555554","4444.444444444444","38.85","20","30","5.666666666666667"
"6","40","206","4","16","0.2","-1435.625","5750","38.1","4","20","5"
"1","0","140","20","0","1","1075.375","0","48.25","49","0","4.95"
"7","50","221","1","19","0.05","450","10500","43.7","2","59","7"
"3","10","184","20","0","1","171","825","49.75","64","0","5.75"
"2","5","178","20","0","1","168.875","0","34.05","45","0","5.5"
"6","40","207","4","16","0.2","-1475.625","5750","38.1","4","20","5"
"5","30","197","9","11","0.45","-425.55555555555554","4444.444444444444","38.85","20","30","5.666666666666667"
"4","20","187","17","3","0.85","65.29411764705883","2676.470588235294","53.35","62","3","6.117647058823529"
"7","50","222","1","19","0.05","400","10500","43.7","2","59","7"
"6","40","208","4","16","0.2","-1515.625","5750","38.1","4","20","5"
"7","50","223","1","19","0.05","350","10500","43.7","2","59","7"
"1","0","141","20","0","1","1075.375","0","48.25","49","0","5"
"2","5","179","20","0","1","163.875","0","34.05","45","0","5.5"
"5","30","198","9","11","0.45","-455.55555555555554","4444.444444444444","38.85","20","30","5.666666666666667"
"3","10","185","20","0","1","161","825","49.75","64","0","5.75"
"4","20","188","17","3","0.85","45.294117647058826","2676.470588235294","53.35","62","3","6.117647058823529"
"6","40","209","4","16","0.2","-1555.625","5750","38.1","4","20","5"
"7","50","224","1","19","0.05","300","10500","43.7","2","59","7"
"6","40","210","4","16","0.2","-1595.625","5750","38.1","4","20","5"
"7","50","225","1","19","0.05","250","10500","43.7","2","59","7"
"5","30","199","9","11","0.45","-485.55555555555554","4444.444444444444","38.85","21","30","5.777777777777778"
"4","20","189","16","4","0.8","27.5","2687.5","53.35","56","9","6.0625"
"6","40","211","4","16","0.2","-1635.625","5750","38.1","4","20","5"
"7","50","226","1","19","0.05","200","10500","43.7","2","59","7"
"1","0","142","20","0","1","1075.375","0","48.25","49","0","5"
"5","30","200","9","11","0.45","-515.5555555555555","4444.444444444444","38.85","21","30","5.777777777777778"
"3","10","186","20","0","1","151","825","49.75","64","0","5.75"
"2","5","180","20","0","1","158.875","0","34.05","45","0","5.5"
"6","40","212","4","16","0.2","-1675.625","5750","38.1","4","20","5"
"7","50","227","1","19","0.05","150","10500","43.7","2","59","7"
"4","20","190","16","4","0.8","7.5","2687.5","53.35","56","9","6.0625"
"5","30","201","9","11","0.45","-267.77777777777777","4722.222222222223","38.85","21","30","5.777777777777778"
"6","40","213","4","16","0.2","-1465.625","6000","38.1","4","20","5"
"7","50","228","1","19","0.05","100","10500","43.7","2","59","7"
"3","10","187","20","0","1","141","825","49.75","68","0","5.9"
"6","40","214","4","16","0.2","-1505.625","6000","38.1","4","20","5"
"7","50","229","1","19","0.05","50","10500","43.7","2","59","7"
"5","30","202","9","11","0.45","-297.77777777777777","4722.222222222223","38.85","21","30","5.777777777777778"
"6","40","215","4","16","0.2","-1545.625","6000","38.1","4","20","5"
"1","0","143","20","0","1","1075.375","0","48.25","49","0","5"
"4","20","191","16","4","0.8","-12.5","2687.5","53.35","56","9","6.0625"
"7","50","230","1","19","0.05","0","10500","43.7","2","59","7"
"5","30","203","9","11","0.45","-327.77777777777777","4722.222222222223","38.85","21","30","5.777777777777778"
"6","40","216","4","16","0.2","-1585.625","6000","38.1","4","20","5"
"2","5","181","20","0","1","153.875","0","34.05","45","0","5.5"
"3","10","188","20","0","1","156","850","49.75","68","0","5.9"
"7","50","231","1","19","0.05","450","11000","43.7","2","59","7"
"1","0","144","20","0","1","1075.375","0","48.25","49","0","5.05"
"6","40","217","4","16","0.2","-1625.625","6000","38.1","4","20","5"
"4","20","192","16","4","0.8","-1.25","2718.75","53.35","56","9","6.0625"
"7","50","232","1","19","0.05","400","11000","43.7","2","59","7"
"2","5","182","20","0","1","148.875","0","34.05","45","0","5.5"
"3","10","189","20","0","1","146","850","49.75","73","0","5.95"
"6","40","218","4","16","0.2","-1540.625","6125","38.1","4","20","5"
"5","30","204","8","12","0.4","-398.75","4687.5","38.85","18","33","5.875"
"7","50","233","1","19","0.05","350","11000","43.7","2","59","7"
"4","20","193","16","4","0.8","-21.25","2718.75","53.35","56","9","6.0625"
"6","40","219","4","16","0.2","-1580.625","6125","38.1","4","20","5"
"5","30","205","8","12","0.4","-366.25","4750","38.85","18","33","5.875"
"7","50","234","1","19","0.05","300","11000","43.7","2","59","7"
"3","10","190","20","0","1","136","850","49.75","73","0","5.95"
"2","5","183","20","0","1","143.875","0","34.05","45","0","5.5"
"4","20","194","16","4","0.8","-41.25","2718.75","53.35","56","9","6.125"
"6","40","220","4","16","0.2","-1620.625","6125","38.1","4","20","5"
"7","50","235","1","19","0.05","250","11000","43.7","2","59","7"
"5","30","206","8","12","0.4","-333.75","4812.5","38.85","18","33","5.875"
"6","40","221","4","16","0.2","-1660.625","6125","38.1","4","20","5"
"7","50","236","1","19","0.05","200","11000","43.7","2","59","7"
"3","10","191","20","0","1","126","850","49.75","73","0","5.95"
"1","0","145","20","0","1","1075.375","0","48.25","49","0","5.05"
"5","30","207","8","12","0.4","-363.75","4812.5","38.85","18","33","5.875"
"4","20","195","16","4","0.8","-61.25","2718.75","53.35","56","9","6.125"
"2","5","184","20","0","1","138.875","0","34.05","45","0","5.5"
"3","10","192","20","0","1","141","875","49.75","73","0","5.95"
"6","40","222","4","16","0.2","-1700.625","6125","38.1","4","20","5"
"7","50","237","1","19","0.05","150","11000","43.7","2","59","7"
"1","0","146","20","0","1","1075.375","0","48.25","49","0","5.05"
"4","20","196","16","4","0.8","-81.25","2718.75","53.35","56","9","6.125"
"3","10","193","20","0","1","131","875","49.75","73","0","5.95"
"5","30","208","8","12","0.4","-393.75","4812.5","38.85","18","33","5.875"
"6","40","223","4","16","0.2","-1740.625","6125","38.1","4","20","5"
"7","50","238","1","19","0.05","100","11000","43.7","2","59","7"
"2","5","185","20","0","1","133.875","0","34.05","45","0","5.5"
"4","20","197","16","4","0.8","-101.25","2718.75","53.35","56","9","6.125"
"6","40","224","4","16","0.2","-1780.625","6125","38.1","4","20","5"
"3","10","194","20","0","1","146","900","49.75","73","0","6"
"1","0","147","20","0","1","1075.375","0","48.25","49","0","5.05"
"5","30","209","8","12","0.4","-423.75","4812.5","38.85","18","33","5.875"
"7","50","239","1","19","0.05","50","11000","43.7","2","59","7"
"6","40","225","4","16","0.2","-1820.625","6125","38.1","4","20","5"
"2","5","186","20","0","1","128.875","0","34.05","45","0","5.5"
"4","20","198","16","4","0.8","-121.25","2718.75","53.35","56","9","6.125"
"3","10","195","20","0","1","136","900","49.75","73","0","6"
"7","50","240","1","19","0.05","0","11000","43.7","2","59","7"
"6","40","226","4","16","0.2","-1610.625","6375","38.1","4","20","5"
"5","30","210","8","12","0.4","-453.75","4812.5","38.85","18","33","5.875"
"1","0","148","20","0","1","1075.375","0","48.25","49","0","5.05"
"6","40","227","4","16","0.2","-1650.625","6375","38.1","4","20","5"
"7","50","241","1","19","0.05","450","11500","43.7","2","59","7"
"5","30","211","8","12","0.4","-483.75","4812.5","38.85","18","33","5.875"
"2","5","187","20","0","1","123.875","0","34.05","45","0","5.5"
"4","20","199","16","4","0.8","-141.25","2718.75","53.35","56","9","6.125"
"3","10","196","20","0","1","126","900","49.75","73","0","6"
"7","50","242","1","19","0.05","400","11500","43.7","2","59","7"
"1","0","149","20","0","1","1075.375","0","48.25","49","0","5.05"
"5","30","212","8","12","0.4","-513.75","4812.5","38.85","18","33","5.875"
"6","40","228","4","16","0.2","-1690.625","6375","38.1","4","20","5"
"2","5","188","20","0","1","118.875","0","34.05","45","0","5.5"
"4","20","200","16","4","0.8","-161.25","2718.75","53.35","56","9","6.125"
"7","50","243","1","19","0.05","350","11500","43.7","2","59","7"
"3","10","197","20","0","1","116","900","49.75","73","0","6"
"6","40","229","4","16","0.2","-1730.625","6375","38.1","4","20","5"
"5","30","213","8","12","0.4","-543.75","4812.5","38.85","18","33","5.875"
"1","0","150","20","0","1","1075.375","0","48.25","49","0","5.05"
"7","50","244","1","19","0.05","300","11500","43.7","2","59","7"
"5","30","214","8","12","0.4","-573.75","4812.5","38.85","18","33","5.875"
"3","10","198","20","0","1","106","900","49.75","73","0","6"
"6","40","230","4","16","0.2","-1770.625","6375","38.1","4","20","5"
"2","5","189","20","0","1","113.875","0","34.05","45","0","5.5"
"4","20","201","13","7","0.65","11.538461538461538","2923.076923076923","53.35","45","20","5.923076923076923"
"7","50","245","1","19","0.05","250","11500","43.7","2","59","7"
"1","0","151","20","0","1","1075.375","0","48.25","51","0","5.1"
"4","20","202","13","7","0.65","-8.461538461538462","2923.076923076923","53.35","45","20","5.923076923076923"
"6","40","231","4","16","0.2","-1685.625","6500","38.1","4","20","5"
"5","30","215","8","12","0.4","-603.75","4812.5","38.85","18","33","5.875"
"2","5","190","20","0","1","108.875","0","34.05","45","0","5.5"
"7","50","246","1","19","0.05","200","11500","43.7","2","59","7"
"3","10","199","20","0","1","96","900","49.75","73","0","6"
"6","40","232","4","16","0.2","-1725.625","6500","38.1","4","20","5"
"4","20","203","13","7","0.65","-28.46153846153846","2923.076923076923","53.35","45","20","5.923076923076923"
"1","0","152","20","0","1","1075.375","0","48.25","51","0","5.1"
"5","30","216","8","12","0.4","-633.75","4812.5","38.85","18","33","5.875"
"7","50","247","1","19","0.05","150","11500","43.7","2","59","7"
"6","40","233","4","16","0.2","-1765.625","6500","38.1","4","20","5"
"3","10","200","20","0","1","86","900","49.75","73","0","6"
"2","5","191","20","0","1","103.875","0","34.05","45","0","5.5"
"4","20","204","13","7","0.65","-48.46153846153846","2923.076923076923","53.35","45","20","5.923076923076923"
"7","50","248","1","19","0.05","100","11500","43.7","2","59","7"
"6","40","234","4","16","0.2","-1805.625","6500","38.1","4","20","5"
"1","0","153","20","0","1","1075.375","0","48.25","51","0","5.1"
"5","30","217","8","12","0.4","-351.25","5125","38.85","18","33","5.875"
"4","20","205","13","7","0.65","-68.46153846153847","2923.076923076923","53.35","45","20","5.923076923076923"
"2","5","192","20","0","1","98.875","0","34.05","45","0","5.5"
"6","40","235","4","16","0.2","-1845.625","6500","38.1","4","20","5"
"7","50","249","1","19","0.05","50","11500","43.7","2","59","7"
"3","10","201","20","0","1","226","1050","49.75","73","0","6"
"6","40","236","4","16","0.2","-1885.625","6500","38.1","4","20","5"
"5","30","218","8","12","0.4","-381.25","5125","38.85","18","33","5.875"
"1","0","154","20","0","1","1075.375","0","48.25","51","0","5.1"
"2","5","193","20","0","1","93.875","0","34.05","45","0","5.5"
"3","10","202","20","0","1","241","1075","49.75","73","0","6"
"4","20","206","13","7","0.65","-88.46153846153847","2923.076923076923","53.35","45","20","5.923076923076923"
"7","50","250","1","19","0.05","0","11500","43.7","2","59","7"
"6","40","237","4","16","0.2","-1925.625","6500","38.1","4","20","5.25"
"5","30","219","8","12","0.4","-411.25","5125","38.85","18","33","5.875"
"7","50","251","1","19","0.05","450","12000","43.7","2","59","7"
"6","40","238","4","16","0.2","-1715.625","6750","38.1","4","20","5.25"
"2","5","194","20","0","1","88.875","0","34.05","45","0","5.5"
"3","10","203","20","0","1","306","1150","49.75","73","0","6"
"4","20","207","12","8","0.6","-74.16666666666667","2958.3333333333335","53.35","35","30","5.666666666666667"
"5","30","220","8","12","0.4","-441.25","5125","38.85","18","33","5.875"
"1","0","155","20","0","1","1075.375","0","48.25","53","0","5.15"
"2","5","195","20","0","1","83.875","0","34.05","45","0","5.5"
"5","30","221","8","12","0.4","-408.75","5187.5","38.85","18","33","5.875"
"3","10","204","20","0","1","321","1175","49.75","73","0","6"
"6","40","239","4","16","0.2","-1755.625","6750","38.1","4","20","5.25"
"4","20","208","12","8","0.6","-94.16666666666667","2958.3333333333335","53.35","35","30","5.666666666666667"
"7","50","252","1","19","0.05","400","12000","43.7","2","59","7"
"6","40","240","4","16","0.2","-1795.625","6750","38.1","4","20","5.25"
"1","0","156","20","0","1","1075.375","0","48.25","53","0","5.15"
"2","5","196","20","0","1","78.875","0","34.05","45","0","5.5"
"7","50","253","1","19","0.05","350","12000","43.7","2","59","7"
"5","30","222","8","12","0.4","-376.25","5250","38.85","18","33","5.875"
"6","40","241","4","16","0.2","-1835.625","6750","38.1","4","20","5.25"
"3","10","205","20","0","1","336","1200","49.75","74","0","6.05"
"4","20","209","12","8","0.6","-114.16666666666667","2958.3333333333335","53.35","35","30","5.666666666666667"
"7","50","254","1","19","0.05","300","12000","43.7","2","59","7"
"1","0","157","20","0","1","1075.375","0","48.25","53","0","5.15"
"6","40","242","4","16","0.2","-1875.625","6750","38.1","4","20","5.25"
"2","5","197","20","0","1","73.875","0","34.05","45","0","5.55"
"5","30","223","8","12","0.4","-406.25","5250","38.85","19","33","6"
"7","50","255","1","19","0.05","250","12000","43.7","2","59","7"
"4","20","210","11","9","0.55","-144.54545454545453","2954.5454545454545","53.35","29","36","5.454545454545454"
"3","10","206","20","0","1","326","1200","49.75","74","0","6.05"
"6","40","243","4","16","0.2","-1790.625","6875","38.1","4","20","5.25"
"5","30","224","8","12","0.4","-436.25","5250","38.85","19","33","6"
"7","50","256","1","19","0.05","200","12000","43.7","2","59","7"
"1","0","158","20","0","1","1075.375","0","48.25","53","0","5.15"
"6","40","244","4","16","0.2","-1830.625","6875","38.1","4","20","5.25"
"4","20","211","11","9","0.55","-119.0909090909091","3000","53.35","29","36","5.454545454545454"
"2","5","198","20","0","1","68.875","0","34.05","45","0","5.55"
"7","50","257","1","19","0.05","150","12000","43.7","2","59","7"
"5","30","225","8","12","0.4","-466.25","5250","38.85","19","33","6"
"3","10","207","20","0","1","316","1200","49.75","74","0","6.05"
"6","40","245","4","16","0.2","-1870.625","6875","38.1","4","20","5.25"
"7","50","258","1","19","0.05","100","12000","43.7","2","59","7"
"5","30","226","8","12","0.4","-496.25","5250","38.85","19","33","6"
"1","0","159","20","0","1","1075.375","0","48.25","53","0","5.15"
"4","20","212","11","9","0.55","-139.0909090909091","3000","53.35","33","36","5.545454545454546"
"3","10","208","20","0","1","306","1200","49.75","74","0","6.05"
"7","50","259","1","19","0.05","50","12000","43.7","2","59","7"
"6","40","246","4","16","0.2","-1910.625","6875","38.1","4","20","5.25"
"2","5","199","20","0","1","63.875","0","34.05","45","0","5.55"
"5","30","227","8","12","0.4","-526.25","5250","38.85","19","33","6"
"7","50","260","1","19","0.05","0","12000","43.7","2","59","7"
"4","20","213","11","9","0.55","-159.0909090909091","3000","53.35","33","36","5.545454545454546"
"1","0","160","20","0","1","1075.375","0","48.25","53","0","5.15"
"6","40","247","4","16","0.2","-1950.625","6875","38.1","4","20","5.25"
"3","10","209","20","0","1","296","1200","49.75","74","0","6.05"
"2","5","200","20","0","1","58.875","0","34.05","45","0","5.55"
"5","30","228","8","12","0.4","-556.25","5250","38.85","19","33","6"
"4","20","214","11","9","0.55","-179.0909090909091","3000","53.35","33","36","5.545454545454546"
"6","40","248","4","16","0.2","-1990.625","6875","38.1","4","20","5.25"
"1","0","161","20","0","1","1075.375","0","48.25","53","0","5.15"
"3","10","210","20","0","1","286","1200","49.75","74","0","6.05"
"5","30","229","8","12","0.4","-586.25","5250","38.85","19","33","6"
"7","50","261","0","20","0","0","0","43.7","0","61","0"
"4","20","215","11","9","0.55","-199.0909090909091","3000","53.35","33","36","5.545454545454546"
"2","5","201","20","0","1","178.875","125","34.05","45","0","5.55"
"6","40","249","4","16","0.2","-2030.625","6875","38.1","4","20","5.25"
"5","30","230","8","12","0.4","-616.25","5250","38.85","19","33","6"
"7","50","262","0","20","0","0","0","43.7","0","61","0"
"3","10","211","20","0","1","276","1200","49.75","74","0","6.05"
"1","0","162","20","0","1","1075.375","0","48.25","53","0","5.15"
"2","5","202","20","0","1","198.875","150","34.05","45","0","5.55"
"4","20","216","11","9","0.55","-219.0909090909091","3000","53.35","33","36","5.545454545454546"
"6","40","250","4","16","0.2","-2070.625","6875","38.1","4","20","5.25"
"7","50","263","0","20","0","0","0","43.7","0","61","0"
"5","30","231","8","12","0.4","-646.25","5250","38.85","19","33","6"
"3","10","212","20","0","1","266","1200","49.75","74","0","6.05"
"6","40","251","4","16","0.2","-1860.625","7125","38.1","4","20","5.25"
"4","20","217","11","9","0.55","-193.63636363636363","3045.4545454545455","53.35","33","36","5.545454545454546"
"1","0","163","20","0","1","1075.375","0","48.25","53","0","5.2"
"5","30","232","8","12","0.4","-676.25","5250","38.85","19","33","6"
"2","5","203","20","0","1","218.875","175","34.05","45","0","5.55"
"7","50","264","0","20","0","0","0","43.7","0","61","0"
"3","10","213","20","0","1","256","1200","49.75","74","0","6.05"
"6","40","252","4","16","0.2","-1900.625","7125","38.1","4","20","5.25"
"4","20","218","11","9","0.55","-213.63636363636363","3045.4545454545455","53.35","33","36","5.545454545454546"
"5","30","233","8","12","0.4","-706.25","5250","38.85","19","33","6"
"7","50","265","0","20","0","0","0","43.7","0","61","0"
"6","40","253","4","16","0.2","-1940.625","7125","38.1","4","20","5.25"
"1","0","164","20","0","1","1075.375","0","48.25","55","0","5.25"
"3","10","214","20","0","1","271","1225","49.75","74","0","6.05"
"7","50","266","0","20","0","0","0","43.7","0","61","0"
"2","5","204","20","0","1","213.875","175","34.05","45","0","5.55"
"6","40","254","4","16","0.2","-1980.625","7125","38.1","4","20","5.25"
"5","30","234","7","13","0.35","-552.8571428571429","5428.571428571428","38.85","19","33","6.142857142857143"
"4","20","219","11","9","0.55","-233.63636363636363","3045.4545454545455","53.35","33","36","5.545454545454546"
"7","50","267","0","20","0","0","0","43.7","0","61","0"
"1","0","165","20","0","1","1075.375","0","48.25","55","0","5.25"
"5","30","235","7","13","0.35","-582.8571428571429","5428.571428571428","38.85","19","33","6.142857142857143"
"4","20","220","11","9","0.55","-253.63636363636363","3045.4545454545455","53.35","33","36","5.545454545454546"
"7","50","268","0","20","0","0","0","43.7","0","61","0"
"2","5","205","20","0","1","208.875","175","34.05","45","0","5.55"
"3","10","215","20","0","1","286","1250","49.75","74","0","6.05"
"7","50","269","0","20","0","0","0","43.7","0","61","0"
"5","30","236","7","13","0.35","-612.8571428571429","5428.571428571428","38.85","19","33","6.142857142857143"
"4","20","221","11","9","0.55","-273.6363636363636","3045.4545454545455","53.35","33","36","5.545454545454546"
"1","0","166","20","0","1","1075.375","0","48.25","55","0","5.25"
"7","50","270","0","20","0","0","0","43.7","0","61","0"
"3","10","216","20","0","1","276","1250","49.75","74","0","6.05"
"2","5","206","20","0","1","203.875","175","34.05","45","0","5.55"
"5","30","237","7","13","0.35","-642.8571428571429","5428.571428571428","38.85","19","33","6.142857142857143"
"4","20","222","11","9","0.55","-293.6363636363636","3045.4545454545455","53.35","33","36","5.545454545454546"
"7","50","271","0","20","0","0","0","43.7","0","61","0"
"3","10","217","20","0","1","266","1250","49.75","74","0","6.05"
"1","0","167","20","0","1","1075.375","0","48.25","55","0","5.25"
"7","50","272","0","20","0","0","0","43.7","0","61","0"
"5","30","238","7","13","0.35","-601.4285714285714","5500","38.85","19","33","6.142857142857143"
"2","5","207","20","0","1","223.875","200","34.05","45","0","5.55"
"4","20","223","11","9","0.55","-313.6363636363636","3045.4545454545455","53.35","33","36","5.545454545454546"
"7","50","273","0","20","0","0","0","43.7","0","61","0"
"3","10","218","20","0","1","256","1250","49.75","74","0","6.05"
"5","30","239","7","13","0.35","-560","5571.428571428572","38.85","19","33","6.142857142857143"
"4","20","224","11","9","0.55","-288.1818181818182","3090.909090909091","53.35","33","36","5.545454545454546"
"2","5","208","20","0","1","218.875","200","34.05","45","0","5.55"
"1","0","168","20","0","1","1075.375","0","48.25","55","0","5.25"
"7","50","274","0","20","0","0","0","43.7","0","61","0"
"6","40","255","4","16","0.2","-2020.625","7125","38.1","4","20","5.25"
"3","10","219","20","0","1","271","1275","49.75","74","0","6.05"
"4","20","225","11","9","0.55","-308.1818181818182","3090.909090909091","53.35","33","36","5.545454545454546"
"5","30","240","7","13","0.35","-590","5571.428571428572","38.85","19","33","6.142857142857143"
"7","50","275","0","20","0","0","0","43.7","0","61","0"
"2","5","209","20","0","1","263.875","250","34.05","45","0","5.55"
"1","0","169","20","0","1","1075.375","0","48.25","55","0","5.25"
"7","50","276","0","20","0","0","0","43.7","0","61","0"
"6","40","256","4","16","0.2","-1935.625","7250","38.1","4","20","5.25"
"4","20","226","11","9","0.55","-55.45454545454545","3363.6363636363635","53.35","33","36","5.545454545454546"
"5","30","241","7","13","0.35","-620","5571.428571428572","38.85","19","33","6.142857142857143"
"2","5","210","20","0","1","258.875","250","34.05","45","0","5.55"
"3","10","220","20","0","1","286","1300","49.75","75","0","6.1"
"6","40","257","4","16","0.2","-1975.625","7250","38.1","4","20","5.25"
"7","50","277","0","20","0","0","0","43.7","0","61","0"
"1","0","170","20","0","1","1075.375","0","48.25","55","0","5.3"
"7","50","278","0","20","0","0","0","43.7","0","61","0"
"3","10","221","20","0","1","276","1300","49.75","75","0","6.1"
"2","5","211","20","0","1","253.875","250","34.05","45","0","5.6"
"4","20","227","11","9","0.55","-75.45454545454545","3363.6363636363635","53.35","33","36","5.545454545454546"
"5","30","242","7","13","0.35","-650","5571.428571428572","38.85","19","33","6.142857142857143"
"6","40","258","4","16","0.2","-2015.625","7250","38.1","4","20","5.25"
"7","50","279","0","20","0","0","0","43.7","0","61","0"
"5","30","243","7","13","0.35","-680","5571.428571428572","38.85","19","33","6.142857142857143"
"1","0","171","20","0","1","1075.375","0","48.25","55","0","5.3"
"3","10","222","20","0","1","266","1300","49.75","75","0","6.15"
"4","20","228","11","9","0.55","-95.45454545454545","3363.6363636363635","53.35","33","36","5.545454545454546"
"2","5","212","20","0","1","248.875","250","34.05","45","0","5.65"
"7","50","280","0","20","0","0","0","43.7","0","61","0"
"6","40","259","4","16","0.2","-2055.625","7250","38.1","4","20","5.25"
"5","30","244","7","13","0.35","-710","5571.428571428572","38.85","19","33","6.142857142857143"
"4","20","229","11","9","0.55","-115.45454545454545","3363.6363636363635","53.35","33","36","5.545454545454546"
"1","0","172","20","0","1","1075.375","0","48.25","55","0","5.3"
"6","40","260","4","16","0.2","-2095.625","7250","38.1","4","20","5.25"
"5","30","245","7","13","0.35","-740","5571.428571428572","38.85","19","33","6.142857142857143"
"7","50","281","0","20","0","0","0","43.7","0","61","0"
"3","10","223","20","0","1","256","1300","49.75","75","0","6.15"
"2","5","213","20","0","1","243.875","250","34.05","45","0","5.65"
"4","20","230","11","9","0.55","-135.45454545454547","3363.6363636363635","53.35","33","36","5.545454545454546"
"6","40","261","4","16","0.2","-2135.625","7250","38.1","4","20","5.25"
"5","30","246","7","13","0.35","-770","5571.428571428572","38.85","19","33","6.142857142857143"
"7","50","282","0","20","0","0","0","43.7","0","61","0"
"1","0","173","20","0","1","1075.375","0","48.25","55","0","5.3"
"3","10","224","20","0","1","246","1300","49.75","75","0","6.15"
"2","5","214","20","0","1","238.875","250","34.05","45","0","5.65"
"6","40","262","4","16","0.2","-2175.625","7250","38.1","4","20","5.25"
"4","20","231","11","9","0.55","-155.45454545454547","3363.6363636363635","53.35","33","36","5.545454545454546"
"7","50","283","0","20","0","0","0","43.7","0","61","0"
"5","30","247","7","13","0.35","-800","5571.428571428572","38.85","19","33","6.142857142857143"
"6","40","263","4","16","0.2","-1965.625","7500","38.1","4","20","5.25"
"3","10","225","20","0","1","236","1300","49.75","75","0","6.15"
"5","30","248","7","13","0.35","-830","5571.428571428572","38.85","19","33","6.142857142857143"
"2","5","215","20","0","1","258.875","275","34.05","45","0","5.65"
"1","0","174","20","0","1","1075.375","0","48.25","55","0","5.3"
"4","20","232","11","9","0.55","-130","3409.090909090909","53.35","33","36","5.545454545454546"
"7","50","284","0","20","0","0","0","43.7","0","61","0"
"6","40","264","4","16","0.2","-2005.625","7500","38.1","4","20","5.25"
"5","30","249","7","13","0.35","-860","5571.428571428572","38.85","19","33","6.285714285714286"
"3","10","226","20","0","1","226","1300","49.75","75","0","6.15"
"2","5","216","20","0","1","253.875","275","34.05","45","0","5.65"
"7","50","285","0","20","0","0","0","43.7","0","61","0"
"4","20","233","11","9","0.55","-150","3409.090909090909","53.35","33","36","5.545454545454546"
"6","40","265","4","16","0.2","-2045.625","7500","38.1","4","20","5.25"
"1","0","175","20","0","1","1075.375","0","48.25","55","0","5.3"
"5","30","250","7","13","0.35","-890","5571.428571428572","38.85","19","33","6.285714285714286"
"7","50","286","0","20","0","0","0","43.7","0","61","0"
"3","10","227","20","0","1","216","1300","49.75","75","0","6.15"
"6","40","266","4","16","0.2","-2085.625","7500","38.1","4","20","5.25"
"4","20","234","11","9","0.55","-170","3409.090909090909","53.35","33","36","5.545454545454546"
"2","5","217","20","0","1","248.875","275","34.05","45","0","5.65"
"5","30","251","7","13","0.35","-634.2857142857143","5857.142857142857","38.85","19","33","6.285714285714286"
"1","0","176","20","0","1","1075.375","0","48.25","55","0","5.3"
"6","40","267","4","16","0.2","-2125.625","7500","38.1","4","20","5.25"
"4","20","235","11","9","0.55","-190","3409.090909090909","53.35","33","36","5.545454545454546"
"7","50","287","0","20","0","0","0","43.7","0","61","0"
"5","30","252","7","13","0.35","-664.2857142857143","5857.142857142857","38.85","19","33","6.285714285714286"
"2","5","218","20","0","1","243.875","275","34.05","45","0","5.65"
"3","10","228","20","0","1","231","1325","49.75","75","0","6.15"
"6","40","268","4","16","0.2","-2040.625","7625","38.1","4","20","5.25"
"7","50","288","0","20","0","0","0","43.7","0","61","0"
"4","20","236","11","9","0.55","-164.54545454545453","3454.5454545454545","53.35","33","36","5.545454545454546"
"1","0","177","20","0","1","1075.375","0","48.25","55","0","5.3"
"5","30","253","7","13","0.35","-694.2857142857143","5857.142857142857","38.85","19","33","6.285714285714286"
"6","40","269","4","16","0.2","-2080.625","7625","38.1","4","20","5.25"
"3","10","229","20","0","1","221","1325","49.75","75","0","6.15"
"2","5","219","20","0","1","238.875","275","34.05","45","0","5.65"
"7","50","289","0","20","0","0","0","43.7","0","61","0"
"4","20","237","11","9","0.55","-184.54545454545453","3454.5454545454545","53.35","34","36","5.636363636363637"
"5","30","254","7","13","0.35","-724.2857142857143","5857.142857142857","38.85","19","33","6.285714285714286"
"1","0","178","20","0","1","1075.375","0","48.25","55","0","5.3"
"7","50","290","0","20","0","0","0","43.7","0","61","0"
"6","40","270","4","16","0.2","-2120.625","7625","38.1","4","20","5.25"
"4","20","238","11","9","0.55","-204.54545454545453","3454.5454545454545","53.35","34","36","5.636363636363637"
"3","10","230","20","0","1","211","1325","49.75","75","0","6.2"
"5","30","255","7","13","0.35","-682.8571428571429","5928.571428571428","38.85","19","33","6.285714285714286"
"2","5","220","20","0","1","258.875","300","34.05","45","0","5.7"
"7","50","291","0","20","0","0","0","43.7","0","61","0"
"4","20","239","11","9","0.55","-224.54545454545453","3454.5454545454545","53.35","34","36","5.636363636363637"
"6","40","271","4","16","0.2","-2160.625","7625","38.1","4","20","5.25"
"1","0","179","20","0","1","1075.375","0","48.25","55","0","5.3"
"5","30","256","7","13","0.35","-641.4285714285714","6000","38.85","19","33","6.285714285714286"
"3","10","231","20","0","1","201","1325","49.75","75","0","6.2"
"4","20","240","11","9","0.55","-244.54545454545453","3454.5454545454545","53.35","34","36","5.636363636363637"
"2","5","221","20","0","1","253.875","300","34.05","45","0","5.7"
"5","30","257","7","13","0.35","-671.4285714285714","6000","38.85","19","33","6.285714285714286"
"6","40","272","4","16","0.2","-2200.625","7625","38.1","4","20","5.25"
"7","50","292","0","20","0","0","0","43.7","0","61","0"
"4","20","241","11","9","0.55","-264.54545454545456","3454.5454545454545","53.35","34","36","5.636363636363637"
"1","0","180","20","0","1","1075.375","0","48.25","55","0","5.3"
"3","10","232","20","0","1","191","1325","49.75","75","0","6.2"
"5","30","258","7","13","0.35","-701.4285714285714","6000","38.85","19","33","6.428571428571429"
"2","5","222","20","0","1","248.875","300","34.05","48","0","5.8"
"7","50","293","0","20","0","0","0","43.7","0","61","0"
"4","20","242","10","10","0.5","-312","3450","53.35","31","39","5.6"
"3","10","233","20","0","1","181","1325","49.75","75","0","6.2"
"6","40","273","4","16","0.2","-2240.625","7625","38.1","4","20","5.25"
"5","30","259","7","13","0.35","-731.4285714285714","6000","38.85","19","33","6.428571428571429"
"7","50","294","0","20","0","0","0","43.7","0","61","0"
"1","0","181","20","0","1","1075.375","0","48.25","55","0","5.3"
"4","20","243","10","10","0.5","-332","3450","53.35","31","39","5.6"
"6","40","274","4","16","0.2","-2280.625","7625","38.1","4","20","5.25"
"2","5","223","20","0","1","243.875","300","34.05","49","0","5.85"
"7","50","295","0","20","0","0","0","43.7","0","61","0"
"3","10","234","20","0","1","171","1325","49.75","75","0","6.2"
"5","30","260","7","13","0.35","-761.4285714285714","6000","38.85","19","33","6.428571428571429"
"4","20","244","10","10","0.5","-352","3450","53.35","31","39","5.6"
"6","40","275","4","16","0.2","-2320.625","7625","38.1","4","20","5.25"
"1","0","182","20","0","1","1075.375","0","48.25","55","0","5.3"
"7","50","296","0","20","0","0","0","43.7","0","61","0"
"5","30","261","7","13","0.35","-791.4285714285714","6000","38.85","19","33","6.428571428571429"
"4","20","245","10","10","0.5","-372","3450","53.35","31","39","5.6"
"6","40","276","4","16","0.2","-2110.625","7875","38.1","4","20","5.25"
"2","5","224","20","0","1","238.875","300","34.05","49","0","5.85"
"3","10","235","20","0","1","161","1325","49.75","75","0","6.2"
"5","30","262","7","13","0.35","-821.4285714285714","6000","38.85","19","33","6.428571428571429"
"1","0","183","20","0","1","1075.375","0","48.25","55","0","5.3"
"6","40","277","4","16","0.2","-2150.625","7875","38.1","4","20","5.25"
"4","20","246","10","10","0.5","-392","3450","53.35","31","39","5.6"
"3","10","236","20","0","1","151","1325","49.75","75","0","6.2"
"7","50","297","0","20","0","0","0","43.7","0","61","0"
"5","30","263","7","13","0.35","-851.4285714285714","6000","38.85","19","33","6.571428571428571"
"2","5","225","20","0","1","233.875","300","34.05","49","0","5.85"
"6","40","278","4","16","0.2","-2190.625","7875","38.1","4","20","5.25"
"4","20","247","10","10","0.5","-412","3450","53.35","31","39","5.6"
"1","0","184","20","0","1","1075.375","0","48.25","55","0","5.3"
"5","30","264","7","13","0.35","-881.4285714285714","6000","38.85","19","33","6.571428571428571"
"7","50","298","0","20","0","0","0","43.7","0","61","0"
"3","10","237","20","0","1","141","1325","49.75","75","0","6.2"
"4","20","248","10","10","0.5","-432","3450","53.35","31","39","5.6"
"6","40","279","4","16","0.2","-2230.625","7875","38.1","4","20","5.25"
"2","5","226","20","0","1","228.875","300","34.05","49","0","5.85"
"5","30","265","7","13","0.35","-911.4285714285714","6000","38.85","19","33","6.571428571428571"
"7","50","299","0","20","0","0","0","43.7","0","61","0"
"3","10","238","20","0","1","156","1350","49.75","75","0","6.2"
"6","40","280","4","16","0.2","-2270.625","7875","38.1","4","20","5.25"
"1","0","185","20","0","1","1075.375","0","48.25","55","0","5.35"
"4","20","249","10","10","0.5","-452","3450","53.35","31","39","5.6"
"7","50","300","0","20","0","0","0","43.7","0","61","0"
"5","30","266","7","13","0.35","-941.4285714285714","6000","38.85","19","33","6.571428571428571"
"2","5","227","20","0","1","223.875","300","34.05","49","0","5.85"
"6","40","281","4","16","0.2","-2185.625","8000","38.1","4","20","5.25"
"3","10","239","20","0","1","146","1350","49.75","75","0","6.2"
"4","20","250","9","11","0.45","-352.22222222222223","3611.1111111111113","53.35","21","49","5.222222222222222"
"1","0","186","20","0","1","1075.375","0","48.25","55","0","5.35"
"5","30","267","7","13","0.35","-685.7142857142857","6285.714285714285","38.85","22","33","6.714285714285714"
"7","50","301","0","20","0","0","0","43.7","0","61","0"
"6","40","282","4","16","0.2","-2225.625","8000","38.1","4","20","5.25"
"2","5","228","20","0","1","218.875","300","34.05","50","0","5.9"
"3","10","240","20","0","1","136","1350","49.75","75","0","6.2"
"4","20","251","8","12","0.4","-103.75","3875","53.35","18","52","5.25"
"5","30","268","7","13","0.35","-715.7142857142857","6285.714285714285","38.85","22","33","6.714285714285714"
"6","40","283","4","16","0.2","-2265.625","8000","38.1","4","20","5.25"
"7","50","302","0","20","0","0","0","43.7","0","61","0"
"1","0","187","20","0","1","1075.375","0","48.25","55","0","5.35"
"2","5","229","20","0","1","213.875","300","34.05","50","0","5.9"
"3","10","241","20","0","1","126","1350","49.75","75","0","6.2"
"4","20","252","8","12","0.4","-123.75","3875","53.35","18","52","5.375"
"6","40","284","4","16","0.2","-2305.625","8000","38.1","4","20","5.25"
"7","50","303","0","20","0","0","0","43.7","0","61","0"
"5","30","269","7","13","0.35","-745.7142857142857","6285.714285714285","38.85","22","33","6.714285714285714"
"4","20","253","8","12","0.4","-143.75","3875","53.35","18","52","5.375"
"6","40","285","4","16","0.2","-2345.625","8000","38.1","4","20","5.25"
"3","10","242","20","0","1","116","1350","49.75","75","0","6.2"
"5","30","270","7","13","0.35","-775.7142857142857","6285.714285714285","38.85","22","33","6.714285714285714"
"7","50","304","0","20","0","0","0","43.7","0","61","0"
"1","0","188","20","0","1","1075.375","0","48.25","55","0","5.35"
"2","5","230","20","0","1","233.875","325","34.05","50","0","5.9"
"4","20","254","8","12","0.4","-163.75","3875","53.35","18","52","5.375"
"6","40","286","4","16","0.2","-2385.625","8000","38.1","4","20","5.25"
"7","50","305","0","20","0","0","0","43.7","0","61","0"
"5","30","271","7","13","0.35","-734.2857142857143","6357.142857142857","38.85","22","33","6.714285714285714"
"3","10","243","20","0","1","106","1350","49.75","75","0","6.2"
"1","0","189","20","0","1","1075.375","0","48.25","55","0","5.35"
"5","30","272","7","13","0.35","-692.8571428571429","6428.571428571428","38.85","22","33","6.714285714285714"
"7","50","306","0","20","0","0","0","43.7","0","61","0"
"4","20","255","8","12","0.4","-183.75","3875","53.35","18","52","5.375"
"2","5","231","20","0","1","228.875","325","34.05","50","0","5.9"
"6","40","287","4","16","0.2","-2425.625","8000","38.1","4","20","5.25"
"3","10","244","20","0","1","96","1350","49.75","75","0","6.2"
"5","30","273","7","13","0.35","-722.8571428571429","6428.571428571428","38.85","22","33","6.714285714285714"
"7","50","307","0","20","0","0","0","43.7","0","61","0"
"4","20","256","8","12","0.4","-203.75","3875","53.35","18","52","5.375"
"2","5","232","20","0","1","223.875","325","34.05","50","0","5.95"
"6","40","288","4","16","0.2","-2215.625","8250","38.1","4","20","5.25"
"3","10","245","20","0","1","111","1375","49.75","75","0","6.2"
"5","30","274","7","13","0.35","-752.8571428571429","6428.571428571428","38.85","22","33","6.714285714285714"
"1","0","190","20","0","1","1075.375","0","48.25","55","0","5.35"
"2","5","233","20","0","1","243.875","350","34.05","50","0","5.95"
"6","40","289","4","16","0.2","-2255.625","8250","38.1","4","20","5.25"
"4","20","257","8","12","0.4","-161.25","3937.5","53.35","18","52","5.375"
"7","50","308","0","20","0","0","0","43.7","0","61","0"
"3","10","246","20","0","1","101","1375","49.75","75","0","6.2"
"5","30","275","7","13","0.35","-782.8571428571429","6428.571428571428","38.85","22","33","6.714285714285714"
"6","40","290","4","16","0.2","-2295.625","8250","38.1","4","20","5.25"
"7","50","309","0","20","0","0","0","43.7","0","61","0"
"1","0","191","20","0","1","1075.375","0","48.25","55","0","5.35"
"2","5","234","20","0","1","238.875","350","34.05","50","0","5.95"
"5","30","276","7","13","0.35","-812.8571428571429","6428.571428571428","38.85","22","33","6.714285714285714"
"4","20","258","8","12","0.4","-181.25","3937.5","53.35","18","52","5.375"
"6","40","291","4","16","0.2","-2335.625","8250","38.1","4","20","5.25"
"7","50","310","0","20","0","0","0","43.7","0","61","0"
"5","30","277","7","13","0.35","-842.8571428571429","6428.571428571428","38.85","22","33","6.714285714285714"
"3","10","247","20","0","1","91","1375","49.75","75","0","6.2"
"4","20","259","8","12","0.4","-201.25","3937.5","53.35","18","52","5.375"
"7","50","311","0","20","0","0","0","43.7","0","61","0"
"6","40","292","4","16","0.2","-2375.625","8250","38.1","4","20","5.25"
"2","5","235","20","0","1","233.875","350","34.05","50","0","5.95"
"1","0","192","20","0","1","1075.375","0","48.25","55","0","5.35"
"5","30","278","7","13","0.35","-872.8571428571429","6428.571428571428","38.85","22","33","6.714285714285714"
"7","50","312","0","20","0","0","0","43.7","0","61","0"
"6","40","293","4","16","0.2","-2290.625","8375","38.1","4","20","5.25"
"4","20","260","8","12","0.4","-221.25","3937.5","53.35","18","52","5.375"
"3","10","248","20","0","1","81","1375","49.75","75","0","6.2"
"2","5","236","20","0","1","228.875","350","34.05","50","0","5.95"
"5","30","279","7","13","0.35","-902.8571428571429","6428.571428571428","38.85","22","33","6.714285714285714"
"6","40","294","4","16","0.2","-2330.625","8375","38.1","4","20","5.25"
"1","0","193","20","0","1","1075.375","0","48.25","55","0","5.35"
"5","30","280","7","13","0.35","-932.8571428571429","6428.571428571428","38.85","22","33","6.714285714285714"
"4","20","261","8","12","0.4","-178.75","4000","53.35","18","52","5.375"
"7","50","313","0","20","0","0","0","43.7","0","61","0"
"3","10","249","20","0","1","71","1375","49.75","75","0","6.2"
"6","40","295","4","16","0.2","-2370.625","8375","38.1","4","20","5.25"
"2","5","237","20","0","1","223.875","350","34.05","50","0","5.95"
"5","30","281","7","13","0.35","-962.8571428571429","6428.571428571428","38.85","22","33","6.714285714285714"
"4","20","262","8","12","0.4","-198.75","4000","53.35","18","52","5.375"
"6","40","296","4","16","0.2","-2410.625","8375","38.1","4","20","5.25"
"1","0","194","20","0","1","1075.375","0","48.25","55","0","5.35"
"3","10","250","20","0","1","61","1375","49.75","75","0","6.2"
"2","5","238","20","0","1","243.875","375","34.05","50","0","5.95"
"7","50","314","0","20","0","0","0","43.7","0","61","0"
"4","20","263","8","12","0.4","-218.75","4000","53.35","18","52","5.375"
"6","40","297","4","16","0.2","-2450.625","8375","38.1","4","20","5.25"
"5","30","282","7","13","0.35","-992.8571428571429","6428.571428571428","38.85","22","33","6.714285714285714"
"7","50","315","0","20","0","0","0","43.7","0","61","0"
"3","10","251","20","0","1","226","1550","49.75","75","0","6.2"
"4","20","264","8","12","0.4","-238.75","4000","53.35","18","52","5.375"
"1","0","195","20","0","1","1075.375","0","48.25","55","0","5.35"
"5","30","283","7","13","0.35","-1022.8571428571429","6428.571428571428","38.85","22","33","6.714285714285714"
"2","5","239","20","0","1","238.875","375","34.05","50","0","5.95"
"6","40","298","4","16","0.2","-2490.625","8375","38.1","4","20","5.25"
"7","50","316","0","20","0","0","0","43.7","0","61","0"
"4","20","265","8","12","0.4","-258.75","4000","53.35","18","52","5.375"
"3","10","252","20","0","1","266","1600","49.75","75","0","6.2"
"6","40","299","4","16","0.2","-2530.625","8375","38.1","4","20","5.25"
"5","30","284","7","13","0.35","-767.1428571428571","6714.285714285715","38.85","22","33","6.714285714285714"
"2","5","240","20","0","1","233.875","375","34.05","50","0","5.95"
"7","50","317","0","20","0","0","0","43.7","0","61","0"
"4","20","266","8","12","0.4","-278.75","4000","53.35","18","52","5.375"
"1","0","196","20","0","1","1075.375","0","48.25","55","0","5.35"
"6","40","300","4","16","0.2","-2570.625","8375","38.1","4","20","5.25"
"3","10","253","20","0","1","256","1600","49.75","75","0","6.2"
"5","30","285","7","13","0.35","-797.1428571428571","6714.285714285715","38.85","22","33","6.714285714285714"
"4","20","267","8","12","0.4","-298.75","4000","53.35","18","52","5.375"
"2","5","241","20","0","1","228.875","375","34.05","50","0","5.95"
"7","50","318","0","20","0","0","0","43.7","0","61","0"
"6","40","301","4","16","0.2","-2360.625","8625","38.1","4","20","5.25"
"5","30","286","7","13","0.35","-827.1428571428571","6714.285714285715","38.85","22","33","6.714285714285714"
"1","0","197","20","0","1","1075.375","0","48.25","55","0","5.35"
"6","40","302","4","16","0.2","-2400.625","8625","38.1","4","20","5.25"
"2","5","242","20","0","1","223.875","375","34.05","50","0","5.95"
"3","10","254","20","0","1","296","1650","49.75","75","0","6.2"
"7","50","319","0","20","0","0","0","43.7","0","61","0"
"4","20","268","8","12","0.4","-318.75","4000","53.35","18","52","5.375"
"5","30","287","7","13","0.35","-857.1428571428571","6714.285714285715","38.85","22","33","6.714285714285714"
"6","40","303","4","16","0.2","-2440.625","8625","38.1","4","20","5.25"
"7","50","320","0","20","0","0","0","43.7","0","61","0"
"5","30","288","7","13","0.35","-815.7142857142857","6785.714285714285","38.85","22","33","6.714285714285714"
"4","20","269","8","12","0.4","-338.75","4000","53.35","18","52","5.375"
"1","0","198","20","0","1","1075.375","0","48.25","55","0","5.35"
"6","40","304","4","16","0.2","-2480.625","8625","38.1","4","20","5.25"
"3","10","255","20","0","1","286","1650","49.75","75","0","6.2"
"2","5","243","20","0","1","268.875","425","34.05","50","0","5.95"
"5","30","289","6","14","0.3","-983.3333333333334","6666.666666666667","38.85","17","38","6.5"
"4","20","270","8","12","0.4","-358.75","4000","53.35","18","52","5.375"
"7","50","321","0","20","0","0","0","43.7","0","61","0"
"6","40","305","4","16","0.2","-2520.625","8625","38.1","4","20","5.25"
"4","20","271","8","12","0.4","-378.75","4000","53.35","18","52","5.375"
"5","30","290","6","14","0.3","-1013.3333333333334","6666.666666666667","38.85","17","38","6.5"
"2","5","244","20","0","1","288.875","450","34.05","50","0","5.95"
"6","40","306","4","16","0.2","-2435.625","8750","38.1","4","20","5.5"
"1","0","199","20","0","1","1075.375","0","48.25","55","0","5.35"
"5","30","291","6","14","0.3","-1043.3333333333333","6666.666666666667","38.85","17","38","6.5"
"4","20","272","8","12","0.4","-398.75","4000","53.35","18","52","5.375"
"7","50","322","0","20","0","0","0","43.7","0","61","0"
"3","10","256","20","0","1","276","1650","49.75","75","0","6.2"
"6","40","307","4","16","0.2","-2475.625","8750","38.1","4","20","5.5"
"2","5","245","20","0","1","283.875","450","34.05","50","0","5.95"
"5","30","292","6","14","0.3","-1073.3333333333333","6666.666666666667","38.85","17","38","6.5"
"4","20","273","8","12","0.4","-418.75","4000","53.35","18","52","5.375"
"1","0","200","20","0","1","1075.375","0","48.25","55","0","5.35"
"6","40","308","4","16","0.2","-2515.625","8750","38.1","4","20","5.5"
"7","50","323","0","20","0","0","0","43.7","0","61","0"
"4","20","274","8","12","0.4","-438.75","4000","53.35","18","52","5.375"
"5","30","293","6","14","0.3","-1103.3333333333333","6666.666666666667","38.85","17","38","6.5"
"3","10","257","20","0","1","266","1650","49.75","75","0","6.2"
"2","5","246","20","0","1","278.875","450","34.05","50","0","5.95"
"6","40","309","4","16","0.2","-2555.625","8750","38.1","4","20","5.5"
"1","0","201","20","0","1","1075.375","0","48.25","55","0","5.35"
"4","20","275","8","12","0.4","-458.75","4000","53.35","18","52","5.375"
"5","30","294","6","14","0.3","-1133.3333333333333","6666.666666666667","38.85","17","38","6.5"
"7","50","324","0","20","0","0","0","43.7","0","61","0"
"3","10","258","20","0","1","256","1650","49.75","75","0","6.2"
"2","5","247","20","0","1","273.875","450","34.05","50","0","5.95"
"4","20","276","8","12","0.4","-166.25","4312.5","53.35","18","52","5.375"
"5","30","295","6","14","0.3","-1163.3333333333333","6666.666666666667","38.85","17","38","6.5"
"7","50","325","0","20","0","0","0","43.7","0","61","0"
"6","40","310","4","16","0.2","-2595.625","8750","38.1","4","20","5.5"
"1","0","202","20","0","1","1075.375","0","48.25","55","0","5.35"
"7","50","326","0","20","0","0","0","43.7","0","61","0"
"4","20","277","8","12","0.4","-186.25","4312.5","53.35","18","52","5.375"
"5","30","296","6","14","0.3","-1193.3333333333333","6666.666666666667","38.85","17","38","6.5"
"2","5","248","20","0","1","268.875","450","34.05","50","0","5.95"
"3","10","259","20","0","1","246","1650","49.75","75","0","6.2"
"6","40","311","4","16","0.2","-2635.625","8750","38.1","4","20","5.5"
"1","0","203","20","0","1","1075.375","0","48.25","55","0","5.35"
"4","20","278","8","12","0.4","-206.25","4312.5","53.35","18","52","5.375"
"5","30","297","6","14","0.3","-1223.3333333333333","6666.666666666667","38.85","17","38","6.5"
"7","50","327","0","20","0","0","0","43.7","0","61","0"
"6","40","312","4","16","0.2","-2675.625","8750","38.1","4","20","5.5"
"2","5","249","20","0","1","263.875","450","34.05","50","0","5.95"
"4","20","279","8","12","0.4","-226.25","4312.5","53.35","18","52","5.375"
"5","30","298","6","14","0.3","-1253.3333333333333","6666.666666666667","38.85","17","38","6.5"
"7","50","328","0","20","0","0","0","43.7","0","61","0"
"1","0","204","20","0","1","1075.375","0","48.25","55","0","5.35"
"6","40","313","4","16","0.2","-2465.625","9000","38.1","4","20","5.5"
"3","10","260","20","0","1","261","1675","49.75","75","0","6.2"
"4","20","280","8","12","0.4","-246.25","4312.5","53.35","18","52","5.375"
"2","5","250","20","0","1","258.875","450","34.05","50","0","5.95"
"7","50","329","0","20","0","0","0","43.7","0","61","0"
"5","30","299","6","14","0.3","-1283.3333333333333","6666.666666666667","38.85","17","38","6.5"
"6","40","314","4","16","0.2","-2505.625","9000","38.1","4","20","5.5"
"1","0","205","20","0","1","1075.375","0","48.25","55","0","5.35"
"4","20","281","8","12","0.4","-266.25","4312.5","53.35","18","52","5.375"
"7","50","330","0","20","0","0","0","43.7","0","61","0"
"5","30","300","6","14","0.3","-1313.3333333333333","6666.666666666667","38.85","17","38","6.5"
"2","5","251","20","0","1","253.875","450","34.05","50","0","5.95"
"6","40","315","4","16","0.2","-2545.625","9000","38.1","4","20","5.5"
"3","10","261","20","0","1","251","1675","49.75","75","0","6.25"
"7","50","331","0","20","0","0","0","43.7","0","61","0"
"5","30","301","5","15","0.25","-1306","6700","38.85","12","43","6.2"
"4","20","282","7","13","0.35","-324.2857142857143","4285.714285714285","53.35","13","57","5.428571428571429"
"1","0","206","20","0","1","1075.375","0","48.25","55","0","5.35"
"2","5","252","20","0","1","273.875","475","34.05","50","0","5.95"
"6","40","316","4","16","0.2","-2585.625","9000","38.1","4","20","5.5"
"3","10","262","20","0","1","241","1675","49.75","75","0","6.25"
"7","50","332","0","20","0","0","0","43.7","0","61","0"
"4","20","283","7","13","0.35","-344.2857142857143","4285.714285714285","53.35","13","57","5.428571428571429"
"5","30","302","5","15","0.25","-1336","6700","38.85","12","43","6.2"
"6","40","317","4","16","0.2","-2625.625","9000","38.1","4","20","5.5"
"1","0","207","20","0","1","1075.375","0","48.25","55","0","5.35"
"5","30","303","5","15","0.25","-1366","6700","38.85","12","43","6.2"
"2","5","253","20","0","1","268.875","475","34.05","50","0","5.95"
"7","50","333","0","20","0","0","0","43.7","0","61","0"
"4","20","284","7","13","0.35","-364.2857142857143","4285.714285714285","53.35","13","57","5.428571428571429"
"3","10","263","20","0","1","231","1675","49.75","75","0","6.25"
"6","40","318","4","16","0.2","-2540.625","9125","38.1","4","20","5.5"
"5","30","304","5","15","0.25","-1396","6700","38.85","12","43","6.2"
"7","50","334","0","20","0","0","0","43.7","0","61","0"
"6","40","319","4","16","0.2","-2580.625","9125","38.1","4","20","5.5"
"1","0","208","20","0","1","1075.375","0","48.25","55","0","5.35"
"3","10","264","20","0","1","221","1675","49.75","75","0","6.25"
"4","20","285","7","13","0.35","-384.2857142857143","4285.714285714285","53.35","13","57","5.428571428571429"
"2","5","254","20","0","1","263.875","475","34.05","50","0","6"
"7","50","335","0","20","0","0","0","43.7","0","61","0"
"5","30","305","5","15","0.25","-1326","6800","38.85","12","43","6.2"
"6","40","320","4","16","0.2","-2620.625","9125","38.1","4","20","5.5"
"5","30","306","5","15","0.25","-1356","6800","38.85","12","43","6.2"
"3","10","265","20","0","1","236","1700","49.75","75","0","6.25"
"7","50","336","0","20","0","0","0","43.7","0","61","0"
"1","0","209","20","0","1","1075.375","0","48.25","55","0","5.35"
"2","5","255","20","0","1","258.875","475","34.05","50","0","6"
"4","20","286","7","13","0.35","-332.85714285714283","4357.142857142857","53.35","13","57","5.428571428571429"
"5","30","307","5","15","0.25","-1386","6800","38.85","12","43","6.2"
"7","50","337","0","20","0","0","0","43.7","0","61","0"
"3","10","266","20","0","1","251","1725","49.75","75","0","6.25"
"6","40","321","4","16","0.2","-2660.625","9125","38.1","4","20","5.5"
"4","20","287","7","13","0.35","-352.85714285714283","4357.142857142857","53.35","13","57","5.428571428571429"
"1","0","210","20","0","1","1075.375","0","48.25","55","0","5.35"
"7","50","338","0","20","0","0","0","43.7","0","61","0"
"2","5","256","20","0","1","253.875","475","34.05","50","0","6"
"5","30","308","5","15","0.25","-1416","6800","38.85","12","43","6.2"
"6","40","322","4","16","0.2","-2700.625","9125","38.1","4","20","5.5"
"4","20","288","7","13","0.35","-372.85714285714283","4357.142857142857","53.35","13","57","5.428571428571429"
"3","10","267","20","0","1","266","1750","49.75","75","0","6.25"
"5","30","309","5","15","0.25","-1446","6800","38.85","12","43","6.2"
"7","50","339","0","20","0","0","0","43.7","0","61","0"
"1","0","211","20","0","1","1075.375","0","48.25","55","0","5.35"
"3","10","268","20","0","1","256","1750","49.75","75","0","6.3"
"4","20","289","7","13","0.35","-392.85714285714283","4357.142857142857","53.35","13","57","5.428571428571429"
"6","40","323","4","16","0.2","-2740.625","9125","38.1","4","20","5.5"
"5","30","310","5","15","0.25","-1476","6800","38.85","12","43","6.2"
"2","5","257","20","0","1","248.875","475","34.05","50","0","6"
"7","50","340","0","20","0","0","0","43.7","0","61","0"
"6","40","324","4","16","0.2","-2780.625","9125","38.1","4","20","5.5"
"4","20","290","7","13","0.35","-412.85714285714283","4357.142857142857","53.35","13","57","5.428571428571429"
"5","30","311","5","15","0.25","-1506","6800","38.85","12","43","6.2"
"3","10","269","20","0","1","246","1750","49.75","75","0","6.3"
"1","0","212","20","0","1","1075.375","0","48.25","55","0","5.35"
"7","50","341","0","20","0","0","0","43.7","0","61","0"
"5","30","312","5","15","0.25","-1536","6800","38.85","12","43","6.2"
"6","40","325","4","16","0.2","-2820.625","9125","38.1","4","20","5.5"
"4","20","291","7","13","0.35","-432.85714285714283","4357.142857142857","53.35","13","57","5.428571428571429"
"2","5","258","20","0","1","243.875","475","34.05","50","0","6"
"3","10","270","20","0","1","236","1750","49.75","75","0","6.3"
"7","50","342","0","20","0","0","0","43.7","0","61","0"
"5","30","313","5","15","0.25","-1566","6800","38.85","12","43","6.2"
"6","40","326","4","16","0.2","-2610.625","9375","38.1","4","20","5.5"
"4","20","292","7","13","0.35","-452.85714285714283","4357.142857142857","53.35","13","57","5.428571428571429"
"1","0","213","20","0","1","1075.375","0","48.25","55","0","5.35"
"7","50","343","0","20","0","0","0","43.7","0","61","0"
"6","40","327","4","16","0.2","-2650.625","9375","38.1","4","20","5.5"
"5","30","314","5","15","0.25","-1596","6800","38.85","12","43","6.2"
"2","5","259","20","0","1","238.875","475","34.05","50","0","6"
"3","10","271","20","0","1","251","1775","49.75","75","0","6.3"
"4","20","293","7","13","0.35","-472.85714285714283","4357.142857142857","53.35","13","57","5.428571428571429"
"7","50","344","0","20","0","0","0","43.7","0","61","0"
"6","40","328","4","16","0.2","-2690.625","9375","38.1","4","20","5.5"
"5","30","315","5","15","0.25","-1626","6800","38.85","12","43","6.2"
"1","0","214","20","0","1","1075.375","0","48.25","55","0","5.35"
"4","20","294","7","13","0.35","-492.85714285714283","4357.142857142857","53.35","13","57","5.428571428571429"
"3","10","272","20","0","1","266","1800","49.75","75","0","6.3"
"2","5","260","20","0","1","233.875","475","34.05","50","0","6"
"7","50","345","0","20","0","0","0","43.7","0","61","0"
"6","40","329","4","16","0.2","-2730.625","9375","38.1","4","20","5.5"
"5","30","316","5","15","0.25","-1656","6800","38.85","12","43","6.2"
"7","50","346","0","20","0","0","0","43.7","0","61","0"
"4","20","295","7","13","0.35","-512.8571428571429","4357.142857142857","53.35","13","57","5.428571428571429"
"6","40","330","4","16","0.2","-2770.625","9375","38.1","4","20","5.5"
"3","10","273","20","0","1","256","1800","49.75","75","0","6.3"
"1","0","215","20","0","1","1075.375","0","48.25","55","0","5.35"
"7","50","347","0","20","0","0","0","43.7","0","61","0"
"5","30","317","5","15","0.25","-1386","7100","38.85","12","43","6.2"
"2","5","261","20","0","1","228.875","475","34.05","50","0","6"
"4","20","296","7","13","0.35","-532.8571428571429","4357.142857142857","53.35","13","57","5.428571428571429"
"6","40","331","4","16","0.2","-2685.625","9500","38.1","4","20","5.5"
"7","50","348","0","20","0","0","0","43.7","0","61","0"
"3","10","274","20","0","1","246","1800","49.75","75","0","6.3"
"5","30","318","5","15","0.25","-1416","7100","38.85","12","43","6.2"
"7","50","349","0","20","0","0","0","43.7","0","61","0"
"4","20","297","7","13","0.35","-552.8571428571429","4357.142857142857","53.35","13","57","5.428571428571429"
"6","40","332","4","16","0.2","-2725.625","9500","38.1","4","20","5.5"
"2","5","262","20","0","1","223.875","475","34.05","50","0","6"
"7","50","350","0","20","0","0","0","43.7","0","61","0"
"5","30","319","5","15","0.25","-1446","7100","38.85","12","43","6.2"
"3","10","275","20","0","1","236","1800","49.75","75","0","6.3"
"6","40","333","4","16","0.2","-2765.625","9500","38.1","4","20","5.5"
"4","20","298","7","13","0.35","-572.8571428571429","4357.142857142857","53.35","16","57","5.571428571428571"
"1","0","216","20","0","1","1075.375","0","48.25","55","0","5.35"
"2","5","263","20","0","1","218.875","475","34.05","50","0","6"
"7","50","351","0","20","0","0","0","43.7","0","61","0"
"6","40","334","4","16","0.2","-2805.625","9500","38.1","4","20","5.5"
"5","30","320","5","15","0.25","-1476","7100","38.85","12","43","6.2"
"4","20","299","7","13","0.35","-592.8571428571429","4357.142857142857","53.35","16","57","5.571428571428571"
"3","10","276","20","0","1","226","1800","49.75","75","0","6.3"
"7","50","352","0","20","0","0","0","43.7","0","61","0"
"2","5","264","20","0","1","213.875","475","34.05","50","0","6"
"5","30","321","5","15","0.25","-1406","7200","38.85","12","43","6.2"
"1","0","217","20","0","1","1075.375","0","48.25","55","0","5.35"
"6","40","335","4","16","0.2","-2845.625","9500","38.1","4","20","5.5"
"4","20","300","7","13","0.35","-612.8571428571429","4357.142857142857","53.35","16","57","5.571428571428571"
"7","50","353","0","20","0","0","0","43.7","0","61","0"
"3","10","277","20","0","1","241","1825","49.75","75","0","6.3"
"5","30","322","5","15","0.25","-1436","7200","38.85","12","43","6.2"
"6","40","336","4","16","0.2","-2885.625","9500","38.1","4","20","5.5"
"2","5","265","20","0","1","208.875","475","34.05","50","0","6.05"
"4","20","301","7","13","0.35","-275.7142857142857","4714.285714285715","53.35","16","57","5.571428571428571"
"7","50","354","0","20","0","0","0","43.7","0","61","0"
"5","30","323","5","15","0.25","-1466","7200","38.85","12","43","6.2"
"1","0","218","20","0","1","1075.375","0","48.25","57","0","5.4"
"6","40","337","4","16","0.2","-2925.625","9500","38.1","4","20","5.5"
"4","20","302","7","13","0.35","-295.7142857142857","4714.285714285715","53.35","16","57","5.571428571428571"
"3","10","278","20","0","1","231","1825","49.75","75","0","6.3"
"2","5","266","20","0","1","203.875","475","34.05","50","0","6.05"
"7","50","355","0","20","0","0","0","43.7","0","61","0"
"5","30","324","5","15","0.25","-1496","7200","38.85","12","43","6.2"
"6","40","338","4","16","0.2","-2715.625","9750","38.1","4","20","5.5"
"4","20","303","7","13","0.35","-315.7142857142857","4714.285714285715","53.35","16","57","5.571428571428571"
"3","10","279","20","0","1","221","1825","49.75","75","0","6.3"
"7","50","356","0","20","0","0","0","43.7","0","61","0"
"1","0","219","20","0","1","1075.375","0","48.25","57","0","5.45"
"2","5","267","20","0","1","198.875","475","34.05","50","0","6.05"
"6","40","339","4","16","0.2","-2755.625","9750","38.1","4","20","5.5"
"5","30","325","5","15","0.25","-1526","7200","38.85","12","43","6.2"
"4","20","304","7","13","0.35","-335.7142857142857","4714.285714285715","53.35","16","57","5.571428571428571"
"7","50","357","0","20","0","0","0","43.7","0","61","0"
"3","10","280","20","0","1","211","1825","49.75","75","0","6.3"
"6","40","340","4","16","0.2","-2795.625","9750","38.1","4","20","5.5"
"5","30","326","5","15","0.25","-1556","7200","38.85","12","43","6.2"
"7","50","358","0","20","0","0","0","43.7","0","61","0"
"2","5","268","20","0","1","193.875","475","34.05","50","0","6.05"
"4","20","305","7","13","0.35","-355.7142857142857","4714.285714285715","53.35","16","57","5.571428571428571"
"1","0","220","20","0","1","1075.375","0","48.25","57","0","5.5"
"6","40","341","4","16","0.2","-2835.625","9750","38.1","4","20","5.5"
"3","10","281","20","0","1","201","1825","49.75","75","0","6.3"
"7","50","359","0","20","0","0","0","43.7","0","61","0"
"5","30","327","5","15","0.25","-1586","7200","38.85","12","43","6.2"
"4","20","306","7","13","0.35","-375.7142857142857","4714.285714285715","53.35","19","57","5.714285714285714"
"2","5","269","20","0","1","188.875","475","34.05","50","0","6.05"
"6","40","342","4","16","0.2","-2875.625","9750","38.1","4","20","5.5"
"7","50","360","0","20","0","0","0","43.7","0","61","0"
"5","30","328","5","15","0.25","-1616","7200","38.85","12","43","6.2"
"4","20","307","7","13","0.35","-395.7142857142857","4714.285714285715","53.35","19","57","5.714285714285714"
"1","0","221","20","0","1","1075.375","0","48.25","57","0","5.5"
"3","10","282","20","0","1","191","1825","49.75","75","0","6.3"
"6","40","343","4","16","0.2","-2790.625","9875","38.1","4","20","5.5"
"7","50","361","0","20","0","0","0","43.7","0","61","0"
"2","5","270","20","0","1","183.875","475","34.05","51","0","6.1"
"4","20","308","7","13","0.35","-415.7142857142857","4714.285714285715","53.35","19","57","5.714285714285714"
"5","30","329","5","15","0.25","-1646","7200","38.85","12","43","6.2"
"6","40","344","4","16","0.2","-2830.625","9875","38.1","4","20","5.5"
"7","50","362","0","20","0","0","0","43.7","0","61","0"
"1","0","222","20","0","1","1075.375","0","48.25","57","0","5.5"
"2","5","271","20","0","1","178.875","475","34.05","51","0","6.1"
"6","40","345","4","16","0.2","-2870.625","9875","38.1","4","20","5.5"
"3","10","283","20","0","1","181","1825","49.75","75","0","6.3"
"5","30","330","5","15","0.25","-1676","7200","38.85","12","43","6.2"
"4","20","309","7","13","0.35","-435.7142857142857","4714.285714285715","53.35","19","57","5.714285714285714"
"7","50","363","0","20","0","0","0","43.7","0","61","0"
"6","40","346","4","16","0.2","-2910.625","9875","38.1","4","20","5.5"
"4","20","310","7","13","0.35","-455.7142857142857","4714.285714285715","53.35","19","57","5.714285714285714"
"5","30","331","5","15","0.25","-1706","7200","38.85","12","43","6.2"
"2","5","272","20","0","1","173.875","475","34.05","51","0","6.1"
"7","50","364","0","20","0","0","0","43.7","0","61","0"
"3","10","284","20","0","1","171","1825","49.75","75","0","6.3"
"1","0","223","20","0","1","1075.375","0","48.25","57","0","5.5"
"6","40","347","4","16","0.2","-2950.625","9875","38.1","4","20","5.5"
"4","20","311","7","13","0.35","-404.2857142857143","4785.714285714285","53.35","19","57","5.714285714285714"
"5","30","332","5","15","0.25","-1736","7200","38.85","12","43","6.2"
"7","50","365","0","20","0","0","0","43.7","0","61","0"
"2","5","273","20","0","1","168.875","475","34.05","51","0","6.1"
"6","40","348","4","16","0.2","-2990.625","9875","38.1","4","20","5.5"
"3","10","285","20","0","1","161","1825","49.75","79","0","6.35"
"4","20","312","7","13","0.35","-424.2857142857143","4785.714285714285","53.35","19","57","5.714285714285714"
"5","30","333","5","15","0.25","-1766","7200","38.85","12","43","6.2"
"1","0","224","20","0","1","1075.375","0","48.25","57","0","5.5"
"7","50","366","0","20","0","0","0","43.7","0","61","0"
"4","20","313","7","13","0.35","-444.2857142857143","4785.714285714285","53.35","19","57","5.714285714285714"
"6","40","349","4","16","0.2","-3030.625","9875","38.1","4","20","5.5"
"5","30","334","5","15","0.25","-1496","7500","38.85","12","43","6.2"
"2","5","274","20","0","1","163.875","475","34.05","51","0","6.1"
"3","10","286","20","0","1","151","1825","49.75","79","0","6.35"
"6","40","350","4","16","0.2","-3070.625","9875","38.1","4","20","5.5"
"5","30","335","5","15","0.25","-1526","7500","38.85","12","43","6.2"
"4","20","314","7","13","0.35","-464.2857142857143","4785.714285714285","53.35","19","57","5.714285714285714"
"1","0","225","20","0","1","1075.375","0","48.25","57","0","5.5"
"7","50","367","0","20","0","0","0","43.7","0","61","0"
"2","5","275","20","0","1","158.875","475","34.05","51","0","6.1"
"3","10","287","20","0","1","141","1825","49.75","79","0","6.35"
"5","30","336","5","15","0.25","-1556","7500","38.85","12","43","6.2"
"6","40","351","3","17","0.15","-3967.5","9000","38.1","4","20","6"
"4","20","315","7","13","0.35","-484.2857142857143","4785.714285714285","53.35","19","57","5.714285714285714"
"7","50","368","0","20","0","0","0","43.7","0","61","0"
"5","30","337","5","15","0.25","-1586","7500","38.85","12","43","6.2"
"2","5","276","20","0","1","153.875","475","34.05","51","0","6.1"
"6","40","352","3","17","0.15","-4007.5","9000","38.1","4","20","6"
"4","20","316","7","13","0.35","-504.2857142857143","4785.714285714285","53.35","19","57","5.714285714285714"
"1","0","226","20","0","1","1075.375","0","48.25","57","0","5.5"
"3","10","288","20","0","1","156","1850","49.75","79","0","6.35"
"5","30","338","5","15","0.25","-1516","7600","38.85","12","43","6.2"
"7","50","369","0","20","0","0","0","43.7","0","61","0"
"6","40","353","3","17","0.15","-4047.5","9000","38.1","4","20","6"
"4","20","317","7","13","0.35","-524.2857142857143","4785.714285714285","53.35","19","57","5.714285714285714"
"2","5","277","20","0","1","148.875","475","34.05","51","0","6.1"
"6","40","354","3","17","0.15","-4087.5","9000","38.1","4","20","6"
"3","10","289","20","0","1","146","1850","49.75","79","0","6.35"
"5","30","339","5","15","0.25","-1546","7600","38.85","12","43","6.2"
"1","0","227","20","0","1","1075.375","0","48.25","57","0","5.5"
"7","50","370","0","20","0","0","0","43.7","0","61","0"
"4","20","318","7","13","0.35","-544.2857142857143","4785.714285714285","53.35","19","57","5.714285714285714"
"6","40","355","3","17","0.15","-4127.5","9000","38.1","4","20","6"
"5","30","340","5","15","0.25","-1576","7600","38.85","12","43","6.2"
"3","10","290","20","0","1","136","1850","49.75","79","0","6.35"
"4","20","319","7","13","0.35","-564.2857142857143","4785.714285714285","53.35","19","57","5.714285714285714"
"2","5","278","20","0","1","143.875","475","34.05","51","0","6.1"
"7","50","371","0","20","0","0","0","43.7","0","61","0"
"6","40","356","3","17","0.15","-4000.8333333333335","9166.666666666666","38.1","4","20","6"
"5","30","341","5","15","0.25","-1606","7600","38.85","12","43","6.2"
"4","20","320","7","13","0.35","-584.2857142857143","4785.714285714285","53.35","19","57","5.714285714285714"
"6","40","357","3","17","0.15","-4040.8333333333335","9166.666666666666","38.1","4","20","6"
"3","10","291","20","0","1","126","1850","49.75","79","0","6.35"
"5","30","342","5","15","0.25","-1636","7600","38.85","12","43","6.2"
"7","50","372","0","20","0","0","0","43.7","0","61","0"
"2","5","279","20","0","1","138.875","475","34.05","51","0","6.1"
"4","20","321","7","13","0.35","-604.2857142857143","4785.714285714285","53.35","19","57","5.714285714285714"
"6","40","358","3","17","0.15","-4080.8333333333335","9166.666666666666","38.1","4","20","6"
"5","30","343","5","15","0.25","-1666","7600","38.85","12","43","6.2"
"7","50","373","0","20","0","0","0","43.7","0","61","0"
"4","20","322","7","13","0.35","-624.2857142857143","4785.714285714285","53.35","19","57","5.714285714285714"
"3","10","292","20","0","1","116","1850","49.75","79","0","6.35"
"6","40","359","3","17","0.15","-4120.833333333333","9166.666666666666","38.1","4","20","6"
"5","30","344","5","15","0.25","-1696","7600","38.85","12","43","6.2"
"2","5","280","20","0","1","133.875","475","34.05","51","0","6.1"
"4","20","323","7","13","0.35","-644.2857142857143","4785.714285714285","53.35","19","57","5.714285714285714"
"6","40","360","3","17","0.15","-4160.833333333333","9166.666666666666","38.1","4","20","6"
"7","50","374","0","20","0","0","0","43.7","0","61","0"
"1","0","228","20","0","1","1075.375","0","48.25","57","0","5.5"
"5","30","345","5","15","0.25","-1726","7600","38.85","12","43","6.2"
"3","10","293","20","0","1","131","1875","49.75","79","0","6.35"
"7","50","375","0","20","0","0","0","43.7","0","61","0"
"2","5","281","20","0","1","128.875","475","34.05","51","0","6.15"
"6","40","361","3","17","0.15","-4200.833333333333","9166.666666666666","38.1","4","20","6"
"4","20","324","7","13","0.35","-664.2857142857143","4785.714285714285","53.35","19","57","5.714285714285714"
"5","30","346","5","15","0.25","-1756","7600","38.85","12","43","6.2"
"7","50","376","0","20","0","0","0","43.7","0","61","0"
"1","0","229","20","0","1","1075.375","0","48.25","57","0","5.55"
"3","10","294","20","0","1","121","1875","49.75","79","0","6.35"
"6","40","362","3","17","0.15","-4240.833333333333","9166.666666666666","38.1","4","20","6"
"7","50","377","0","20","0","0","0","43.7","0","61","0"
"2","5","282","20","0","1","123.875","475","34.05","51","0","6.15"
"5","30","347","5","15","0.25","-1786","7600","38.85","12","43","6.2"
"4","20","325","7","13","0.35","-684.2857142857143","4785.714285714285","53.35","19","57","5.714285714285714"
"1","0","230","20","0","1","1075.375","0","48.25","57","0","5.55"
"7","50","378","0","20","0","0","0","43.7","0","61","0"
"6","40","363","3","17","0.15","-4114.166666666667","9333.333333333334","38.1","4","20","6"
"3","10","295","20","0","1","111","1875","49.75","79","0","6.35"
"5","30","348","5","15","0.25","-1816","7600","38.85","12","43","6.2"
"2","5","283","20","0","1","118.875","475","34.05","51","0","6.15"
"4","20","326","6","14","0.3","-485","5000","53.35","16","60","5.666666666666667"
"5","30","349","5","15","0.25","-1846","7600","38.85","12","43","6.2"
"7","50","379","0","20","0","0","0","43.7","0","61","0"
"6","40","364","3","17","0.15","-4154.166666666667","9333.333333333334","38.1","4","20","6"
"1","0","231","20","0","1","1075.375","0","48.25","57","0","5.55"
"3","10","296","20","0","1","101","1875","49.75","79","0","6.35"
"5","30","350","5","15","0.25","-1876","7600","38.85","12","43","6.2"
"4","20","327","6","14","0.3","-505","5000","53.35","16","60","5.666666666666667"
"6","40","365","3","17","0.15","-4194.166666666667","9333.333333333334","38.1","4","20","6"
"2","5","284","20","0","1","113.875","475","34.05","54","0","6.2"
"7","50","380","0","20","0","0","0","43.7","0","61","0"
"1","0","232","20","0","1","1075.375","0","48.25","57","0","5.55"
"4","20","328","6","14","0.3","-525","5000","53.35","16","60","5.666666666666667"
"3","10","297","20","0","1","91","1875","49.75","79","0","6.35"
"6","40","366","3","17","0.15","-4234.166666666667","9333.333333333334","38.1","4","20","6"
"5","30","351","5","15","0.25","-1606","7900","38.85","12","43","6.2"
"7","50","381","0","20","0","0","0","43.7","0","61","0"
"2","5","285","20","0","1","108.875","475","34.05","54","0","6.2"
"5","30","352","5","15","0.25","-1636","7900","38.85","12","43","6.2"
"6","40","367","3","17","0.15","-4274.166666666667","9333.333333333334","38.1","4","20","6"
"4","20","329","6","14","0.3","-545","5000","53.35","16","60","5.666666666666667"
"1","0","233","20","0","1","1075.375","0","48.25","57","0","5.55"
"3","10","298","20","0","1","81","1875","49.75","79","0","6.35"
"7","50","382","0","20","0","0","0","43.7","0","61","0"
"6","40","368","3","17","0.15","-4147.5","9500","38.1","4","20","6"
"5","30","353","5","15","0.25","-1666","7900","38.85","12","43","6.2"
"2","5","286","20","0","1","103.875","475","34.05","54","0","6.2"
"4","20","330","6","14","0.3","-565","5000","53.35","16","60","5.666666666666667"
"1","0","234","20","0","1","1075.375","0","48.25","57","0","5.55"
"3","10","299","20","0","1","71","1875","49.75","79","0","6.35"
"5","30","354","5","15","0.25","-1696","7900","38.85","12","43","6.2"
"6","40","369","3","17","0.15","-4187.5","9500","38.1","4","20","6"
"2","5","287","20","0","1","98.875","475","34.05","54","0","6.2"
"4","20","331","6","14","0.3","-585","5000","53.35","16","60","5.666666666666667"
"5","30","355","5","15","0.25","-1626","8000","38.85","12","43","6.2"
"6","40","370","3","17","0.15","-4227.5","9500","38.1","4","20","6"
"3","10","300","20","0","1","61","1875","49.75","79","0","6.4"
"1","0","235","20","0","1","1075.375","0","48.25","57","0","5.55"
"4","20","332","6","14","0.3","-605","5000","53.35","16","60","5.666666666666667"
"2","5","288","20","0","1","93.875","475","34.05","54","0","6.2"
"6","40","371","3","17","0.15","-4267.5","9500","38.1","4","20","6"
"5","30","356","5","15","0.25","-1656","8000","38.85","12","43","6.2"
"3","10","301","20","0","1","176","2000","49.75","79","0","6.4"
"4","20","333","6","14","0.3","-625","5000","53.35","16","60","5.666666666666667"
"6","40","372","3","17","0.15","-4307.5","9500","38.1","4","20","6"
"7","50","383","0","20","0","0","0","43.7","0","61","0"
"5","30","357","5","15","0.25","-1686","8000","38.85","12","43","6.2"
"1","0","236","20","0","1","1075.375","0","48.25","57","0","5.55"
"2","5","289","20","0","1","88.875","475","34.05","54","0","6.25"
"4","20","334","6","14","0.3","-645","5000","53.35","16","60","5.666666666666667"
"3","10","302","20","0","1","216","2050","49.75","79","0","6.4"
"5","30","358","5","15","0.25","-1716","8000","38.85","12","43","6.2"
"6","40","373","3","17","0.15","-4347.5","9500","38.1","4","20","6"
"7","50","384","0","20","0","0","0","43.7","0","61","0"
"5","30","359","5","15","0.25","-1746","8000","38.85","12","43","6.2"
"6","40","374","3","17","0.15","-4387.5","9500","38.1","4","20","6"
"1","0","237","20","0","1","1075.375","0","48.25","57","0","5.55"
"3","10","303","20","0","1","256","2100","49.75","79","0","6.4"
"4","20","335","6","14","0.3","-665","5000","53.35","16","60","5.666666666666667"
"6","40","375","3","17","0.15","-4427.5","9500","38.1","4","20","6"
"5","30","360","5","15","0.25","-1776","8000","38.85","12","43","6.2"
"7","50","385","0","20","0","0","0","43.7","0","61","0"
"4","20","336","6","14","0.3","-601.6666666666666","5083.333333333333","53.35","16","60","5.666666666666667"
"3","10","304","20","0","1","296","2150","49.75","79","0","6.4"
"6","40","376","3","17","0.15","-4300.833333333333","9666.666666666666","38.1","4","20","6"
"5","30","361","5","15","0.25","-1806","8000","38.85","12","43","6.2"
"1","0","238","20","0","1","1075.375","0","48.25","57","0","5.55"
"2","5","290","20","0","1","83.875","475","34.05","54","0","6.25"
"7","50","386","0","20","0","0","0","43.7","0","61","0"
"4","20","337","6","14","0.3","-621.6666666666666","5083.333333333333","53.35","16","60","5.666666666666667"
"5","30","362","5","15","0.25","-1836","8000","38.85","12","43","6.2"
"6","40","377","3","17","0.15","-4340.833333333333","9666.666666666666","38.1","4","20","6"
"7","50","387","0","20","0","0","0","43.7","0","61","0"
"5","30","363","5","15","0.25","-1866","8000","38.85","12","43","6.2"
"4","20","338","6","14","0.3","-641.6666666666666","5083.333333333333","53.35","16","60","5.666666666666667"
"3","10","305","20","0","1","286","2150","49.75","79","0","6.4"
"6","40","378","3","17","0.15","-4380.833333333333","9666.666666666666","38.1","4","20","6"
"2","5","291","20","0","1","78.875","475","34.05","54","0","6.25"
"1","0","239","20","0","1","1075.375","0","48.25","57","0","5.55"
"7","50","388","0","20","0","0","0","43.7","0","61","0"
"4","20","339","6","14","0.3","-661.6666666666666","5083.333333333333","53.35","16","60","5.666666666666667"
"6","40","379","3","17","0.15","-4420.833333333333","9666.666666666666","38.1","4","20","6"
"5","30","364","5","15","0.25","-1896","8000","38.85","12","43","6.2"
"3","10","306","20","0","1","276","2150","49.75","79","0","6.4"
"7","50","389","0","20","0","0","0","43.7","0","61","0"
"2","5","292","20","0","1","73.875","475","34.05","54","0","6.25"
"6","40","380","3","17","0.15","-4460.833333333333","9666.666666666666","38.1","4","20","6"
"4","20","340","6","14","0.3","-681.6666666666666","5083.333333333333","53.35","16","60","5.666666666666667"
"5","30","365","5","15","0.25","-1926","8000","38.85","12","43","6.2"
"1","0","240","20","0","1","1075.375","0","48.25","57","0","5.6"
"7","50","390","0","20","0","0","0","43.7","0","61","0"
"2","5","293","20","0","1","68.875","475","34.05","54","0","6.25"
"4","20","341","6","14","0.3","-701.6666666666666","5083.333333333333","53.35","16","60","5.666666666666667"
"5","30","366","5","15","0.25","-1956","8000","38.85","12","43","6.2"
"3","10","307","20","0","1","266","2150","49.75","79","0","6.4"
"6","40","381","3","17","0.15","-4334.166666666667","9833.333333333334","38.1","4","20","6"
"7","50","391","0","20","0","0","0","43.7","0","61","0"
"5","30","367","5","15","0.25","-1686","8300","38.85","12","43","6.2"
"6","40","382","3","17","0.15","-4374.166666666667","9833.333333333334","38.1","4","20","6"
"4","20","342","6","14","0.3","-721.6666666666666","5083.333333333333","53.35","16","60","5.666666666666667"
"1","0","241","20","0","1","1075.375","0","48.25","58","0","5.65"
"7","50","392","0","20","0","0","0","43.7","0","61","0"
"3","10","308","20","0","1","256","2150","49.75","79","0","6.4"
"2","5","294","20","0","1","63.875","475","34.05","54","0","6.25"
"5","30","368","5","15","0.25","-1716","8300","38.85","12","43","6.2"
"4","20","343","6","14","0.3","-741.6666666666666","5083.333333333333","53.35","16","60","5.666666666666667"
"7","50","393","0","20","0","0","0","43.7","0","61","0"
"1","0","242","20","0","1","1075.375","0","48.25","58","0","5.65"
"4","20","344","6","14","0.3","-761.6666666666666","5083.333333333333","53.35","16","60","5.666666666666667"
"2","5","295","20","0","1","58.875","475","34.05","54","0","6.25"
"5","30","369","5","15","0.25","-1746","8300","38.85","12","43","6.2"
"7","50","394","0","20","0","0","0","43.7","0","61","0"
"3","10","309","20","0","1","246","2150","49.75","79","0","6.4"
"6","40","383","3","17","0.15","-4414.166666666667","9833.333333333334","38.1","4","20","6"
"5","30","370","5","15","0.25","-1776","8300","38.85","12","43","6.2"
"4","20","345","6","14","0.3","-781.6666666666666","5083.333333333333","53.35","16","60","5.666666666666667"
"7","50","395","0","20","0","0","0","43.7","0","61","0"
"1","0","243","20","0","1","1075.375","0","48.25","58","0","5.65"
"3","10","310","20","0","1","261","2175","49.75","79","0","6.4"
"2","5","296","20","0","1","53.875","475","34.05","54","0","6.25"
"5","30","371","5","15","0.25","-1706","8400","38.85","12","43","6.2"
"4","20","346","6","14","0.3","-801.6666666666666","5083.333333333333","53.35","16","60","5.666666666666667"
"7","50","396","0","20","0","0","0","43.7","0","61","0"
"6","40","384","3","17","0.15","-4454.166666666667","9833.333333333334","38.1","4","20","6"
"3","10","311","20","0","1","251","2175","49.75","79","0","6.4"
"4","20","347","6","14","0.3","-821.6666666666666","5083.333333333333","53.35","16","60","5.666666666666667"
"5","30","372","5","15","0.25","-1736","8400","38.85","12","43","6.2"
"1","0","244","20","0","1","1075.375","0","48.25","58","0","5.65"
"2","5","297","20","0","1","48.875","475","34.05","54","0","6.25"
"6","40","385","3","17","0.15","-4494.166666666667","9833.333333333334","38.1","4","20","6"
"7","50","397","0","20","0","0","0","43.7","0","61","0"
"4","20","348","6","14","0.3","-841.6666666666666","5083.333333333333","53.35","16","60","5.666666666666667"
"3","10","312","20","0","1","241","2175","49.75","79","0","6.4"
"6","40","386","3","17","0.15","-4534.166666666667","9833.333333333334","38.1","4","20","6"
"7","50","398","0","20","0","0","0","43.7","0","61","0"
"5","30","373","5","15","0.25","-1766","8400","38.85","12","43","6.2"
"4","20","349","6","14","0.3","-861.6666666666666","5083.333333333333","53.35","16","60","5.666666666666667"
"1","0","245","20","0","1","1075.375","0","48.25","58","0","5.65"
"7","50","399","0","20","0","0","0","43.7","0","61","0"
"3","10","313","20","0","1","256","2200","49.75","79","0","6.4"
"2","5","298","20","0","1","43.875","475","34.05","54","0","6.25"
"6","40","387","3","17","0.15","-4574.166666666667","9833.333333333334","38.1","4","20","6"
"4","20","350","6","14","0.3","-881.6666666666666","5083.333333333333","53.35","16","60","5.666666666666667"
"7","50","400","0","20","0","0","0","43.7","0","61","0"
"5","30","374","5","15","0.25","-1796","8400","38.85","12","43","6.2"
"6","40","388","3","17","0.15","-4447.5","10000","38.1","4","20","6"
"4","20","351","6","14","0.3","-568.3333333333334","5416.666666666667","53.35","16","60","5.666666666666667"
"3","10","314","20","0","1","246","2200","49.75","79","0","6.4"
"1","0","246","20","0","1","1075.375","0","48.25","58","0","5.65"
"7","50","401","0","20","0","0","0","43.7","0","61","0"
"2","5","299","20","0","1","38.875","475","34.05","54","0","6.25"
"4","20","352","6","14","0.3","-588.3333333333334","5416.666666666667","53.35","16","60","5.666666666666667"
"6","40","389","3","17","0.15","-4487.5","10000","38.1","4","20","6"
"5","30","375","5","15","0.25","-1826","8400","38.85","12","43","6.2"
"3","10","315","20","0","1","261","2225","49.75","79","0","6.4"
"7","50","402","0","20","0","0","0","43.7","0","61","0"
"6","40","390","3","17","0.15","-4527.5","10000","38.1","4","20","6"
"1","0","247","20","0","1","1075.375","0","48.25","58","0","5.7"
"5","30","376","5","15","0.25","-1856","8400","38.85","12","43","6.2"
"2","5","300","20","0","1","33.875","475","34.05","54","0","6.25"
"4","20","353","6","14","0.3","-608.3333333333334","5416.666666666667","53.35","16","60","5.666666666666667"
"3","10","316","20","0","1","251","2225","49.75","79","0","6.45"
"6","40","391","3","17","0.15","-4567.5","10000","38.1","4","20","6"
"7","50","403","0","20","0","0","0","43.7","0","61","0"
"5","30","377","5","15","0.25","-1886","8400","38.85","12","43","6.2"
"4","20","354","6","14","0.3","-628.3333333333334","5416.666666666667","53.35","16","60","5.666666666666667"
"6","40","392","3","17","0.15","-4607.5","10000","38.1","4","20","6"
"1","0","248","20","0","1","1075.375","0","48.25","58","0","5.7"
"3","10","317","20","0","1","266","2250","49.75","79","0","6.45"
"2","5","301","20","0","1","178.875","625","34.05","54","0","6.25"
"7","50","404","0","20","0","0","0","43.7","0","61","0"
"6","40","393","3","17","0.15","-4480.833333333333","10166.666666666666","38.1","4","20","6"
"4","20","355","6","14","0.3","-648.3333333333334","5416.666666666667","53.35","16","60","5.666666666666667"
"5","30","378","5","15","0.25","-1916","8400","38.85","12","43","6.2"
"7","50","405","0","20","0","0","0","43.7","0","61","0"
"3","10","318","20","0","1","256","2250","49.75","79","0","6.45"
"6","40","394","3","17","0.15","-4520.833333333333","10166.666666666666","38.1","4","20","6"
"5","30","379","5","15","0.25","-1946","8400","38.85","12","43","6.2"
"4","20","356","6","14","0.3","-668.3333333333334","5416.666666666667","53.35","16","60","5.666666666666667"
"2","5","302","20","0","1","198.875","650","34.05","54","0","6.25"
"1","0","249","20","0","1","1075.375","0","48.25","58","0","5.7"
"6","40","395","3","17","0.15","-4560.833333333333","10166.666666666666","38.1","4","20","6"
"7","50","406","0","20","0","0","0","43.7","0","61","0"
"3","10","319","20","0","1","271","2275","49.75","79","0","6.45"
"5","30","380","5","15","0.25","-1976","8400","38.85","12","43","6.2"
"4","20","357","6","14","0.3","-688.3333333333334","5416.666666666667","53.35","16","60","5.666666666666667"
"6","40","396","3","17","0.15","-4600.833333333333","10166.666666666666","38.1","4","20","6"
"7","50","407","0","20","0","0","0","43.7","0","61","0"
"2","5","303","20","0","1","218.875","675","34.05","54","0","6.25"
"5","30","381","5","15","0.25","-2006","8400","38.85","12","43","6.2"
"4","20","358","6","14","0.3","-708.3333333333334","5416.666666666667","53.35","16","60","5.833333333333333"
"3","10","320","20","0","1","261","2275","49.75","79","0","6.45"
"6","40","397","3","17","0.15","-4640.833333333333","10166.666666666666","38.1","4","20","6"
"1","0","250","20","0","1","1075.375","0","48.25","58","0","5.7"
"7","50","408","0","20","0","0","0","43.7","0","61","0"
"5","30","382","5","15","0.25","-2036","8400","38.85","12","43","6.2"
"6","40","398","3","17","0.15","-4680.833333333333","10166.666666666666","38.1","4","20","6"
"4","20","359","6","14","0.3","-728.3333333333334","5416.666666666667","53.35","16","60","5.833333333333333"
"2","5","304","20","0","1","213.875","675","34.05","54","0","6.25"
"3","10","321","20","0","1","251","2275","49.75","79","0","6.45"
"7","50","409","0","20","0","0","0","43.7","0","61","0"
"6","40","399","3","17","0.15","-4720.833333333333","10166.666666666666","38.1","4","20","6"
"4","20","360","6","14","0.3","-748.3333333333334","5416.666666666667","53.35","16","60","5.833333333333333"
"1","0","251","20","0","1","1075.375","0","48.25","58","0","5.7"
"3","10","322","20","0","1","241","2275","49.75","79","0","6.45"
"7","50","410","0","20","0","0","0","43.7","0","61","0"
"4","20","361","6","14","0.3","-685","5500","53.35","16","60","5.833333333333333"
"6","40","400","3","17","0.15","-4760.833333333333","10166.666666666666","38.1","4","20","6"
"2","5","305","20","0","1","208.875","675","34.05","54","0","6.3"
"7","50","411","0","20","0","0","0","43.7","0","61","0"
"3","10","323","20","0","1","231","2275","49.75","79","0","6.45"
"4","20","362","6","14","0.3","-705","5500","53.35","16","60","5.833333333333333"
"6","40","401","3","17","0.15","-4634.166666666667","10333.333333333334","38.1","4","20","6"
"1","0","252","20","0","1","1075.375","0","48.25","58","0","5.7"
"7","50","412","0","20","0","0","0","43.7","0","61","0"
"4","20","363","6","14","0.3","-725","5500","53.35","16","60","5.833333333333333"
"3","10","324","20","0","1","221","2275","49.75","79","0","6.5"
"2","5","306","20","0","1","203.875","675","34.05","54","0","6.3"
"6","40","402","3","17","0.15","-4674.166666666667","10333.333333333334","38.1","4","20","6"
"7","50","413","0","20","0","0","0","43.7","0","61","0"
"4","20","364","6","14","0.3","-745","5500","53.35","16","60","5.833333333333333"
"1","0","253","20","0","1","1075.375","0","48.25","58","0","5.7"
"5","30","383","5","15","0.25","-2066","8400","38.85","12","43","6.2"
"3","10","325","20","0","1","211","2275","49.75","79","0","6.5"
"6","40","403","3","17","0.15","-4714.166666666667","10333.333333333334","38.1","4","20","6"
"4","20","365","6","14","0.3","-765","5500","53.35","16","60","5.833333333333333"
"7","50","414","0","20","0","0","0","43.7","0","61","0"
"2","5","307","20","0","1","223.875","700","34.05","54","0","6.3"
"5","30","384","5","15","0.25","-1796","8700","38.85","12","43","6.2"
"6","40","404","3","17","0.15","-4754.166666666667","10333.333333333334","38.1","4","20","6"
"3","10","326","20","0","1","201","2275","49.75","79","0","6.5"
"4","20","366","6","14","0.3","-785","5500","53.35","16","60","5.833333333333333"
"1","0","254","20","0","1","1075.375","0","48.25","58","0","5.7"
"6","40","405","3","17","0.15","-4794.166666666667","10333.333333333334","38.1","4","20","6"
"7","50","415","0","20","0","0","0","43.7","0","61","0"
"2","5","308","20","0","1","243.875","725","34.05","54","0","6.3"
"5","30","385","5","15","0.25","-1826","8700","38.85","12","43","6.2"
"4","20","367","6","14","0.3","-805","5500","53.35","16","60","5.833333333333333"
"3","10","327","20","0","1","191","2275","49.75","79","0","6.5"
"6","40","406","3","17","0.15","-4667.5","10500","38.1","4","20","6"
"1","0","255","20","0","1","1075.375","0","48.25","58","0","5.7"
"2","5","309","20","0","1","238.875","725","34.05","54","0","6.3"
"5","30","386","5","15","0.25","-1856","8700","38.85","12","43","6.2"
"4","20","368","6","14","0.3","-825","5500","53.35","16","60","5.833333333333333"
"7","50","416","0","20","0","0","0","43.7","0","61","0"
"6","40","407","3","17","0.15","-4707.5","10500","38.1","4","20","6"
"7","50","417","0","20","0","0","0","43.7","0","61","0"
"4","20","369","6","14","0.3","-845","5500","53.35","16","60","5.833333333333333"
"6","40","408","3","17","0.15","-4747.5","10500","38.1","4","20","6"
"1","0","256","20","0","1","1075.375","0","48.25","58","0","5.75"
"5","30","387","5","15","0.25","-1886","8700","38.85","12","43","6.2"
"2","5","310","20","0","1","233.875","725","34.05","54","0","6.3"
"3","10","328","20","0","1","206","2300","49.75","79","0","6.5"
"7","50","418","0","20","0","0","0","43.7","0","61","0"
"6","40","409","3","17","0.15","-4787.5","10500","38.1","4","20","6"
"4","20","370","6","14","0.3","-865","5500","53.35","16","60","5.833333333333333"
"5","30","388","5","15","0.25","-1816","8800","38.85","12","43","6.2"
"6","40","410","3","17","0.15","-4827.5","10500","38.1","4","20","6"
"2","5","311","20","0","1","228.875","725","34.05","54","0","6.3"
"7","50","419","0","20","0","0","0","43.7","0","61","0"
"4","20","371","6","14","0.3","-885","5500","53.35","16","60","5.833333333333333"
"1","0","257","20","0","1","1075.375","0","48.25","58","0","5.75"
"5","30","389","5","15","0.25","-1846","8800","38.85","12","43","6.2"
"3","10","329","20","0","1","196","2300","49.75","79","0","6.5"
"4","20","372","6","14","0.3","-905","5500","53.35","16","60","5.833333333333333"
"2","5","312","20","0","1","223.875","725","34.05","54","0","6.3"
"7","50","420","0","20","0","0","0","43.7","0","61","0"
"5","30","390","5","15","0.25","-1876","8800","38.85","12","43","6.2"
"6","40","411","3","17","0.15","-4867.5","10500","38.1","4","20","6"
"1","0","258","20","0","1","1075.375","0","48.25","58","0","5.75"
"3","10","330","20","0","1","186","2300","49.75","79","0","6.5"
"4","20","373","6","14","0.3","-925","5500","53.35","16","60","5.833333333333333"
"7","50","421","0","20","0","0","0","43.7","0","61","0"
"2","5","313","20","0","1","268.875","775","34.05","54","0","6.3"
"5","30","391","5","15","0.25","-1906","8800","38.85","12","43","6.2"
"6","40","412","3","17","0.15","-4907.5","10500","38.1","4","20","6"
"4","20","374","6","14","0.3","-945","5500","53.35","16","60","5.833333333333333"
"7","50","422","0","20","0","0","0","43.7","0","61","0"
"6","40","413","3","17","0.15","-4780.833333333333","10666.666666666666","38.1","4","20","6"
"3","10","331","20","0","1","176","2300","49.75","79","0","6.5"
"1","0","259","20","0","1","1075.375","0","48.25","58","0","5.75"
"5","30","392","5","15","0.25","-1936","8800","38.85","12","43","6.2"
"2","5","314","20","0","1","263.875","775","34.05","54","0","6.3"
"4","20","375","6","14","0.3","-965","5500","53.35","16","60","5.833333333333333"
"6","40","414","3","17","0.15","-4820.833333333333","10666.666666666666","38.1","4","20","6"
"5","30","393","5","15","0.25","-1966","8800","38.85","12","43","6.2"
"3","10","332","20","0","1","166","2300","49.75","79","0","6.5"
"7","50","423","0","20","0","0","0","43.7","0","61","0"
"6","40","415","3","17","0.15","-4860.833333333333","10666.666666666666","38.1","4","20","6"
"4","20","376","6","14","0.3","-651.6666666666666","5833.333333333333","53.35","16","60","5.833333333333333"
"2","5","315","20","0","1","258.875","775","34.05","54","0","6.3"
"1","0","260","20","0","1","1075.375","0","48.25","58","0","5.75"
"6","40","416","3","17","0.15","-4900.833333333333","10666.666666666666","38.1","4","20","6"
"5","30","394","5","15","0.25","-1996","8800","38.85","12","43","6.2"
"3","10","333","20","0","1","156","2300","49.75","79","0","6.5"
"2","5","316","20","0","1","253.875","775","34.05","54","0","6.3"
"4","20","377","6","14","0.3","-671.6666666666666","5833.333333333333","53.35","16","60","5.833333333333333"
"7","50","424","0","20","0","0","0","43.7","0","61","0"
"6","40","417","3","17","0.15","-4940.833333333333","10666.666666666666","38.1","4","20","6"
"1","0","261","20","0","1","1075.375","0","48.25","58","0","5.75"
"7","50","425","0","20","0","0","0","43.7","0","61","0"
"5","30","395","5","15","0.25","-2026","8800","38.85","12","43","6.2"
"3","10","334","20","0","1","146","2300","49.75","79","0","6.5"
"6","40","418","3","17","0.15","-4814.166666666667","10833.333333333334","38.1","4","20","6"
"4","20","378","6","14","0.3","-691.6666666666666","5833.333333333333","53.35","16","60","5.833333333333333"
"2","5","317","20","0","1","248.875","775","34.05","54","0","6.3"
"6","40","419","3","17","0.15","-4854.166666666667","10833.333333333334","38.1","4","20","6"
"5","30","396","5","15","0.25","-2056","8800","38.85","12","43","6.2"
"7","50","426","0","20","0","0","0","43.7","0","61","0"
"2","5","318","20","0","1","243.875","775","34.05","54","0","6.3"
"3","10","335","20","0","1","136","2300","49.75","79","0","6.5"
"1","0","262","20","0","1","1075.375","0","48.25","58","0","5.75"
"4","20","379","6","14","0.3","-711.6666666666666","5833.333333333333","53.35","16","60","5.833333333333333"
"6","40","420","3","17","0.15","-4894.166666666667","10833.333333333334","38.1","4","20","6"
"5","30","397","5","15","0.25","-2086","8800","38.85","12","43","6.2"
"7","50","427","0","20","0","0","0","43.7","0","61","0"
"6","40","421","3","17","0.15","-4934.166666666667","10833.333333333334","38.1","4","20","6"
"3","10","336","20","0","1","126","2300","49.75","79","0","6.5"
"2","5","319","20","0","1","263.875","800","34.05","54","0","6.3"
"4","20","380","6","14","0.3","-731.6666666666666","5833.333333333333","53.35","16","60","5.833333333333333"
"5","30","398","5","15","0.25","-2116","8800","38.85","12","43","6.2"
"7","50","428","0","20","0","0","0","43.7","0","61","0"
"1","0","263","20","0","1","1075.375","0","48.25","58","0","5.75"
"6","40","422","3","17","0.15","-4974.166666666667","10833.333333333334","38.1","4","20","6"
"4","20","381","6","14","0.3","-751.6666666666666","5833.333333333333","53.35","16","60","5.833333333333333"
"3","10","337","20","0","1","141","2325","49.75","79","0","6.5"
"2","5","320","20","0","1","258.875","800","34.05","54","0","6.3"
"5","30","399","5","15","0.25","-2146","8800","38.85","12","43","6.2"
"6","40","423","3","17","0.15","-5014.166666666667","10833.333333333334","38.1","4","20","6"
"7","50","429","0","20","0","0","0","43.7","0","61","0"
"1","0","264","20","0","1","1075.375","0","48.25","58","0","5.75"
"4","20","382","6","14","0.3","-771.6666666666666","5833.333333333333","53.35","16","60","5.833333333333333"
"3","10","338","20","0","1","131","2325","49.75","79","0","6.5"
"5","30","400","5","15","0.25","-2176","8800","38.85","12","43","6.2"
"6","40","424","3","17","0.15","-5054.166666666667","10833.333333333334","38.1","4","20","6"
"2","5","321","20","0","1","253.875","800","34.05","54","0","6.3"
"7","50","430","0","20","0","0","0","43.7","0","61","0"
"5","30","401","5","15","0.25","-1906","9100","38.85","12","43","6.2"
"6","40","425","3","17","0.15","-5094.166666666667","10833.333333333334","38.1","4","20","6"
"3","10","339","20","0","1","121","2325","49.75","79","0","6.5"
"1","0","265","20","0","1","1075.375","0","48.25","58","0","5.75"
"7","50","431","0","20","0","0","0","43.7","0","61","0"
"2","5","322","20","0","1","248.875","800","34.05","54","0","6.3"
"5","30","402","5","15","0.25","-1936","9100","38.85","12","43","6.2"
"6","40","426","3","17","0.15","-4967.5","11000","38.1","4","20","6"
"3","10","340","20","0","1","111","2325","49.75","79","0","6.5"
"7","50","432","0","20","0","0","0","43.7","0","61","0"
"1","0","266","20","0","1","1075.375","0","48.25","58","0","5.75"
"6","40","427","3","17","0.15","-5007.5","11000","38.1","4","20","6"
"2","5","323","20","0","1","243.875","800","34.05","54","0","6.3"
"5","30","403","5","15","0.25","-1966","9100","38.85","12","43","6.2"
"7","50","433","0","20","0","0","0","43.7","0","61","0"
"3","10","341","20","0","1","101","2325","49.75","79","0","6.5"
"6","40","428","3","17","0.15","-5047.5","11000","38.1","4","20","6"
"5","30","404","5","15","0.25","-1996","9100","38.85","12","43","6.2"
"1","0","267","20","0","1","1075.375","0","48.25","58","0","5.8"
"7","50","434","0","20","0","0","0","43.7","0","61","0"
"6","40","429","3","17","0.15","-5087.5","11000","38.1","4","20","6"
"2","5","324","20","0","1","238.875","800","34.05","54","0","6.3"
"3","10","342","20","0","1","91","2325","49.75","79","0","6.5"
"5","30","405","5","15","0.25","-1926","9200","38.85","12","43","6.2"
"4","20","383","6","14","0.3","-791.6666666666666","5833.333333333333","53.35","16","60","5.833333333333333"
"6","40","430","3","17","0.15","-5127.5","11000","38.1","4","20","6"
"7","50","435","0","20","0","0","0","43.7","0","61","0"
"5","30","406","5","15","0.25","-1956","9200","38.85","12","43","6.2"
"1","0","268","20","0","1","1075.375","0","48.25","58","0","5.8"
"7","50","436","0","20","0","0","0","43.7","0","61","0"
"6","40","431","3","17","0.15","-5000.833333333333","11166.666666666666","38.1","4","20","6"
"4","20","384","6","14","0.3","-811.6666666666666","5833.333333333333","53.35","16","60","5.833333333333333"
"3","10","343","20","0","1","81","2325","49.75","79","0","6.5"
"2","5","325","20","0","1","233.875","800","34.05","54","0","6.3"
"5","30","407","5","15","0.25","-1986","9200","38.85","12","43","6.2"
"7","50","437","0","20","0","0","0","43.7","0","61","0"
"6","40","432","3","17","0.15","-5040.833333333333","11166.666666666666","38.1","4","20","6"
"4","20","385","6","14","0.3","-831.6666666666666","5833.333333333333","53.35","16","60","5.833333333333333"
"5","30","408","5","15","0.25","-2016","9200","38.85","12","43","6.2"
"3","10","344","20","0","1","71","2325","49.75","79","0","6.5"
"1","0","269","20","0","1","1075.375","0","48.25","63","0","5.85"
"6","40","433","3","17","0.15","-5080.833333333333","11166.666666666666","38.1","8","20","6.333333333333333"
"7","50","438","0","20","0","0","0","43.7","0","61","0"
"2","5","326","20","0","1","228.875","800","34.05","54","0","6.3"
"5","30","409","5","15","0.25","-2046","9200","38.85","12","43","6.2"
"4","20","386","6","14","0.3","-768.3333333333334","5916.666666666667","53.35","16","60","5.833333333333333"
"6","40","434","3","17","0.15","-5120.833333333333","11166.666666666666","38.1","8","20","6.333333333333333"
"7","50","439","0","20","0","0","0","43.7","0","61","0"
"5","30","410","5","15","0.25","-2076","9200","38.85","12","43","6.2"
"3","10","345","20","0","1","86","2350","49.75","79","0","6.5"
"4","20","387","6","14","0.3","-788.3333333333334","5916.666666666667","53.35","16","60","5.833333333333333"
"2","5","327","20","0","1","223.875","800","34.05","54","0","6.3"
"1","0","270","20","0","1","1075.375","0","48.25","67","0","5.9"
"7","50","440","0","20","0","0","0","43.7","0","61","0"
"5","30","411","5","15","0.25","-2106","9200","38.85","12","43","6.2"
"6","40","435","3","17","0.15","-5160.833333333333","11166.666666666666","38.1","8","20","6.333333333333333"
"4","20","388","6","14","0.3","-808.3333333333334","5916.666666666667","53.35","16","60","5.833333333333333"
"3","10","346","20","0","1","76","2350","49.75","79","0","6.5"
"5","30","412","5","15","0.25","-2136","9200","38.85","12","43","6.2"
"6","40","436","3","17","0.15","-5200.833333333333","11166.666666666666","38.1","8","20","6.333333333333333"
"7","50","441","0","20","0","0","0","43.7","0","61","0"
"1","0","271","20","0","1","1075.375","0","48.25","67","0","5.9"
"4","20","389","6","14","0.3","-828.3333333333334","5916.666666666667","53.35","16","60","5.833333333333333"
"5","30","413","5","15","0.25","-2166","9200","38.85","12","43","6.2"
"3","10","347","20","0","1","66","2350","49.75","79","0","6.5"
"6","40","437","3","17","0.15","-5240.833333333333","11166.666666666666","38.1","8","20","6.333333333333333"
"7","50","442","0","20","0","0","0","43.7","0","61","0"
"2","5","328","20","0","1","218.875","800","34.05","54","0","6.3"
"6","40","438","3","17","0.15","-5114.166666666667","11333.333333333334","38.1","8","20","6.333333333333333"
"3","10","348","20","0","1","56","2350","49.75","79","0","6.5"
"1","0","272","20","0","1","1075.375","0","48.25","67","0","5.95"
"4","20","390","6","14","0.3","-848.3333333333334","5916.666666666667","53.35","16","60","5.833333333333333"
"7","50","443","0","20","0","0","0","43.7","0","61","0"
"5","30","414","5","15","0.25","-2196","9200","38.85","12","43","6.2"
"6","40","439","3","17","0.15","-5154.166666666667","11333.333333333334","38.1","8","20","6.333333333333333"
"1","0","273","20","0","1","1075.375","0","48.25","67","0","5.95"
"2","5","329","20","0","1","238.875","825","34.05","54","0","6.3"
"3","10","349","20","0","1","46","2350","49.75","79","0","6.5"
"5","30","415","5","15","0.25","-2226","9200","38.85","12","43","6.2"
"7","50","444","0","20","0","0","0","43.7","0","61","0"
"4","20","391","6","14","0.3","-868.3333333333334","5916.666666666667","53.35","16","60","5.833333333333333"
"6","40","440","3","17","0.15","-5194.166666666667","11333.333333333334","38.1","10","20","6.666666666666667"
"3","10","350","20","0","1","36","2350","49.75","79","0","6.5"
"5","30","416","5","15","0.25","-2256","9200","38.85","12","43","6.2"
"6","40","441","3","17","0.15","-5234.166666666667","11333.333333333334","38.1","10","20","6.666666666666667"
"4","20","392","6","14","0.3","-888.3333333333334","5916.666666666667","53.35","16","60","5.833333333333333"
"7","50","445","0","20","0","0","0","43.7","0","61","0"
"1","0","274","20","0","1","1075.375","0","48.25","67","0","5.95"
"5","30","417","4","16","0.2","-2605","8875","38.85","9","46","6.25"
"2","5","330","20","0","1","233.875","825","34.05","57","0","6.35"
"3","10","351","15","5","0.75","271.3333333333333","2533.3333333333335","49.75","64","15","6.466666666666667"
"4","20","393","6","14","0.3","-908.3333333333334","5916.666666666667","53.35","16","60","5.833333333333333"
"7","50","446","0","20","0","0","0","43.7","0","61","0"
"5","30","418","4","16","0.2","-2635","8875","38.85","9","46","6.25"
"6","40","442","3","17","0.15","-5274.166666666667","11333.333333333334","38.1","10","20","6.666666666666667"
"3","10","352","15","5","0.75","261.3333333333333","2533.3333333333335","49.75","64","15","6.466666666666667"
"1","0","275","20","0","1","1075.375","0","48.25","67","0","5.95"
"5","30","419","4","16","0.2","-2665","8875","38.85","9","46","6.25"
"3","10","353","15","5","0.75","251.33333333333334","2533.3333333333335","49.75","64","15","6.466666666666667"
"7","50","447","0","20","0","0","0","43.7","0","61","0"
"6","40","443","3","17","0.15","-5147.5","11500","38.1","10","20","6.666666666666667"
"4","20","394","6","14","0.3","-928.3333333333334","5916.666666666667","53.35","16","60","5.833333333333333"
"5","30","420","4","16","0.2","-2695","8875","38.85","9","46","6.25"
"2","5","331","20","0","1","228.875","825","34.05","57","0","6.35"
"6","40","444","3","17","0.15","-5187.5","11500","38.1","10","20","6.666666666666667"
"7","50","448","0","20","0","0","0","43.7","0","61","0"
"1","0","276","20","0","1","1075.375","0","48.25","67","0","5.95"
"3","10","354","14","6","0.7","259.2857142857143","2535.714285714286","49.75","59","20","6.428571428571429"
"4","20","395","6","14","0.3","-948.3333333333334","5916.666666666667","53.35","16","60","5.833333333333333"
"7","50","449","0","20","0","0","0","43.7","0","61","0"
"5","30","421","4","16","0.2","-2600","9000","38.85","9","46","6.25"
"6","40","445","3","17","0.15","-5227.5","11500","38.1","10","20","6.666666666666667"
"2","5","332","20","0","1","223.875","825","34.05","57","0","6.35"
"5","30","422","4","16","0.2","-2630","9000","38.85","9","46","6.25"
"7","50","450","0","20","0","0","0","43.7","0","61","0"
"1","0","277","20","0","1","1075.375","0","48.25","67","0","5.95"
"5","30","423","4","16","0.2","-2660","9000","38.85","9","46","6.5"
"4","20","396","6","14","0.3","-968.3333333333334","5916.666666666667","53.35","16","60","5.833333333333333"
"3","10","355","14","6","0.7","249.28571428571428","2535.714285714286","49.75","59","20","6.428571428571429"
"7","50","451","0","20","0","0","0","43.7","0","61","0"
"6","40","446","3","17","0.15","-5267.5","11500","38.1","10","20","6.666666666666667"
"2","5","333","20","0","1","218.875","825","34.05","57","0","6.35"
"5","30","424","4","16","0.2","-2690","9000","38.85","9","46","6.5"
"3","10","356","14","6","0.7","239.28571428571428","2535.714285714286","49.75","59","20","6.428571428571429"
"1","0","278","20","0","1","1075.375","0","48.25","67","0","5.95"
"6","40","447","3","17","0.15","-5307.5","11500","38.1","10","20","6.666666666666667"
"4","20","397","6","14","0.3","-988.3333333333334","5916.666666666667","53.35","16","60","5.833333333333333"
"7","50","452","0","20","0","0","0","43.7","0","61","0"
"5","30","425","4","16","0.2","-2720","9000","38.85","9","46","6.5"
"6","40","448","3","17","0.15","-5347.5","11500","38.1","10","20","6.666666666666667"
"4","20","398","6","14","0.3","-1008.3333333333334","5916.666666666667","53.35","16","60","5.833333333333333"
"5","30","426","4","16","0.2","-2750","9000","38.85","9","46","6.5"
"7","50","453","0","20","0","0","0","43.7","0","61","0"
"3","10","357","14","6","0.7","229.28571428571428","2535.714285714286","49.75","59","20","6.428571428571429"
"6","40","449","3","17","0.15","-5387.5","11500","38.1","10","20","6.666666666666667"
"4","20","399","6","14","0.3","-1028.3333333333333","5916.666666666667","53.35","16","60","5.833333333333333"
"7","50","454","0","20","0","0","0","43.7","0","61","0"
"1","0","279","20","0","1","1075.375","0","48.25","67","0","6"
"6","40","450","3","17","0.15","-5427.5","11500","38.1","10","20","6.666666666666667"
"4","20","400","6","14","0.3","-1048.3333333333333","5916.666666666667","53.35","16","60","5.833333333333333"
"2","5","334","20","0","1","213.875","825","34.05","57","0","6.35"
"3","10","358","14","6","0.7","219.28571428571428","2535.714285714286","49.75","59","20","6.428571428571429"
"5","30","427","4","16","0.2","-2780","9000","38.85","9","46","6.5"
"7","50","455","0","20","0","0","0","43.7","0","61","0"
"6","40","451","3","17","0.15","-5300.833333333333","11666.666666666666","38.1","10","20","6.666666666666667"
"4","20","401","6","14","0.3","-735","6250","53.35","16","60","5.833333333333333"
"3","10","359","14","6","0.7","209.28571428571428","2535.714285714286","49.75","59","20","6.428571428571429"
"7","50","456","0","20","0","0","0","43.7","0","61","0"
"1","0","280","20","0","1","1075.375","0","48.25","67","0","6.05"
"4","20","402","6","14","0.3","-755","6250","53.35","16","60","5.833333333333333"
"6","40","452","3","17","0.15","-5340.833333333333","11666.666666666666","38.1","10","20","6.666666666666667"
"5","30","428","4","16","0.2","-2810","9000","38.85","9","46","6.5"
"3","10","360","14","6","0.7","199.28571428571428","2535.714285714286","49.75","59","20","6.428571428571429"
"7","50","457","0","20","0","0","0","43.7","0","61","0"
"4","20","403","6","14","0.3","-775","6250","53.35","16","60","5.833333333333333"
"6","40","453","3","17","0.15","-5380.833333333333","11666.666666666666","38.1","10","20","6.666666666666667"
"2","5","335","20","0","1","208.875","825","34.05","57","0","6.35"
"1","0","281","20","0","1","1075.375","0","48.25","67","0","6.05"
"3","10","361","14","6","0.7","189.28571428571428","2535.714285714286","49.75","59","20","6.428571428571429"
"4","20","404","6","14","0.3","-795","6250","53.35","16","60","5.833333333333333"
"7","50","458","0","20","0","0","0","43.7","0","61","0"
"5","30","429","4","16","0.2","-2840","9000","38.85","9","46","6.5"
"6","40","454","3","17","0.15","-5420.833333333333","11666.666666666666","38.1","10","20","6.666666666666667"
"5","30","430","4","16","0.2","-2870","9000","38.85","9","46","6.5"
"3","10","362","14","6","0.7","179.28571428571428","2535.714285714286","49.75","59","20","6.428571428571429"
"2","5","336","20","0","1","203.875","825","34.05","57","0","6.35"
"7","50","459","0","20","0","0","0","43.7","0","61","0"
"6","40","455","3","17","0.15","-5460.833333333333","11666.666666666666","38.1","10","20","6.666666666666667"
"4","20","405","6","14","0.3","-815","6250","53.35","16","60","5.833333333333333"
"1","0","282","20","0","1","1075.375","0","48.25","67","0","6.1"
"3","10","363","14","6","0.7","205","2571.4285714285716","49.75","59","20","6.428571428571429"
"6","40","456","3","17","0.15","-5334.166666666667","11833.333333333334","38.1","10","20","6.666666666666667"
"7","50","460","0","20","0","0","0","43.7","0","61","0"
"2","5","337","20","0","1","198.875","825","34.05","57","0","6.35"
"5","30","431","4","16","0.2","-2900","9000","38.85","9","46","6.5"
"4","20","406","6","14","0.3","-835","6250","53.35","16","60","5.833333333333333"
"6","40","457","3","17","0.15","-5374.166666666667","11833.333333333334","38.1","10","20","6.666666666666667"
"3","10","364","14","6","0.7","195","2571.4285714285716","49.75","59","20","6.5"
"7","50","461","0","20","0","0","0","43.7","0","61","0"
"5","30","432","4","16","0.2","-2930","9000","38.85","9","46","6.5"
"4","20","407","6","14","0.3","-855","6250","53.35","16","60","5.833333333333333"
"2","5","338","20","0","1","218.875","850","34.05","57","0","6.35"
"6","40","458","3","17","0.15","-5414.166666666667","11833.333333333334","38.1","10","20","6.666666666666667"
"3","10","365","14","6","0.7","220.71428571428572","2607.1428571428573","49.75","60","20","6.571428571428571"
"1","0","283","20","0","1","1075.375","0","48.25","67","0","6.1"
"6","40","459","3","17","0.15","-5454.166666666667","11833.333333333334","38.1","10","20","6.666666666666667"
"4","20","408","6","14","0.3","-875","6250","53.35","16","60","5.833333333333333"
"7","50","462","0","20","0","0","0","43.7","0","61","0"
"2","5","339","20","0","1","238.875","875","34.05","57","0","6.35"
"6","40","460","3","17","0.15","-5494.166666666667","11833.333333333334","38.1","10","20","6.666666666666667"
"3","10","366","14","6","0.7","210.71428571428572","2607.1428571428573","49.75","60","20","6.571428571428571"
"5","30","433","4","16","0.2","-2960","9000","38.85","9","46","6.5"
"4","20","409","6","14","0.3","-895","6250","53.35","16","60","5.833333333333333"
"6","40","461","3","17","0.15","-5534.166666666667","11833.333333333334","38.1","10","20","6.666666666666667"
"2","5","340","20","0","1","233.875","875","34.05","57","0","6.35"
"7","50","463","0","20","0","0","0","43.7","0","61","0"
"3","10","367","14","6","0.7","200.71428571428572","2607.1428571428573","49.75","60","20","6.571428571428571"
"4","20","410","6","14","0.3","-915","6250","53.35","16","60","6"
"5","30","434","3","17","0.15","-3813.3333333333335","8166.666666666667","38.85","9","46","7"
"6","40","462","3","17","0.15","-5574.166666666667","11833.333333333334","38.1","10","20","6.666666666666667"
"2","5","341","20","0","1","228.875","875","34.05","57","0","6.35"
"5","30","435","3","17","0.15","-3843.3333333333335","8166.666666666667","38.85","9","46","7"
"3","10","368","14","6","0.7","190.71428571428572","2607.1428571428573","49.75","60","20","6.571428571428571"
"6","40","463","3","17","0.15","-5447.5","12000","38.1","10","20","6.666666666666667"
"7","50","464","0","20","0","0","0","43.7","0","61","0"
"4","20","411","6","14","0.3","-851.6666666666666","6333.333333333333","53.35","16","60","6"
"6","40","464","3","17","0.15","-5487.5","12000","38.1","10","20","6.666666666666667"
"5","30","436","3","17","0.15","-3873.3333333333335","8166.666666666667","38.85","9","46","7"
"2","5","342","20","0","1","223.875","875","34.05","57","0","6.35"
"4","20","412","6","14","0.3","-871.6666666666666","6333.333333333333","53.35","16","60","6"
"7","50","465","0","20","0","0","0","43.7","0","61","0"
"3","10","369","13","7","0.65","195.3846153846154","2615.3846153846152","49.75","58","22","6.538461538461538"
"6","40","465","3","17","0.15","-5527.5","12000","38.1","10","20","6.666666666666667"
"5","30","437","3","17","0.15","-3903.3333333333335","8166.666666666667","38.85","9","46","7"
"6","40","466","3","17","0.15","-5567.5","12000","38.1","10","20","6.666666666666667"
"3","10","370","13","7","0.65","185.3846153846154","2615.3846153846152","49.75","58","22","6.538461538461538"
"2","5","343","20","0","1","218.875","875","34.05","57","0","6.35"
"5","30","438","3","17","0.15","-3766.6666666666665","8333.333333333334","38.85","9","46","7"
"6","40","467","3","17","0.15","-5607.5","12000","38.1","10","20","6.666666666666667"
"7","50","466","0","20","0","0","0","43.7","0","61","0"
"4","20","413","6","14","0.3","-891.6666666666666","6333.333333333333","53.35","16","60","6"
"3","10","371","13","7","0.65","175.3846153846154","2615.3846153846152","49.75","58","22","6.538461538461538"
"5","30","439","3","17","0.15","-3796.6666666666665","8333.333333333334","38.85","9","46","7"
"6","40","468","3","17","0.15","-5480.833333333333","12166.666666666666","38.1","10","20","6.666666666666667"
"7","50","467","0","20","0","0","0","43.7","0","61","0"
"2","5","344","20","0","1","213.875","875","34.05","57","0","6.35"
"6","40","469","3","17","0.15","-5520.833333333333","12166.666666666666","38.1","10","20","6.666666666666667"
"5","30","440","3","17","0.15","-3826.6666666666665","8333.333333333334","38.85","9","46","7"
"4","20","414","6","14","0.3","-911.6666666666666","6333.333333333333","53.35","16","60","6"
"3","10","372","13","7","0.65","165.3846153846154","2615.3846153846152","49.75","58","22","6.538461538461538"
"7","50","468","0","20","0","0","0","43.7","0","61","0"
"6","40","470","3","17","0.15","-5560.833333333333","12166.666666666666","38.1","10","20","6.666666666666667"
"2","5","345","20","0","1","233.875","900","34.05","57","0","6.35"
"5","30","441","3","17","0.15","-3856.6666666666665","8333.333333333334","38.85","9","46","7"
"4","20","415","6","14","0.3","-931.6666666666666","6333.333333333333","53.35","16","60","6"
"7","50","469","0","20","0","0","0","43.7","0","61","0"
"3","10","373","13","7","0.65","155.3846153846154","2615.3846153846152","49.75","58","22","6.538461538461538"
"6","40","471","3","17","0.15","-5600.833333333333","12166.666666666666","38.1","10","20","6.666666666666667"
"5","30","442","3","17","0.15","-3886.6666666666665","8333.333333333334","38.85","9","46","7"
"2","5","346","20","0","1","228.875","900","34.05","57","0","6.35"
"4","20","416","6","14","0.3","-951.6666666666666","6333.333333333333","53.35","16","60","6"
"7","50","470","0","20","0","0","0","43.7","0","61","0"
"6","40","472","3","17","0.15","-5640.833333333333","12166.666666666666","38.1","10","20","6.666666666666667"
"3","10","374","13","7","0.65","145.3846153846154","2615.3846153846152","49.75","58","22","6.538461538461538"
"5","30","443","3","17","0.15","-3916.6666666666665","8333.333333333334","38.85","9","46","7"
"7","50","471","0","20","0","0","0","43.7","0","61","0"
"4","20","417","6","14","0.3","-971.6666666666666","6333.333333333333","53.35","16","60","6"
"6","40","473","3","17","0.15","-5680.833333333333","12166.666666666666","38.1","10","20","6.666666666666667"
"2","5","347","20","0","1","223.875","900","34.05","57","0","6.35"
"5","30","444","3","17","0.15","-3946.6666666666665","8333.333333333334","38.85","9","46","7"
"3","10","375","13","7","0.65","173.84615384615384","2653.846153846154","49.75","58","22","6.538461538461538"
"7","50","472","0","20","0","0","0","43.7","0","61","0"
"4","20","418","6","14","0.3","-991.6666666666666","6333.333333333333","53.35","16","60","6"
"6","40","474","3","17","0.15","-5720.833333333333","12166.666666666666","38.1","10","20","6.666666666666667"
"5","30","445","3","17","0.15","-3976.6666666666665","8333.333333333334","38.85","9","46","7"
"7","50","473","0","20","0","0","0","43.7","0","61","0"
"2","5","348","20","0","1","218.875","900","34.05","57","0","6.35"
"3","10","376","13","7","0.65","163.84615384615384","2653.846153846154","49.75","58","22","6.538461538461538"
"4","20","419","6","14","0.3","-1011.6666666666666","6333.333333333333","53.35","16","60","6"
"6","40","475","3","17","0.15","-5760.833333333333","12166.666666666666","38.1","10","20","6.666666666666667"
"5","30","446","3","17","0.15","-4006.6666666666665","8333.333333333334","38.85","9","46","7"
"7","50","474","0","20","0","0","0","43.7","0","61","0"
"4","20","420","6","14","0.3","-1031.6666666666667","6333.333333333333","53.35","16","60","6"
"3","10","377","13","7","0.65","153.84615384615384","2653.846153846154","49.75","58","22","6.538461538461538"
"6","40","476","3","17","0.15","-5634.166666666667","12333.333333333334","38.1","10","20","6.666666666666667"
"2","5","349","20","0","1","213.875","900","34.05","57","0","6.35"
"5","30","447","3","17","0.15","-4036.6666666666665","8333.333333333334","38.85","9","46","7"
"6","40","477","3","17","0.15","-5674.166666666667","12333.333333333334","38.1","10","20","6.666666666666667"
"4","20","421","6","14","0.3","-1051.6666666666667","6333.333333333333","53.35","16","60","6"
"5","30","448","3","17","0.15","-4066.6666666666665","8333.333333333334","38.85","9","46","7"
"3","10","378","13","7","0.65","182.30769230769232","2692.3076923076924","49.75","58","22","6.538461538461538"
"2","5","350","20","0","1","208.875","900","34.05","57","0","6.35"
"6","40","478","3","17","0.15","-5714.166666666667","12333.333333333334","38.1","10","20","6.666666666666667"
"5","30","449","3","17","0.15","-4096.666666666667","8333.333333333334","38.85","9","46","7"
"4","20","422","6","14","0.3","-1071.6666666666667","6333.333333333333","53.35","16","60","6"
"3","10","379","13","7","0.65","172.30769230769232","2692.3076923076924","49.75","58","22","6.538461538461538"
"6","40","479","3","17","0.15","-5754.166666666667","12333.333333333334","38.1","10","20","6.666666666666667"
"5","30","450","3","17","0.15","-4126.666666666667","8333.333333333334","38.85","9","46","7"
"4","20","423","6","14","0.3","-1091.6666666666667","6333.333333333333","53.35","16","60","6"
"2","5","351","20","0","1","203.875","900","34.05","57","0","6.35"
"3","10","380","13","7","0.65","162.30769230769232","2692.3076923076924","49.75","58","22","6.538461538461538"
"5","30","451","3","17","0.15","-3990","8500","38.85","9","46","7"
"6","40","480","3","17","0.15","-5794.166666666667","12333.333333333334","38.1","10","20","6.666666666666667"
"4","20","424","6","14","0.3","-1111.6666666666667","6333.333333333333","53.35","16","60","6"
"5","30","452","3","17","0.15","-4020","8500","38.85","9","46","7"
"3","10","381","13","7","0.65","152.30769230769232","2692.3076923076924","49.75","58","22","6.538461538461538"
"6","40","481","3","17","0.15","-5667.5","12500","38.1","10","20","6.666666666666667"
"2","5","352","20","0","1","223.875","925","34.05","57","0","6.4"
"4","20","425","6","14","0.3","-1131.6666666666667","6333.333333333333","53.35","16","60","6"
"5","30","453","3","17","0.15","-4050","8500","38.85","9","46","7"
"6","40","482","3","17","0.15","-5707.5","12500","38.1","10","20","6.666666666666667"
"3","10","382","13","7","0.65","142.30769230769232","2692.3076923076924","49.75","58","22","6.538461538461538"
"4","20","426","6","14","0.3","-818.3333333333334","6666.666666666667","53.35","16","60","6"
"5","30","454","3","17","0.15","-4080","8500","38.85","9","46","7"
"6","40","483","3","17","0.15","-5747.5","12500","38.1","10","20","6.666666666666667"
"2","5","353","20","0","1","218.875","925","34.05","57","0","6.4"
"5","30","455","3","17","0.15","-3943.3333333333335","8666.666666666666","38.85","9","46","7"
"4","20","427","6","14","0.3","-838.3333333333334","6666.666666666667","53.35","16","60","6"
"6","40","484","3","17","0.15","-5787.5","12500","38.1","10","20","6.666666666666667"
"5","30","456","3","17","0.15","-3973.3333333333335","8666.666666666666","38.85","9","46","7"
"4","20","428","6","14","0.3","-858.3333333333334","6666.666666666667","53.35","16","60","6"
"6","40","485","3","17","0.15","-5827.5","12500","38.1","10","20","6.666666666666667"
"2","5","354","20","0","1","213.875","925","34.05","57","0","6.45"
"5","30","457","3","17","0.15","-4003.3333333333335","8666.666666666666","38.85","9","46","7"
"6","40","486","3","17","0.15","-5867.5","12500","38.1","10","20","6.666666666666667"
"5","30","458","3","17","0.15","-4033.3333333333335","8666.666666666666","38.85","9","46","7"
"4","20","429","6","14","0.3","-878.3333333333334","6666.666666666667","53.35","16","60","6"
"6","40","487","3","17","0.15","-5907.5","12500","38.1","10","20","6.666666666666667"
"2","5","355","20","0","1","208.875","925","34.05","57","0","6.45"
"3","10","383","13","7","0.65","132.30769230769232","2692.3076923076924","49.75","58","22","6.538461538461538"
"5","30","459","3","17","0.15","-4063.3333333333335","8666.666666666666","38.85","9","46","7"
"4","20","430","6","14","0.3","-898.3333333333334","6666.666666666667","53.35","16","60","6"
"6","40","488","3","17","0.15","-5780.833333333333","12666.666666666666","38.1","10","20","6.666666666666667"
"2","5","356","20","0","1","203.875","925","34.05","57","0","6.45"
"5","30","460","3","17","0.15","-4093.3333333333335","8666.666666666666","38.85","9","46","7"
"6","40","489","3","17","0.15","-5820.833333333333","12666.666666666666","38.1","10","20","6.666666666666667"
"3","10","384","12","8","0.6","133.33333333333334","2708.3333333333335","49.75","53","27","6.333333333333333"
"4","20","431","6","14","0.3","-918.3333333333334","6666.666666666667","53.35","16","60","6"
"6","40","490","3","17","0.15","-5860.833333333333","12666.666666666666","38.1","10","20","6.666666666666667"
"2","5","357","20","0","1","198.875","925","34.05","57","0","6.45"
"3","10","385","12","8","0.6","123.33333333333333","2708.3333333333335","49.75","53","27","6.333333333333333"
"5","30","461","3","17","0.15","-4123.333333333333","8666.666666666666","38.85","9","46","7"
"6","40","491","3","17","0.15","-5900.833333333333","12666.666666666666","38.1","10","20","6.666666666666667"
"4","20","432","6","14","0.3","-938.3333333333334","6666.666666666667","53.35","16","60","6"
"6","40","492","3","17","0.15","-5940.833333333333","12666.666666666666","38.1","10","20","6.666666666666667"
"3","10","386","12","8","0.6","113.33333333333333","2708.3333333333335","49.75","53","27","6.333333333333333"
"5","30","462","3","17","0.15","-4153.333333333333","8666.666666666666","38.85","9","46","7"
"2","5","358","20","0","1","193.875","925","34.05","57","0","6.45"
"4","20","433","6","14","0.3","-958.3333333333334","6666.666666666667","53.35","16","60","6"
"6","40","493","2","18","0.1","-8970","9750","38.1","2","28","5.5"
"3","10","387","12","8","0.6","103.33333333333333","2708.3333333333335","49.75","53","27","6.333333333333333"
"5","30","463","3","17","0.15","-4183.333333333333","8666.666666666666","38.85","9","46","7"
"4","20","434","6","14","0.3","-978.3333333333334","6666.666666666667","53.35","16","60","6"
"6","40","494","2","18","0.1","-9010","9750","38.1","2","28","5.5"
"2","5","359","20","0","1","188.875","925","34.05","57","0","6.45"
"5","30","464","3","17","0.15","-4213.333333333333","8666.666666666666","38.85","9","46","7"
"6","40","495","2","18","0.1","-9050","9750","38.1","2","28","5.5"
"3","10","388","12","8","0.6","93.33333333333333","2708.3333333333335","49.75","53","27","6.333333333333333"
"4","20","435","6","14","0.3","-998.3333333333334","6666.666666666667","53.35","16","60","6"
"6","40","496","2","18","0.1","-9090","9750","38.1","2","28","5.5"
"2","5","360","20","0","1","183.875","925","34.05","57","0","6.45"
"5","30","465","3","17","0.15","-4243.333333333333","8666.666666666666","38.85","9","46","7"
"3","10","389","12","8","0.6","83.33333333333333","2708.3333333333335","49.75","53","27","6.333333333333333"
"6","40","497","2","18","0.1","-9130","9750","38.1","2","28","5.5"
"4","20","436","6","14","0.3","-935","6750","53.35","16","60","6"
"5","30","466","3","17","0.15","-4273.333333333333","8666.666666666666","38.85","9","46","7"
"3","10","390","12","8","0.6","73.33333333333333","2708.3333333333335","49.75","53","27","6.333333333333333"
"6","40","498","2","18","0.1","-9170","9750","38.1","2","28","5.5"
"5","30","467","3","17","0.15","-4136.666666666667","8833.333333333334","38.85","9","46","7"
"4","20","437","6","14","0.3","-955","6750","53.35","16","60","6"
"6","40","499","2","18","0.1","-9210","9750","38.1","2","28","5.5"
"2","5","361","20","0","1","178.875","925","34.05","57","0","6.45"
"3","10","391","12","8","0.6","63.333333333333336","2708.3333333333335","49.75","53","27","6.333333333333333"
"5","30","468","3","17","0.15","-4166.666666666667","8833.333333333334","38.85","9","46","7"
"6","40","500","2","18","0.1","-9250","9750","38.1","2","28","5.5"
"4","20","438","6","14","0.3","-975","6750","53.35","16","60","6"
"5","30","469","3","17","0.15","-4196.666666666667","8833.333333333334","38.85","9","46","7"
"3","10","392","12","8","0.6","95","2750","49.75","53","27","6.333333333333333"
"2","5","362","20","0","1","173.875","925","34.05","57","0","6.45"
"6","40","501","2","18","0.1","-9040","10000","38.1","2","28","5.5"
"5","30","470","3","17","0.15","-4226.666666666667","8833.333333333334","38.85","9","46","7"
"4","20","439","6","14","0.3","-995","6750","53.35","16","60","6"
"6","40","502","2","18","0.1","-9080","10000","38.1","2","28","5.5"
"3","10","393","11","9","0.55","93.63636363636364","2772.7272727272725","49.75","44","36","6.090909090909091"
"5","30","471","3","17","0.15","-4090","9000","38.85","9","46","7"
"2","5","363","20","0","1","168.875","925","34.05","57","0","6.45"
"4","20","440","6","14","0.3","-1015","6750","53.35","16","60","6"
"5","30","472","3","17","0.15","-4120","9000","38.85","9","46","7"
"6","40","503","2","18","0.1","-9120","10000","38.1","2","28","5.5"
"3","10","394","11","9","0.55","83.63636363636364","2772.7272727272725","49.75","44","36","6.090909090909091"
"5","30","473","3","17","0.15","-4150","9000","38.85","9","46","7"
"4","20","441","6","14","0.3","-1035","6750","53.35","16","60","6"
"6","40","504","2","18","0.1","-9160","10000","38.1","2","28","5.5"
"5","30","474","3","17","0.15","-4180","9000","38.85","9","46","7"
"2","5","364","20","0","1","163.875","925","34.05","57","0","6.5"
"3","10","395","11","9","0.55","73.63636363636364","2772.7272727272725","49.75","44","36","6.090909090909091"
"4","20","442","6","14","0.3","-1055","6750","53.35","16","60","6"
"5","30","475","3","17","0.15","-4210","9000","38.85","9","46","7"
"6","40","505","2","18","0.1","-9200","10000","38.1","2","28","5.5"
"5","30","476","3","17","0.15","-4240","9000","38.85","9","46","7"
"3","10","396","11","9","0.55","63.63636363636363","2772.7272727272725","49.75","44","36","6.090909090909091"
"4","20","443","6","14","0.3","-1075","6750","53.35","16","60","6"
"6","40","506","2","18","0.1","-9240","10000","38.1","2","28","5.5"
"2","5","365","20","0","1","158.875","925","34.05","57","0","6.5"
"5","30","477","3","17","0.15","-4270","9000","38.85","9","46","7"
"6","40","507","2","18","0.1","-9280","10000","38.1","2","28","5.5"
"3","10","397","11","9","0.55","53.63636363636363","2772.7272727272725","49.75","44","36","6.090909090909091"
"4","20","444","6","14","0.3","-1095","6750","53.35","16","60","6"
"5","30","478","3","17","0.15","-4300","9000","38.85","9","46","7"
"5","30","479","3","17","0.15","-4330","9000","38.85","9","46","7"
"2","5","366","20","0","1","153.875","925","34.05","57","0","6.55"
"6","40","508","2","18","0.1","-9320","10000","38.1","2","28","5.5"
"3","10","398","11","9","0.55","43.63636363636363","2772.7272727272725","49.75","44","36","6.090909090909091"
"4","20","445","6","14","0.3","-1115","6750","53.35","16","60","6"
"5","30","480","3","17","0.15","-4360","9000","38.85","9","46","7"
"6","40","509","2","18","0.1","-9360","10000","38.1","2","28","5.5"
"5","30","481","3","17","0.15","-4390","9000","38.85","9","46","7"
"4","20","446","6","14","0.3","-1135","6750","53.35","16","60","6"
"3","10","399","11","9","0.55","33.63636363636363","2772.7272727272725","49.75","44","36","6.090909090909091"
"2","5","367","20","0","1","148.875","925","34.05","57","0","6.55"
"6","40","510","2","18","0.1","-9400","10000","38.1","2","28","5.5"
"5","30","482","3","17","0.15","-4420","9000","38.85","9","46","7"
"6","40","511","2","18","0.1","-9440","10000","38.1","2","28","5.5"
"4","20","447","6","14","0.3","-1155","6750","53.35","16","60","6"
"3","10","400","11","9","0.55","23.636363636363637","2772.7272727272725","49.75","44","36","6.090909090909091"
"5","30","483","3","17","0.15","-4450","9000","38.85","9","46","7"
"2","5","368","20","0","1","143.875","925","34.05","57","0","6.55"
"6","40","512","2","18","0.1","-9480","10000","38.1","2","28","5.5"
"5","30","484","3","17","0.15","-4313.333333333333","9166.666666666666","38.85","9","46","7"
"3","10","401","7","13","0.35","241.42857142857142","2857.1428571428573","49.75","39","41","7.142857142857143"
"4","20","448","6","14","0.3","-1175","6750","53.35","16","60","6"
"6","40","513","2","18","0.1","-9270","10250","38.1","2","28","5.5"
"5","30","485","3","17","0.15","-4343.333333333333","9166.666666666666","38.85","9","46","7"
"3","10","402","7","13","0.35","231.42857142857142","2857.1428571428573","49.75","39","41","7.142857142857143"
"2","5","369","20","0","1","138.875","925","34.05","57","0","6.55"
"4","20","449","6","14","0.3","-1195","6750","53.35","16","60","6"
"6","40","514","2","18","0.1","-9310","10250","38.1","2","28","5.5"
"5","30","486","3","17","0.15","-4373.333333333333","9166.666666666666","38.85","9","46","7"
"3","10","403","7","13","0.35","221.42857142857142","2857.1428571428573","49.75","39","41","7.142857142857143"
"6","40","515","2","18","0.1","-9350","10250","38.1","2","28","5.5"
"4","20","450","6","14","0.3","-1215","6750","53.35","16","60","6"
"5","30","487","3","17","0.15","-4403.333333333333","9166.666666666666","38.85","9","46","7"
"3","10","404","7","13","0.35","211.42857142857142","2857.1428571428573","49.75","39","41","7.142857142857143"
"2","5","370","20","0","1","133.875","925","34.05","57","0","6.55"
"5","30","488","3","17","0.15","-4266.666666666667","9333.333333333334","38.85","9","46","7"
"6","40","516","2","18","0.1","-9390","10250","38.1","2","28","5.5"
"4","20","451","5","15","0.25","-1178","6800","53.35","16","60","6.6"
"3","10","405","7","13","0.35","201.42857142857142","2857.1428571428573","49.75","39","41","7.142857142857143"
"5","30","489","3","17","0.15","-4296.666666666667","9333.333333333334","38.85","9","46","7"
"6","40","517","2","18","0.1","-9430","10250","38.1","2","28","5.5"
"3","10","406","7","13","0.35","191.42857142857142","2857.1428571428573","49.75","39","41","7.142857142857143"
"2","5","371","20","0","1","128.875","925","34.05","57","0","6.55"
"4","20","452","5","15","0.25","-1198","6800","53.35","16","60","6.6"
"5","30","490","3","17","0.15","-4326.666666666667","9333.333333333334","38.85","12","46","7.333333333333333"
"6","40","518","2","18","0.1","-9470","10250","38.1","2","28","5.5"
"3","10","407","7","13","0.35","181.42857142857142","2857.1428571428573","49.75","39","41","7.142857142857143"
"5","30","491","3","17","0.15","-4356.666666666667","9333.333333333334","38.85","12","46","7.333333333333333"
"4","20","453","5","15","0.25","-1218","6800","53.35","16","60","6.6"
"6","40","519","2","18","0.1","-9510","10250","38.1","2","28","5.5"
"5","30","492","3","17","0.15","-4386.666666666667","9333.333333333334","38.85","12","46","7.333333333333333"
"3","10","408","7","13","0.35","171.42857142857142","2857.1428571428573","49.75","39","41","7.142857142857143"
"2","5","372","20","0","1","123.875","925","34.05","57","0","6.55"
"6","40","520","2","18","0.1","-9550","10250","38.1","2","28","5.5"
"4","20","454","5","15","0.25","-1238","6800","53.35","16","60","6.6"
"5","30","493","3","17","0.15","-4416.666666666667","9333.333333333334","38.85","12","46","7.333333333333333"
"3","10","409","7","13","0.35","161.42857142857142","2857.1428571428573","49.75","39","41","7.142857142857143"
"6","40","521","2","18","0.1","-9590","10250","38.1","2","28","5.5"
"5","30","494","3","17","0.15","-4446.666666666667","9333.333333333334","38.85","12","46","7.333333333333333"
"4","20","455","5","15","0.25","-1258","6800","53.35","16","60","6.6"
"2","5","373","20","0","1","118.875","925","34.05","57","0","6.55"
"3","10","410","7","13","0.35","151.42857142857142","2857.1428571428573","49.75","39","41","7.142857142857143"
"5","30","495","3","17","0.15","-4476.666666666667","9333.333333333334","38.85","12","46","7.333333333333333"
"6","40","522","2","18","0.1","-9630","10250","38.1","2","28","5.5"
"4","20","456","5","15","0.25","-1278","6800","53.35","16","60","6.6"
"5","30","496","3","17","0.15","-4506.666666666667","9333.333333333334","38.85","12","46","7.333333333333333"
"3","10","411","7","13","0.35","141.42857142857142","2857.1428571428573","49.75","39","41","7.142857142857143"
"6","40","523","2","18","0.1","-9670","10250","38.1","2","28","5.5"
"2","5","374","20","0","1","113.875","925","34.05","57","0","6.55"
"5","30","497","3","17","0.15","-4536.666666666667","9333.333333333334","38.85","12","46","7.333333333333333"
"4","20","457","5","15","0.25","-1298","6800","53.35","16","60","6.6"
"3","10","412","7","13","0.35","131.42857142857142","2857.1428571428573","49.75","39","41","7.142857142857143"
"6","40","524","2","18","0.1","-9710","10250","38.1","2","28","5.5"
"5","30","498","3","17","0.15","-4566.666666666667","9333.333333333334","38.85","12","46","7.333333333333333"
"3","10","413","6","14","0.3","143.33333333333334","2833.3333333333335","49.75","30","50","7.166666666666667"
"4","20","458","5","15","0.25","-1318","6800","53.35","16","60","6.6"
"5","30","499","3","17","0.15","-4596.666666666667","9333.333333333334","38.85","12","46","7.333333333333333"
"6","40","525","2","18","0.1","-9750","10250","38.1","2","28","5.5"
"2","5","375","20","0","1","108.875","925","34.05","57","0","6.6"
"5","30","500","3","17","0.15","-4626.666666666667","9333.333333333334","38.85","12","46","7.333333333333333"
"3","10","414","6","14","0.3","133.33333333333334","2833.3333333333335","49.75","30","50","7.166666666666667"
"4","20","459","5","15","0.25","-1338","6800","53.35","16","60","6.6"
"6","40","526","2","18","0.1","-9540","10500","38.1","2","28","5.5"
"5","30","501","3","17","0.15","-4490","9500","38.85","12","46","7.333333333333333"
"3","10","415","6","14","0.3","206.66666666666666","2916.6666666666665","49.75","30","50","7.166666666666667"
"4","20","460","5","15","0.25","-1358","6800","53.35","16","60","6.6"
"2","5","376","20","0","1","103.875","925","34.05","57","0","6.6"
"6","40","527","2","18","0.1","-9580","10500","38.1","2","28","5.5"
"5","30","502","3","17","0.15","-4520","9500","38.85","12","46","7.333333333333333"
"3","10","416","6","14","0.3","196.66666666666666","2916.6666666666665","49.75","30","50","7.166666666666667"
"5","30","503","3","17","0.15","-4550","9500","38.85","12","46","7.333333333333333"
"6","40","528","2","18","0.1","-9620","10500","38.1","2","28","5.5"
"4","20","461","5","15","0.25","-1278","6900","53.35","16","60","6.6"
"5","30","504","3","17","0.15","-4580","9500","38.85","12","46","7.333333333333333"
"2","5","377","20","0","1","98.875","925","34.05","57","0","6.6"
"3","10","417","6","14","0.3","186.66666666666666","2916.6666666666665","49.75","30","50","7.166666666666667"
"6","40","529","2","18","0.1","-9660","10500","38.1","2","28","5.5"
"4","20","462","5","15","0.25","-1298","6900","53.35","16","60","6.6"
"5","30","505","3","17","0.15","-4443.333333333333","9666.666666666666","38.85","12","46","7.333333333333333"
"6","40","530","2","18","0.1","-9700","10500","38.1","2","28","5.5"
"5","30","506","3","17","0.15","-4473.333333333333","9666.666666666666","38.85","12","46","7.333333333333333"
"3","10","418","6","14","0.3","176.66666666666666","2916.6666666666665","49.75","30","50","7.166666666666667"
"4","20","463","5","15","0.25","-1318","6900","53.35","16","60","6.6"
"2","5","378","20","0","1","93.875","925","34.05","57","0","6.6"
"5","30","507","3","17","0.15","-4503.333333333333","9666.666666666666","38.85","12","46","7.333333333333333"
"6","40","531","2","18","0.1","-9740","10500","38.1","2","28","5.5"
"3","10","419","6","14","0.3","166.66666666666666","2916.6666666666665","49.75","30","50","7.166666666666667"
"4","20","464","5","15","0.25","-1338","6900","53.35","16","60","6.6"
"5","30","508","3","17","0.15","-4533.333333333333","9666.666666666666","38.85","12","46","7.333333333333333"
"6","40","532","2","18","0.1","-9780","10500","38.1","2","28","5.5"
"3","10","420","6","14","0.3","156.66666666666666","2916.6666666666665","49.75","30","50","7.166666666666667"
"5","30","509","3","17","0.15","-4563.333333333333","9666.666666666666","38.85","12","46","7.333333333333333"
"2","5","379","20","0","1","88.875","925","34.05","57","0","6.6"
"4","20","465","5","15","0.25","-1358","6900","53.35","16","60","6.6"
"6","40","533","2","18","0.1","-9820","10500","38.1","2","28","5.5"
"3","10","421","6","14","0.3","146.66666666666666","2916.6666666666665","49.75","30","50","7.166666666666667"
"5","30","510","3","17","0.15","-4593.333333333333","9666.666666666666","38.85","12","46","7.333333333333333"
"4","20","466","5","15","0.25","-1378","6900","53.35","16","60","6.6"
"5","30","511","3","17","0.15","-4623.333333333333","9666.666666666666","38.85","12","46","7.333333333333333"
"6","40","534","2","18","0.1","-9860","10500","38.1","2","28","5.5"
"3","10","422","6","14","0.3","136.66666666666666","2916.6666666666665","49.75","30","50","7.166666666666667"
"2","5","380","20","0","1","83.875","925","34.05","57","0","6.6"
"6","40","535","2","18","0.1","-9900","10500","38.1","2","28","5.5"
"4","20","467","5","15","0.25","-1398","6900","53.35","16","60","6.6"
"3","10","423","6","14","0.3","126.66666666666667","2916.6666666666665","49.75","30","50","7.166666666666667"
"6","40","536","2","18","0.1","-9940","10500","38.1","2","28","5.5"
"2","5","381","20","0","1","78.875","925","34.05","57","0","6.6"
"4","20","468","5","15","0.25","-1418","6900","53.35","16","60","6.6"
"3","10","424","6","14","0.3","116.66666666666667","2916.6666666666665","49.75","30","50","7.166666666666667"
"6","40","537","2","18","0.1","-9980","10500","38.1","2","28","5.5"
"4","20","469","5","15","0.25","-1438","6900","53.35","16","60","6.6"
"3","10","425","6","14","0.3","106.66666666666667","2916.6666666666665","49.75","30","50","7.166666666666667"
"2","5","382","20","0","1","73.875","925","34.05","57","0","6.6"
"6","40","538","2","18","0.1","-9770","10750","38.1","2","28","5.5"
"5","30","512","3","17","0.15","-4653.333333333333","9666.666666666666","38.85","12","46","7.333333333333333"
"4","20","470","5","15","0.25","-1458","6900","53.35","16","60","6.6"
"3","10","426","5","15","0.25","118","3000","49.75","20","60","6.6"
"6","40","539","2","18","0.1","-9810","10750","38.1","2","28","5.5"
"5","30","513","3","17","0.15","-4683.333333333333","9666.666666666666","38.85","12","46","7.333333333333333"
"6","40","540","2","18","0.1","-9850","10750","38.1","2","28","5.5"
"3","10","427","5","15","0.25","108","3000","49.75","20","60","6.6"
"4","20","471","5","15","0.25","-1478","6900","53.35","16","60","6.6"
"5","30","514","3","17","0.15","-4713.333333333333","9666.666666666666","38.85","12","46","7.333333333333333"
"6","40","541","2","18","0.1","-9890","10750","38.1","2","28","5.5"
"3","10","428","5","15","0.25","98","3000","49.75","20","60","6.6"
"4","20","472","5","15","0.25","-1498","6900","53.35","16","60","6.6"
"5","30","515","3","17","0.15","-4743.333333333333","9666.666666666666","38.85","12","46","7.333333333333333"
"6","40","542","2","18","0.1","-9930","10750","38.1","2","28","5.5"
"3","10","429","5","15","0.25","88","3000","49.75","20","60","6.6"
"5","30","516","3","17","0.15","-4773.333333333333","9666.666666666666","38.85","12","46","7.333333333333333"
"6","40","543","2","18","0.1","-9970","10750","38.1","2","28","5.5"
"4","20","473","5","15","0.25","-1518","6900","53.35","16","60","6.6"
"5","30","517","3","17","0.15","-4636.666666666667","9833.333333333334","38.85","12","46","7.333333333333333"
"6","40","544","2","18","0.1","-10010","10750","38.1","2","28","5.5"
"3","10","430","5","15","0.25","78","3000","49.75","20","60","6.6"
"4","20","474","5","15","0.25","-1538","6900","53.35","16","60","6.6"
"5","30","518","3","17","0.15","-4666.666666666667","9833.333333333334","38.85","12","46","7.333333333333333"
"2","5","383","20","0","1","68.875","925","34.05","57","0","6.6"
"6","40","545","2","18","0.1","-10050","10750","38.1","2","28","5.5"
"4","20","475","5","15","0.25","-1558","6900","53.35","16","60","6.6"
"3","10","431","5","15","0.25","68","3000","49.75","20","60","6.6"
"5","30","519","3","17","0.15","-4696.666666666667","9833.333333333334","38.85","12","46","7.333333333333333"
"6","40","546","2","18","0.1","-10090","10750","38.1","2","28","5.5"
"4","20","476","4","16","0.2","-1717.5","6750","53.35","16","60","6.75"
"5","30","520","3","17","0.15","-4726.666666666667","9833.333333333334","38.85","12","46","7.333333333333333"
"2","5","384","20","0","1","63.875","925","34.05","57","0","6.6"
"3","10","432","5","15","0.25","58","3000","49.75","20","60","6.6"
"6","40","547","2","18","0.1","-10130","10750","38.1","2","28","5.5"
"4","20","477","4","16","0.2","-1737.5","6750","53.35","16","60","6.75"
"5","30","521","3","17","0.15","-4590","10000","38.85","12","46","7.333333333333333"
"3","10","433","5","15","0.25","48","3000","49.75","20","60","6.6"
"6","40","548","2","18","0.1","-10170","10750","38.1","2","28","5.5"
"4","20","478","4","16","0.2","-1757.5","6750","53.35","16","60","6.75"
"2","5","385","20","0","1","58.875","925","34.05","57","0","6.6"
"5","30","522","3","17","0.15","-4620","10000","38.85","12","46","7.333333333333333"
"6","40","549","2","18","0.1","-10210","10750","38.1","2","28","5.5"
"3","10","434","5","15","0.25","38","3000","49.75","20","60","6.6"
"4","20","479","4","16","0.2","-1777.5","6750","53.35","16","60","6.75"
"5","30","523","3","17","0.15","-4650","10000","38.85","12","46","7.333333333333333"
"6","40","550","2","18","0.1","-10250","10750","38.1","2","28","5.5"
"2","5","386","20","0","1","53.875","925","34.05","57","0","6.6"
"4","20","480","4","16","0.2","-1797.5","6750","53.35","16","60","6.75"
"5","30","524","3","17","0.15","-4680","10000","38.85","12","46","7.333333333333333"
"3","10","435","5","15","0.25","28","3000","49.75","20","60","6.6"
"6","40","551","2","18","0.1","-10040","11000","38.1","2","28","5.5"
"4","20","481","4","16","0.2","-1817.5","6750","53.35","16","60","6.75"
"5","30","525","3","17","0.15","-4710","10000","38.85","12","46","7.333333333333333"
"3","10","436","5","15","0.25","18","3000","49.75","20","60","6.6"
"2","5","387","20","0","1","48.875","925","34.05","57","0","6.6"
"6","40","552","2","18","0.1","-10080","11000","38.1","2","28","5.5"
"4","20","482","4","16","0.2","-1837.5","6750","53.35","16","60","6.75"
"5","30","526","3","17","0.15","-4740","10000","38.85","12","46","7.333333333333333"
"3","10","437","5","15","0.25","8","3000","49.75","20","60","6.6"
"4","20","483","4","16","0.2","-1857.5","6750","53.35","16","60","6.75"
"6","40","553","2","18","0.1","-10120","11000","38.1","2","28","5.5"
"2","5","388","20","0","1","43.875","925","34.05","57","0","6.6"
"5","30","527","3","17","0.15","-4770","10000","38.85","12","46","7.333333333333333"
"3","10","438","4","16","0.2","155","3250","49.75","10","70","5.75"
"4","20","484","4","16","0.2","-1877.5","6750","53.35","16","60","6.75"
"6","40","554","2","18","0.1","-10160","11000","38.1","2","28","5.5"
"5","30","528","3","17","0.15","-4800","10000","38.85","12","46","7.333333333333333"
"2","5","389","20","0","1","38.875","925","34.05","57","0","6.6"
"4","20","485","4","16","0.2","-1897.5","6750","53.35","16","60","6.75"
"5","30","529","3","17","0.15","-4830","10000","38.85","12","46","7.333333333333333"
"6","40","555","2","18","0.1","-10200","11000","38.1","2","28","5.5"
"5","30","530","3","17","0.15","-4860","10000","38.85","12","46","7.333333333333333"
"6","40","556","2","18","0.1","-10240","11000","38.1","2","28","5.5"
"4","20","486","4","16","0.2","-1792.5","6875","53.35","16","60","6.75"
"5","30","531","3","17","0.15","-4890","10000","38.85","12","46","7.333333333333333"
"2","5","390","20","0","1","33.875","925","34.05","57","0","6.6"
"6","40","557","2","18","0.1","-10280","11000","38.1","2","28","5.5"
"4","20","487","4","16","0.2","-1812.5","6875","53.35","16","60","6.75"
"5","30","532","3","17","0.15","-4920","10000","38.85","12","46","7.333333333333333"
"5","30","533","3","17","0.15","-4950","10000","38.85","12","46","7.333333333333333"
"6","40","558","2","18","0.1","-10320","11000","38.1","2","28","5.5"
"4","20","488","4","16","0.2","-1832.5","6875","53.35","16","60","6.75"
"2","5","391","20","0","1","28.875","925","34.05","57","0","6.6"
"5","30","534","3","17","0.15","-4813.333333333333","10166.666666666666","38.85","12","46","7.333333333333333"
"6","40","559","2","18","0.1","-10360","11000","38.1","2","28","5.5"
"4","20","489","4","16","0.2","-1852.5","6875","53.35","16","60","6.75"
"5","30","535","3","17","0.15","-4843.333333333333","10166.666666666666","38.85","12","46","7.333333333333333"
"2","5","392","20","0","1","23.875","925","34.05","57","0","6.6"
"4","20","490","4","16","0.2","-1872.5","6875","53.35","16","60","6.75"
"5","30","536","3","17","0.15","-4873.333333333333","10166.666666666666","38.85","12","46","7.333333333333333"
"6","40","560","2","18","0.1","-10400","11000","38.1","2","28","5.5"
"5","30","537","3","17","0.15","-4903.333333333333","10166.666666666666","38.85","12","46","7.333333333333333"
"4","20","491","4","16","0.2","-1892.5","6875","53.35","16","60","6.75"
"2","5","393","20","0","1","18.875","925","34.05","57","0","6.6"
"5","30","538","3","17","0.15","-4766.666666666667","10333.333333333334","38.85","12","46","7.333333333333333"
"4","20","492","4","16","0.2","-1912.5","6875","53.35","16","60","6.75"
"6","40","561","2","18","0.1","-10440","11000","38.1","2","28","5.5"
"5","30","539","3","17","0.15","-4796.666666666667","10333.333333333334","38.85","12","46","7.333333333333333"
"4","20","493","4","16","0.2","-1932.5","6875","53.35","16","60","6.75"
"6","40","562","2","18","0.1","-10480","11000","38.1","2","28","5.5"
"2","5","394","20","0","1","13.875","925","34.05","57","0","6.6"
"5","30","540","3","17","0.15","-4826.666666666667","10333.333333333334","38.85","12","46","7.333333333333333"
"4","20","494","4","16","0.2","-1952.5","6875","53.35","16","60","6.75"
"6","40","563","2","18","0.1","-10270","11250","38.1","2","28","5.5"
"5","30","541","3","17","0.15","-4856.666666666667","10333.333333333334","38.85","12","46","7.333333333333333"
"4","20","495","4","16","0.2","-1972.5","6875","53.35","16","60","6.75"
"6","40","564","2","18","0.1","-10310","11250","38.1","2","28","5.5"
"5","30","542","3","17","0.15","-4886.666666666667","10333.333333333334","38.85","12","46","7.333333333333333"
"2","5","395","20","0","1","8.875","925","34.05","57","0","6.6"
"4","20","496","4","16","0.2","-1992.5","6875","53.35","16","60","6.75"
"6","40","565","2","18","0.1","-10350","11250","38.1","2","28","5.5"
"5","30","543","3","17","0.15","-4916.666666666667","10333.333333333334","38.85","12","46","7.333333333333333"
"4","20","497","4","16","0.2","-2012.5","6875","53.35","16","60","6.75"
"6","40","566","2","18","0.1","-10390","11250","38.1","2","28","5.5"
"5","30","544","3","17","0.15","-4946.666666666667","10333.333333333334","38.85","12","46","7.333333333333333"
"2","5","396","20","0","1","3.875","925","34.05","57","0","6.6"
"4","20","498","4","16","0.2","-2032.5","6875","53.35","16","60","6.75"
"5","30","545","3","17","0.15","-4976.666666666667","10333.333333333334","38.85","12","46","7.333333333333333"
"6","40","567","2","18","0.1","-10430","11250","38.1","2","28","5.5"
"5","30","546","3","17","0.15","-5006.666666666667","10333.333333333334","38.85","12","46","7.333333333333333"
"4","20","499","4","16","0.2","-2052.5","6875","53.35","16","60","6.75"
"6","40","568","2","18","0.1","-10470","11250","38.1","2","28","5.5"
"5","30","547","3","17","0.15","-5036.666666666667","10333.333333333334","38.85","12","46","7.333333333333333"
"6","40","569","2","18","0.1","-10510","11250","38.1","2","28","5.5"
"2","5","397","20","0","1","-1.125","925","34.05","57","0","6.6"
"4","20","500","4","16","0.2","-2072.5","6875","53.35","16","60","6.75"
"5","30","548","3","17","0.15","-5066.666666666667","10333.333333333334","38.85","12","46","7.333333333333333"
"6","40","570","2","18","0.1","-10550","11250","38.1","2","28","5.5"
"4","20","501","3","17","0.15","-2616.6666666666665","6333.333333333333","53.35","13","63","6.666666666666667"
"2","5","398","20","0","1","-6.125","925","34.05","57","0","6.6"
"6","40","571","2","18","0.1","-10590","11250","38.1","2","28","5.5"
"5","30","549","3","17","0.15","-5096.666666666667","10333.333333333334","38.85","12","46","7.333333333333333"
"4","20","502","3","17","0.15","-2636.6666666666665","6333.333333333333","53.35","13","63","6.666666666666667"
"6","40","572","2","18","0.1","-10630","11250","38.1","2","28","5.5"
"5","30","550","3","17","0.15","-5126.666666666667","10333.333333333334","38.85","12","46","7.333333333333333"
"4","20","503","3","17","0.15","-2656.6666666666665","6333.333333333333","53.35","13","63","6.666666666666667"
"2","5","399","20","0","1","-11.125","925","34.05","57","0","6.6"
"6","40","573","2","18","0.1","-10670","11250","38.1","2","28","5.5"
"5","30","551","3","17","0.15","-4990","10500","38.85","12","46","7.333333333333333"
"4","20","504","3","17","0.15","-2676.6666666666665","6333.333333333333","53.35","13","63","6.666666666666667"
"6","40","574","2","18","0.1","-10710","11250","38.1","2","28","5.5"
"5","30","552","3","17","0.15","-5020","10500","38.85","12","46","7.333333333333333"
"4","20","505","3","17","0.15","-2696.6666666666665","6333.333333333333","53.35","13","63","7"
"2","5","400","20","0","1","-16.125","925","34.05","57","0","6.65"
"6","40","575","2","18","0.1","-10750","11250","38.1","2","28","5.5"
"5","30","553","3","17","0.15","-5050","10500","38.85","12","46","7.333333333333333"
"4","20","506","3","17","0.15","-2716.6666666666665","6333.333333333333","53.35","13","63","7"
"6","40","576","2","18","0.1","-10540","11500","38.1","2","28","5.5"
"2","5","401","20","0","1","128.875","1075","34.05","57","0","6.65"
"5","30","554","3","17","0.15","-5080","10500","38.85","12","46","7.333333333333333"
"4","20","507","3","17","0.15","-2736.6666666666665","6333.333333333333","53.35","13","63","7"
"6","40","577","2","18","0.1","-10580","11500","38.1","2","28","5.5"
"5","30","555","3","17","0.15","-4943.333333333333","10666.666666666666","38.85","12","46","7.333333333333333"
"4","20","508","3","17","0.15","-2756.6666666666665","6333.333333333333","53.35","13","63","7"
"6","40","578","2","18","0.1","-10620","11500","38.1","2","28","5.5"
"5","30","556","3","17","0.15","-4973.333333333333","10666.666666666666","38.85","12","46","7.333333333333333"
"2","5","402","20","0","1","148.875","1100","34.05","57","0","6.65"
"4","20","509","3","17","0.15","-2776.6666666666665","6333.333333333333","53.35","13","63","7"
"6","40","579","2","18","0.1","-10660","11500","38.1","2","28","5.5"
"5","30","557","3","17","0.15","-5003.333333333333","10666.666666666666","38.85","12","46","7.333333333333333"
"4","20","510","3","17","0.15","-2796.6666666666665","6333.333333333333","53.35","13","63","7"
"5","30","558","3","17","0.15","-5033.333333333333","10666.666666666666","38.85","12","46","7.333333333333333"
"6","40","580","2","18","0.1","-10700","11500","38.1","2","28","5.5"
"2","5","403","20","0","1","143.875","1100","34.05","57","0","6.65"
"5","30","559","3","17","0.15","-5063.333333333333","10666.666666666666","38.85","12","46","7.333333333333333"
"4","20","511","3","17","0.15","-2650","6500","53.35","13","63","7"
"6","40","581","2","18","0.1","-10740","11500","38.1","2","28","5.5"
"5","30","560","3","17","0.15","-5093.333333333333","10666.666666666666","38.85","12","46","7.333333333333333"
"6","40","582","2","18","0.1","-10780","11500","38.1","2","28","5.5"
"2","5","404","20","0","1","138.875","1100","34.05","57","0","6.65"
"5","30","561","3","17","0.15","-5123.333333333333","10666.666666666666","38.85","12","46","7.333333333333333"
"6","40","583","2","18","0.1","-10820","11500","38.1","2","28","5.5"
"6","40","584","2","18","0.1","-10860","11500","38.1","2","28","5.5"
"5","30","562","3","17","0.15","-5153.333333333333","10666.666666666666","38.85","12","46","7.333333333333333"
"2","5","405","20","0","1","133.875","1100","34.05","57","0","6.65"
"4","20","512","3","17","0.15","-2670","6500","53.35","13","63","7"
"6","40","585","2","18","0.1","-10900","11500","38.1","2","28","5.5"
"5","30","563","3","17","0.15","-5183.333333333333","10666.666666666666","38.85","12","46","7.333333333333333"
"4","20","513","3","17","0.15","-2690","6500","53.35","13","63","7"
"6","40","586","2","18","0.1","-10940","11500","38.1","2","28","5.5"
"2","5","406","20","0","1","128.875","1100","34.05","57","0","6.65"
"5","30","564","3","17","0.15","-5213.333333333333","10666.666666666666","38.85","12","46","7.333333333333333"
"6","40","587","2","18","0.1","-10980","11500","38.1","2","28","5.5"
"4","20","514","3","17","0.15","-2710","6500","53.35","13","63","7"
"5","30","565","3","17","0.15","-5243.333333333333","10666.666666666666","38.85","12","46","7.333333333333333"
"6","40","588","2","18","0.1","-10770","11750","38.1","2","28","5.5"
"4","20","515","3","17","0.15","-2730","6500","53.35","13","63","7"
"2","5","407","20","0","1","173.875","1150","34.05","57","0","6.65"
"6","40","589","2","18","0.1","-10810","11750","38.1","2","28","5.5"
"4","20","516","3","17","0.15","-2750","6500","53.35","13","63","7"
"5","30","566","3","17","0.15","-5273.333333333333","10666.666666666666","38.85","12","46","7.333333333333333"
"6","40","590","2","18","0.1","-10850","11750","38.1","2","28","5.5"
"2","5","408","20","0","1","168.875","1150","34.05","57","0","6.65"
"5","30","567","3","17","0.15","-5136.666666666667","10833.333333333334","38.85","12","46","7.333333333333333"
"4","20","517","3","17","0.15","-2770","6500","53.35","13","63","7"
"6","40","591","2","18","0.1","-10890","11750","38.1","2","28","5.5"
"7","50","475","0","20","0","0","0","43.7","0","61","0"
"5","30","568","3","17","0.15","-5166.666666666667","10833.333333333334","38.85","12","46","7.333333333333333"
"4","20","518","3","17","0.15","-2790","6500","53.35","13","63","7"
"2","5","409","20","0","1","163.875","1150","34.05","57","0","6.65"
"6","40","592","2","18","0.1","-10930","11750","38.1","2","28","5.5"
"5","30","569","3","17","0.15","-5196.666666666667","10833.333333333334","38.85","12","46","7.333333333333333"
"7","50","476","0","20","0","0","0","43.7","0","61","0"
"4","20","519","3","17","0.15","-2810","6500","53.35","13","63","7"
"6","40","593","2","18","0.1","-10970","11750","38.1","2","28","5.5"
"5","30","570","3","17","0.15","-5226.666666666667","10833.333333333334","38.85","12","46","7.333333333333333"
"2","5","410","20","0","1","158.875","1150","34.05","57","0","6.65"
"7","50","477","0","20","0","0","0","43.7","0","61","0"
"4","20","520","3","17","0.15","-2830","6500","53.35","13","63","7"
"6","40","594","2","18","0.1","-11010","11750","38.1","2","28","5.5"
"5","30","571","3","17","0.15","-5090","11000","38.85","12","46","7.333333333333333"
"4","20","521","3","17","0.15","-2850","6500","53.35","13","63","7"
"6","40","595","2","18","0.1","-11050","11750","38.1","2","28","5.5"
"7","50","478","0","20","0","0","0","43.7","0","61","0"
"2","5","411","20","0","1","153.875","1150","34.05","57","0","6.65"
"5","30","572","3","17","0.15","-5120","11000","38.85","12","46","7.333333333333333"
"4","20","522","3","17","0.15","-2870","6500","53.35","13","63","7"
"6","40","596","2","18","0.1","-11090","11750","38.1","2","28","5.5"
"5","30","573","3","17","0.15","-5150","11000","38.85","12","46","7.333333333333333"
"7","50","479","0","20","0","0","0","43.7","0","61","0"
"1","0","284","20","0","1","1075.375","0","48.25","67","0","6.1"
"4","20","523","3","17","0.15","-2890","6500","53.35","13","63","7"
"5","30","574","3","17","0.15","-5180","11000","38.85","12","46","7.333333333333333"
"6","40","597","2","18","0.1","-11130","11750","38.1","2","28","5.5"
"2","5","412","20","0","1","148.875","1150","34.05","57","0","6.65"
"7","50","480","0","20","0","0","0","43.7","0","61","0"
"4","20","524","3","17","0.15","-2910","6500","53.35","13","63","7"
"5","30","575","3","17","0.15","-5210","11000","38.85","12","46","7.333333333333333"
"6","40","598","2","18","0.1","-11170","11750","38.1","2","28","5.5"
"7","50","481","0","20","0","0","0","43.7","0","61","0"
"1","0","285","20","0","1","1075.375","0","48.25","67","0","6.1"
"6","40","599","2","18","0.1","-11210","11750","38.1","2","28","5.5"
"7","50","482","0","20","0","0","0","43.7","0","61","0"
"5","30","576","3","17","0.15","-5240","11000","38.85","12","46","7.333333333333333"
"4","20","525","3","17","0.15","-2930","6500","53.35","13","63","7"
"2","5","413","20","0","1","143.875","1150","34.05","57","0","6.65"
"6","40","600","2","18","0.1","-11250","11750","38.1","2","28","5.5"
"7","50","483","0","20","0","0","0","43.7","0","61","0"
"5","30","577","3","17","0.15","-5270","11000","38.85","12","46","7.333333333333333"
"4","20","526","2","18","0.1","-4165","5250","53.35","13","63","8"
"1","0","286","20","0","1","1075.375","0","48.25","67","0","6.1"
"6","40","601","2","18","0.1","-11040","12000","38.1","2","28","5.5"
"2","5","414","20","0","1","138.875","1150","34.05","57","0","6.65"
"5","30","578","3","17","0.15","-5300","11000","38.85","12","46","7.333333333333333"
"4","20","527","2","18","0.1","-4185","5250","53.35","13","63","8"
"7","50","484","0","20","0","0","0","43.7","0","61","0"
"5","30","579","3","17","0.15","-5330","11000","38.85","12","46","7.333333333333333"
"6","40","602","2","18","0.1","-11080","12000","38.1","2","28","5.5"
"4","20","528","2","18","0.1","-4205","5250","53.35","13","63","8"
"7","50","485","0","20","0","0","0","43.7","0","61","0"
"1","0","287","20","0","1","1075.375","0","48.25","67","0","6.1"
"6","40","603","2","18","0.1","-11120","12000","38.1","2","28","5.5"
"4","20","529","2","18","0.1","-4225","5250","53.35","13","63","8"
"5","30","580","3","17","0.15","-5360","11000","38.85","12","46","7.333333333333333"
"2","5","415","20","0","1","158.875","1175","34.05","57","0","6.65"
"7","50","486","0","20","0","0","0","43.7","0","61","0"
"4","20","530","2","18","0.1","-4245","5250","53.35","13","63","8"
"6","40","604","2","18","0.1","-11160","12000","38.1","2","28","5.5"
"5","30","581","3","17","0.15","-5390","11000","38.85","12","46","7.333333333333333"
"7","50","487","0","20","0","0","0","43.7","0","61","0"
"4","20","531","2","18","0.1","-4265","5250","53.35","13","63","8"
"1","0","288","20","0","1","1075.375","0","48.25","67","0","6.1"
"2","5","416","20","0","1","153.875","1175","34.05","57","0","6.65"
"5","30","582","3","17","0.15","-5420","11000","38.85","12","46","7.333333333333333"
"6","40","605","2","18","0.1","-11200","12000","38.1","2","28","5.5"
"7","50","488","0","20","0","0","0","43.7","0","61","0"
"4","20","532","2","18","0.1","-4285","5250","53.35","13","63","8"
"5","30","583","3","17","0.15","-5450","11000","38.85","12","46","7.333333333333333"
"6","40","606","2","18","0.1","-11240","12000","38.1","2","28","6"
"4","20","533","2","18","0.1","-4305","5250","53.35","13","63","8"
"7","50","489","0","20","0","0","0","43.7","0","61","0"
"5","30","584","3","17","0.15","-5313.333333333333","11166.666666666666","38.85","12","46","7.333333333333333"
"2","5","417","20","0","1","173.875","1200","34.05","57","0","6.65"
"1","0","289","20","0","1","1075.375","0","48.25","72","0","6.15"
"4","20","534","2","18","0.1","-4325","5250","53.35","13","63","8"
"6","40","607","2","18","0.1","-11280","12000","38.1","2","28","6"
"7","50","490","0","20","0","0","0","43.7","0","61","0"
"5","30","585","3","17","0.15","-5343.333333333333","11166.666666666666","38.85","12","46","7.333333333333333"
"4","20","535","2","18","0.1","-4345","5250","53.35","13","63","8"
"7","50","491","0","20","0","0","0","43.7","0","61","0"
"6","40","608","2","18","0.1","-11320","12000","38.1","2","28","6"
"2","5","418","20","0","1","168.875","1200","34.05","57","0","6.65"
"5","30","586","3","17","0.15","-5373.333333333333","11166.666666666666","38.85","12","46","7.333333333333333"
"4","20","536","2","18","0.1","-4115","5500","53.35","13","63","8"
"1","0","290","20","0","1","1075.375","0","48.25","73","0","6.2"
"7","50","492","0","20","0","0","0","43.7","0","61","0"
"5","30","587","3","17","0.15","-5403.333333333333","11166.666666666666","38.85","12","46","7.333333333333333"
"6","40","609","2","18","0.1","-11360","12000","38.1","4","28","6.5"
"4","20","537","2","18","0.1","-4135","5500","53.35","13","63","8"
"2","5","419","20","0","1","163.875","1200","34.05","57","0","6.65"
"7","50","493","0","20","0","0","0","43.7","0","61","0"
"5","30","588","3","17","0.15","-5266.666666666667","11333.333333333334","38.85","12","46","7.333333333333333"
"6","40","610","2","18","0.1","-11400","12000","38.1","4","28","6.5"
"4","20","538","2","18","0.1","-4155","5500","53.35","13","63","8"
"1","0","291","20","0","1","1075.375","0","48.25","73","0","6.2"
"7","50","494","0","20","0","0","0","43.7","0","61","0"
"5","30","589","3","17","0.15","-5296.666666666667","11333.333333333334","38.85","12","46","7.333333333333333"
"4","20","539","2","18","0.1","-4175","5500","53.35","13","63","8"
"6","40","611","2","18","0.1","-11440","12000","38.1","4","28","6.5"
"7","50","495","0","20","0","0","0","43.7","0","61","0"
"5","30","590","3","17","0.15","-5326.666666666667","11333.333333333334","38.85","12","46","7.333333333333333"
"2","5","420","20","0","1","183.875","1225","34.05","63","0","6.7"
"4","20","540","2","18","0.1","-4195","5500","53.35","13","63","8"
"6","40","612","2","18","0.1","-11480","12000","38.1","4","28","6.5"
"1","0","292","20","0","1","1075.375","0","48.25","73","0","6.2"
"7","50","496","0","20","0","0","0","43.7","0","61","0"
"5","30","591","3","17","0.15","-5356.666666666667","11333.333333333334","38.85","12","46","7.333333333333333"
"4","20","541","2","18","0.1","-4215","5500","53.35","13","63","8"
"6","40","613","2","18","0.1","-11270","12250","38.1","4","28","6.5"
"2","5","421","20","0","1","178.875","1225","34.05","63","0","6.7"
"7","50","497","0","20","0","0","0","43.7","0","61","0"
"5","30","592","3","17","0.15","-5386.666666666667","11333.333333333334","38.85","12","46","7.333333333333333"
"4","20","542","2","18","0.1","-4235","5500","53.35","13","63","8"
"6","40","614","2","18","0.1","-11310","12250","38.1","4","28","6.5"
"1","0","293","20","0","1","1075.375","0","48.25","73","0","6.2"
"4","20","543","2","18","0.1","-4255","5500","53.35","13","63","8"
"7","50","498","0","20","0","0","0","43.7","0","61","0"
"6","40","615","2","18","0.1","-11350","12250","38.1","4","28","6.5"
"5","30","593","3","17","0.15","-5416.666666666667","11333.333333333334","38.85","12","46","7.333333333333333"
"2","5","422","20","0","1","173.875","1225","34.05","66","0","6.75"
"4","20","544","2","18","0.1","-4275","5500","53.35","13","63","8"
"7","50","499","0","20","0","0","0","43.7","0","61","0"
"6","40","616","2","18","0.1","-11390","12250","38.1","4","28","6.5"
"5","30","594","3","17","0.15","-5446.666666666667","11333.333333333334","38.85","12","46","7.333333333333333"
"1","0","294","20","0","1","1075.375","0","48.25","73","0","6.2"
"7","50","500","0","20","0","0","0","43.7","0","61","0"
"6","40","617","2","18","0.1","-11430","12250","38.1","4","28","6.5"
"4","20","545","2","18","0.1","-4295","5500","53.35","13","63","8"
"5","30","595","3","17","0.15","-5476.666666666667","11333.333333333334","38.85","12","46","7.333333333333333"
"2","5","423","20","0","1","168.875","1225","34.05","66","0","6.75"
"7","50","501","0","20","0","0","0","43.7","0","61","0"
"4","20","546","2","18","0.1","-4315","5500","53.35","13","63","8"
"6","40","618","2","18","0.1","-11470","12250","38.1","4","28","6.5"
"5","30","596","3","17","0.15","-5506.666666666667","11333.333333333334","38.85","12","46","7.333333333333333"
"1","0","295","20","0","1","1075.375","0","48.25","73","0","6.2"
"7","50","502","0","20","0","0","0","43.7","0","61","0"
"6","40","619","2","18","0.1","-11510","12250","38.1","4","28","6.5"
"4","20","547","2","18","0.1","-4335","5500","53.35","13","63","8"
"5","30","597","3","17","0.15","-5536.666666666667","11333.333333333334","38.85","12","46","7.333333333333333"
"2","5","424","20","0","1","163.875","1225","34.05","66","0","6.75"
"7","50","503","0","20","0","0","0","43.7","0","61","0"
"6","40","620","2","18","0.1","-11550","12250","38.1","4","28","6.5"
"4","20","548","2","18","0.1","-4355","5500","53.35","13","63","8"
"5","30","598","3","17","0.15","-5566.666666666667","11333.333333333334","38.85","12","46","7.333333333333333"
"1","0","296","20","0","1","1075.375","0","48.25","73","0","6.2"
"7","50","504","0","20","0","0","0","43.7","0","61","0"
"6","40","621","2","18","0.1","-11590","12250","38.1","4","28","6.5"
"4","20","549","2","18","0.1","-4375","5500","53.35","13","63","8"
"2","5","425","20","0","1","183.875","1250","34.05","66","0","6.75"
"5","30","599","3","17","0.15","-5596.666666666667","11333.333333333334","38.85","12","46","7.333333333333333"
"7","50","505","0","20","0","0","0","43.7","0","61","0"
"6","40","622","2","18","0.1","-11630","12250","38.1","4","28","6.5"
"4","20","550","2","18","0.1","-4395","5500","53.35","13","63","8"
"5","30","600","3","17","0.15","-5626.666666666667","11333.333333333334","38.85","12","46","7.333333333333333"
"1","0","297","20","0","1","1075.375","0","48.25","73","0","6.2"
"6","40","623","2","18","0.1","-11670","12250","38.1","4","28","6.5"
"7","50","506","0","20","0","0","0","43.7","0","61","0"
"2","5","426","20","0","1","178.875","1250","34.05","69","0","6.8"
"4","20","551","2","18","0.1","-4415","5500","53.35","13","63","8"
"5","30","601","3","17","0.15","-5490","11500","38.85","12","46","7.333333333333333"
"7","50","507","0","20","0","0","0","43.7","0","61","0"
"6","40","624","2","18","0.1","-11710","12250","38.1","4","28","6.5"
"4","20","552","2","18","0.1","-4435","5500","53.35","13","63","8"
"1","0","298","20","0","1","1075.375","0","48.25","73","0","6.2"
"5","30","602","3","17","0.15","-5520","11500","38.85","12","46","7.333333333333333"
"2","5","427","20","0","1","173.875","1250","34.05","69","0","6.8"
"7","50","508","0","20","0","0","0","43.7","0","61","0"
"6","40","625","2","18","0.1","-11750","12250","38.1","4","28","6.5"
"4","20","553","2","18","0.1","-4455","5500","53.35","13","63","8"
"5","30","603","3","17","0.15","-5550","11500","38.85","12","46","7.333333333333333"
"6","40","626","2","18","0.1","-11540","12500","38.1","4","28","6.5"
"7","50","509","0","20","0","0","0","43.7","0","61","0"
"4","20","554","2","18","0.1","-4475","5500","53.35","13","63","8"
"1","0","299","20","0","1","1075.375","0","48.25","73","0","6.2"
"2","5","428","20","0","1","168.875","1250","34.05","69","0","6.8"
"6","40","627","2","18","0.1","-11580","12500","38.1","4","28","6.5"
"4","20","555","2","18","0.1","-4495","5500","53.35","13","63","8"
"5","30","604","3","17","0.15","-5580","11500","38.85","12","46","7.333333333333333"
"7","50","510","0","20","0","0","0","43.7","0","61","0"
"6","40","628","2","18","0.1","-11620","12500","38.1","4","28","6.5"
"1","0","300","20","0","1","1075.375","0","48.25","73","0","6.2"
"2","5","429","20","0","1","188.875","1275","34.05","69","0","6.8"
"4","20","556","2","18","0.1","-4515","5500","53.35","13","63","8"
"5","30","605","3","17","0.15","-5443.333333333333","11666.666666666666","38.85","12","46","7.333333333333333"
"6","40","629","2","18","0.1","-11660","12500","38.1","4","28","6.5"
"7","50","511","0","20","0","0","0","43.7","0","61","0"
"5","30","606","3","17","0.15","-5473.333333333333","11666.666666666666","38.85","12","46","7.333333333333333"
"4","20","557","2","18","0.1","-4535","5500","53.35","17","63","8.5"
"6","40","630","2","18","0.1","-11700","12500","38.1","4","28","6.5"
"2","5","430","20","0","1","183.875","1275","34.05","69","0","6.8"
"1","0","301","20","0","1","1075.375","0","48.25","73","0","6.2"
"5","30","607","3","17","0.15","-5503.333333333333","11666.666666666666","38.85","12","46","7.333333333333333"
"6","40","631","2","18","0.1","-11740","12500","38.1","4","28","6.5"
"4","20","558","2","18","0.1","-4555","5500","53.35","17","63","8.5"
"2","5","431","20","0","1","178.875","1275","34.05","69","0","6.8"
"5","30","608","3","17","0.15","-5533.333333333333","11666.666666666666","38.85","12","46","7.333333333333333"
"6","40","632","2","18","0.1","-11780","12500","38.1","4","28","6.5"
"1","0","302","20","0","1","1075.375","0","48.25","73","0","6.2"
"5","30","609","3","17","0.15","-5563.333333333333","11666.666666666666","38.85","12","46","7.333333333333333"
"4","20","559","2","18","0.1","-4575","5500","53.35","17","63","8.5"
"6","40","633","2","18","0.1","-11820","12500","38.1","4","28","6.5"
"2","5","432","20","0","1","198.875","1300","34.05","69","0","6.8"
"5","30","610","3","17","0.15","-5593.333333333333","11666.666666666666","38.85","12","46","7.333333333333333"
"6","40","634","2","18","0.1","-11860","12500","38.1","4","28","6.5"
"1","0","303","20","0","1","1075.375","0","48.25","73","0","6.2"
"5","30","611","3","17","0.15","-5623.333333333333","11666.666666666666","38.85","12","46","7.333333333333333"
"2","5","433","20","0","1","193.875","1300","34.05","69","0","6.8"
"7","50","512","0","20","0","0","0","43.7","0","61","0"
"4","20","560","2","18","0.1","-4595","5500","53.35","17","63","8.5"
"6","40","635","2","18","0.1","-11900","12500","38.1","4","28","6.5"
"5","30","612","3","17","0.15","-5653.333333333333","11666.666666666666","38.85","12","46","7.333333333333333"
"1","0","304","20","0","1","1075.375","0","48.25","74","0","6.25"
"4","20","561","2","18","0.1","-4365","5750","53.35","17","63","8.5"
"5","30","613","3","17","0.15","-5683.333333333333","11666.666666666666","38.85","12","46","7.333333333333333"
"2","5","434","20","0","1","188.875","1300","34.05","69","0","6.8"
"6","40","636","2","18","0.1","-11940","12500","38.1","4","28","6.5"
"7","50","513","0","20","0","0","0","43.7","0","61","0"
"5","30","614","3","17","0.15","-5713.333333333333","11666.666666666666","38.85","12","46","7.333333333333333"
"4","20","562","2","18","0.1","-4385","5750","53.35","17","63","8.5"
"2","5","435","20","0","1","183.875","1300","34.05","69","0","6.8"
"1","0","305","20","0","1","1075.375","0","48.25","74","0","6.25"
"7","50","514","0","20","0","0","0","43.7","0","61","0"
"6","40","637","2","18","0.1","-11980","12500","38.1","4","28","6.5"
"5","30","615","3","17","0.15","-5743.333333333333","11666.666666666666","38.85","12","46","7.333333333333333"
"4","20","563","2","18","0.1","-4405","5750","53.35","17","63","8.5"
"2","5","436","20","0","1","178.875","1300","34.05","69","0","6.8"
"7","50","515","0","20","0","0","0","43.7","0","61","0"
"6","40","638","2","18","0.1","-11770","12750","38.1","4","28","6.5"
"5","30","616","3","17","0.15","-5773.333333333333","11666.666666666666","38.85","12","46","7.333333333333333"
"1","0","306","20","0","1","1075.375","0","48.25","74","0","6.25"
"4","20","564","2","18","0.1","-4425","5750","53.35","17","63","8.5"
"6","40","639","2","18","0.1","-11810","12750","38.1","4","28","6.5"
"7","50","516","0","20","0","0","0","43.7","0","61","0"
"5","30","617","3","17","0.15","-5636.666666666667","11833.333333333334","38.85","12","46","7.333333333333333"
"2","5","437","20","0","1","173.875","1300","34.05","69","0","6.8"
"4","20","565","2","18","0.1","-4445","5750","53.35","17","63","8.5"
"1","0","307","20","0","1","1075.375","0","48.25","74","0","6.25"
"7","50","517","0","20","0","0","0","43.7","0","61","0"
"4","20","566","2","18","0.1","-4465","5750","53.35","17","63","8.5"
"5","30","618","3","17","0.15","-5666.666666666667","11833.333333333334","38.85","12","46","7.333333333333333"
"6","40","640","2","18","0.1","-11850","12750","38.1","4","28","6.5"
"2","5","438","20","0","1","193.875","1325","34.05","70","0","6.85"
"4","20","567","2","18","0.1","-4485","5750","53.35","17","63","8.5"
"5","30","619","3","17","0.15","-5696.666666666667","11833.333333333334","38.85","12","46","7.333333333333333"
"6","40","641","2","18","0.1","-11890","12750","38.1","4","28","6.5"
"7","50","518","0","20","0","0","0","43.7","0","61","0"
"1","0","308","20","0","1","1075.375","0","48.25","74","0","6.25"
"5","30","620","3","17","0.15","-5726.666666666667","11833.333333333334","38.85","12","46","7.333333333333333"
"6","40","642","2","18","0.1","-11930","12750","38.1","4","28","6.5"
"4","20","568","2","18","0.1","-4505","5750","53.35","17","63","8.5"
"2","5","439","20","0","1","188.875","1325","34.05","70","0","6.85"
"7","50","519","0","20","0","0","0","43.7","0","61","0"
"5","30","621","3","17","0.15","-5590","12000","38.85","12","46","7.333333333333333"
"1","0","309","20","0","1","1075.375","0","48.25","74","0","6.25"
"6","40","643","2","18","0.1","-11970","12750","38.1","4","28","6.5"
"4","20","569","2","18","0.1","-4525","5750","53.35","17","63","8.5"
"5","30","622","3","17","0.15","-5620","12000","38.85","12","46","7.333333333333333"
"7","50","520","0","20","0","0","0","43.7","0","61","0"
"2","5","440","20","0","1","183.875","1325","34.05","70","0","6.85"
"4","20","570","2","18","0.1","-4545","5750","53.35","17","63","8.5"
"6","40","644","2","18","0.1","-12010","12750","38.1","4","28","6.5"
"1","0","310","20","0","1","1075.375","0","48.25","74","0","6.25"
"4","20","571","2","18","0.1","-4565","5750","53.35","17","63","8.5"
"5","30","623","3","17","0.15","-5650","12000","38.85","12","46","7.333333333333333"
"7","50","521","0","20","0","0","0","43.7","0","61","0"
"2","5","441","20","0","1","178.875","1325","34.05","70","0","6.85"
"6","40","645","2","18","0.1","-12050","12750","38.1","4","28","6.5"
"4","20","572","2","18","0.1","-4585","5750","53.35","17","63","8.5"
"5","30","624","3","17","0.15","-5680","12000","38.85","12","46","7.333333333333333"
"1","0","311","20","0","1","1075.375","0","48.25","74","0","6.25"
"6","40","646","2","18","0.1","-12090","12750","38.1","4","28","6.5"
"7","50","522","0","20","0","0","0","43.7","0","61","0"
"5","30","625","3","17","0.15","-5710","12000","38.85","12","46","7.333333333333333"
"4","20","573","2","18","0.1","-4605","5750","53.35","17","63","8.5"
"2","5","442","20","0","1","173.875","1325","34.05","70","0","6.85"
"6","40","647","2","18","0.1","-12130","12750","38.1","4","28","6.5"
"7","50","523","0","20","0","0","0","43.7","0","61","0"
"4","20","574","2","18","0.1","-4625","5750","53.35","17","63","8.5"
"5","30","626","3","17","0.15","-5740","12000","38.85","12","46","7.333333333333333"
"1","0","312","20","0","1","1075.375","0","48.25","74","0","6.25"
"6","40","648","2","18","0.1","-12170","12750","38.1","4","28","6.5"
"4","20","575","2","18","0.1","-4645","5750","53.35","17","63","8.5"
"5","30","627","3","17","0.15","-5770","12000","38.85","12","46","7.333333333333333"
"7","50","524","0","20","0","0","0","43.7","0","61","0"
"2","5","443","20","0","1","193.875","1350","34.05","70","0","6.85"
"6","40","649","2","18","0.1","-12210","12750","38.1","4","28","6.5"
"4","20","576","2","18","0.1","-4665","5750","53.35","17","63","8.5"
"5","30","628","3","17","0.15","-5800","12000","38.85","12","46","7.333333333333333"
"1","0","313","20","0","1","1075.375","0","48.25","74","0","6.35"
"7","50","525","0","20","0","0","0","43.7","0","61","0"
"6","40","650","2","18","0.1","-12250","12750","38.1","4","28","6.5"
"4","20","577","2","18","0.1","-4685","5750","53.35","17","63","8.5"
"5","30","629","3","17","0.15","-5830","12000","38.85","12","46","7.333333333333333"
"2","5","444","20","0","1","188.875","1350","34.05","70","0","6.85"
"6","40","651","2","18","0.1","-12040","13000","38.1","4","28","6.5"
"7","50","526","0","20","0","0","0","43.7","0","61","0"
"4","20","578","2","18","0.1","-4705","5750","53.35","17","63","8.5"
"5","30","630","3","17","0.15","-5860","12000","38.85","12","46","7.333333333333333"
"1","0","314","20","0","1","1075.375","0","48.25","74","0","6.35"
"6","40","652","2","18","0.1","-12080","13000","38.1","4","28","6.5"
"5","30","631","3","17","0.15","-5890","12000","38.85","12","46","7.333333333333333"
"4","20","579","2","18","0.1","-4725","5750","53.35","17","63","8.5"
"2","5","445","20","0","1","208.875","1375","34.05","70","0","6.85"
"7","50","527","0","20","0","0","0","43.7","0","61","0"
"6","40","653","2","18","0.1","-12120","13000","38.1","4","28","6.5"
"4","20","580","2","18","0.1","-4745","5750","53.35","17","63","8.5"
"5","30","632","3","17","0.15","-5920","12000","38.85","12","46","7.333333333333333"
"7","50","528","0","20","0","0","0","43.7","0","61","0"
"1","0","315","20","0","1","1075.375","0","48.25","74","0","6.35"
"4","20","581","2","18","0.1","-4765","5750","53.35","17","63","8.5"
"6","40","654","2","18","0.1","-12160","13000","38.1","4","28","6.5"
"7","50","529","0","20","0","0","0","43.7","0","61","0"
"5","30","633","3","17","0.15","-5950","12000","38.85","12","46","7.333333333333333"
"2","5","446","20","0","1","203.875","1375","34.05","70","0","6.85"
"4","20","582","2","18","0.1","-4785","5750","53.35","17","63","8.5"
"6","40","655","2","18","0.1","-12200","13000","38.1","4","28","6.5"
"7","50","530","0","20","0","0","0","43.7","0","61","0"
"4","20","583","2","18","0.1","-4805","5750","53.35","17","63","8.5"
"5","30","634","3","17","0.15","-5813.333333333333","12166.666666666666","38.85","12","46","7.333333333333333"
"1","0","316","20","0","1","1075.375","0","48.25","74","0","6.35"
"6","40","656","2","18","0.1","-12240","13000","38.1","4","28","6.5"
"7","50","531","0","20","0","0","0","43.7","0","61","0"
"4","20","584","2","18","0.1","-4825","5750","53.35","17","63","8.5"
"5","30","635","3","17","0.15","-5843.333333333333","12166.666666666666","38.85","12","46","7.333333333333333"
"2","5","447","20","0","1","223.875","1400","34.05","70","0","6.85"
"6","40","657","2","18","0.1","-12280","13000","38.1","4","28","6.5"
"4","20","585","2","18","0.1","-4845","5750","53.35","17","63","8.5"
"1","0","317","20","0","1","1075.375","0","48.25","74","0","6.35"
"5","30","636","3","17","0.15","-5873.333333333333","12166.666666666666","38.85","12","46","7.333333333333333"
"7","50","532","0","20","0","0","0","43.7","0","61","0"
"6","40","658","2","18","0.1","-12320","13000","38.1","4","28","6.5"
"4","20","586","2","18","0.1","-4615","6000","53.35","17","63","8.5"
"2","5","448","20","0","1","218.875","1400","34.05","70","0","6.85"
"6","40","659","2","18","0.1","-12360","13000","38.1","4","28","6.5"
"5","30","637","3","17","0.15","-5903.333333333333","12166.666666666666","38.85","12","46","7.333333333333333"
"7","50","533","0","20","0","0","0","43.7","0","61","0"
"4","20","587","2","18","0.1","-4635","6000","53.35","17","63","8.5"
"1","0","318","20","0","1","1075.375","0","48.25","74","0","6.35"
"6","40","660","2","18","0.1","-12400","13000","38.1","4","28","6.5"
"7","50","534","0","20","0","0","0","43.7","0","61","0"
"4","20","588","2","18","0.1","-4655","6000","53.35","17","63","8.5"
"5","30","638","3","17","0.15","-5766.666666666667","12333.333333333334","38.85","12","46","7.333333333333333"
"2","5","449","20","0","1","213.875","1400","34.05","70","0","6.85"
"6","40","661","2","18","0.1","-12440","13000","38.1","4","28","6.5"
"4","20","589","2","18","0.1","-4675","6000","53.35","17","63","8.5"
"1","0","319","20","0","1","1075.375","0","48.25","74","0","6.35"
"5","30","639","3","17","0.15","-5796.666666666667","12333.333333333334","38.85","12","46","7.333333333333333"
"7","50","535","0","20","0","0","0","43.7","0","61","0"
"4","20","590","2","18","0.1","-4695","6000","53.35","17","63","8.5"
"6","40","662","2","18","0.1","-12480","13000","38.1","4","28","6.5"
"2","5","450","20","0","1","208.875","1400","34.05","70","0","6.85"
"5","30","640","3","17","0.15","-5826.666666666667","12333.333333333334","38.85","12","46","7.333333333333333"
"7","50","536","0","20","0","0","0","43.7","0","61","0"
"4","20","591","2","18","0.1","-4715","6000","53.35","17","63","8.5"
"1","0","320","20","0","1","1075.375","0","48.25","74","0","6.35"
"6","40","663","2","18","0.1","-12270","13250","38.1","4","28","6.5"
"7","50","537","0","20","0","0","0","43.7","0","61","0"
"4","20","592","2","18","0.1","-4735","6000","53.35","17","63","8.5"
"5","30","641","3","17","0.15","-5856.666666666667","12333.333333333334","38.85","12","46","7.333333333333333"
"2","5","451","20","0","1","203.875","1400","34.05","70","0","6.85"
"6","40","664","2","18","0.1","-12310","13250","38.1","4","28","6.5"
"4","20","593","2","18","0.1","-4755","6000","53.35","17","63","8.5"
"7","50","538","0","20","0","0","0","43.7","0","61","0"
"5","30","642","3","17","0.15","-5886.666666666667","12333.333333333334","38.85","12","46","7.333333333333333"
"3","10","439","4","16","0.2","145","3250","49.75","10","70","5.75"
"1","0","321","20","0","1","1075.375","0","48.25","74","0","6.35"
"6","40","665","2","18","0.1","-12350","13250","38.1","4","28","6.5"
"4","20","594","2","18","0.1","-4775","6000","53.35","17","63","8.5"
"2","5","452","20","0","1","223.875","1425","34.05","70","0","6.85"
"7","50","539","0","20","0","0","0","43.7","0","61","0"
"5","30","643","3","17","0.15","-5916.666666666667","12333.333333333334","38.85","12","46","7.333333333333333"
"3","10","440","4","16","0.2","135","3250","49.75","10","70","5.75"
"4","20","595","2","18","0.1","-4795","6000","53.35","17","63","8.5"
"6","40","666","2","18","0.1","-12390","13250","38.1","4","28","6.5"
"7","50","540","0","20","0","0","0","43.7","0","61","0"
"5","30","644","3","17","0.15","-5946.666666666667","12333.333333333334","38.85","12","46","7.333333333333333"
"3","10","441","4","16","0.2","125","3250","49.75","10","70","5.75"
"1","0","322","20","0","1","1075.375","0","48.25","74","0","6.35"
"4","20","596","2","18","0.1","-4815","6000","53.35","17","63","8.5"
"6","40","667","2","18","0.1","-12430","13250","38.1","4","28","6.5"
"2","5","453","20","0","1","218.875","1425","34.05","70","0","6.85"
"5","30","645","3","17","0.15","-5976.666666666667","12333.333333333334","38.85","12","46","7.333333333333333"
"7","50","541","0","20","0","0","0","43.7","0","61","0"
"3","10","442","4","16","0.2","115","3250","49.75","10","70","5.75"
"4","20","597","2","18","0.1","-4835","6000","53.35","17","63","8.5"
"6","40","668","2","18","0.1","-12470","13250","38.1","4","28","6.5"
"5","30","646","3","17","0.15","-6006.666666666667","12333.333333333334","38.85","12","46","7.333333333333333"
"3","10","443","4","16","0.2","105","3250","49.75","10","70","5.75"
"7","50","542","0","20","0","0","0","43.7","0","61","0"
"4","20","598","2","18","0.1","-4855","6000","53.35","17","63","8.5"
"2","5","454","20","0","1","213.875","1425","34.05","70","0","6.85"
"6","40","669","2","18","0.1","-12510","13250","38.1","4","28","6.5"
"5","30","647","3","17","0.15","-6036.666666666667","12333.333333333334","38.85","12","46","7.333333333333333"
"7","50","543","0","20","0","0","0","43.7","0","61","0"
"3","10","444","4","16","0.2","95","3250","49.75","10","70","5.75"
"4","20","599","2","18","0.1","-4875","6000","53.35","17","63","8.5"
"1","0","323","20","0","1","1075.375","0","48.25","74","0","6.35"
"6","40","670","2","18","0.1","-12550","13250","38.1","4","28","6.5"
"5","30","648","3","17","0.15","-6066.666666666667","12333.333333333334","38.85","12","46","7.333333333333333"
"4","20","600","2","18","0.1","-4895","6000","53.35","17","63","8.5"
"3","10","445","4","16","0.2","85","3250","49.75","10","70","5.75"
"7","50","544","0","20","0","0","0","43.7","0","61","0"
"2","5","455","20","0","1","208.875","1425","34.05","70","0","6.85"
"5","30","649","3","17","0.15","-6096.666666666667","12333.333333333334","38.85","12","46","7.333333333333333"
"6","40","671","2","18","0.1","-12590","13250","38.1","4","28","6.5"
"4","20","601","2","18","0.1","-4915","6000","53.35","17","63","8.5"
"3","10","446","4","16","0.2","75","3250","49.75","10","70","5.75"
"7","50","545","0","20","0","0","0","43.7","0","61","0"
"5","30","650","3","17","0.15","-6126.666666666667","12333.333333333334","38.85","12","46","7.333333333333333"
"1","0","324","20","0","1","1075.375","0","48.25","74","0","6.35"
"6","40","672","2","18","0.1","-12630","13250","38.1","4","28","6.5"
"4","20","602","2","18","0.1","-4935","6000","53.35","17","63","8.5"
"2","5","456","20","0","1","203.875","1425","34.05","70","0","6.85"
"5","30","651","3","17","0.15","-5990","12500","38.85","12","46","7.333333333333333"
"3","10","447","4","16","0.2","65","3250","49.75","10","70","5.75"
"7","50","546","0","20","0","0","0","43.7","0","61","0"
"4","20","603","2","18","0.1","-4955","6000","53.35","17","63","8.5"
"6","40","673","2","18","0.1","-12670","13250","38.1","4","28","6.5"
"5","30","652","3","17","0.15","-6020","12500","38.85","12","46","7.333333333333333"
"1","0","325","20","0","1","1075.375","0","48.25","74","0","6.4"
"2","5","457","20","0","1","198.875","1425","34.05","70","0","6.85"
"4","20","604","2","18","0.1","-4975","6000","53.35","17","63","8.5"
"7","50","547","0","20","0","0","0","43.7","0","61","0"
"3","10","448","4","16","0.2","55","3250","49.75","10","70","5.75"
"5","30","653","3","17","0.15","-6050","12500","38.85","12","46","7.333333333333333"
"6","40","674","2","18","0.1","-12710","13250","38.1","4","28","6.5"
"4","20","605","2","18","0.1","-4995","6000","53.35","17","63","8.5"
"7","50","548","0","20","0","0","0","43.7","0","61","0"
"3","10","449","4","16","0.2","45","3250","49.75","10","70","5.75"
"5","30","654","3","17","0.15","-6080","12500","38.85","12","46","7.333333333333333"
"1","0","326","20","0","1","1075.375","0","48.25","74","0","6.4"
"2","5","458","20","0","1","193.875","1425","34.05","70","0","6.85"
"6","40","675","2","18","0.1","-12750","13250","38.1","4","28","6.5"
"4","20","606","2","18","0.1","-5015","6000","53.35","17","63","8.5"
"7","50","549","0","20","0","0","0","43.7","0","61","0"
"5","30","655","2","18","0.1","-9150","9500","38.85","2","56","6"
"3","10","450","4","16","0.2","35","3250","49.75","10","70","5.75"
"4","20","607","2","18","0.1","-5035","6000","53.35","17","63","8.5"
"6","40","676","2","18","0.1","-12540","13500","38.1","4","28","6.5"
"7","50","550","0","20","0","0","0","43.7","0","61","0"
"2","5","459","20","0","1","188.875","1425","34.05","70","0","6.85"
"3","10","451","3","17","0.15","370","3500","49.75","10","70","6.333333333333333"
"4","20","608","2","18","0.1","-5055","6000","53.35","17","63","8.5"
"1","0","327","20","0","1","1075.375","0","48.25","74","0","6.4"
"6","40","677","2","18","0.1","-12580","13500","38.1","4","28","6.5"
"5","30","656","2","18","0.1","-9180","9500","38.85","2","56","6"
"3","10","452","3","17","0.15","360","3500","49.75","10","70","6.333333333333333"
"7","50","551","0","20","0","0","0","43.7","0","61","0"
"2","5","460","20","0","1","183.875","1425","34.05","70","0","6.85"
"6","40","678","2","18","0.1","-12620","13500","38.1","4","28","6.5"
"4","20","609","2","18","0.1","-5075","6000","53.35","17","63","8.5"
"5","30","657","2","18","0.1","-9210","9500","38.85","2","56","6"
"7","50","552","0","20","0","0","0","43.7","0","61","0"
"3","10","453","3","17","0.15","350","3500","49.75","10","70","6.333333333333333"
"6","40","679","2","18","0.1","-12660","13500","38.1","4","28","6.5"
"4","20","610","2","18","0.1","-5095","6000","53.35","17","63","8.5"
"1","0","328","20","0","1","1075.375","0","48.25","74","0","6.4"
"5","30","658","2","18","0.1","-9240","9500","38.85","2","56","6"
"2","5","461","20","0","1","178.875","1425","34.05","70","0","6.85"
"4","20","611","2","18","0.1","-4865","6250","53.35","17","63","8.5"
"7","50","553","0","20","0","0","0","43.7","0","61","0"
"3","10","454","3","17","0.15","340","3500","49.75","10","70","6.333333333333333"
"6","40","680","2","18","0.1","-12700","13500","38.1","4","28","6.5"
"5","30","659","2","18","0.1","-9270","9500","38.85","2","56","6"
"4","20","612","2","18","0.1","-4885","6250","53.35","17","63","8.5"
"1","0","329","20","0","1","1075.375","0","48.25","74","0","6.4"
"7","50","554","0","20","0","0","0","43.7","0","61","0"
"5","30","660","2","18","0.1","-9300","9500","38.85","2","56","6"
"6","40","681","2","18","0.1","-12740","13500","38.1","4","28","6.5"
"3","10","455","3","17","0.15","330","3500","49.75","10","70","6.333333333333333"
"2","5","462","20","0","1","173.875","1425","34.05","70","0","6.85"
"4","20","613","2","18","0.1","-4905","6250","53.35","17","63","8.5"
"6","40","682","2","18","0.1","-12780","13500","38.1","4","28","6.5"
"5","30","661","2","18","0.1","-9330","9500","38.85","2","56","6"
"3","10","456","3","17","0.15","320","3500","49.75","10","70","6.333333333333333"
"7","50","555","0","20","0","0","0","43.7","0","61","0"
"4","20","614","2","18","0.1","-4675","6500","53.35","17","63","8.5"
"1","0","330","20","0","1","1075.375","0","48.25","74","0","6.4"
"3","10","457","3","17","0.15","310","3500","49.75","10","70","6.333333333333333"
"2","5","463","20","0","1","168.875","1425","34.05","70","0","6.85"
"6","40","683","2","18","0.1","-12820","13500","38.1","4","28","6.5"
"4","20","615","2","18","0.1","-4695","6500","53.35","17","63","8.5"
"5","30","662","2","18","0.1","-9360","9500","38.85","2","56","6"
"7","50","556","0","20","0","0","0","43.7","0","61","0"
"6","40","684","2","18","0.1","-12860","13500","38.1","4","28","6.5"
"3","10","458","3","17","0.15","300","3500","49.75","10","70","6.333333333333333"
"4","20","616","2","18","0.1","-4715","6500","53.35","17","63","8.5"
"5","30","663","2","18","0.1","-9390","9500","38.85","2","56","6"
"7","50","557","0","20","0","0","0","43.7","0","61","0"
"1","0","331","20","0","1","1075.375","0","48.25","74","0","6.4"
"4","20","617","2","18","0.1","-4735","6500","53.35","17","63","8.5"
"2","5","464","20","0","1","163.875","1425","34.05","70","0","6.85"
"5","30","664","2","18","0.1","-9420","9500","38.85","2","56","6"
"3","10","459","3","17","0.15","290","3500","49.75","10","70","6.333333333333333"
"6","40","685","2","18","0.1","-12900","13500","38.1","4","28","6.5"
"7","50","558","0","20","0","0","0","43.7","0","61","0"
"4","20","618","2","18","0.1","-4755","6500","53.35","17","63","8.5"
"5","30","665","2","18","0.1","-9450","9500","38.85","2","56","6"
"6","40","686","2","18","0.1","-12940","13500","38.1","4","28","6.5"
"3","10","460","3","17","0.15","280","3500","49.75","10","70","6.333333333333333"
"1","0","332","20","0","1","1075.375","0","48.25","74","0","6.45"
"2","5","465","20","0","1","158.875","1425","34.05","70","0","6.85"
"5","30","666","2","18","0.1","-9480","9500","38.85","2","56","6"
"7","50","559","0","20","0","0","0","43.7","0","61","0"
"4","20","619","2","18","0.1","-4775","6500","53.35","17","63","8.5"
"6","40","687","2","18","0.1","-12980","13500","38.1","4","28","6.5"
"3","10","461","3","17","0.15","270","3500","49.75","10","70","6.333333333333333"
"5","30","667","2","18","0.1","-9260","9750","38.85","2","56","6"
"4","20","620","2","18","0.1","-4795","6500","53.35","17","63","8.5"
"6","40","688","2","18","0.1","-12770","13750","38.1","4","28","6.5"
"7","50","560","0","20","0","0","0","43.7","0","61","0"
"3","10","462","3","17","0.15","260","3500","49.75","10","70","6.333333333333333"
"5","30","668","2","18","0.1","-9290","9750","38.85","2","56","6"
"2","5","466","20","0","1","153.875","1425","34.05","71","0","6.9"
"1","0","333","20","0","1","1075.375","0","48.25","74","0","6.45"
"4","20","621","2","18","0.1","-4815","6500","53.35","17","63","8.5"
"6","40","689","2","18","0.1","-12810","13750","38.1","4","28","6.5"
"7","50","561","0","20","0","0","0","43.7","0","61","0"
"3","10","463","3","17","0.15","250","3500","49.75","10","70","6.333333333333333"
"5","30","669","2","18","0.1","-9320","9750","38.85","2","56","6"
"6","40","690","2","18","0.1","-12850","13750","38.1","4","28","6.5"
"2","5","467","20","0","1","148.875","1425","34.05","71","0","6.9"
"7","50","562","0","20","0","0","0","43.7","0","61","0"
"4","20","622","2","18","0.1","-4835","6500","53.35","17","63","8.5"
"3","10","464","3","17","0.15","240","3500","49.75","10","70","6.333333333333333"
"5","30","670","2","18","0.1","-9350","9750","38.85","2","56","6"
"1","0","334","20","0","1","1075.375","0","48.25","74","0","6.45"
"7","50","563","0","20","0","0","0","43.7","0","61","0"
"4","20","623","2","18","0.1","-4855","6500","53.35","17","63","8.5"
"6","40","691","2","18","0.1","-12890","13750","38.1","4","28","6.5"
"5","30","671","2","18","0.1","-9380","9750","38.85","2","56","6"
"3","10","465","3","17","0.15","396.6666666666667","3666.6666666666665","49.75","10","70","6.333333333333333"
"2","5","468","20","0","1","143.875","1425","34.05","71","0","6.9"
"4","20","624","2","18","0.1","-4875","6500","53.35","17","63","8.5"
"6","40","692","2","18","0.1","-12930","13750","38.1","4","28","6.5"
"7","50","564","0","20","0","0","0","43.7","0","61","0"
"5","30","672","2","18","0.1","-9410","9750","38.85","2","56","6"
"1","0","335","20","0","1","1075.375","0","48.25","74","0","6.45"
"4","20","625","2","18","0.1","-4895","6500","53.35","17","63","8.5"
"3","10","466","3","17","0.15","386.6666666666667","3666.6666666666665","49.75","10","70","6.333333333333333"
"5","30","673","2","18","0.1","-9440","9750","38.85","2","56","6"
"7","50","565","0","20","0","0","0","43.7","0","61","0"
"6","40","693","2","18","0.1","-12970","13750","38.1","4","28","6.5"
"2","5","469","20","0","1","138.875","1425","34.05","74","0","6.95"
"3","10","467","3","17","0.15","376.6666666666667","3666.6666666666665","49.75","10","70","6.333333333333333"
"4","20","626","2","18","0.1","-4915","6500","53.35","17","63","8.5"
"6","40","694","2","18","0.1","-13010","13750","38.1","4","28","6.5"
"5","30","674","2","18","0.1","-9470","9750","38.85","2","56","6"
"1","0","336","20","0","1","1075.375","0","48.25","74","0","6.45"
"7","50","566","0","20","0","0","0","43.7","0","61","0"
"2","5","470","20","0","1","133.875","1425","34.05","74","0","6.95"
"5","30","675","2","18","0.1","-9500","9750","38.85","2","56","6"
"4","20","627","2","18","0.1","-4935","6500","53.35","17","63","8.5"
"6","40","695","2","18","0.1","-13050","13750","38.1","4","28","6.5"
"3","10","468","3","17","0.15","366.6666666666667","3666.6666666666665","49.75","10","70","6.333333333333333"
"7","50","567","0","20","0","0","0","43.7","0","61","0"
"6","40","696","2","18","0.1","-13090","13750","38.1","4","28","6.5"
"4","20","628","2","18","0.1","-4955","6500","53.35","17","63","8.5"
"5","30","676","2","18","0.1","-9530","9750","38.85","2","56","6"
"1","0","337","20","0","1","1075.375","0","48.25","74","0","6.45"
"3","10","469","3","17","0.15","356.6666666666667","3666.6666666666665","49.75","10","70","6.333333333333333"
"2","5","471","20","0","1","128.875","1425","34.05","74","0","6.95"
"5","30","677","2","18","0.1","-9560","9750","38.85","2","56","6"
"7","50","568","0","20","0","0","0","43.7","0","61","0"
"6","40","697","2","18","0.1","-13130","13750","38.1","4","28","6.5"
"4","20","629","2","18","0.1","-4975","6500","53.35","17","63","8.5"
"3","10","470","3","17","0.15","346.6666666666667","3666.6666666666665","49.75","10","70","6.333333333333333"
"5","30","678","2","18","0.1","-9590","9750","38.85","2","56","6"
"4","20","630","2","18","0.1","-4995","6500","53.35","17","63","8.5"
"2","5","472","20","0","1","123.875","1425","34.05","74","0","6.95"
"1","0","338","20","0","1","1075.375","0","48.25","74","0","6.45"
"3","10","471","3","17","0.15","336.6666666666667","3666.6666666666665","49.75","10","70","6.333333333333333"
"6","40","698","2","18","0.1","-13170","13750","38.1","4","28","6.5"
"7","50","569","0","20","0","0","0","43.7","0","61","0"
"5","30","679","2","18","0.1","-9620","9750","38.85","2","56","6"
"4","20","631","2","18","0.1","-5015","6500","53.35","17","63","8.5"
"6","40","699","2","18","0.1","-13210","13750","38.1","4","28","6.5"
"3","10","472","3","17","0.15","326.6666666666667","3666.6666666666665","49.75","10","70","6.333333333333333"
"5","30","680","2","18","0.1","-9650","9750","38.85","2","56","6"
"2","5","473","20","0","1","118.875","1425","34.05","74","0","6.95"
"4","20","632","2","18","0.1","-5035","6500","53.35","17","63","8.5"
"7","50","570","0","20","0","0","0","43.7","0","61","0"
"1","0","339","20","0","1","1075.375","0","48.25","74","0","6.45"
"6","40","700","2","18","0.1","-13250","13750","38.1","4","28","6.5"
"4","20","633","2","18","0.1","-5055","6500","53.35","17","63","8.5"
"5","30","681","2","18","0.1","-9680","9750","38.85","2","56","6"
"3","10","473","3","17","0.15","316.6666666666667","3666.6666666666665","49.75","10","70","6.333333333333333"
"7","50","571","0","20","0","0","0","43.7","0","61","0"
"2","5","474","20","0","1","113.875","1425","34.05","74","0","6.95"
"6","40","701","2","18","0.1","-13040","14000","38.1","4","28","6.5"
"3","10","474","3","17","0.15","306.6666666666667","3666.6666666666665","49.75","10","70","6.333333333333333"
"4","20","634","2","18","0.1","-5075","6500","53.35","17","63","8.5"
"5","30","682","2","18","0.1","-9710","9750","38.85","2","56","6"
"1","0","340","20","0","1","1075.375","0","48.25","74","0","6.45"
"6","40","702","2","18","0.1","-13080","14000","38.1","4","28","6.5"
"7","50","572","0","20","0","0","0","43.7","0","61","0"
"3","10","475","3","17","0.15","296.6666666666667","3666.6666666666665","49.75","10","70","6.333333333333333"
"4","20","635","2","18","0.1","-5095","6500","53.35","17","63","8.5"
"5","30","683","2","18","0.1","-9740","9750","38.85","2","56","6"
"2","5","475","20","0","1","108.875","1425","34.05","74","0","6.95"
"6","40","703","2","18","0.1","-13120","14000","38.1","4","28","6.5"
"7","50","573","0","20","0","0","0","43.7","0","61","0"
"4","20","636","2","18","0.1","-4865","6750","53.35","17","63","8.5"
"3","10","476","3","17","0.15","286.6666666666667","3666.6666666666665","49.75","10","70","6.333333333333333"
"5","30","684","2","18","0.1","-9520","10000","38.85","2","56","6"
"1","0","341","20","0","1","1075.375","0","48.25","74","0","6.45"
"6","40","704","2","18","0.1","-13160","14000","38.1","4","28","6.5"
"2","5","476","20","0","1","103.875","1425","34.05","74","0","6.95"
"4","20","637","2","18","0.1","-4885","6750","53.35","17","63","8.5"
"3","10","477","3","17","0.15","276.6666666666667","3666.6666666666665","49.75","10","70","6.333333333333333"
"7","50","574","0","20","0","0","0","43.7","0","61","0"
"5","30","685","2","18","0.1","-9550","10000","38.85","2","56","6"
"6","40","705","2","18","0.1","-13200","14000","38.1","4","28","6.5"
"3","10","478","3","17","0.15","266.6666666666667","3666.6666666666665","49.75","10","70","6.333333333333333"
"4","20","638","2","18","0.1","-4905","6750","53.35","17","63","8.5"
"7","50","575","0","20","0","0","0","43.7","0","61","0"
"5","30","686","2","18","0.1","-9580","10000","38.85","2","56","6"
"2","5","477","20","0","1","98.875","1425","34.05","74","0","6.95"
"1","0","342","20","0","1","1075.375","0","48.25","74","0","6.45"
"6","40","706","2","18","0.1","-13240","14000","38.1","4","28","6.5"
"4","20","639","2","18","0.1","-4925","6750","53.35","17","63","8.5"
"3","10","479","3","17","0.15","256.6666666666667","3666.6666666666665","49.75","10","70","6.333333333333333"
"7","50","576","0","20","0","0","0","43.7","0","61","0"
"5","30","687","2","18","0.1","-9610","10000","38.85","2","56","6"
"6","40","707","2","18","0.1","-13280","14000","38.1","4","28","6.5"
"2","5","478","20","0","1","93.875","1425","34.05","74","0","6.95"
"4","20","640","2","18","0.1","-4945","6750","53.35","17","63","8.5"
"3","10","480","3","17","0.15","246.66666666666666","3666.6666666666665","49.75","10","70","6.333333333333333"
"1","0","343","20","0","1","1075.375","0","48.25","74","0","6.45"
"5","30","688","2","18","0.1","-9640","10000","38.85","2","56","6"
"6","40","708","2","18","0.1","-13320","14000","38.1","4","28","6.5"
"7","50","577","0","20","0","0","0","43.7","0","61","0"
"4","20","641","2","18","0.1","-4965","6750","53.35","17","63","8.5"
"3","10","481","3","17","0.15","236.66666666666666","3666.6666666666665","49.75","10","70","6.333333333333333"
"2","5","479","20","0","1","88.875","1425","34.05","74","0","6.95"
"5","30","689","2","18","0.1","-9670","10000","38.85","2","56","6"
"6","40","709","2","18","0.1","-13360","14000","38.1","4","28","6.5"
"4","20","642","2","18","0.1","-4985","6750","53.35","17","63","8.5"
"3","10","482","3","17","0.15","226.66666666666666","3666.6666666666665","49.75","10","70","6.333333333333333"
"7","50","578","0","20","0","0","0","43.7","0","61","0"
"1","0","344","20","0","1","1075.375","0","48.25","74","0","6.5"
"5","30","690","2","18","0.1","-9700","10000","38.85","2","56","6"
"3","10","483","3","17","0.15","216.66666666666666","3666.6666666666665","49.75","10","70","6.333333333333333"
"7","50","579","0","20","0","0","0","43.7","0","61","0"
"2","5","480","20","0","1","83.875","1425","34.05","77","0","7"
"4","20","643","2","18","0.1","-5005","6750","53.35","17","63","8.5"
"6","40","710","2","18","0.1","-13400","14000","38.1","4","28","6.5"
"5","30","691","2","18","0.1","-9730","10000","38.85","2","56","6"
"7","50","580","0","20","0","0","0","43.7","0","61","0"
"3","10","484","3","17","0.15","206.66666666666666","3666.6666666666665","49.75","10","70","6.333333333333333"
"4","20","644","2","18","0.1","-5025","6750","53.35","17","63","8.5"
"6","40","711","2","18","0.1","-13440","14000","38.1","4","28","6.5"
"1","0","345","20","0","1","1075.375","0","48.25","74","0","6.5"
"2","5","481","20","0","1","78.875","1425","34.05","77","0","7"
"5","30","692","2","18","0.1","-9760","10000","38.85","2","56","6"
"6","40","712","2","18","0.1","-13480","14000","38.1","4","28","6.5"
"7","50","581","0","20","0","0","0","43.7","0","61","0"
"3","10","485","3","17","0.15","196.66666666666666","3666.6666666666665","49.75","10","70","6.333333333333333"
"4","20","645","2","18","0.1","-5045","6750","53.35","17","63","8.5"
"5","30","693","2","18","0.1","-9790","10000","38.85","2","56","6"
"6","40","713","2","18","0.1","-13270","14250","38.1","4","28","6.5"
"3","10","486","3","17","0.15","186.66666666666666","3666.6666666666665","49.75","10","70","6.333333333333333"
"7","50","582","0","20","0","0","0","43.7","0","61","0"
"4","20","646","2","18","0.1","-5065","6750","53.35","17","63","8.5"
"2","5","482","20","0","1","73.875","1425","34.05","77","0","7"
"1","0","346","20","0","1","1075.375","0","48.25","74","0","6.55"
"5","30","694","2","18","0.1","-9820","10000","38.85","2","56","6"
"3","10","487","3","17","0.15","176.66666666666666","3666.6666666666665","49.75","10","70","6.333333333333333"
"4","20","647","2","18","0.1","-5085","6750","53.35","17","63","8.5"
"6","40","714","2","18","0.1","-13310","14250","38.1","4","28","6.5"
"7","50","583","0","20","0","0","0","43.7","0","61","0"
"5","30","695","2","18","0.1","-9850","10000","38.85","2","56","6"
"3","10","488","3","17","0.15","166.66666666666666","3666.6666666666665","49.75","10","70","6.333333333333333"
"2","5","483","20","0","1","68.875","1425","34.05","77","0","7"
"4","20","648","2","18","0.1","-5105","6750","53.35","17","63","8.5"
"7","50","584","0","20","0","0","0","43.7","0","61","0"
"5","30","696","2","18","0.1","-9880","10000","38.85","2","56","6.5"
"3","10","489","3","17","0.15","156.66666666666666","3666.6666666666665","49.75","10","70","6.333333333333333"
"4","20","649","2","18","0.1","-5125","6750","53.35","17","63","8.5"
"6","40","715","2","18","0.1","-13350","14250","38.1","4","28","6.5"
"1","0","347","20","0","1","1075.375","0","48.25","74","0","6.55"
"7","50","585","0","20","0","0","0","43.7","0","61","0"
"4","20","650","2","18","0.1","-5145","6750","53.35","17","63","8.5"
"5","30","697","2","18","0.1","-9910","10000","38.85","2","56","6.5"
"2","5","484","20","0","1","63.875","1425","34.05","77","0","7"
"3","10","490","3","17","0.15","146.66666666666666","3666.6666666666665","49.75","10","70","6.333333333333333"
"6","40","716","2","18","0.1","-13390","14250","38.1","4","28","6.5"
"4","20","651","2","18","0.1","-5165","6750","53.35","17","63","8.5"
"7","50","586","0","20","0","0","0","43.7","0","61","0"
"5","30","698","2","18","0.1","-9940","10000","38.85","2","56","6.5"
"3","10","491","3","17","0.15","136.66666666666666","3666.6666666666665","49.75","10","70","6.333333333333333"
"6","40","717","2","18","0.1","-13430","14250","38.1","4","28","6.5"
"1","0","348","20","0","1","1075.375","0","48.25","74","0","6.55"
"4","20","652","2","18","0.1","-5185","6750","53.35","17","63","8.5"
"2","5","485","20","0","1","58.875","1425","34.05","77","0","7"
"7","50","587","0","20","0","0","0","43.7","0","61","0"
"6","40","718","2","18","0.1","-13470","14250","38.1","4","28","6.5"
"3","10","492","3","17","0.15","126.66666666666667","3666.6666666666665","49.75","10","70","6.333333333333333"
"5","30","699","2","18","0.1","-9970","10000","38.85","2","56","6.5"
"4","20","653","2","18","0.1","-5205","6750","53.35","17","63","8.5"
"7","50","588","0","20","0","0","0","43.7","0","61","0"
"2","5","486","20","0","1","53.875","1425","34.05","77","0","7"
"6","40","719","2","18","0.1","-13510","14250","38.1","4","28","6.5"
"3","10","493","3","17","0.15","116.66666666666667","3666.6666666666665","49.75","10","70","6.333333333333333"
"4","20","654","2","18","0.1","-5225","6750","53.35","17","63","8.5"
"1","0","349","20","0","1","1075.375","0","48.25","75","0","6.6"
"5","30","700","2","18","0.1","-10000","10000","38.85","2","56","6.5"
"3","10","494","3","17","0.15","106.66666666666667","3666.6666666666665","49.75","10","70","6.333333333333333"
"7","50","589","0","20","0","0","0","43.7","0","61","0"
"4","20","655","2","18","0.1","-5245","6750","53.35","17","63","8.5"
"6","40","720","2","18","0.1","-13550","14250","38.1","4","28","6.5"
"2","5","487","20","0","1","48.875","1425","34.05","80","0","7.05"
"5","30","701","2","18","0.1","-9780","10250","38.85","2","56","6.5"
"4","20","656","2","18","0.1","-5265","6750","53.35","17","63","8.5"
"3","10","495","3","17","0.15","96.66666666666667","3666.6666666666665","49.75","10","70","6.333333333333333"
"7","50","590","0","20","0","0","0","43.7","0","61","0"
"6","40","721","2","18","0.1","-13590","14250","38.1","4","28","6.5"
"1","0","350","20","0","1","1075.375","0","48.25","75","0","6.6"
"5","30","702","2","18","0.1","-9810","10250","38.85","2","56","6.5"
"7","50","591","0","20","0","0","0","43.7","0","61","0"
"3","10","496","3","17","0.15","86.66666666666667","3666.6666666666665","49.75","10","70","6.333333333333333"
"2","5","488","20","0","1","43.875","1425","34.05","80","0","7.05"
"4","20","657","2","18","0.1","-5285","6750","53.35","17","63","8.5"
"6","40","722","2","18","0.1","-13630","14250","38.1","4","28","6.5"
"5","30","703","2","18","0.1","-9840","10250","38.85","2","56","6.5"
"7","50","592","0","20","0","0","0","43.7","0","61","0"
"3","10","497","3","17","0.15","76.66666666666667","3666.6666666666665","49.75","10","70","6.333333333333333"
"4","20","658","2","18","0.1","-5305","6750","53.35","17","63","8.5"
"6","40","723","2","18","0.1","-13670","14250","38.1","4","28","6.5"
"1","0","351","20","0","1","1075.375","0","48.25","75","0","6.6"
"2","5","489","20","0","1","38.875","1425","34.05","80","0","7.05"
"5","30","704","2","18","0.1","-9870","10250","38.85","2","56","6.5"
"7","50","593","0","20","0","0","0","43.7","0","61","0"
"6","40","724","2","18","0.1","-13710","14250","38.1","4","28","6.5"
"4","20","659","2","18","0.1","-5325","6750","53.35","17","63","8.5"
"3","10","498","3","17","0.15","66.66666666666667","3666.6666666666665","49.75","10","70","6.333333333333333"
"5","30","705","2","18","0.1","-9900","10250","38.85","2","56","6.5"
"6","40","725","2","18","0.1","-13750","14250","38.1","4","28","6.5"
"2","5","490","20","0","1","33.875","1425","34.05","80","0","7.05"
"4","20","660","2","18","0.1","-5345","6750","53.35","17","63","8.5"
"7","50","594","0","20","0","0","0","43.7","0","61","0"
"3","10","499","3","17","0.15","56.666666666666664","3666.6666666666665","49.75","10","70","6.333333333333333"
"1","0","352","20","0","1","1075.375","0","48.25","75","0","6.6"
"5","30","706","2","18","0.1","-9930","10250","38.85","2","56","6.5"
"3","10","500","3","17","0.15","46.666666666666664","3666.6666666666665","49.75","10","70","6.333333333333333"
"7","50","595","0","20","0","0","0","43.7","0","61","0"
"4","20","661","2","18","0.1","-5115","7000","53.35","17","63","8.5"
"2","5","491","20","0","1","28.875","1425","34.05","80","0","7.05"
"6","40","726","2","18","0.1","-13540","14500","38.1","4","28","6.5"
"5","30","707","2","18","0.1","-9960","10250","38.85","2","56","6.5"
"3","10","501","3","17","0.15","370","4000","49.75","10","70","6.333333333333333"
"7","50","596","0","20","0","0","0","43.7","0","61","0"
"4","20","662","2","18","0.1","-5135","7000","53.35","17","63","8.5"
"1","0","353","20","0","1","1075.375","0","48.25","75","0","6.6"
"5","30","708","2","18","0.1","-9990","10250","38.85","2","56","6.5"
"6","40","727","2","18","0.1","-13580","14500","38.1","4","28","6.5"
"2","5","492","20","0","1","23.875","1425","34.05","80","0","7.05"
"7","50","597","0","20","0","0","0","43.7","0","61","0"
"4","20","663","2","18","0.1","-5155","7000","53.35","17","63","8.5"
"3","10","502","3","17","0.15","360","4000","49.75","10","70","6.333333333333333"
"5","30","709","2","18","0.1","-10020","10250","38.85","2","56","6.5"
"6","40","728","2","18","0.1","-13620","14500","38.1","4","28","6.5"
"4","20","664","2","18","0.1","-5175","7000","53.35","17","63","8.5"
"7","50","598","0","20","0","0","0","43.7","0","61","0"
"3","10","503","3","17","0.15","350","4000","49.75","10","70","6.333333333333333"
"2","5","493","20","0","1","18.875","1425","34.05","80","0","7.05"
"5","30","710","2","18","0.1","-10050","10250","38.85","2","56","6.5"
"4","20","665","2","18","0.1","-5195","7000","53.35","17","63","8.5"
"6","40","729","2","18","0.1","-13660","14500","38.1","4","28","6.5"
"1","0","354","20","0","1","1075.375","0","48.25","75","0","6.6"
"3","10","504","3","17","0.15","340","4000","49.75","10","70","6.333333333333333"
"7","50","599","0","20","0","0","0","43.7","0","61","0"
"5","30","711","2","18","0.1","-10080","10250","38.85","2","56","6.5"
"4","20","666","2","18","0.1","-5215","7000","53.35","17","63","8.5"
"6","40","730","2","18","0.1","-13700","14500","38.1","4","28","6.5"
"2","5","494","20","0","1","13.875","1425","34.05","80","0","7.05"
"3","10","505","3","17","0.15","330","4000","49.75","10","70","6.333333333333333"
"7","50","600","0","20","0","0","0","43.7","0","61","0"
"4","20","667","2","18","0.1","-5235","7000","53.35","17","63","8.5"
"5","30","712","2","18","0.1","-10110","10250","38.85","2","56","6.5"
"1","0","355","20","0","1","1075.375","0","48.25","75","0","6.6"
"3","10","506","3","17","0.15","320","4000","49.75","10","70","6.333333333333333"
"6","40","731","2","18","0.1","-13740","14500","38.1","4","28","6.5"
"5","30","713","2","18","0.1","-10140","10250","38.85","2","56","6.5"
"7","50","601","0","20","0","0","0","43.7","0","61","0"
"4","20","668","2","18","0.1","-5255","7000","53.35","17","63","8.5"
"2","5","495","20","0","1","8.875","1425","34.05","80","0","7.05"
"3","10","507","3","17","0.15","310","4000","49.75","10","70","6.333333333333333"
"6","40","732","2","18","0.1","-13780","14500","38.1","4","28","6.5"
"5","30","714","2","18","0.1","-10170","10250","38.85","2","56","6.5"
"4","20","669","2","18","0.1","-5275","7000","53.35","17","63","8.5"
"7","50","602","0","20","0","0","0","43.7","0","61","0"
"3","10","508","3","17","0.15","300","4000","49.75","10","70","6.333333333333333"
"1","0","356","20","0","1","1075.375","0","48.25","75","0","6.6"
"2","5","496","20","0","1","3.875","1425","34.05","80","0","7.05"
"6","40","733","2","18","0.1","-13820","14500","38.1","4","28","6.5"
"5","30","715","2","18","0.1","-10200","10250","38.85","5","56","7"
"4","20","670","2","18","0.1","-5295","7000","53.35","17","63","8.5"
"7","50","603","0","20","0","0","0","43.7","0","61","0"
"3","10","509","3","17","0.15","290","4000","49.75","10","70","6.333333333333333"
"6","40","734","2","18","0.1","-13860","14500","38.1","4","28","6.5"
"4","20","671","2","18","0.1","-5315","7000","53.35","17","63","8.5"
"5","30","716","2","18","0.1","-10230","10250","38.85","5","56","7"
"2","5","497","20","0","1","-1.125","1425","34.05","80","0","7.05"
"3","10","510","3","17","0.15","280","4000","49.75","10","70","6.333333333333333"
"1","0","357","20","0","1","1075.375","0","48.25","75","0","6.6"
"7","50","604","0","20","0","0","0","43.7","0","61","0"
"6","40","735","2","18","0.1","-13900","14500","38.1","4","28","6.5"
"5","30","717","2","18","0.1","-10010","10500","38.85","5","56","7"
"4","20","672","2","18","0.1","-5335","7000","53.35","17","63","8.5"
"3","10","511","3","17","0.15","270","4000","49.75","10","70","6.333333333333333"
"2","5","498","20","0","1","-6.125","1425","34.05","80","0","7.05"
"6","40","736","2","18","0.1","-13940","14500","38.1","4","28","6.5"
"7","50","605","0","20","0","0","0","43.7","0","61","0"
"1","0","358","20","0","1","1075.375","0","48.25","75","0","6.6"
"5","30","718","2","18","0.1","-10040","10500","38.85","5","56","7"
"4","20","673","2","18","0.1","-5355","7000","53.35","17","63","8.5"
"6","40","737","2","18","0.1","-13980","14500","38.1","4","28","6.5"
"2","5","499","20","0","1","-11.125","1425","34.05","80","0","7.05"
"5","30","719","2","18","0.1","-10070","10500","38.85","5","56","7"
"6","40","738","2","18","0.1","-13770","14750","38.1","4","28","6.5"
"7","50","606","0","20","0","0","0","43.7","0","61","0"
"1","0","359","20","0","1","1075.375","0","48.25","75","0","6.6"
"5","30","720","2","18","0.1","-10100","10500","38.85","5","56","7"
"4","20","674","2","18","0.1","-5375","7000","53.35","17","63","8.5"
"6","40","739","2","18","0.1","-13810","14750","38.1","4","28","6.5"
"2","5","500","20","0","1","-16.125","1425","34.05","80","0","7.1"
"3","10","512","3","17","0.15","260","4000","49.75","10","70","6.333333333333333"
"7","50","607","0","20","0","0","0","43.7","0","61","0"
"5","30","721","2","18","0.1","-10130","10500","38.85","5","56","7"
"4","20","675","2","18","0.1","-5395","7000","53.35","17","63","8.5"
"6","40","740","2","18","0.1","-13850","14750","38.1","4","28","6.5"
"1","0","360","20","0","1","1075.375","0","48.25","75","0","6.6"
"2","5","501","20","0","1","78.875","1525","34.05","80","0","7.1"
"7","50","608","0","20","0","0","0","43.7","0","61","0"
"5","30","722","2","18","0.1","-10160","10500","38.85","5","56","7"
"3","10","513","3","17","0.15","250","4000","49.75","10","70","6.333333333333333"
"4","20","676","2","18","0.1","-5415","7000","53.35","17","63","8.5"
"6","40","741","2","18","0.1","-13890","14750","38.1","4","28","6.5"
"5","30","723","2","18","0.1","-10190","10500","38.85","5","56","7"
"7","50","609","0","20","0","0","0","43.7","0","61","0"
"3","10","514","3","17","0.15","240","4000","49.75","10","70","6.333333333333333"
"2","5","502","20","0","1","123.875","1575","34.05","80","0","7.1"
"6","40","742","2","18","0.1","-13930","14750","38.1","4","28","6.5"
"1","0","361","20","0","1","1075.375","0","48.25","75","0","6.6"
"4","20","677","2","18","0.1","-5435","7000","53.35","17","63","8.5"
"7","50","610","0","20","0","0","0","43.7","0","61","0"
"6","40","743","2","18","0.1","-13970","14750","38.1","4","28","6.5"
"3","10","515","2","18","0.1","350","4500","49.75","0","80","4.5"
"5","30","724","2","18","0.1","-10220","10500","38.85","5","56","7"
"2","5","503","20","0","1","118.875","1575","34.05","80","0","7.1"
"4","20","678","2","18","0.1","-5455","7000","53.35","17","63","8.5"
"7","50","611","0","20","0","0","0","43.7","0","61","0"
"3","10","516","2","18","0.1","340","4500","49.75","0","80","4.5"
"6","40","744","2","18","0.1","-14010","14750","38.1","4","28","6.5"
"5","30","725","2","18","0.1","-10250","10500","38.85","5","56","7"
"1","0","362","20","0","1","1075.375","0","48.25","80","0","6.65"
"4","20","679","2","18","0.1","-5475","7000","53.35","17","63","8.5"
"2","5","504","20","0","1","113.875","1575","34.05","80","0","7.1"
"5","30","726","2","18","0.1","-10280","10500","38.85","5","56","7"
"6","40","745","2","18","0.1","-14050","14750","38.1","4","28","6.5"
"7","50","612","0","20","0","0","0","43.7","0","61","0"
"3","10","517","2","18","0.1","330","4500","49.75","0","80","4.5"
"4","20","680","2","18","0.1","-5495","7000","53.35","17","63","8.5"
"5","30","727","2","18","0.1","-10310","10500","38.85","5","56","7"
"7","50","613","0","20","0","0","0","43.7","0","61","0"
"6","40","746","2","18","0.1","-14090","14750","38.1","4","28","6.5"
"3","10","518","2","18","0.1","320","4500","49.75","0","80","4.5"
"1","0","363","20","0","1","1075.375","0","48.25","80","0","6.65"
"2","5","505","20","0","1","133.875","1600","34.05","80","0","7.1"
"4","20","681","2","18","0.1","-5515","7000","53.35","17","63","8.5"
"5","30","728","2","18","0.1","-10340","10500","38.85","5","56","7"
"3","10","519","2","18","0.1","310","4500","49.75","0","80","4.5"
"6","40","747","2","18","0.1","-14130","14750","38.1","4","28","6.5"
"7","50","614","0","20","0","0","0","43.7","0","61","0"
"4","20","682","2","18","0.1","-5535","7000","53.35","17","63","8.5"
"3","10","520","2","18","0.1","300","4500","49.75","0","80","4.5"
"6","40","748","2","18","0.1","-14170","14750","38.1","4","28","6.5"
"5","30","729","2","18","0.1","-10370","10500","38.85","5","56","7"
"1","0","364","20","0","1","1075.375","0","48.25","80","0","6.65"
"4","20","683","2","18","0.1","-5555","7000","53.35","17","63","8.5"
"7","50","615","0","20","0","0","0","43.7","0","61","0"
"2","5","506","20","0","1","128.875","1600","34.05","80","0","7.1"
"5","30","730","2","18","0.1","-10400","10500","38.85","5","56","7"
"3","10","521","2","18","0.1","290","4500","49.75","0","80","4.5"
"6","40","749","2","18","0.1","-14210","14750","38.1","4","28","6.5"
"4","20","684","2","18","0.1","-5575","7000","53.35","17","63","8.5"
"5","30","731","2","18","0.1","-10430","10500","38.85","5","56","7"
"7","50","616","0","20","0","0","0","43.7","0","61","0"
"3","10","522","2","18","0.1","280","4500","49.75","0","80","4.5"
"4","20","685","2","18","0.1","-5595","7000","53.35","17","63","8.5"
"6","40","750","2","18","0.1","-14250","14750","38.1","4","28","6.5"
"1","0","365","20","0","1","1075.375","0","48.25","80","0","6.65"
"2","5","507","20","0","1","173.875","1650","34.05","80","0","7.1"
"5","30","732","2","18","0.1","-10460","10500","38.85","5","56","7"
"4","20","686","2","18","0.1","-5365","7250","53.35","17","63","8.5"
"7","50","617","0","20","0","0","0","43.7","0","61","0"
"3","10","523","2","18","0.1","270","4500","49.75","0","80","4.5"
"6","40","751","2","18","0.1","-14040","15000","38.1","4","28","6.5"
"5","30","733","2","18","0.1","-10490","10500","38.85","5","56","7"
"4","20","687","2","18","0.1","-5385","7250","53.35","17","63","8.5"
"7","50","618","0","20","0","0","0","43.7","0","61","0"
"3","10","524","2","18","0.1","260","4500","49.75","0","80","4.5"
"5","30","734","2","18","0.1","-10270","10750","38.85","5","56","7"
"1","0","366","20","0","1","1075.375","0","48.25","80","0","6.65"
"6","40","752","2","18","0.1","-14080","15000","38.1","4","28","6.5"
"2","5","508","20","0","1","168.875","1650","34.05","80","0","7.1"
"4","20","688","2","18","0.1","-5405","7250","53.35","17","63","8.5"
"3","10","525","2","18","0.1","250","4500","49.75","0","80","4.5"
"5","30","735","2","18","0.1","-10300","10750","38.85","5","56","7"
"7","50","619","0","20","0","0","0","43.7","0","61","0"
"4","20","689","2","18","0.1","-5425","7250","53.35","17","63","8.5"
"6","40","753","2","18","0.1","-14120","15000","38.1","4","28","6.5"
"5","30","736","2","18","0.1","-10330","10750","38.85","5","56","7"
"3","10","526","2","18","0.1","240","4500","49.75","0","80","4.5"
"4","20","690","2","18","0.1","-5445","7250","53.35","17","63","8.5"
"1","0","367","20","0","1","1075.375","0","48.25","81","0","6.7"
"7","50","620","0","20","0","0","0","43.7","0","61","0"
"6","40","754","2","18","0.1","-14160","15000","38.1","4","28","6.5"
"2","5","509","20","0","1","163.875","1650","34.05","80","0","7.1"
"4","20","691","2","18","0.1","-5465","7250","53.35","17","63","8.5"
"3","10","527","2","18","0.1","230","4500","49.75","0","80","4.5"
"5","30","737","2","18","0.1","-10360","10750","38.85","5","56","7"
"6","40","755","2","18","0.1","-14200","15000","38.1","4","28","6.5"
"4","20","692","2","18","0.1","-5485","7250","53.35","17","63","8.5"
"7","50","621","0","20","0","0","0","43.7","0","61","0"
"3","10","528","2","18","0.1","220","4500","49.75","0","80","4.5"
"5","30","738","2","18","0.1","-10390","10750","38.85","5","56","7"
"1","0","368","20","0","1","1075.375","0","48.25","81","0","6.7"
"6","40","756","2","18","0.1","-14240","15000","38.1","4","28","6.5"
"2","5","510","20","0","1","183.875","1675","34.05","80","0","7.1"
"5","30","739","2","18","0.1","-10420","10750","38.85","5","56","7"
"4","20","693","2","18","0.1","-5505","7250","53.35","17","63","8.5"
"3","10","529","2","18","0.1","210","4500","49.75","0","80","4.5"
"7","50","622","0","20","0","0","0","43.7","0","61","0"
"6","40","757","2","18","0.1","-14280","15000","38.1","4","28","6.5"
"4","20","694","2","18","0.1","-5525","7250","53.35","17","63","8.5"
"3","10","530","2","18","0.1","200","4500","49.75","0","80","4.5"
"7","50","623","0","20","0","0","0","43.7","0","61","0"
"1","0","369","20","0","1","1075.375","0","48.25","84","0","6.8"
"5","30","740","2","18","0.1","-10450","10750","38.85","5","56","7"
"6","40","758","2","18","0.1","-14320","15000","38.1","9","28","7"
"2","5","511","20","0","1","178.875","1675","34.05","80","0","7.1"
"4","20","695","2","18","0.1","-5545","7250","53.35","17","63","8.5"
"3","10","531","2","18","0.1","190","4500","49.75","0","80","4.5"
"7","50","624","0","20","0","0","0","43.7","0","61","0"
"5","30","741","2","18","0.1","-10480","10750","38.85","5","56","7"
"4","20","696","2","18","0.1","-5565","7250","53.35","17","63","8.5"
"6","40","759","2","18","0.1","-14360","15000","38.1","9","28","7"
"1","0","370","20","0","1","1075.375","0","48.25","84","0","6.8"
"3","10","532","2","18","0.1","180","4500","49.75","0","80","4.5"
"7","50","625","0","20","0","0","0","43.7","0","61","0"
"4","20","697","2","18","0.1","-5585","7250","53.35","17","63","8.5"
"5","30","742","2","18","0.1","-10510","10750","38.85","5","56","7"
"6","40","760","2","18","0.1","-14400","15000","38.1","9","28","7"
"5","30","743","2","18","0.1","-10540","10750","38.85","5","56","7"
"1","0","371","20","0","1","1075.375","0","48.25","84","0","6.8"
"7","50","626","0","20","0","0","0","43.7","0","61","0"
"6","40","761","2","18","0.1","-14440","15000","38.1","9","28","7"
"4","20","698","2","18","0.1","-5605","7250","53.35","17","63","8.5"
"3","10","533","2","18","0.1","170","4500","49.75","0","80","5"
"5","30","744","2","18","0.1","-10570","10750","38.85","5","56","7"
"2","5","512","20","0","1","173.875","1675","34.05","80","0","7.1"
"4","20","699","2","18","0.1","-5625","7250","53.35","17","63","8.5"
"6","40","762","2","18","0.1","-14480","15000","38.1","9","28","7"
"3","10","534","2","18","0.1","160","4500","49.75","0","80","5"
"7","50","627","0","20","0","0","0","43.7","0","61","0"
"1","0","372","20","0","1","1075.375","0","48.25","84","0","6.8"
"5","30","745","2","18","0.1","-10600","10750","38.85","5","56","7"
"2","5","513","20","0","1","168.875","1675","34.05","80","0","7.1"
"3","10","535","2","18","0.1","150","4500","49.75","0","80","5"
"6","40","763","2","18","0.1","-14270","15250","38.1","9","28","7"
"7","50","628","0","20","0","0","0","43.7","0","61","0"
"5","30","746","2","18","0.1","-10630","10750","38.85","5","56","7"
"4","20","700","2","18","0.1","-5645","7250","53.35","17","63","8.5"
"1","0","373","20","0","1","1075.375","0","48.25","84","0","6.8"
"6","40","764","2","18","0.1","-14310","15250","38.1","9","28","7"
"3","10","536","2","18","0.1","140","4500","49.75","0","80","5"
"5","30","747","2","18","0.1","-10660","10750","38.85","5","56","7"
"4","20","701","2","18","0.1","-5665","7250","53.35","17","63","8.5"
"7","50","629","0","20","0","0","0","43.7","0","61","0"
"2","5","514","20","0","1","188.875","1700","34.05","80","0","7.1"
"3","10","537","2","18","0.1","130","4500","49.75","0","80","5"
"6","40","765","2","18","0.1","-14350","15250","38.1","9","28","7"
"1","0","374","20","0","1","1075.375","0","48.25","84","0","6.8"
"5","30","748","2","18","0.1","-10690","10750","38.85","5","56","7"
"7","50","630","0","20","0","0","0","43.7","0","61","0"
"4","20","702","2","18","0.1","-5685","7250","53.35","17","63","8.5"
"6","40","766","2","18","0.1","-14390","15250","38.1","9","28","7"
"3","10","538","2","18","0.1","120","4500","49.75","0","80","5"
"2","5","515","20","0","1","183.875","1700","34.05","80","0","7.1"
"5","30","749","2","18","0.1","-10720","10750","38.85","5","56","7"
"6","40","767","2","18","0.1","-14430","15250","38.1","9","28","7"
"3","10","539","2","18","0.1","110","4500","49.75","0","80","5"
"7","50","631","0","20","0","0","0","43.7","0","61","0"
"1","0","375","20","0","1","1075.375","0","48.25","84","0","6.8"
"4","20","703","2","18","0.1","-5705","7250","53.35","17","63","8.5"
"6","40","768","2","18","0.1","-14470","15250","38.1","9","28","7"
"5","30","750","2","18","0.1","-10750","10750","38.85","5","56","7"
"3","10","540","2","18","0.1","100","4500","49.75","0","80","5"
"2","5","516","20","0","1","178.875","1700","34.05","80","0","7.1"
"7","50","632","0","20","0","0","0","43.7","0","61","0"
"5","30","751","2","18","0.1","-10530","11000","38.85","5","56","7"
"4","20","704","2","18","0.1","-5725","7250","53.35","17","63","8.5"
"3","10","541","2","18","0.1","90","4500","49.75","0","80","5"
"1","0","376","20","0","1","1075.375","0","48.25","84","0","6.8"
"2","5","517","20","0","1","173.875","1700","34.05","80","0","7.1"
"6","40","769","2","18","0.1","-14510","15250","38.1","9","28","7"
"5","30","752","2","18","0.1","-10560","11000","38.85","5","56","7"
"4","20","705","2","18","0.1","-5745","7250","53.35","17","63","8.5"
"3","10","542","2","18","0.1","80","4500","49.75","0","80","5"
"7","50","633","0","20","0","0","0","43.7","0","61","0"
"6","40","770","2","18","0.1","-14550","15250","38.1","9","28","7"
"5","30","753","2","18","0.1","-10590","11000","38.85","5","56","7"
"4","20","706","2","18","0.1","-5765","7250","53.35","17","63","8.5"
"3","10","543","2","18","0.1","70","4500","49.75","0","80","5"
"2","5","518","20","0","1","168.875","1700","34.05","80","0","7.1"
"1","0","377","20","0","1","1075.375","0","48.25","86","0","6.85"
"6","40","771","2","18","0.1","-14590","15250","38.1","9","28","7"
"4","20","707","2","18","0.1","-5785","7250","53.35","17","63","8.5"
"3","10","544","2","18","0.1","60","4500","49.75","0","80","5"
"7","50","634","0","20","0","0","0","43.7","0","61","0"
"5","30","754","2","18","0.1","-10620","11000","38.85","5","56","7"
"2","5","519","20","0","1","163.875","1700","34.05","80","0","7.1"
"3","10","545","2","18","0.1","50","4500","49.75","0","80","5"
"5","30","755","2","18","0.1","-10650","11000","38.85","5","56","7"
"6","40","772","2","18","0.1","-14630","15250","38.1","9","28","7"
"4","20","708","2","18","0.1","-5805","7250","53.35","17","63","8.5"
"7","50","635","0","20","0","0","0","43.7","0","61","0"
"3","10","546","2","18","0.1","40","4500","49.75","0","80","5"
"2","5","520","20","0","1","208.875","1750","34.05","80","0","7.1"
"5","30","756","2","18","0.1","-10680","11000","38.85","5","56","7"
"6","40","773","2","18","0.1","-14670","15250","38.1","9","28","7"
"4","20","709","2","18","0.1","-5825","7250","53.35","17","63","8.5"
"7","50","636","0","20","0","0","0","43.7","0","61","0"
"3","10","547","2","18","0.1","30","4500","49.75","0","80","5"
"5","30","757","2","18","0.1","-10710","11000","38.85","5","56","7"
"4","20","710","2","18","0.1","-5845","7250","53.35","17","63","8.5"
"6","40","774","2","18","0.1","-14710","15250","38.1","9","28","7"
"3","10","548","2","18","0.1","20","4500","49.75","0","80","5"
"2","5","521","20","0","1","203.875","1750","34.05","80","0","7.1"
"7","50","637","0","20","0","0","0","43.7","0","61","0"
"4","20","711","2","18","0.1","-5615","7500","53.35","17","63","8.5"
"6","40","775","2","18","0.1","-14750","15250","38.1","9","28","7"
"5","30","758","2","18","0.1","-10740","11000","38.85","5","56","7"
"3","10","549","2","18","0.1","10","4500","49.75","0","80","5"
"7","50","638","0","20","0","0","0","43.7","0","61","0"
"4","20","712","2","18","0.1","-5635","7500","53.35","17","63","9"
"2","5","522","20","0","1","198.875","1750","34.05","86","0","7.15"
"6","40","776","2","18","0.1","-14540","15500","38.1","9","28","7"
"3","10","550","2","18","0.1","0","4500","49.75","0","80","5"
"5","30","759","2","18","0.1","-10770","11000","38.85","5","56","7"
"4","20","713","2","18","0.1","-5655","7500","53.35","17","63","9"
"7","50","639","0","20","0","0","0","43.7","0","61","0"
"6","40","777","2","18","0.1","-14580","15500","38.1","9","28","7"
"3","10","551","1","19","0.05","490","5000","49.75","0","80","4"
"5","30","760","2","18","0.1","-10800","11000","38.85","5","56","7"
"2","5","523","20","0","1","193.875","1750","34.05","86","0","7.15"
"4","20","714","2","18","0.1","-5675","7500","53.35","17","63","9"
"3","10","552","1","19","0.05","480","5000","49.75","0","80","4"
"7","50","640","0","20","0","0","0","43.7","0","61","0"
"1","0","378","20","0","1","1075.375","0","48.25","86","0","6.85"
"6","40","778","2","18","0.1","-14620","15500","38.1","9","28","7"
"5","30","761","2","18","0.1","-10830","11000","38.85","5","56","7"
"7","50","641","0","20","0","0","0","43.7","0","61","0"
"2","5","524","20","0","1","188.875","1750","34.05","86","0","7.15"
"3","10","553","1","19","0.05","470","5000","49.75","0","80","4"
"4","20","715","2","18","0.1","-5695","7500","53.35","17","63","9"
"6","40","779","2","18","0.1","-14660","15500","38.1","9","28","7"
"5","30","762","2","18","0.1","-10860","11000","38.85","5","56","7"
"3","10","554","1","19","0.05","460","5000","49.75","0","80","4"
"1","0","379","20","0","1","1075.375","0","48.25","86","0","6.85"
"2","5","525","20","0","1","183.875","1750","34.05","86","0","7.15"
"6","40","780","2","18","0.1","-14700","15500","38.1","9","28","7"
"7","50","642","0","20","0","0","0","43.7","0","61","0"
"4","20","716","2","18","0.1","-5715","7500","53.35","17","63","9"
"5","30","763","2","18","0.1","-10890","11000","38.85","5","56","7"
"6","40","781","2","18","0.1","-14740","15500","38.1","9","28","7"
"7","50","643","0","20","0","0","0","43.7","0","61","0"
"5","30","764","2","18","0.1","-10920","11000","38.85","5","56","7"
"3","10","555","1","19","0.05","450","5000","49.75","0","80","4"
"2","5","526","20","0","1","178.875","1750","34.05","86","0","7.15"
"1","0","380","20","0","1","1075.375","0","48.25","86","0","6.85"
"6","40","782","2","18","0.1","-14780","15500","38.1","9","28","7"
"5","30","765","2","18","0.1","-10950","11000","38.85","5","56","7"
"3","10","556","1","19","0.05","440","5000","49.75","0","80","4"
"4","20","717","2","18","0.1","-5735","7500","53.35","17","63","9"
"6","40","783","2","18","0.1","-14820","15500","38.1","9","28","7"
"2","5","527","20","0","1","173.875","1750","34.05","86","0","7.15"
"4","20","718","2","18","0.1","-5755","7500","53.35","17","63","9"
"3","10","557","1","19","0.05","430","5000","49.75","0","80","4"
"5","30","766","2","18","0.1","-10980","11000","38.85","5","56","7"
"1","0","381","20","0","1","1075.375","0","48.25","88","0","6.9"
"6","40","784","2","18","0.1","-14860","15500","38.1","9","28","7"
"7","50","644","0","20","0","0","0","43.7","0","61","0"
"3","10","558","1","19","0.05","420","5000","49.75","0","80","4"
"4","20","719","2","18","0.1","-5775","7500","53.35","17","63","9"
"2","5","528","20","0","1","168.875","1750","34.05","86","0","7.15"
"5","30","767","2","18","0.1","-10760","11250","38.85","5","56","7"
"6","40","785","2","18","0.1","-14900","15500","38.1","9","28","7"
"4","20","720","2","18","0.1","-5795","7500","53.35","17","63","9"
"3","10","559","1","19","0.05","410","5000","49.75","0","80","4"
"7","50","645","0","20","0","0","0","43.7","0","61","0"
"1","0","382","20","0","1","1075.375","0","48.25","88","0","6.9"
"5","30","768","2","18","0.1","-10790","11250","38.85","5","56","7"
"2","5","529","20","0","1","188.875","1775","34.05","86","0","7.15"
"4","20","721","2","18","0.1","-5815","7500","53.35","17","63","9"
"6","40","786","2","18","0.1","-14940","15500","38.1","9","28","7"
"3","10","560","1","19","0.05","400","5000","49.75","0","80","4"
"7","50","646","0","20","0","0","0","43.7","0","61","0"
"5","30","769","2","18","0.1","-10820","11250","38.85","5","56","7"
"4","20","722","2","18","0.1","-5835","7500","53.35","17","63","9"
"6","40","787","2","18","0.1","-14980","15500","38.1","9","28","7"
"2","5","530","20","0","1","183.875","1775","34.05","86","0","7.15"
"5","30","770","2","18","0.1","-10850","11250","38.85","5","56","7"
"3","10","561","1","19","0.05","390","5000","49.75","0","80","4"
"7","50","647","0","20","0","0","0","43.7","0","61","0"
"4","20","723","2","18","0.1","-5855","7500","53.35","17","63","9"
"6","40","788","2","18","0.1","-14770","15750","38.1","9","28","7"
"5","30","771","2","18","0.1","-10880","11250","38.85","5","56","7"
"3","10","562","1","19","0.05","380","5000","49.75","0","80","4"
"7","50","648","0","20","0","0","0","43.7","0","61","0"
"4","20","724","2","18","0.1","-5875","7500","53.35","17","63","9"
"2","5","531","20","0","1","178.875","1775","34.05","86","0","7.15"
"6","40","789","2","18","0.1","-14810","15750","38.1","9","28","7"
"5","30","772","2","18","0.1","-10910","11250","38.85","5","56","7"
"3","10","563","1","19","0.05","370","5000","49.75","0","80","4"
"4","20","725","2","18","0.1","-5895","7500","53.35","17","63","9"
"6","40","790","2","18","0.1","-14850","15750","38.1","9","28","7"
"7","50","649","0","20","0","0","0","43.7","0","61","0"
"5","30","773","2","18","0.1","-10940","11250","38.85","5","56","7"
"3","10","564","1","19","0.05","360","5000","49.75","0","80","4"
"2","5","532","20","0","1","173.875","1775","34.05","86","0","7.2"
"1","0","383","20","0","1","1075.375","0","48.25","88","0","6.9"
"4","20","726","2","18","0.1","-5915","7500","53.35","17","63","9"
"7","50","650","0","20","0","0","0","43.7","0","61","0"
"5","30","774","2","18","0.1","-10970","11250","38.85","5","56","7"
"6","40","791","2","18","0.1","-14890","15750","38.1","9","28","7"
"3","10","565","1","19","0.05","350","5000","49.75","0","80","4"
"5","30","775","2","18","0.1","-11000","11250","38.85","5","56","7"
"4","20","727","2","18","0.1","-5935","7500","53.35","17","63","9"
"6","40","792","2","18","0.1","-14930","15750","38.1","9","28","7"
"7","50","651","0","20","0","0","0","43.7","0","61","0"
"2","5","533","20","0","1","168.875","1775","34.05","86","0","7.2"
"3","10","566","1","19","0.05","340","5000","49.75","0","80","4"
"4","20","728","2","18","0.1","-5955","7500","53.35","17","63","9"
"6","40","793","2","18","0.1","-14970","15750","38.1","9","28","7"
"5","30","776","2","18","0.1","-11030","11250","38.85","5","56","7"
"7","50","652","0","20","0","0","0","43.7","0","61","0"
"3","10","567","1","19","0.05","330","5000","49.75","0","80","4"
"2","5","534","20","0","1","163.875","1775","34.05","86","0","7.2"
"4","20","729","2","18","0.1","-5975","7500","53.35","17","63","9"
"5","30","777","2","18","0.1","-11060","11250","38.85","5","56","7"
"6","40","794","2","18","0.1","-15010","15750","38.1","9","28","7"
"3","10","568","1","19","0.05","320","5000","49.75","0","80","4"
"4","20","730","2","18","0.1","-5995","7500","53.35","17","63","9"
"5","30","778","2","18","0.1","-11090","11250","38.85","5","56","7"
"7","50","653","0","20","0","0","0","43.7","0","61","0"
"6","40","795","2","18","0.1","-15050","15750","38.1","9","28","7"
"2","5","535","20","0","1","208.875","1825","34.05","86","0","7.2"
"4","20","731","2","18","0.1","-6015","7500","53.35","17","63","9"
"6","40","796","2","18","0.1","-15090","15750","38.1","9","28","7"
"1","0","384","20","0","1","1075.375","0","48.25","88","0","6.9"
"5","30","779","2","18","0.1","-11120","11250","38.85","5","56","7"
"7","50","654","0","20","0","0","0","43.7","0","61","0"
"3","10","569","1","19","0.05","310","5000","49.75","0","80","4"
"6","40","797","2","18","0.1","-15130","15750","38.1","9","28","7"
"4","20","732","2","18","0.1","-6035","7500","53.35","17","63","9"
"5","30","780","2","18","0.1","-11150","11250","38.85","5","56","7"
"2","5","536","20","0","1","203.875","1825","34.05","86","0","7.2"
"7","50","655","0","20","0","0","0","43.7","0","61","0"
"3","10","570","1","19","0.05","300","5000","49.75","0","80","4"
"6","40","798","2","18","0.1","-15170","15750","38.1","9","28","7"
"4","20","733","2","18","0.1","-6055","7500","53.35","17","63","9"
"1","0","385","20","0","1","1075.375","0","48.25","88","0","6.9"
"5","30","781","2","18","0.1","-11180","11250","38.85","5","56","7"
"3","10","571","1","19","0.05","290","5000","49.75","0","80","4"
"4","20","734","2","18","0.1","-6075","7500","53.35","17","63","9"
"7","50","656","0","20","0","0","0","43.7","0","61","0"
"6","40","799","2","18","0.1","-15210","15750","38.1","9","28","7"
"2","5","537","20","0","1","223.875","1850","34.05","86","0","7.2"
"5","30","782","2","18","0.1","-10960","11500","38.85","5","56","7"
"4","20","735","2","18","0.1","-6095","7500","53.35","17","63","9"
"3","10","572","1","19","0.05","280","5000","49.75","0","80","4"
"1","0","386","20","0","1","1075.375","0","48.25","88","0","6.9"
"5","30","783","2","18","0.1","-10990","11500","38.85","5","56","7"
"7","50","657","0","20","0","0","0","43.7","0","61","0"
"6","40","800","2","18","0.1","-15250","15750","38.1","9","28","7"
"3","10","573","1","19","0.05","270","5000","49.75","0","80","4"
"4","20","736","2","18","0.1","-5865","7750","53.35","17","63","9"
"2","5","538","20","0","1","218.875","1850","34.05","86","0","7.2"
"5","30","784","2","18","0.1","-10770","11750","38.85","5","56","7"
"6","40","801","2","18","0.1","-15040","16000","38.1","9","28","7"
"7","50","658","0","20","0","0","0","43.7","0","61","0"
"4","20","737","2","18","0.1","-5885","7750","53.35","17","63","9"
"3","10","574","1","19","0.05","260","5000","49.75","0","80","4"
"1","0","387","20","0","1","1075.375","0","48.25","88","0","6.9"
"6","40","802","2","18","0.1","-15080","16000","38.1","9","28","7"
"2","5","539","20","0","1","213.875","1850","34.05","86","0","7.2"
"5","30","785","2","18","0.1","-10800","11750","38.85","5","56","7"
"7","50","659","0","20","0","0","0","43.7","0","61","0"
"3","10","575","1","19","0.05","250","5000","49.75","0","80","4"
"4","20","738","2","18","0.1","-5905","7750","53.35","17","63","9"
"6","40","803","2","18","0.1","-15120","16000","38.1","9","28","7"
"5","30","786","2","18","0.1","-10830","11750","38.85","5","56","7"
"1","0","388","20","0","1","1075.375","0","48.25","88","0","6.9"
"2","5","540","20","0","1","208.875","1850","34.05","86","0","7.2"
"6","40","804","2","18","0.1","-15160","16000","38.1","9","28","7"
"7","50","660","0","20","0","0","0","43.7","0","61","0"
"4","20","739","2","18","0.1","-5925","7750","53.35","17","63","9"
"3","10","576","1","19","0.05","240","5000","49.75","0","80","4"
"5","30","787","2","18","0.1","-10860","11750","38.85","5","56","7"
"6","40","805","2","18","0.1","-15200","16000","38.1","9","28","7"
"3","10","577","1","19","0.05","230","5000","49.75","0","80","4"
"4","20","740","2","18","0.1","-5945","7750","53.35","17","63","9"
"7","50","661","0","20","0","0","0","43.7","0","61","0"
"1","0","389","20","0","1","1075.375","0","48.25","88","0","6.9"
"3","10","578","1","19","0.05","220","5000","49.75","0","80","4"
"2","5","541","20","0","1","203.875","1850","34.05","92","0","7.25"
"4","20","741","2","18","0.1","-5965","7750","53.35","17","63","9"
"6","40","806","2","18","0.1","-15240","16000","38.1","9","28","7"
"5","30","788","2","18","0.1","-10890","11750","38.85","5","56","7"
"7","50","662","0","20","0","0","0","43.7","0","61","0"
"3","10","579","1","19","0.05","210","5000","49.75","0","80","4"
"4","20","742","2","18","0.1","-5985","7750","53.35","17","63","9"
"6","40","807","2","18","0.1","-15280","16000","38.1","9","28","7"
"5","30","789","2","18","0.1","-10920","11750","38.85","5","56","7"
"3","10","580","1","19","0.05","200","5000","49.75","0","80","4"
"4","20","743","2","18","0.1","-6005","7750","53.35","17","63","9"
"7","50","663","0","20","0","0","0","43.7","0","61","0"
"2","5","542","20","0","1","198.875","1850","34.05","92","0","7.25"
"1","0","390","20","0","1","1075.375","0","48.25","90","0","6.95"
"6","40","808","2","18","0.1","-15320","16000","38.1","9","28","7"
"3","10","581","1","19","0.05","190","5000","49.75","0","80","4"
"4","20","744","2","18","0.1","-6025","7750","53.35","17","63","9"
"7","50","664","0","20","0","0","0","43.7","0","61","0"
"5","30","790","2","18","0.1","-10950","11750","38.85","5","56","7"
"6","40","809","2","18","0.1","-15360","16000","38.1","9","28","7"
"2","5","543","20","0","1","218.875","1875","34.05","92","0","7.25"
"3","10","582","1","19","0.05","180","5000","49.75","0","80","4"
"4","20","745","2","18","0.1","-6045","7750","53.35","17","63","9"
"7","50","665","0","20","0","0","0","43.7","0","61","0"
"1","0","391","20","0","1","1075.375","0","48.25","91","0","7"
"6","40","810","2","18","0.1","-15400","16000","38.1","9","28","7"
"5","30","791","2","18","0.1","-10980","11750","38.85","5","56","7"
"3","10","583","1","19","0.05","170","5000","49.75","0","80","4"
"4","20","746","2","18","0.1","-6065","7750","53.35","17","63","9"
"7","50","666","0","20","0","0","0","43.7","0","61","0"
"2","5","544","20","0","1","213.875","1875","34.05","92","0","7.25"
"3","10","584","1","19","0.05","160","5000","49.75","0","80","4"
"6","40","811","2","18","0.1","-15440","16000","38.1","9","28","7"
"5","30","792","2","18","0.1","-11010","11750","38.85","5","56","7"
"4","20","747","2","18","0.1","-6085","7750","53.35","17","63","9"
"1","0","392","20","0","1","1075.375","0","48.25","91","0","7"
"3","10","585","1","19","0.05","150","5000","49.75","0","80","4"
"7","50","667","0","20","0","0","0","43.7","0","61","0"
"6","40","812","2","18","0.1","-15480","16000","38.1","9","28","7"
"4","20","748","2","18","0.1","-6105","7750","53.35","17","63","9"
"5","30","793","2","18","0.1","-11040","11750","38.85","5","56","7"
"2","5","545","20","0","1","208.875","1875","34.05","92","0","7.25"
"3","10","586","1","19","0.05","140","5000","49.75","0","80","4"
"6","40","813","2","18","0.1","-15270","16250","38.1","9","28","7"
"7","50","668","0","20","0","0","0","43.7","0","61","0"
"4","20","749","2","18","0.1","-6125","7750","53.35","17","63","9"
"5","30","794","2","18","0.1","-11070","11750","38.85","5","56","7"
"1","0","393","20","0","1","1075.375","0","48.25","91","0","7"
"6","40","814","2","18","0.1","-15310","16250","38.1","9","28","7"
"4","20","750","2","18","0.1","-6145","7750","53.35","17","63","9"
"3","10","587","1","19","0.05","130","5000","49.75","0","80","4"
"5","30","795","2","18","0.1","-11100","11750","38.85","5","56","7"
"2","5","546","20","0","1","203.875","1875","34.05","92","0","7.25"
"7","50","669","0","20","0","0","0","43.7","0","61","0"
"4","20","751","2","18","0.1","-6165","7750","53.35","17","63","9"
"6","40","815","2","18","0.1","-15350","16250","38.1","9","28","7"
"3","10","588","1","19","0.05","120","5000","49.75","0","80","4"
"5","30","796","2","18","0.1","-11130","11750","38.85","5","56","7"
"1","0","394","20","0","1","1075.375","0","48.25","91","0","7"
"6","40","816","2","18","0.1","-15390","16250","38.1","9","28","7"
"7","50","670","0","20","0","0","0","43.7","0","61","0"
"3","10","589","1","19","0.05","110","5000","49.75","0","80","4"
"4","20","752","2","18","0.1","-6185","7750","53.35","17","63","9"
"5","30","797","2","18","0.1","-11160","11750","38.85","5","56","7"
"2","5","547","20","0","1","198.875","1875","34.05","92","0","7.25"
"6","40","817","2","18","0.1","-15430","16250","38.1","9","28","7"
"3","10","590","1","19","0.05","100","5000","49.75","0","80","4"
"4","20","753","2","18","0.1","-6205","7750","53.35","17","63","9"
"7","50","671","0","20","0","0","0","43.7","0","61","0"
"5","30","798","2","18","0.1","-11190","11750","38.85","5","56","7"
"4","20","754","2","18","0.1","-6225","7750","53.35","17","63","9"
"1","0","395","20","0","1","1075.375","0","48.25","92","0","7.05"
"6","40","818","2","18","0.1","-15470","16250","38.1","9","28","7"
"3","10","591","1","19","0.05","90","5000","49.75","0","80","4"
"4","20","755","2","18","0.1","-6245","7750","53.35","17","63","9"
"5","30","799","2","18","0.1","-11220","11750","38.85","5","56","7"
"7","50","672","0","20","0","0","0","43.7","0","61","0"
"2","5","548","20","0","1","193.875","1875","34.05","92","0","7.25"
"3","10","592","1","19","0.05","80","5000","49.75","0","80","4"
"6","40","819","2","18","0.1","-15510","16250","38.1","9","28","7"
"4","20","756","2","18","0.1","-6265","7750","53.35","17","63","9"
"5","30","800","2","18","0.1","-11250","11750","38.85","5","56","7"
"1","0","396","20","0","1","1075.375","0","48.25","92","0","7.05"
"3","10","593","1","19","0.05","70","5000","49.75","0","80","4"
"7","50","673","0","20","0","0","0","43.7","0","61","0"
"4","20","757","2","18","0.1","-6285","7750","53.35","17","63","9"
"6","40","820","2","18","0.1","-15550","16250","38.1","9","28","7"
"5","30","801","2","18","0.1","-11030","12000","38.85","5","56","7"
"2","5","549","20","0","1","188.875","1875","34.05","92","0","7.25"
"4","20","758","2","18","0.1","-6305","7750","53.35","17","63","9"
"3","10","594","1","19","0.05","60","5000","49.75","0","80","4"
"6","40","821","2","18","0.1","-15590","16250","38.1","9","28","7"
"7","50","674","0","20","0","0","0","43.7","0","61","0"
"5","30","802","2","18","0.1","-11060","12000","38.85","5","56","7"
"1","0","397","20","0","1","1075.375","0","48.25","92","0","7.05"
"6","40","822","2","18","0.1","-15630","16250","38.1","9","28","7"
"3","10","595","1","19","0.05","50","5000","49.75","0","80","4"
"4","20","759","2","18","0.1","-6325","7750","53.35","17","63","9"
"5","30","803","2","18","0.1","-11090","12000","38.85","5","56","7"
"7","50","675","0","20","0","0","0","43.7","0","61","0"
"2","5","550","20","0","1","183.875","1875","34.05","92","0","7.25"
"4","20","760","2","18","0.1","-6345","7750","53.35","17","63","9"
"3","10","596","1","19","0.05","40","5000","49.75","0","80","4"
"6","40","823","2","18","0.1","-15670","16250","38.1","9","28","7"
"5","30","804","2","18","0.1","-11120","12000","38.85","5","56","7"
"3","10","597","1","19","0.05","30","5000","49.75","0","80","4"
"1","0","398","20","0","1","1075.375","0","48.25","92","0","7.05"
"6","40","824","2","18","0.1","-15710","16250","38.1","9","28","7"
"4","20","761","2","18","0.1","-6115","8000","53.35","17","63","9"
"7","50","676","0","20","0","0","0","43.7","0","61","0"
"5","30","805","2","18","0.1","-11150","12000","38.85","5","56","7"
"3","10","598","1","19","0.05","20","5000","49.75","0","80","4"
"2","5","551","20","0","1","178.875","1875","34.05","92","0","7.25"
"6","40","825","2","18","0.1","-15750","16250","38.1","9","28","7"
"4","20","762","2","18","0.1","-6135","8000","53.35","17","63","9"
"3","10","599","1","19","0.05","10","5000","49.75","0","80","4"
"5","30","806","2","18","0.1","-11180","12000","38.85","5","56","7"
"1","0","399","20","0","1","1075.375","0","48.25","92","0","7.05"
"6","40","826","2","18","0.1","-15540","16500","38.1","9","28","7"
"7","50","677","0","20","0","0","0","43.7","0","61","0"
"5","30","807","2","18","0.1","-11210","12000","38.85","5","56","7"
"4","20","763","2","18","0.1","-6155","8000","53.35","17","63","9"
"2","5","552","20","0","1","198.875","1900","34.05","92","0","7.25"
"3","10","600","1","19","0.05","0","5000","49.75","0","80","4"
"6","40","827","2","18","0.1","-15580","16500","38.1","9","28","7"
"7","50","678","0","20","0","0","0","43.7","0","61","0"
"1","0","400","20","0","1","1075.375","0","48.25","92","0","7.05"
"3","10","601","1","19","0.05","490","5500","49.75","0","80","4"
"5","30","808","2","18","0.1","-11240","12000","38.85","5","56","7"
"2","5","553","20","0","1","193.875","1900","34.05","92","0","7.25"
"6","40","828","2","18","0.1","-15620","16500","38.1","9","28","7"
"4","20","764","2","18","0.1","-6175","8000","53.35","17","63","9"
"7","50","679","0","20","0","0","0","43.7","0","61","0"
"5","30","809","2","18","0.1","-11270","12000","38.85","5","56","7"
"3","10","602","1","19","0.05","480","5500","49.75","0","80","4"
"1","0","401","20","0","1","1075.375","0","48.25","92","0","7.05"
"4","20","765","2","18","0.1","-6195","8000","53.35","17","63","9"
"6","40","829","2","18","0.1","-15660","16500","38.1","9","28","7"
"3","10","603","1","19","0.05","470","5500","49.75","0","80","4"
"7","50","680","0","20","0","0","0","43.7","0","61","0"
"5","30","810","2","18","0.1","-11300","12000","38.85","5","56","7"
"2","5","554","20","0","1","188.875","1900","34.05","92","0","7.25"
"4","20","766","2","18","0.1","-6215","8000","53.35","17","63","9"
"6","40","830","2","18","0.1","-15700","16500","38.1","9","28","7"
"3","10","604","1","19","0.05","460","5500","49.75","0","80","4"
"1","0","402","20","0","1","1075.375","0","48.25","92","0","7.05"
"4","20","767","2","18","0.1","-6235","8000","53.35","17","63","9"
"5","30","811","2","18","0.1","-11330","12000","38.85","5","56","7"
"7","50","681","0","20","0","0","0","43.7","0","61","0"
"3","10","605","1","19","0.05","450","5500","49.75","0","80","4"
"2","5","555","20","0","1","183.875","1900","34.05","92","0","7.25"
"6","40","831","2","18","0.1","-15740","16500","38.1","9","28","7"
"4","20","768","2","18","0.1","-6255","8000","53.35","17","63","9"
"5","30","812","2","18","0.1","-11360","12000","38.85","5","56","7"
"7","50","682","0","20","0","0","0","43.7","0","61","0"
"3","10","606","1","19","0.05","440","5500","49.75","0","80","4"
"6","40","832","2","18","0.1","-15780","16500","38.1","9","28","7"
"1","0","403","20","0","1","1075.375","0","48.25","92","0","7.05"
"5","30","813","2","18","0.1","-11390","12000","38.85","5","56","7"
"2","5","556","20","0","1","178.875","1900","34.05","92","0","7.25"
"4","20","769","2","18","0.1","-6275","8000","53.35","17","63","9"
"6","40","833","2","18","0.1","-15820","16500","38.1","9","28","7"
"3","10","607","1","19","0.05","430","5500","49.75","0","80","4"
"7","50","683","0","20","0","0","0","43.7","0","61","0"
"5","30","814","2","18","0.1","-11420","12000","38.85","5","56","7"
"4","20","770","2","18","0.1","-6295","8000","53.35","17","63","9"
"6","40","834","2","18","0.1","-15860","16500","38.1","9","28","7.5"
"3","10","608","1","19","0.05","420","5500","49.75","0","80","4"
"2","5","557","20","0","1","173.875","1900","34.05","92","0","7.25"
"1","0","404","20","0","1","1075.375","0","48.25","92","0","7.05"
"7","50","684","0","20","0","0","0","43.7","0","61","0"
"5","30","815","2","18","0.1","-11450","12000","38.85","5","56","7"
"4","20","771","2","18","0.1","-6315","8000","53.35","17","63","9"
"6","40","835","2","18","0.1","-15900","16500","38.1","9","28","7.5"
"3","10","609","1","19","0.05","410","5500","49.75","0","80","4"
"2","5","558","20","0","1","168.875","1900","34.05","92","0","7.25"
"5","30","816","2","18","0.1","-11480","12000","38.85","5","56","7"
"4","20","772","2","18","0.1","-6335","8000","53.35","17","63","9"
"6","40","836","2","18","0.1","-15940","16500","38.1","9","28","7.5"
"7","50","685","0","20","0","0","0","43.7","0","61","0"
"3","10","610","1","19","0.05","400","5500","49.75","0","80","4"
"1","0","405","20","0","1","1075.375","0","48.25","92","0","7.05"
"5","30","817","2","18","0.1","-11260","12250","38.85","5","56","7"
"6","40","837","2","18","0.1","-15980","16500","38.1","9","28","7.5"
"7","50","686","0","20","0","0","0","43.7","0","61","0"
"4","20","773","2","18","0.1","-6355","8000","53.35","17","63","9"
"3","10","611","1","19","0.05","390","5500","49.75","0","80","4"
"2","5","559","20","0","1","163.875","1900","34.05","92","0","7.25"
"5","30","818","2","18","0.1","-11290","12250","38.85","5","56","7"
"7","50","687","0","20","0","0","0","43.7","0","61","0"
"4","20","774","2","18","0.1","-6375","8000","53.35","17","63","9"
"3","10","612","1","19","0.05","380","5500","49.75","0","80","4"
"6","40","838","2","18","0.1","-15770","16750","38.1","9","28","7.5"
"1","0","406","20","0","1","1075.375","0","48.25","92","0","7.05"
"2","5","560","20","0","1","158.875","1900","34.05","92","0","7.25"
"5","30","819","2","18","0.1","-11320","12250","38.85","5","56","7"
"7","50","688","0","20","0","0","0","43.7","0","61","0"
"4","20","775","2","18","0.1","-6395","8000","53.35","17","63","9"
"3","10","613","1","19","0.05","370","5500","49.75","0","80","4"
"6","40","839","2","18","0.1","-15810","16750","38.1","9","28","7.5"
"6","40","840","2","18","0.1","-15850","16750","38.1","9","28","7.5"
"5","30","820","2","18","0.1","-11350","12250","38.85","5","56","7"
"3","10","614","1","19","0.05","360","5500","49.75","0","80","4"
"1","0","407","20","0","1","1075.375","0","48.25","92","0","7.05"
"7","50","689","0","20","0","0","0","43.7","0","61","0"
"2","5","561","20","0","1","153.875","1900","34.05","92","0","7.25"
"4","20","776","2","18","0.1","-6415","8000","53.35","17","63","9"
"6","40","841","2","18","0.1","-15890","16750","38.1","9","28","7.5"
"5","30","821","2","18","0.1","-11380","12250","38.85","5","56","7"
"3","10","615","1","19","0.05","350","5500","49.75","0","80","4"
"4","20","777","2","18","0.1","-6435","8000","53.35","17","63","9"
"7","50","690","0","20","0","0","0","43.7","0","61","0"
"6","40","842","2","18","0.1","-15930","16750","38.1","9","28","7.5"
"3","10","616","1","19","0.05","340","5500","49.75","0","80","4"
"1","0","408","20","0","1","1075.375","0","48.25","92","0","7.05"
"2","5","562","20","0","1","148.875","1900","34.05","92","0","7.25"
"7","50","691","0","20","0","0","0","43.7","0","61","0"
"3","10","617","1","19","0.05","330","5500","49.75","0","80","4"
"6","40","843","2","18","0.1","-15970","16750","38.1","9","28","7.5"
"4","20","778","2","18","0.1","-6455","8000","53.35","17","63","9"
"5","30","822","2","18","0.1","-11410","12250","38.85","5","56","7"
"7","50","692","0","20","0","0","0","43.7","0","61","0"
"3","10","618","1","19","0.05","320","5500","49.75","0","80","4"
"6","40","844","2","18","0.1","-16010","16750","38.1","9","28","7.5"
"4","20","779","2","18","0.1","-6475","8000","53.35","17","63","9"
"2","5","563","20","0","1","143.875","1900","34.05","92","0","7.25"
"1","0","409","20","0","1","1075.375","0","48.25","92","0","7.05"
"6","40","845","2","18","0.1","-16050","16750","38.1","9","28","7.5"
"7","50","693","0","20","0","0","0","43.7","0","61","0"
"3","10","619","1","19","0.05","310","5500","49.75","0","80","4"
"5","30","823","2","18","0.1","-11440","12250","38.85","5","56","7"
"4","20","780","2","18","0.1","-6495","8000","53.35","17","63","9"
"2","5","564","20","0","1","138.875","1900","34.05","92","0","7.25"
"6","40","846","2","18","0.1","-16090","16750","38.1","9","28","7.5"
"3","10","620","1","19","0.05","300","5500","49.75","0","80","4"
"7","50","694","0","20","0","0","0","43.7","0","61","0"
"4","20","781","2","18","0.1","-6515","8000","53.35","17","63","9"
"5","30","824","2","18","0.1","-11470","12250","38.85","5","56","7"
"1","0","410","20","0","1","1075.375","0","48.25","92","0","7.05"
"7","50","695","0","20","0","0","0","43.7","0","61","0"
"4","20","782","2","18","0.1","-6535","8000","53.35","17","63","9"
"6","40","847","2","18","0.1","-16130","16750","38.1","9","28","7.5"
"5","30","825","2","18","0.1","-11500","12250","38.85","5","56","7"
"3","10","621","1","19","0.05","290","5500","49.75","0","80","4"
"2","5","565","20","0","1","133.875","1900","34.05","98","0","7.3"
"4","20","783","2","18","0.1","-6555","8000","53.35","17","63","9"
"7","50","696","0","20","0","0","0","43.7","0","61","0"
"6","40","848","2","18","0.1","-16170","16750","38.1","9","28","7.5"
"3","10","622","1","19","0.05","280","5500","49.75","0","80","4"
"5","30","826","2","18","0.1","-11530","12250","38.85","5","56","7"
"1","0","411","20","0","1","1075.375","0","48.25","92","0","7.05"
"3","10","623","1","19","0.05","270","5500","49.75","0","80","4"
"6","40","849","2","18","0.1","-16210","16750","38.1","9","28","7.5"
"2","5","566","20","0","1","128.875","1900","34.05","98","0","7.3"
"7","50","697","0","20","0","0","0","43.7","0","61","0"
"4","20","784","2","18","0.1","-6575","8000","53.35","17","63","9"
"5","30","827","2","18","0.1","-11560","12250","38.85","5","56","7"
"3","10","624","1","19","0.05","260","5500","49.75","0","80","4"
"6","40","850","2","18","0.1","-16250","16750","38.1","9","28","7.5"
"4","20","785","2","18","0.1","-6595","8000","53.35","17","63","9"
"7","50","698","0","20","0","0","0","43.7","0","61","0"
"1","0","412","20","0","1","1075.375","0","48.25","92","0","7.05"
"2","5","567","20","0","1","123.875","1900","34.05","98","0","7.3"
"3","10","625","1","19","0.05","250","5500","49.75","0","80","4"
"5","30","828","2","18","0.1","-11590","12250","38.85","5","56","7"
"6","40","851","2","18","0.1","-16040","17000","38.1","9","28","7.5"
"4","20","786","2","18","0.1","-6365","8250","53.35","17","63","9"
"7","50","699","0","20","0","0","0","43.7","0","61","0"
"3","10","626","1","19","0.05","240","5500","49.75","0","80","4"
"5","30","829","2","18","0.1","-11620","12250","38.85","5","56","7"
"6","40","852","2","18","0.1","-16080","17000","38.1","9","28","7.5"
"2","5","568","20","0","1","118.875","1900","34.05","98","0","7.3"
"4","20","787","2","18","0.1","-6385","8250","53.35","17","63","9"
"1","0","413","20","0","1","1075.375","0","48.25","92","0","7.05"
"7","50","700","0","20","0","0","0","43.7","0","61","0"
"3","10","627","1","19","0.05","230","5500","49.75","0","80","4"
"4","20","788","2","18","0.1","-6405","8250","53.35","17","63","9"
"6","40","853","2","18","0.1","-16120","17000","38.1","9","28","7.5"
"5","30","830","2","18","0.1","-11650","12250","38.85","5","56","7"
"2","5","569","20","0","1","113.875","1900","34.05","98","0","7.3"
"3","10","628","1","19","0.05","220","5500","49.75","0","80","4"
"4","20","789","2","18","0.1","-6425","8250","53.35","17","63","9"
"7","50","701","0","20","0","0","0","43.7","0","61","0"
"6","40","854","2","18","0.1","-16160","17000","38.1","9","28","7.5"
"5","30","831","2","18","0.1","-11680","12250","38.85","5","56","7"
"3","10","629","1","19","0.05","210","5500","49.75","0","80","4"
"1","0","414","20","0","1","1075.375","0","48.25","92","0","7.1"
"6","40","855","2","18","0.1","-16200","17000","38.1","9","28","7.5"
"4","20","790","2","18","0.1","-6445","8250","53.35","17","63","9"
"3","10","630","1","19","0.05","200","5500","49.75","0","80","4"
"5","30","832","2","18","0.1","-11710","12250","38.85","5","56","7"
"2","5","570","20","0","1","108.875","1900","34.05","98","0","7.3"
"7","50","702","0","20","0","0","0","43.7","0","61","0"
"6","40","856","2","18","0.1","-16240","17000","38.1","9","28","7.5"
"4","20","791","2","18","0.1","-6465","8250","53.35","17","63","9"
"5","30","833","2","18","0.1","-11740","12250","38.85","5","56","7"
"3","10","631","1","19","0.05","190","5500","49.75","0","80","4"
"1","0","415","20","0","1","1075.375","0","48.25","92","0","7.1"
"4","20","792","2","18","0.1","-6485","8250","53.35","17","63","9"
"6","40","857","2","18","0.1","-16280","17000","38.1","9","28","7.5"
"3","10","632","1","19","0.05","180","5500","49.75","0","80","4"
"5","30","834","2","18","0.1","-11520","12500","38.85","5","56","7"
"2","5","571","20","0","1","103.875","1900","34.05","98","0","7.3"
"7","50","703","0","20","0","0","0","43.7","0","61","0"
"4","20","793","2","18","0.1","-6505","8250","53.35","17","63","9"
"6","40","858","2","18","0.1","-16320","17000","38.1","9","28","7.5"
"3","10","633","1","19","0.05","170","5500","49.75","0","80","4"
"1","0","416","20","0","1","1075.375","0","48.25","92","0","7.1"
"4","20","794","2","18","0.1","-6525","8250","53.35","17","63","9"
"6","40","859","2","18","0.1","-16360","17000","38.1","9","28","7.5"
"7","50","704","0","20","0","0","0","43.7","0","61","0"
"5","30","835","2","18","0.1","-11550","12500","38.85","5","56","7"
"2","5","572","20","0","1","98.875","1900","34.05","98","0","7.3"
"3","10","634","1","19","0.05","160","5500","49.75","0","80","4"
"4","20","795","2","18","0.1","-6545","8250","53.35","17","63","9.5"
"6","40","860","2","18","0.1","-16400","17000","38.1","9","28","7.5"
"7","50","705","0","20","0","0","0","43.7","0","61","0"
"5","30","836","2","18","0.1","-11580","12500","38.85","5","56","7"
"3","10","635","1","19","0.05","150","5500","49.75","0","80","4"
"1","0","417","20","0","1","1075.375","0","48.25","92","0","7.1"
"4","20","796","2","18","0.1","-6565","8250","53.35","17","63","9.5"
"3","10","636","1","19","0.05","140","5500","49.75","0","80","4"
"7","50","706","0","20","0","0","0","43.7","0","61","0"
"5","30","837","2","18","0.1","-11610","12500","38.85","5","56","7"
"6","40","861","2","18","0.1","-16440","17000","38.1","9","28","7.5"
"2","5","573","20","0","1","93.875","1900","34.05","98","0","7.3"
"4","20","797","2","18","0.1","-6585","8250","53.35","17","63","9.5"
"3","10","637","1","19","0.05","130","5500","49.75","0","80","4"
"1","0","418","20","0","1","1075.375","0","48.25","92","0","7.1"
"6","40","862","2","18","0.1","-16480","17000","38.1","9","28","8"
"5","30","838","2","18","0.1","-11640","12500","38.85","5","56","7"
"4","20","798","2","18","0.1","-6605","8250","53.35","17","63","9.5"
"7","50","707","0","20","0","0","0","43.7","0","61","0"
"2","5","574","20","0","1","88.875","1900","34.05","99","0","7.35"
"3","10","638","1","19","0.05","120","5500","49.75","0","80","4"
"4","20","799","2","18","0.1","-6625","8250","53.35","17","63","9.5"
"6","40","863","2","18","0.1","-16270","17250","38.1","9","28","8"
"5","30","839","2","18","0.1","-11670","12500","38.85","5","56","7"
"7","50","708","0","20","0","0","0","43.7","0","61","0"
"3","10","639","1","19","0.05","110","5500","49.75","0","80","4"
"1","0","419","20","0","1","1075.375","0","48.25","92","0","7.1"
"4","20","800","2","18","0.1","-6645","8250","53.35","17","63","9.5"
"3","10","640","1","19","0.05","100","5500","49.75","0","80","4"
"7","50","709","0","20","0","0","0","43.7","0","61","0"
"5","30","840","2","18","0.1","-11700","12500","38.85","5","56","7"
"6","40","864","2","18","0.1","-16310","17250","38.1","9","28","8"
"2","5","575","20","0","1","83.875","1900","34.05","99","0","7.35"
"4","20","801","2","18","0.1","-6665","8250","53.35","17","63","9.5"
"3","10","641","1","19","0.05","90","5500","49.75","0","80","4"
"1","0","420","20","0","1","1075.375","0","48.25","92","0","7.1"
"5","30","841","2","18","0.1","-11730","12500","38.85","5","56","7"
"4","20","802","2","18","0.1","-6685","8250","53.35","17","63","9.5"
"6","40","865","2","18","0.1","-16350","17250","38.1","9","28","8"
"7","50","710","0","20","0","0","0","43.7","0","61","0"
"2","5","576","20","0","1","78.875","1900","34.05","99","0","7.4"
"3","10","642","1","19","0.05","80","5500","49.75","0","80","4"
"4","20","803","2","18","0.1","-6705","8250","53.35","17","63","9.5"
"6","40","866","2","18","0.1","-16390","17250","38.1","9","28","8"
"5","30","842","2","18","0.1","-11760","12500","38.85","5","56","7"
"7","50","711","0","20","0","0","0","43.7","0","61","0"
"3","10","643","1","19","0.05","70","5500","49.75","0","80","4"
"4","20","804","2","18","0.1","-6725","8250","53.35","17","63","9.5"
"1","0","421","20","0","1","1075.375","0","48.25","92","0","7.1"
"5","30","843","2","18","0.1","-11790","12500","38.85","5","56","7"
"2","5","577","20","0","1","73.875","1900","34.05","99","0","7.4"
"6","40","867","2","18","0.1","-16430","17250","38.1","9","28","8"
"4","20","805","2","18","0.1","-6745","8250","53.35","17","63","9.5"
"3","10","644","1","19","0.05","60","5500","49.75","0","80","4"
"7","50","712","0","20","0","0","0","43.7","0","61","0"
"6","40","868","2","18","0.1","-16470","17250","38.1","9","28","8"
"5","30","844","2","18","0.1","-11820","12500","38.85","5","56","7"
"4","20","806","2","18","0.1","-6765","8250","53.35","17","63","9.5"
"3","10","645","1","19","0.05","50","5500","49.75","0","80","4"
"2","5","578","20","0","1","68.875","1900","34.05","99","0","7.4"
"1","0","422","20","0","1","1075.375","0","48.25","92","0","7.1"
"7","50","713","0","20","0","0","0","43.7","0","61","0"
"6","40","869","2","18","0.1","-16510","17250","38.1","9","28","8"
"3","10","646","1","19","0.05","40","5500","49.75","0","80","4"
"4","20","807","2","18","0.1","-6785","8250","53.35","17","63","9.5"
"5","30","845","2","18","0.1","-11850","12500","38.85","5","56","7"
"6","40","870","2","18","0.1","-16550","17250","38.1","9","28","8"
"2","5","579","20","0","1","63.875","1900","34.05","99","0","7.4"
"7","50","714","0","20","0","0","0","43.7","0","61","0"
"4","20","808","2","18","0.1","-6805","8250","53.35","17","63","9.5"
"1","0","423","20","0","1","1075.375","0","48.25","92","0","7.1"
"5","30","846","2","18","0.1","-11880","12500","38.85","5","56","7"
"6","40","871","2","18","0.1","-16590","17250","38.1","9","28","8"
"7","50","715","0","20","0","0","0","43.7","0","61","0"
"2","5","580","20","0","1","58.875","1900","34.05","99","0","7.4"
"4","20","809","2","18","0.1","-6825","8250","53.35","17","63","9.5"
"6","40","872","2","18","0.1","-16630","17250","38.1","9","28","8"
"5","30","847","2","18","0.1","-11910","12500","38.85","5","56","7"
"1","0","424","20","0","1","1075.375","0","48.25","92","0","7.1"
"6","40","873","2","18","0.1","-16670","17250","38.1","9","28","8"
"7","50","716","0","20","0","0","0","43.7","0","61","0"
"4","20","810","2","18","0.1","-6845","8250","53.35","17","63","9.5"
"2","5","581","20","0","1","53.875","1900","34.05","99","0","7.4"
"5","30","848","2","18","0.1","-11940","12500","38.85","5","56","7"
"6","40","874","2","18","0.1","-16710","17250","38.1","9","28","8"
"4","20","811","2","18","0.1","-6615","8500","53.35","17","63","9.5"
"7","50","717","0","20","0","0","0","43.7","0","61","0"
"1","0","425","20","0","1","1075.375","0","48.25","92","0","7.1"
"5","30","849","2","18","0.1","-11970","12500","38.85","5","56","7"
"6","40","875","2","18","0.1","-16750","17250","38.1","9","28","8"
"2","5","582","20","0","1","48.875","1900","34.05","99","0","7.4"
"4","20","812","2","18","0.1","-6635","8500","53.35","17","63","9.5"
"7","50","718","0","20","0","0","0","43.7","0","61","0"
"6","40","876","2","18","0.1","-16540","17500","38.1","9","28","8"
"5","30","850","2","18","0.1","-12000","12500","38.85","5","56","7"
"1","0","426","20","0","1","1075.375","0","48.25","92","0","7.1"
"6","40","877","2","18","0.1","-16580","17500","38.1","9","28","8"
"4","20","813","2","18","0.1","-6655","8500","53.35","17","63","9.5"
"5","30","851","2","18","0.1","-11780","12750","38.85","5","56","7"
"2","5","583","20","0","1","43.875","1900","34.05","99","0","7.4"
"6","40","878","2","18","0.1","-16620","17500","38.1","9","28","8"
"7","50","719","0","20","0","0","0","43.7","0","61","0"
"1","0","427","20","0","1","1075.375","0","48.25","92","0","7.1"
"5","30","852","2","18","0.1","-11810","12750","38.85","5","56","7"
"6","40","879","2","18","0.1","-16660","17500","38.1","9","28","8"
"4","20","814","2","18","0.1","-6675","8500","53.35","17","63","9.5"
"2","5","584","20","0","1","38.875","1900","34.05","99","0","7.4"
"7","50","720","0","20","0","0","0","43.7","0","61","0"
"6","40","880","2","18","0.1","-16700","17500","38.1","9","28","8"
"4","20","815","2","18","0.1","-6695","8500","53.35","17","63","9.5"
"5","30","853","2","18","0.1","-11840","12750","38.85","5","56","7"
"1","0","428","20","0","1","1075.375","0","48.25","92","0","7.1"
"6","40","881","2","18","0.1","-16740","17500","38.1","9","28","8"
"7","50","721","0","20","0","0","0","43.7","0","61","0"
"4","20","816","2","18","0.1","-6715","8500","53.35","17","63","9.5"
"2","5","585","20","0","1","33.875","1900","34.05","99","0","7.4"
"5","30","854","2","18","0.1","-11870","12750","38.85","5","56","7"
"6","40","882","2","18","0.1","-16780","17500","38.1","9","28","8"
"7","50","722","0","20","0","0","0","43.7","0","61","0"
"1","0","429","20","0","1","1075.375","0","48.25","92","0","7.1"
"5","30","855","2","18","0.1","-11900","12750","38.85","5","56","7"
"6","40","883","2","18","0.1","-16820","17500","38.1","9","28","8"
"4","20","817","2","18","0.1","-6735","8500","53.35","17","63","9.5"
"2","5","586","20","0","1","28.875","1900","34.05","99","0","7.4"
"7","50","723","0","20","0","0","0","43.7","0","61","0"
"6","40","884","2","18","0.1","-16860","17500","38.1","9","28","8"
"5","30","856","2","18","0.1","-11930","12750","38.85","5","56","7"
"4","20","818","2","18","0.1","-6755","8500","53.35","17","63","9.5"
"1","0","430","20","0","1","1075.375","0","48.25","92","0","7.1"
"6","40","885","2","18","0.1","-16900","17500","38.1","9","28","8"
"4","20","819","2","18","0.1","-6775","8500","53.35","17","63","9.5"
"7","50","724","0","20","0","0","0","43.7","0","61","0"
"5","30","857","2","18","0.1","-11960","12750","38.85","5","56","7"
"2","5","587","20","0","1","23.875","1900","34.05","108","0","7.5"
"6","40","886","2","18","0.1","-16940","17500","38.1","9","28","8"
"1","0","431","20","0","1","1075.375","0","48.25","92","0","7.1"
"5","30","858","2","18","0.1","-11990","12750","38.85","5","56","7"
"6","40","887","2","18","0.1","-16980","17500","38.1","9","28","8"
"4","20","820","2","18","0.1","-6795","8500","53.35","17","63","9.5"
"2","5","588","20","0","1","18.875","1900","34.05","108","0","7.5"
"7","50","725","0","20","0","0","0","43.7","0","61","0"
"6","40","888","2","18","0.1","-16770","17750","38.1","9","28","8"
"4","20","821","2","18","0.1","-6815","8500","53.35","17","63","9.5"
"5","30","859","2","18","0.1","-12020","12750","38.85","5","56","7"
"1","0","432","20","0","1","1075.375","0","48.25","92","0","7.1"
"6","40","889","2","18","0.1","-16810","17750","38.1","9","28","8"
"2","5","589","20","0","1","13.875","1900","34.05","108","0","7.5"
"4","20","822","2","18","0.1","-6835","8500","53.35","17","63","9.5"
"7","50","726","0","20","0","0","0","43.7","0","61","0"
"5","30","860","2","18","0.1","-12050","12750","38.85","5","56","7"
"6","40","890","2","18","0.1","-16850","17750","38.1","9","28","8"
"1","0","433","20","0","1","1075.375","0","48.25","92","0","7.1"
"6","40","891","2","18","0.1","-16890","17750","38.1","9","28","8"
"4","20","823","2","18","0.1","-6855","8500","53.35","17","63","9.5"
"5","30","861","2","18","0.1","-12080","12750","38.85","5","56","7"
"2","5","590","20","0","1","8.875","1900","34.05","108","0","7.5"
"7","50","727","0","20","0","0","0","43.7","0","61","0"
"6","40","892","2","18","0.1","-16930","17750","38.1","9","28","8"
"4","20","824","2","18","0.1","-6875","8500","53.35","17","63","9.5"
"5","30","862","2","18","0.1","-12110","12750","38.85","5","56","7"
"1","0","434","20","0","1","1075.375","0","48.25","92","0","7.1"
"6","40","893","2","18","0.1","-16970","17750","38.1","9","28","8"
"4","20","825","2","18","0.1","-6895","8500","53.35","17","63","9.5"
"7","50","728","0","20","0","0","0","43.7","0","61","0"
"2","5","591","20","0","1","3.875","1900","34.05","108","0","7.5"
"5","30","863","2","18","0.1","-12140","12750","38.85","5","56","7"
"6","40","894","2","18","0.1","-17010","17750","38.1","9","28","8"
"4","20","826","2","18","0.1","-6915","8500","53.35","17","63","9.5"
"7","50","729","0","20","0","0","0","43.7","0","61","0"
"1","0","435","20","0","1","1075.375","0","48.25","92","0","7.15"
"6","40","895","2","18","0.1","-17050","17750","38.1","9","28","8"
"5","30","864","2","18","0.1","-12170","12750","38.85","5","56","7"
"4","20","827","2","18","0.1","-6935","8500","53.35","17","63","9.5"
"2","5","592","20","0","1","-1.125","1900","34.05","108","0","7.5"
"7","50","730","0","20","0","0","0","43.7","0","61","0"
"6","40","896","2","18","0.1","-17090","17750","38.1","9","28","8"
"4","20","828","2","18","0.1","-6955","8500","53.35","17","63","9.5"
"5","30","865","2","18","0.1","-12200","12750","38.85","5","56","7"
"1","0","436","20","0","1","1075.375","0","48.25","92","0","7.15"
"4","20","829","2","18","0.1","-6975","8500","53.35","17","63","9.5"
"6","40","897","2","18","0.1","-17130","17750","38.1","9","28","8"
"2","5","593","20","0","1","-6.125","1900","34.05","108","0","7.5"
"5","30","866","2","18","0.1","-12230","12750","38.85","5","56","7"
"7","50","731","0","20","0","0","0","43.7","0","61","0"
"4","20","830","2","18","0.1","-6995","8500","53.35","17","63","9.5"
"6","40","898","2","18","0.1","-17170","17750","38.1","9","28","8"
"1","0","437","20","0","1","1075.375","0","48.25","92","0","7.15"
"5","30","867","2","18","0.1","-12010","13000","38.85","5","56","7"
"6","40","899","2","18","0.1","-17210","17750","38.1","9","28","8"
"4","20","831","2","18","0.1","-7015","8500","53.35","17","63","9.5"
"7","50","732","0","20","0","0","0","43.7","0","61","0"
"2","5","594","20","0","1","-11.125","1900","34.05","108","0","7.5"
"6","40","900","2","18","0.1","-17250","17750","38.1","9","28","8"
"4","20","832","2","18","0.1","-7035","8500","53.35","17","63","9.5"
"5","30","868","2","18","0.1","-12040","13000","38.85","5","56","7"
"7","50","733","0","20","0","0","0","43.7","0","61","0"
"1","0","438","20","0","1","1075.375","0","48.25","92","0","7.2"
"4","20","833","2","18","0.1","-7055","8500","53.35","17","63","9.5"
"6","40","901","2","18","0.1","-17040","18000","38.1","9","28","8"
"7","50","734","0","20","0","0","0","43.7","0","61","0"
"2","5","595","20","0","1","-16.125","1900","34.05","108","0","7.5"
"5","30","869","2","18","0.1","-12070","13000","38.85","5","56","7"
"6","40","902","2","18","0.1","-17080","18000","38.1","9","28","8"
"4","20","834","2","18","0.1","-7075","8500","53.35","17","63","9.5"
"1","0","439","20","0","1","1075.375","0","48.25","92","0","7.2"
"4","20","835","2","18","0.1","-7095","8500","53.35","17","63","9.5"
"5","30","870","2","18","0.1","-12100","13000","38.85","5","56","7"
"6","40","903","2","18","0.1","-17120","18000","38.1","9","28","8"
"7","50","735","0","20","0","0","0","43.7","0","61","0"
"2","5","596","20","0","1","-21.125","1900","34.05","108","0","7.5"
"4","20","836","2","18","0.1","-6865","8750","53.35","17","63","9.5"
"6","40","904","2","18","0.1","-17160","18000","38.1","9","28","8"
"5","30","871","2","18","0.1","-12130","13000","38.85","5","56","7"
"7","50","736","0","20","0","0","0","43.7","0","61","0"
"1","0","440","20","0","1","1075.375","0","48.25","92","0","7.2"
"6","40","905","2","18","0.1","-17200","18000","38.1","9","28","8"
"4","20","837","2","18","0.1","-6885","8750","53.35","17","63","9.5"
"2","5","597","20","0","1","-26.125","1900","34.05","108","0","7.5"
"7","50","737","0","20","0","0","0","43.7","0","61","0"
"5","30","872","2","18","0.1","-12160","13000","38.85","5","56","7"
"6","40","906","2","18","0.1","-17240","18000","38.1","9","28","8"
"4","20","838","2","18","0.1","-6905","8750","53.35","17","63","9.5"
"1","0","441","20","0","1","1075.375","0","48.25","92","0","7.2"
"7","50","738","0","20","0","0","0","43.7","0","61","0"
"4","20","839","2","18","0.1","-6925","8750","53.35","17","63","9.5"
"5","30","873","2","18","0.1","-12190","13000","38.85","5","56","7"
"6","40","907","2","18","0.1","-17280","18000","38.1","9","28","8"
"2","5","598","20","0","1","-31.125","1900","34.05","108","0","7.5"
"4","20","840","2","18","0.1","-6945","8750","53.35","17","63","9.5"
"6","40","908","2","18","0.1","-17320","18000","38.1","9","28","8"
"5","30","874","2","18","0.1","-12220","13000","38.85","5","56","7"
"7","50","739","0","20","0","0","0","43.7","0","61","0"
"1","0","442","20","0","1","1075.375","0","48.25","92","0","7.2"
"6","40","909","2","18","0.1","-17360","18000","38.1","9","28","8"
"4","20","841","2","18","0.1","-6965","8750","53.35","17","63","9.5"
"7","50","740","0","20","0","0","0","43.7","0","61","0"
"5","30","875","2","18","0.1","-12250","13000","38.85","5","56","7"
"2","5","599","20","0","1","-36.125","1900","34.05","108","0","7.5"
"6","40","910","2","18","0.1","-17400","18000","38.1","9","28","8"
"4","20","842","2","18","0.1","-6985","8750","53.35","17","63","9.5"
"1","0","443","20","0","1","1075.375","0","48.25","92","0","7.2"
"6","40","911","2","18","0.1","-17440","18000","38.1","9","28","8"
"5","30","876","2","18","0.1","-12280","13000","38.85","5","56","7"
"7","50","741","0","20","0","0","0","43.7","0","61","0"
"2","5","600","20","0","1","-41.125","1900","34.05","108","0","7.5"
"4","20","843","2","18","0.1","-7005","8750","53.35","17","63","9.5"
"6","40","912","2","18","0.1","-17480","18000","38.1","9","28","8"
"5","30","877","2","18","0.1","-12310","13000","38.85","5","56","7"
"1","0","444","20","0","1","1075.375","0","48.25","92","0","7.2"
"6","40","913","2","18","0.1","-17270","18250","38.1","9","28","8"
"4","20","844","2","18","0.1","-7025","8750","53.35","17","63","9.5"
"7","50","742","0","20","0","0","0","43.7","0","61","0"
"5","30","878","2","18","0.1","-12340","13000","38.85","5","56","7"
"2","5","601","20","0","1","78.875","2025","34.05","108","0","7.5"
"6","40","914","2","18","0.1","-17310","18250","38.1","9","28","8"
"4","20","845","2","18","0.1","-7045","8750","53.35","17","63","9.5"
"7","50","743","0","20","0","0","0","43.7","0","61","0"
"1","0","445","20","0","1","1075.375","0","48.25","92","0","7.2"
"5","30","879","2","18","0.1","-12370","13000","38.85","5","56","7"
"6","40","915","2","18","0.1","-17350","18250","38.1","9","28","8"
"4","20","846","2","18","0.1","-7065","8750","53.35","17","63","9.5"
"2","5","602","20","0","1","98.875","2050","34.05","108","0","7.5"
"7","50","744","0","20","0","0","0","43.7","0","61","0"
"6","40","916","2","18","0.1","-17390","18250","38.1","9","28","8"
"5","30","880","2","18","0.1","-12400","13000","38.85","5","56","7"
"1","0","446","20","0","1","1075.375","0","48.25","92","0","7.2"
"4","20","847","2","18","0.1","-7085","8750","53.35","17","63","9.5"
"7","50","745","0","20","0","0","0","43.7","0","61","0"
"6","40","917","2","18","0.1","-17430","18250","38.1","9","28","8"
"2","5","603","20","0","1","93.875","2050","34.05","108","0","7.5"
"5","30","881","2","18","0.1","-12430","13000","38.85","5","56","7"
"6","40","918","2","18","0.1","-17470","18250","38.1","9","28","8"
"4","20","848","2","18","0.1","-7105","8750","53.35","17","63","9.5"
"7","50","746","0","20","0","0","0","43.7","0","61","0"
"1","0","447","20","0","1","1075.375","0","48.25","92","0","7.2"
"6","40","919","2","18","0.1","-17510","18250","38.1","9","28","8"
"5","30","882","2","18","0.1","-12460","13000","38.85","5","56","7"
"7","50","747","0","20","0","0","0","43.7","0","61","0"
"4","20","849","2","18","0.1","-7125","8750","53.35","17","63","9.5"
"2","5","604","20","0","1","113.875","2075","34.05","108","0","7.5"
"6","40","920","2","18","0.1","-17550","18250","38.1","9","28","8"
"5","30","883","2","18","0.1","-12490","13000","38.85","5","56","7"
"1","0","448","20","0","1","1075.375","0","48.25","92","0","7.25"
"4","20","850","2","18","0.1","-7145","8750","53.35","17","63","9.5"
"6","40","921","2","18","0.1","-17590","18250","38.1","9","28","8"
"7","50","748","0","20","0","0","0","43.7","0","61","0"
"2","5","605","20","0","1","133.875","2100","34.05","108","0","7.5"
"5","30","884","2","18","0.1","-12270","13250","38.85","5","56","7"
"6","40","922","2","18","0.1","-17630","18250","38.1","9","28","8"
"4","20","851","2","18","0.1","-7165","8750","53.35","17","63","9.5"
"7","50","749","0","20","0","0","0","43.7","0","61","0"
"1","0","449","20","0","1","1075.375","0","48.25","92","0","7.25"
"6","40","923","2","18","0.1","-17670","18250","38.1","9","28","8"
"5","30","885","2","18","0.1","-12300","13250","38.85","5","56","7"
"2","5","606","20","0","1","128.875","2100","34.05","108","0","7.5"
"4","20","852","2","18","0.1","-7185","8750","53.35","17","63","9.5"
"7","50","750","0","20","0","0","0","43.7","0","61","0"
"6","40","924","2","18","0.1","-17710","18250","38.1","9","28","8"
"5","30","886","2","18","0.1","-12330","13250","38.85","5","56","7"
"1","0","450","20","0","1","1075.375","0","48.25","92","0","7.25"
"4","20","853","2","18","0.1","-7205","8750","53.35","17","63","9.5"
"7","50","751","0","20","0","0","0","43.7","0","61","0"
"6","40","925","2","18","0.1","-17750","18250","38.1","9","28","8"
"2","5","607","20","0","1","148.875","2125","34.05","108","0","7.5"
"5","30","887","2","18","0.1","-12360","13250","38.85","5","56","7"
"6","40","926","2","18","0.1","-17540","18500","38.1","9","28","8"
"4","20","854","2","18","0.1","-7225","8750","53.35","17","63","9.5"
"1","0","451","20","0","1","1075.375","0","48.25","92","0","7.25"
"7","50","752","0","20","0","0","0","43.7","0","61","0"
"5","30","888","2","18","0.1","-12390","13250","38.85","5","56","7"
"6","40","927","2","18","0.1","-17580","18500","38.1","9","28","8"
"2","5","608","20","0","1","143.875","2125","34.05","108","0","7.5"
"4","20","855","2","18","0.1","-7245","8750","53.35","17","63","9.5"
"7","50","753","0","20","0","0","0","43.7","0","61","0"
"1","0","452","20","0","1","1075.375","0","48.25","92","0","7.25"
"4","20","856","2","18","0.1","-7265","8750","53.35","17","63","9.5"
"5","30","889","2","18","0.1","-12420","13250","38.85","5","56","7"
"6","40","928","2","18","0.1","-17620","18500","38.1","9","28","8"
"2","5","609","20","0","1","163.875","2150","34.05","108","0","7.5"
"7","50","754","0","20","0","0","0","43.7","0","61","0"
"4","20","857","2","18","0.1","-7285","8750","53.35","17","63","9.5"
"6","40","929","2","18","0.1","-17660","18500","38.1","9","28","8"
"5","30","890","2","18","0.1","-12450","13250","38.85","5","56","7"
"1","0","453","20","0","1","1075.375","0","48.25","92","0","7.25"
"4","20","858","2","18","0.1","-7305","8750","53.35","17","63","9.5"
"7","50","755","0","20","0","0","0","43.7","0","61","0"
"6","40","930","2","18","0.1","-17700","18500","38.1","9","28","8"
"2","5","610","20","0","1","158.875","2150","34.05","108","0","7.5"
"5","30","891","2","18","0.1","-12480","13250","38.85","5","56","7"
"4","20","859","2","18","0.1","-7325","8750","53.35","17","63","9.5"
"1","0","454","20","0","1","1075.375","0","48.25","92","0","7.25"
"7","50","756","0","20","0","0","0","43.7","0","61","0"
"6","40","931","2","18","0.1","-17740","18500","38.1","9","28","8"
"4","20","860","2","18","0.1","-7345","8750","53.35","17","63","9.5"
"5","30","892","2","18","0.1","-12510","13250","38.85","5","56","7"
"2","5","611","20","0","1","153.875","2150","34.05","108","0","7.5"
"6","40","932","2","18","0.1","-17780","18500","38.1","9","28","8"
"4","20","861","2","18","0.1","-7115","9000","53.35","17","63","9.5"
"7","50","757","0","20","0","0","0","43.7","0","61","0"
"5","30","893","2","18","0.1","-12540","13250","38.85","5","56","7"
"1","0","455","20","0","1","1075.375","0","48.25","92","0","7.25"
"6","40","933","2","18","0.1","-17820","18500","38.1","9","28","8"
"4","20","862","2","18","0.1","-7135","9000","53.35","17","63","9.5"
"7","50","758","0","20","0","0","0","43.7","0","61","0"
"5","30","894","2","18","0.1","-12570","13250","38.85","5","56","7"
"2","5","612","20","0","1","148.875","2150","34.05","108","0","7.5"
"6","40","934","2","18","0.1","-17860","18500","38.1","9","28","8"
"1","0","456","20","0","1","1075.375","0","48.25","92","0","7.25"
"7","50","759","0","20","0","0","0","43.7","0","61","0"
"6","40","935","2","18","0.1","-17900","18500","38.1","9","28","8"
"4","20","863","2","18","0.1","-7155","9000","53.35","17","63","9.5"
"5","30","895","2","18","0.1","-12600","13250","38.85","5","56","7"
"2","5","613","20","0","1","168.875","2175","34.05","108","0","7.5"
"6","40","936","2","18","0.1","-17940","18500","38.1","9","28","8"
"4","20","864","2","18","0.1","-7175","9000","53.35","17","63","9.5"
"7","50","760","0","20","0","0","0","43.7","0","61","0"
"5","30","896","2","18","0.1","-12630","13250","38.85","5","56","7"
"1","0","457","20","0","1","1075.375","0","48.25","92","0","7.25"
"6","40","937","2","18","0.1","-17980","18500","38.1","9","28","8"
"7","50","761","0","20","0","0","0","43.7","0","61","0"
"4","20","865","2","18","0.1","-7195","9000","53.35","17","63","9.5"
"2","5","614","20","0","1","163.875","2175","34.05","108","0","7.5"
"5","30","897","2","18","0.1","-12660","13250","38.85","5","56","7"
"6","40","938","2","18","0.1","-17770","18750","38.1","9","28","8"
"1","0","458","20","0","1","1075.375","0","48.25","92","0","7.25"
"7","50","762","0","20","0","0","0","43.7","0","61","0"
"4","20","866","2","18","0.1","-7215","9000","53.35","17","63","9.5"
"6","40","939","2","18","0.1","-17810","18750","38.1","9","28","8"
"5","30","898","2","18","0.1","-12690","13250","38.85","5","56","7"
"2","5","615","20","0","1","158.875","2175","34.05","108","0","7.5"
"7","50","763","0","20","0","0","0","43.7","0","61","0"
"4","20","867","2","18","0.1","-7235","9000","53.35","17","63","9.5"
"6","40","940","2","18","0.1","-17850","18750","38.1","9","28","8"
"1","0","459","20","0","1","1075.375","0","48.25","92","0","7.25"
"7","50","764","0","20","0","0","0","43.7","0","61","0"
"6","40","941","2","18","0.1","-17890","18750","38.1","9","28","8"
"4","20","868","2","18","0.1","-7255","9000","53.35","17","63","9.5"
"5","30","899","2","18","0.1","-12720","13250","38.85","5","56","7"
"2","5","616","20","0","1","153.875","2175","34.05","108","0","7.5"
"7","50","765","0","20","0","0","0","43.7","0","61","0"
"4","20","869","2","18","0.1","-7275","9000","53.35","17","63","9.5"
"6","40","942","2","18","0.1","-17930","18750","38.1","9","28","8"
"5","30","900","2","18","0.1","-12750","13250","38.85","5","56","7"
"1","0","460","20","0","1","1075.375","0","48.25","92","0","7.25"
"4","20","870","2","18","0.1","-7295","9000","53.35","17","63","9.5"
"6","40","943","2","18","0.1","-17970","18750","38.1","9","28","8"
"5","30","901","2","18","0.1","-12530","13500","38.85","5","56","7"
"7","50","766","0","20","0","0","0","43.7","0","61","0"
"2","5","617","20","0","1","148.875","2175","34.05","108","0","7.5"
"4","20","871","2","18","0.1","-7315","9000","53.35","17","63","9.5"
"1","0","461","20","0","1","1075.375","0","48.25","92","0","7.25"
"6","40","944","2","18","0.1","-18010","18750","38.1","9","28","8"
"5","30","902","2","18","0.1","-12560","13500","38.85","5","56","7"
"4","20","872","2","18","0.1","-7335","9000","53.35","17","63","9.5"
"7","50","767","0","20","0","0","0","43.7","0","61","0"
"2","5","618","20","0","1","143.875","2175","34.05","108","0","7.5"
"6","40","945","2","18","0.1","-18050","18750","38.1","9","28","8"
"5","30","903","2","18","0.1","-12590","13500","38.85","5","56","7"
"1","0","462","20","0","1","1075.375","0","48.25","92","0","7.25"
"4","20","873","2","18","0.1","-7355","9000","53.35","17","63","9.5"
"7","50","768","0","20","0","0","0","43.7","0","61","0"
"6","40","946","2","18","0.1","-18090","18750","38.1","9","28","8"
"2","5","619","20","0","1","138.875","2175","34.05","108","0","7.5"
"5","30","904","2","18","0.1","-12620","13500","38.85","5","56","7"
"4","20","874","2","18","0.1","-7375","9000","53.35","17","63","9.5"
"1","0","463","20","0","1","1075.375","0","48.25","92","0","7.25"
"6","40","947","2","18","0.1","-18130","18750","38.1","9","28","8"
"7","50","769","0","20","0","0","0","43.7","0","61","0"
"4","20","875","2","18","0.1","-7395","9000","53.35","17","63","9.5"
"5","30","905","2","18","0.1","-12650","13500","38.85","5","56","7"
"2","5","620","20","0","1","158.875","2200","34.05","108","0","7.5"
"6","40","948","2","18","0.1","-18170","18750","38.1","9","28","8"
"7","50","770","0","20","0","0","0","43.7","0","61","0"
"1","0","464","20","0","1","1075.375","0","48.25","92","0","7.25"
"4","20","876","2","18","0.1","-7415","9000","53.35","17","63","9.5"
"5","30","906","2","18","0.1","-12680","13500","38.85","5","56","7"
"6","40","949","2","18","0.1","-18210","18750","38.1","9","28","8"
"7","50","771","0","20","0","0","0","43.7","0","61","0"
"4","20","877","2","18","0.1","-7435","9000","53.35","17","63","9.5"
"2","5","621","20","0","1","178.875","2225","34.05","108","0","7.5"
"1","0","465","20","0","1","1075.375","0","48.25","92","0","7.25"
"6","40","950","2","18","0.1","-18250","18750","38.1","9","28","8"
"5","30","907","2","18","0.1","-12710","13500","38.85","5","56","7"
"4","20","878","2","18","0.1","-7455","9000","53.35","17","63","9.5"
"7","50","772","0","20","0","0","0","43.7","0","61","0"
"2","5","622","20","0","1","173.875","2225","34.05","108","0","7.5"
"5","30","908","2","18","0.1","-12740","13500","38.85","5","56","7"
"6","40","951","2","18","0.1","-18040","19000","38.1","9","28","8"
"1","0","466","20","0","1","1075.375","0","48.25","92","0","7.25"
"4","20","879","2","18","0.1","-7475","9000","53.35","17","63","9.5"
"7","50","773","0","20","0","0","0","43.7","0","61","0"
"2","5","623","20","0","1","168.875","2225","34.05","108","0","7.5"
"5","30","909","2","18","0.1","-12770","13500","38.85","5","56","7"
"6","40","952","2","18","0.1","-18080","19000","38.1","9","28","8"
"4","20","880","2","18","0.1","-7495","9000","53.35","17","63","9.5"
"7","50","774","0","20","0","0","0","43.7","0","61","0"
"1","0","467","20","0","1","1075.375","0","48.25","92","0","7.25"
"5","30","910","2","18","0.1","-12800","13500","38.85","5","56","7"
"6","40","953","2","18","0.1","-18120","19000","38.1","9","28","8"
"7","50","775","0","20","0","0","0","43.7","0","61","0"
"4","20","881","2","18","0.1","-7515","9000","53.35","17","63","9.5"
"2","5","624","20","0","1","163.875","2225","34.05","108","0","7.5"
"5","30","911","2","18","0.1","-12830","13500","38.85","5","56","7"
"6","40","954","2","18","0.1","-18160","19000","38.1","9","28","8"
"1","0","468","20","0","1","1075.375","0","48.25","92","0","7.25"
"4","20","882","2","18","0.1","-7535","9000","53.35","17","63","9.5"
"7","50","776","0","20","0","0","0","43.7","0","61","0"
"2","5","625","20","0","1","158.875","2225","34.05","108","0","7.5"
"5","30","912","2","18","0.1","-12860","13500","38.85","5","56","7"
"6","40","955","2","18","0.1","-18200","19000","38.1","9","28","8"
"4","20","883","2","18","0.1","-7555","9000","53.35","17","63","9.5"
"7","50","777","0","20","0","0","0","43.7","0","61","0"
"5","30","913","2","18","0.1","-12890","13500","38.85","5","56","7"
"1","0","469","20","0","1","1075.375","0","48.25","92","0","7.25"
"6","40","956","2","18","0.1","-18240","19000","38.1","9","28","8"
"2","5","626","20","0","1","153.875","2225","34.05","108","0","7.5"
"4","20","884","2","18","0.1","-7575","9000","53.35","17","63","9.5"
"5","30","914","2","18","0.1","-12920","13500","38.85","5","56","7"
"7","50","778","0","20","0","0","0","43.7","0","61","0"
"6","40","957","2","18","0.1","-18280","19000","38.1","9","28","8"
"5","30","915","2","18","0.1","-12950","13500","38.85","5","56","7"
"1","0","470","20","0","1","1075.375","0","48.25","92","0","7.25"
"7","50","779","0","20","0","0","0","43.7","0","61","0"
"2","5","627","20","0","1","148.875","2225","34.05","108","0","7.5"
"4","20","885","2","18","0.1","-7595","9000","53.35","17","63","9.5"
"5","30","916","2","18","0.1","-12980","13500","38.85","5","56","7"
"6","40","958","2","18","0.1","-18320","19000","38.1","9","28","8"
"4","20","886","2","18","0.1","-7365","9250","53.35","17","63","9.5"
"7","50","780","0","20","0","0","0","43.7","0","61","0"
"2","5","628","20","0","1","143.875","2225","34.05","108","0","7.5"
"1","0","471","20","0","1","1075.375","0","48.25","92","0","7.25"
"4","20","887","2","18","0.1","-7385","9250","53.35","17","63","9.5"
"6","40","959","2","18","0.1","-18360","19000","38.1","9","28","8"
"5","30","917","2","18","0.1","-12760","13750","38.85","5","56","7"
"7","50","781","0","20","0","0","0","43.7","0","61","0"
"4","20","888","2","18","0.1","-7405","9250","53.35","17","63","9.5"
"2","5","629","20","0","1","163.875","2250","34.05","108","0","7.5"
"5","30","918","2","18","0.1","-12790","13750","38.85","5","56","7"
"6","40","960","2","18","0.1","-18400","19000","38.1","9","28","8"
"1","0","472","20","0","1","1075.375","0","48.25","92","0","7.25"
"5","30","919","2","18","0.1","-12820","13750","38.85","5","56","7"
"4","20","889","2","18","0.1","-7425","9250","53.35","17","63","9.5"
"7","50","782","0","20","0","0","0","43.7","0","61","0"
"2","5","630","20","0","1","158.875","2250","34.05","108","0","7.5"
"6","40","961","2","18","0.1","-18440","19000","38.1","9","28","8"
"5","30","920","2","18","0.1","-12850","13750","38.85","5","56","7"
"4","20","890","2","18","0.1","-7445","9250","53.35","17","63","9.5"
"7","50","783","0","20","0","0","0","43.7","0","61","0"
"1","0","473","20","0","1","1075.375","0","48.25","92","0","7.25"
"6","40","962","2","18","0.1","-18480","19000","38.1","9","28","8"
"4","20","891","2","18","0.1","-7465","9250","53.35","17","63","9.5"
"2","5","631","20","0","1","153.875","2250","34.05","108","0","7.5"
"5","30","921","2","18","0.1","-12880","13750","38.85","5","56","7"
"7","50","784","0","20","0","0","0","43.7","0","61","0"
"4","20","892","2","18","0.1","-7485","9250","53.35","17","63","9.5"
"5","30","922","2","18","0.1","-12910","13750","38.85","5","56","7"
"6","40","963","2","18","0.1","-18270","19250","38.1","9","28","8"
"2","5","632","20","0","1","148.875","2250","34.05","108","0","7.5"
"7","50","785","0","20","0","0","0","43.7","0","61","0"
"1","0","474","20","0","1","1075.375","0","48.25","97","0","7.3"
"6","40","964","2","18","0.1","-18310","19250","38.1","9","28","8"
"5","30","923","2","18","0.1","-12940","13750","38.85","5","56","7"
"4","20","893","2","18","0.1","-7505","9250","53.35","17","63","9.5"
"2","5","633","20","0","1","143.875","2250","34.05","108","0","7.55"
"7","50","786","0","20","0","0","0","43.7","0","61","0"
"5","30","924","2","18","0.1","-12970","13750","38.85","5","56","7"
"4","20","894","2","18","0.1","-7525","9250","53.35","17","63","9.5"
"6","40","965","2","18","0.1","-18350","19250","38.1","9","28","8"
"1","0","475","20","0","1","1075.375","0","48.25","97","0","7.3"
"4","20","895","2","18","0.1","-7545","9250","53.35","17","63","9.5"
"5","30","925","2","18","0.1","-13000","13750","38.85","5","56","7"
"2","5","634","20","0","1","138.875","2250","34.05","108","0","7.55"
"7","50","787","0","20","0","0","0","43.7","0","61","0"
"6","40","966","2","18","0.1","-18390","19250","38.1","9","28","8"
"5","30","926","2","18","0.1","-13030","13750","38.85","5","56","7"
"4","20","896","2","18","0.1","-7565","9250","53.35","17","63","9.5"
"7","50","788","0","20","0","0","0","43.7","0","61","0"
"2","5","635","20","0","1","158.875","2275","34.05","108","0","7.55"
"1","0","476","20","0","1","1075.375","0","48.25","97","0","7.3"
"4","20","897","2","18","0.1","-7585","9250","53.35","17","63","9.5"
"5","30","927","2","18","0.1","-13060","13750","38.85","5","56","7"
"6","40","967","2","18","0.1","-18430","19250","38.1","9","28","8"
"7","50","789","0","20","0","0","0","43.7","0","61","0"
"2","5","636","20","0","1","153.875","2275","34.05","108","0","7.55"
"4","20","898","2","18","0.1","-7605","9250","53.35","17","63","9.5"
"5","30","928","2","18","0.1","-13090","13750","38.85","5","56","7"
"6","40","968","2","18","0.1","-18470","19250","38.1","9","28","8"
"1","0","477","20","0","1","1075.375","0","48.25","97","0","7.3"
"2","5","637","20","0","1","148.875","2275","34.05","108","0","7.55"
"5","30","929","2","18","0.1","-13120","13750","38.85","5","56","7"
"4","20","899","2","18","0.1","-7625","9250","53.35","17","63","9.5"
"7","50","790","0","20","0","0","0","43.7","0","61","0"
"6","40","969","2","18","0.1","-18510","19250","38.1","9","28","8"
"5","30","930","2","18","0.1","-13150","13750","38.85","5","56","7"
"4","20","900","2","18","0.1","-7645","9250","53.35","17","63","9.5"
"2","5","638","20","0","1","143.875","2275","34.05","108","0","7.55"
"7","50","791","0","20","0","0","0","43.7","0","61","0"
"1","0","478","20","0","1","1075.375","0","48.25","97","0","7.3"
"4","20","901","2","18","0.1","-7665","9250","53.35","17","63","9.5"
"6","40","970","2","18","0.1","-18550","19250","38.1","9","28","8"
"5","30","931","2","18","0.1","-13180","13750","38.85","5","56","7"
"7","50","792","0","20","0","0","0","43.7","0","61","0"
"2","5","639","20","0","1","163.875","2300","34.05","108","0","7.55"
"4","20","902","2","18","0.1","-7685","9250","53.35","17","63","9.5"
"5","30","932","2","18","0.1","-13210","13750","38.85","5","56","7"
"6","40","971","2","18","0.1","-18590","19250","38.1","9","28","8"
"1","0","479","20","0","1","1075.375","0","48.25","97","0","7.3"
"2","5","640","20","0","1","158.875","2300","34.05","108","0","7.55"
"4","20","903","2","18","0.1","-7705","9250","53.35","17","63","9.5"
"7","50","793","0","20","0","0","0","43.7","0","61","0"
"5","30","933","2","18","0.1","-13240","13750","38.85","5","56","7"
"6","40","972","2","18","0.1","-18630","19250","38.1","9","28","8"
"4","20","904","2","18","0.1","-7725","9250","53.35","17","63","9.5"
"7","50","794","0","20","0","0","0","43.7","0","61","0"
"2","5","641","20","0","1","153.875","2300","34.05","108","0","7.55"
"1","0","480","20","0","1","1075.375","0","48.25","97","0","7.3"
"6","40","973","2","18","0.1","-18670","19250","38.1","9","28","8"
"4","20","905","2","18","0.1","-7745","9250","53.35","17","63","9.5"
"5","30","934","2","18","0.1","-13020","14000","38.85","5","56","7"
"2","5","642","20","0","1","148.875","2300","34.05","108","0","7.55"
"7","50","795","0","20","0","0","0","43.7","0","61","0"
"4","20","906","2","18","0.1","-7765","9250","53.35","17","63","9.5"
"5","30","935","2","18","0.1","-13050","14000","38.85","5","56","7"
"6","40","974","2","18","0.1","-18710","19250","38.1","9","28","8"
"1","0","481","20","0","1","1075.375","0","48.25","97","0","7.3"
"4","20","907","2","18","0.1","-7785","9250","53.35","17","63","9.5"
"2","5","643","20","0","1","168.875","2325","34.05","108","0","7.55"
"7","50","796","0","20","0","0","0","43.7","0","61","0"
"5","30","936","2","18","0.1","-13080","14000","38.85","5","56","7"
"6","40","975","2","18","0.1","-18750","19250","38.1","9","28","8"
"4","20","908","2","18","0.1","-7805","9250","53.35","17","63","9.5"
"7","50","797","0","20","0","0","0","43.7","0","61","0"
"5","30","937","2","18","0.1","-13110","14000","38.85","5","56","7"
"1","0","482","20","0","1","1075.375","0","48.25","97","0","7.35"
"6","40","976","2","18","0.1","-18540","19500","38.1","9","28","8"
"4","20","909","2","18","0.1","-7825","9250","53.35","17","63","9.5"
"2","5","644","20","0","1","163.875","2325","34.05","109","0","7.6"
"5","30","938","2","18","0.1","-13140","14000","38.85","5","56","7"
"7","50","798","0","20","0","0","0","43.7","0","61","0"
"4","20","910","2","18","0.1","-7845","9250","53.35","17","63","9.5"
"6","40","977","2","18","0.1","-18580","19500","38.1","9","28","8"
"5","30","939","2","18","0.1","-13170","14000","38.85","5","56","7"
"1","0","483","20","0","1","1075.375","0","48.25","97","0","7.35"
"7","50","799","0","20","0","0","0","43.7","0","61","0"
"2","5","645","20","0","1","158.875","2325","34.05","109","0","7.6"
"5","30","940","2","18","0.1","-13200","14000","38.85","5","56","7"
"4","20","911","2","18","0.1","-7615","9500","53.35","17","63","9.5"
"6","40","978","2","18","0.1","-18620","19500","38.1","9","28","8"
"7","50","800","0","20","0","0","0","43.7","0","61","0"
"5","30","941","2","18","0.1","-13230","14000","38.85","5","56","7"
"1","0","484","20","0","1","1075.375","0","48.25","97","0","7.35"
"6","40","979","2","18","0.1","-18660","19500","38.1","9","28","8"
"2","5","646","20","0","1","153.875","2325","34.05","109","0","7.6"
"4","20","912","2","18","0.1","-7635","9500","53.35","17","63","9.5"
"5","30","942","2","18","0.1","-13260","14000","38.85","5","56","7"
"7","50","801","0","20","0","0","0","43.7","0","61","0"
"4","20","913","2","18","0.1","-7655","9500","53.35","17","63","9.5"
"6","40","980","2","18","0.1","-18700","19500","38.1","9","28","8"
"5","30","943","2","18","0.1","-13290","14000","38.85","5","56","7"
"1","0","485","20","0","1","1075.375","0","48.25","97","0","7.35"
"7","50","802","0","20","0","0","0","43.7","0","61","0"
"2","5","647","20","0","1","148.875","2325","34.05","109","0","7.6"
"5","30","944","2","18","0.1","-13320","14000","38.85","5","56","7"
"4","20","914","2","18","0.1","-7675","9500","53.35","17","63","9.5"
"6","40","981","2","18","0.1","-18740","19500","38.1","9","28","8"
"7","50","803","0","20","0","0","0","43.7","0","61","0"
"5","30","945","2","18","0.1","-13350","14000","38.85","5","56","7"
"4","20","915","2","18","0.1","-7695","9500","53.35","17","63","9.5"
"2","5","648","20","0","1","143.875","2325","34.05","109","0","7.6"
"1","0","486","20","0","1","1075.375","0","48.25","97","0","7.35"
"6","40","982","2","18","0.1","-18780","19500","38.1","9","28","8"
"4","20","916","2","18","0.1","-7715","9500","53.35","17","63","9.5"
"5","30","946","2","18","0.1","-13380","14000","38.85","5","56","7"
"7","50","804","0","20","0","0","0","43.7","0","61","0"
"2","5","649","20","0","1","138.875","2325","34.05","109","0","7.6"
"6","40","983","2","18","0.1","-18820","19500","38.1","9","28","8"
"4","20","917","2","18","0.1","-7735","9500","53.35","17","63","9.5"
"5","30","947","2","18","0.1","-13410","14000","38.85","5","56","7"
"7","50","805","0","20","0","0","0","43.7","0","61","0"
"6","40","984","2","18","0.1","-18860","19500","38.1","9","28","8"
"4","20","918","2","18","0.1","-7755","9500","53.35","17","63","9.5"
"2","5","650","20","0","1","133.875","2325","34.05","109","0","7.6"
"5","30","948","2","18","0.1","-13440","14000","38.85","5","56","7"
"7","50","806","0","20","0","0","0","43.7","0","61","0"
"4","20","919","2","18","0.1","-7775","9500","53.35","17","63","9.5"
"5","30","949","2","18","0.1","-13470","14000","38.85","5","56","7"
"6","40","985","2","18","0.1","-18900","19500","38.1","9","28","8"
"2","5","651","20","0","1","128.875","2325","34.05","109","0","7.6"
"4","20","920","2","18","0.1","-7795","9500","53.35","17","63","9.5"
"5","30","950","2","18","0.1","-13500","14000","38.85","5","56","7"
"7","50","807","0","20","0","0","0","43.7","0","61","0"
"6","40","986","2","18","0.1","-18940","19500","38.1","9","28","8"
"4","20","921","2","18","0.1","-7815","9500","53.35","17","63","9.5"
"2","5","652","20","0","1","148.875","2350","34.05","109","0","7.6"
"5","30","951","2","18","0.1","-13280","14250","38.85","5","56","7"
"4","20","922","2","18","0.1","-7835","9500","53.35","17","63","9.5"
"7","50","808","0","20","0","0","0","43.7","0","61","0"
"6","40","987","2","18","0.1","-18980","19500","38.1","9","28","8"
"5","30","952","2","18","0.1","-13310","14250","38.85","5","56","7"
"4","20","923","2","18","0.1","-7855","9500","53.35","17","63","9.5"
"6","40","988","2","18","0.1","-18770","19750","38.1","9","28","8"
"2","5","653","20","0","1","143.875","2350","34.05","109","0","7.6"
"7","50","809","0","20","0","0","0","43.7","0","61","0"
"4","20","924","2","18","0.1","-7875","9500","53.35","17","63","9.5"
"5","30","953","2","18","0.1","-13340","14250","38.85","5","56","7"
"6","40","989","2","18","0.1","-18810","19750","38.1","9","28","8"
"4","20","925","2","18","0.1","-7895","9500","53.35","17","63","9.5"
"7","50","810","0","20","0","0","0","43.7","0","61","0"
"5","30","954","2","18","0.1","-13370","14250","38.85","5","56","7"
"2","5","654","20","0","1","138.875","2350","34.05","109","0","7.6"
"4","20","926","2","18","0.1","-7915","9500","53.35","17","63","9.5"
"6","40","990","2","18","0.1","-18850","19750","38.1","9","28","8"
"5","30","955","2","18","0.1","-13400","14250","38.85","5","56","7"
"4","20","927","2","18","0.1","-7935","9500","53.35","17","63","9.5"
"7","50","811","0","20","0","0","0","43.7","0","61","0"
"2","5","655","20","0","1","133.875","2350","34.05","109","0","7.6"
"6","40","991","2","18","0.1","-18890","19750","38.1","9","28","8"
"5","30","956","2","18","0.1","-13430","14250","38.85","5","56","7"
"4","20","928","2","18","0.1","-7955","9500","53.35","17","63","9.5"
"7","50","812","0","20","0","0","0","43.7","0","61","0"
"3","10","647","1","19","0.05","30","5500","49.75","0","80","4"
"4","20","929","2","18","0.1","-7975","9500","53.35","17","63","9.5"
"5","30","957","2","18","0.1","-13460","14250","38.85","5","56","7"
"6","40","992","2","18","0.1","-18930","19750","38.1","9","28","8"
"2","5","656","20","0","1","128.875","2350","34.05","109","0","7.6"
"4","20","930","2","18","0.1","-7995","9500","53.35","17","63","9.5"
"1","0","487","20","0","1","1075.375","0","48.25","97","0","7.35"
"3","10","648","1","19","0.05","20","5500","49.75","0","80","4"
"6","40","993","2","18","0.1","-18970","19750","38.1","9","28","8"
"7","50","813","0","20","0","0","0","43.7","0","61","0"
"5","30","958","2","18","0.1","-13490","14250","38.85","5","56","7"
"2","5","657","20","0","1","123.875","2350","34.05","109","0","7.6"
"4","20","931","2","18","0.1","-8015","9500","53.35","17","63","9.5"
"6","40","994","2","18","0.1","-19010","19750","38.1","9","28","8"
"3","10","649","1","19","0.05","10","5500","49.75","4","80","5"
"7","50","814","0","20","0","0","0","43.7","0","61","0"
"4","20","932","2","18","0.1","-8035","9500","53.35","17","63","9.5"
"5","30","959","2","18","0.1","-13520","14250","38.85","5","56","7"
"1","0","488","20","0","1","1075.375","0","48.25","97","0","7.4"
"6","40","995","2","18","0.1","-19050","19750","38.1","9","28","8"
"3","10","650","1","19","0.05","0","5500","49.75","4","80","5"
"2","5","658","20","0","1","118.875","2350","34.05","109","0","7.6"
"4","20","933","2","18","0.1","-8055","9500","53.35","17","63","9.5"
"6","40","996","2","18","0.1","-19090","19750","38.1","9","28","8"
"7","50","815","0","20","0","0","0","43.7","0","61","0"
"5","30","960","2","18","0.1","-13550","14250","38.85","5","56","7"
"4","20","934","2","18","0.1","-8075","9500","53.35","17","63","9.5"
"1","0","489","20","0","1","1075.375","0","48.25","97","0","7.4"
"6","40","997","2","18","0.1","-19130","19750","38.1","9","28","8"
"7","50","816","0","20","0","0","0","43.7","0","61","0"
"2","5","659","20","0","1","113.875","2350","34.05","109","0","7.6"
"5","30","961","2","18","0.1","-13580","14250","38.85","5","56","7"
"4","20","935","2","18","0.1","-8095","9500","53.35","17","63","9.5"
"6","40","998","2","18","0.1","-19170","19750","38.1","9","28","8"
"7","50","817","0","20","0","0","0","43.7","0","61","0"
"5","30","962","2","18","0.1","-13610","14250","38.85","5","56","7"
"4","20","936","2","18","0.1","-7865","9750","53.35","17","63","9.5"
"3","10","651","0","20","0","0","0","49.75","0","84","0"
"2","5","660","20","0","1","108.875","2350","34.05","109","0","7.65"
"1","0","490","20","0","1","1075.375","0","48.25","97","0","7.4"
"6","40","999","2","18","0.1","-19210","19750","38.1","9","28","8"
"5","30","963","2","18","0.1","-13640","14250","38.85","5","56","7"
"4","20","937","2","18","0.1","-7885","9750","53.35","17","63","9.5"
"7","50","818","0","20","0","0","0","43.7","0","61","0"
"3","10","652","0","20","0","0","0","49.75","0","84","0"
"6","40","1000","2","18","0.1","-19250","19750","38.1","9","28","8"
"5","30","964","2","18","0.1","-13670","14250","38.85","5","56","7"
"2","5","661","20","0","1","103.875","2350","34.05","112","0","7.7"
"4","20","938","2","18","0.1","-7905","9750","53.35","17","63","9.5"
"1","0","491","20","0","1","1075.375","0","48.25","97","0","7.4"
"7","50","819","0","20","0","0","0","43.7","0","61","0"
"4","20","939","2","18","0.1","-7925","9750","53.35","17","63","9.5"
"3","10","653","0","20","0","0","0","49.75","0","84","0"
"5","30","965","2","18","0.1","-13700","14250","38.85","5","56","7"
"2","5","662","20","0","1","98.875","2350","34.05","112","0","7.7"
"4","20","940","2","18","0.1","-7945","9750","53.35","17","63","9.5"
"7","50","820","0","20","0","0","0","43.7","0","61","0"
"3","10","654","0","20","0","0","0","49.75","0","84","0"
"1","0","492","20","0","1","1075.375","0","48.25","97","0","7.4"
"4","20","941","2","18","0.1","-7965","9750","53.35","17","63","9.5"
"5","30","966","2","18","0.1","-13730","14250","38.85","5","56","7"
"2","5","663","20","0","1","93.875","2350","34.05","112","0","7.7"
"7","50","821","0","20","0","0","0","43.7","0","61","0"
"4","20","942","2","18","0.1","-7985","9750","53.35","17","63","9.5"
"3","10","655","0","20","0","0","0","49.75","0","84","0"
"5","30","967","2","18","0.1","-13510","14500","38.85","5","56","7"
"7","50","822","0","20","0","0","0","43.7","0","61","0"
"2","5","664","20","0","1","88.875","2350","34.05","112","0","7.7"
"1","0","493","20","0","1","1075.375","0","48.25","97","0","7.4"
"4","20","943","2","18","0.1","-8005","9750","53.35","17","63","9.5"
"5","30","968","2","18","0.1","-13540","14500","38.85","5","56","7"
"3","10","656","0","20","0","0","0","49.75","0","84","0"
"7","50","823","0","20","0","0","0","43.7","0","61","0"
"2","5","665","20","0","1","83.875","2350","34.05","112","0","7.7"
"4","20","944","2","18","0.1","-8025","9750","53.35","17","63","9.5"
"5","30","969","2","18","0.1","-13570","14500","38.85","5","56","7"
"7","50","824","0","20","0","0","0","43.7","0","61","0"
"1","0","494","20","0","1","1075.375","0","48.25","97","0","7.4"
"3","10","657","0","20","0","0","0","49.75","0","84","0"
"4","20","945","2","18","0.1","-8045","9750","53.35","17","63","9.5"
"7","50","825","0","20","0","0","0","43.7","0","61","0"
"2","5","666","20","0","1","78.875","2350","34.05","112","0","7.7"
"5","30","970","2","18","0.1","-13600","14500","38.85","5","56","7"
"4","20","946","2","18","0.1","-8065","9750","53.35","17","63","9.5"
"3","10","658","0","20","0","0","0","49.75","0","84","0"
"4","20","947","2","18","0.1","-8085","9750","53.35","17","63","9.5"
"7","50","826","0","20","0","0","0","43.7","0","61","0"
"5","30","971","2","18","0.1","-13630","14500","38.85","5","56","7"
"1","0","495","20","0","1","1075.375","0","48.25","97","0","7.4"
"2","5","667","20","0","1","73.875","2350","34.05","113","0","7.75"
"3","10","659","0","20","0","0","0","49.75","0","84","0"
"4","20","948","2","18","0.1","-8105","9750","53.35","17","63","9.5"
"7","50","827","0","20","0","0","0","43.7","0","61","0"
"5","30","972","2","18","0.1","-13660","14500","38.85","5","56","7"
"4","20","949","2","18","0.1","-8125","9750","53.35","17","63","9.5"
"2","5","668","20","0","1","68.875","2350","34.05","113","0","7.75"
"1","0","496","20","0","1","1075.375","0","48.25","97","0","7.4"
"3","10","660","0","20","0","0","0","49.75","0","84","0"
"5","30","973","2","18","0.1","-13690","14500","38.85","5","56","7"
"7","50","828","0","20","0","0","0","43.7","0","61","0"
"4","20","950","2","18","0.1","-8145","9750","53.35","17","63","9.5"
"2","5","669","20","0","1","88.875","2375","34.05","115","0","7.8"
"5","30","974","2","18","0.1","-13720","14500","38.85","5","56","7"
"7","50","829","0","20","0","0","0","43.7","0","61","0"
"3","10","661","0","20","0","0","0","49.75","0","84","0"
"4","20","951","2","18","0.1","-8165","9750","53.35","17","63","9.5"
"1","0","497","20","0","1","1075.375","0","48.25","97","0","7.4"
"2","5","670","20","0","1","83.875","2375","34.05","115","0","7.8"
"5","30","975","2","18","0.1","-13750","14500","38.85","5","56","7"
"3","10","662","0","20","0","0","0","49.75","0","84","0"
"4","20","952","2","18","0.1","-8185","9750","53.35","17","63","9.5"
"7","50","830","0","20","0","0","0","43.7","0","61","0"
"5","30","976","2","18","0.1","-13780","14500","38.85","5","56","7"
"2","5","671","20","0","1","78.875","2375","34.05","115","0","7.8"
"4","20","953","2","18","0.1","-8205","9750","53.35","17","63","9.5"
"3","10","663","0","20","0","0","0","49.75","0","84","0"
"1","0","498","20","0","1","1075.375","0","48.25","97","0","7.4"
"5","30","977","2","18","0.1","-13810","14500","38.85","5","56","7"
"7","50","831","0","20","0","0","0","43.7","0","61","0"
"2","5","672","20","0","1","73.875","2375","34.05","115","0","7.8"
"3","10","664","0","20","0","0","0","49.75","0","84","0"
"4","20","954","2","18","0.1","-8225","9750","53.35","17","63","9.5"
"5","30","978","2","18","0.1","-13840","14500","38.85","5","56","7"
"3","10","665","0","20","0","0","0","49.75","0","84","0"
"7","50","832","0","20","0","0","0","43.7","0","61","0"
"4","20","955","2","18","0.1","-8245","9750","53.35","17","63","9.5"
"1","0","499","20","0","1","1075.375","0","48.25","97","0","7.4"
"5","30","979","2","18","0.1","-13870","14500","38.85","5","56","7"
"2","5","673","20","0","1","68.875","2375","34.05","115","0","7.8"
"4","20","956","2","18","0.1","-8265","9750","53.35","17","63","9.5"
"3","10","666","0","20","0","0","0","49.75","0","84","0"
"7","50","833","0","20","0","0","0","43.7","0","61","0"
"5","30","980","2","18","0.1","-13900","14500","38.85","5","56","7"
"2","5","674","20","0","1","63.875","2375","34.05","115","0","7.8"
"4","20","957","2","18","0.1","-8285","9750","53.35","17","63","9.5"
"1","0","500","20","0","1","1075.375","0","48.25","97","0","7.4"
"5","30","981","2","18","0.1","-13930","14500","38.85","5","56","7"
"3","10","667","0","20","0","0","0","49.75","0","84","0"
"7","50","834","0","20","0","0","0","43.7","0","61","0"
"4","20","958","2","18","0.1","-8305","9750","53.35","17","63","9.5"
"2","5","675","20","0","1","58.875","2375","34.05","115","0","7.8"
"5","30","982","2","18","0.1","-13960","14500","38.85","5","56","7"
"7","50","835","0","20","0","0","0","43.7","0","61","0"
"3","10","668","0","20","0","0","0","49.75","0","84","0"
"4","20","959","2","18","0.1","-8325","9750","53.35","17","63","9.5"
"1","0","501","20","0","1","1075.375","0","48.25","97","0","7.4"
"2","5","676","20","0","1","53.875","2375","34.05","115","0","7.8"
"5","30","983","2","18","0.1","-13990","14500","38.85","5","56","7"
"3","10","669","0","20","0","0","0","49.75","0","84","0"
"7","50","836","0","20","0","0","0","43.7","0","61","0"
"4","20","960","2","18","0.1","-8345","9750","53.35","17","63","9.5"
"5","30","984","2","18","0.1","-13770","14750","38.85","5","56","7"
"3","10","670","0","20","0","0","0","49.75","0","84","0"
"4","20","961","2","18","0.1","-8115","10000","53.35","17","63","9.5"
"7","50","837","0","20","0","0","0","43.7","0","61","0"
"1","0","502","20","0","1","1075.375","0","48.25","97","0","7.4"
"5","30","985","2","18","0.1","-13800","14750","38.85","5","56","7"
"2","5","677","20","0","1","48.875","2375","34.05","115","0","7.8"
"3","10","671","0","20","0","0","0","49.75","0","84","0"
"4","20","962","2","18","0.1","-8135","10000","53.35","17","63","9.5"
"7","50","838","0","20","0","0","0","43.7","0","61","0"
"5","30","986","2","18","0.1","-13830","14750","38.85","5","56","7"
"3","10","672","0","20","0","0","0","49.75","0","84","0"
"2","5","678","20","0","1","43.875","2375","34.05","115","0","7.8"
"4","20","963","2","18","0.1","-8155","10000","53.35","17","63","9.5"
"1","0","503","20","0","1","1075.375","0","48.25","97","0","7.4"
"5","30","987","2","18","0.1","-13860","14750","38.85","5","56","7"
"7","50","839","0","20","0","0","0","43.7","0","61","0"
"3","10","673","0","20","0","0","0","49.75","0","84","0"
"4","20","964","2","18","0.1","-8175","10000","53.35","17","63","9.5"
"2","5","679","20","0","1","38.875","2375","34.05","115","0","7.8"
"5","30","988","2","18","0.1","-13890","14750","38.85","5","56","7"
"7","50","840","0","20","0","0","0","43.7","0","61","0"
"3","10","674","0","20","0","0","0","49.75","0","84","0"
"4","20","965","2","18","0.1","-8195","10000","53.35","17","63","9.5"
"1","0","504","20","0","1","1075.375","0","48.25","97","0","7.4"
"3","10","675","0","20","0","0","0","49.75","0","84","0"
"5","30","989","2","18","0.1","-13920","14750","38.85","5","56","7"
"7","50","841","0","20","0","0","0","43.7","0","61","0"
"2","5","680","20","0","1","33.875","2375","34.05","115","0","7.8"
"4","20","966","2","18","0.1","-8215","10000","53.35","17","63","9.5"
"3","10","676","0","20","0","0","0","49.75","0","84","0"
"1","0","505","20","0","1","1075.375","0","48.25","97","0","7.4"
"7","50","842","0","20","0","0","0","43.7","0","61","0"
"4","20","967","2","18","0.1","-8235","10000","53.35","17","63","9.5"
"5","30","990","2","18","0.1","-13950","14750","38.85","5","56","7"
"2","5","681","20","0","1","28.875","2375","34.05","115","0","7.8"
"3","10","677","0","20","0","0","0","49.75","0","84","0"
"4","20","968","2","18","0.1","-8255","10000","53.35","17","63","9.5"
"5","30","991","2","18","0.1","-13980","14750","38.85","5","56","7"
"7","50","843","0","20","0","0","0","43.7","0","61","0"
"3","10","678","0","20","0","0","0","49.75","0","84","0"
"1","0","506","20","0","1","1075.375","0","48.25","97","0","7.4"
"2","5","682","20","0","1","23.875","2375","34.05","115","0","7.8"
"7","50","844","0","20","0","0","0","43.7","0","61","0"
"5","30","992","2","18","0.1","-14010","14750","38.85","5","56","7"
"4","20","969","2","18","0.1","-8275","10000","53.35","17","63","9.5"
"3","10","679","0","20","0","0","0","49.75","0","84","0"
"2","5","683","20","0","1","18.875","2375","34.05","115","0","7.8"
"3","10","680","0","20","0","0","0","49.75","0","84","0"
"1","0","507","20","0","1","1075.375","0","48.25","97","0","7.4"
"7","50","845","0","20","0","0","0","43.7","0","61","0"
"4","20","970","2","18","0.1","-8295","10000","53.35","17","63","9.5"
"5","30","993","2","18","0.1","-14040","14750","38.85","5","56","7"
"3","10","681","0","20","0","0","0","49.75","0","84","0"
"2","5","684","20","0","1","13.875","2375","34.05","115","0","7.8"
"5","30","994","2","18","0.1","-14070","14750","38.85","5","56","7"
"4","20","971","2","18","0.1","-8315","10000","53.35","17","63","9.5"
"3","10","682","0","20","0","0","0","49.75","0","84","0"
"1","0","508","20","0","1","1075.375","0","48.25","97","0","7.4"
"3","10","683","0","20","0","0","0","49.75","0","84","0"
"2","5","685","20","0","1","8.875","2375","34.05","115","0","7.8"
"5","30","995","2","18","0.1","-14100","14750","38.85","5","56","7"
"4","20","972","2","18","0.1","-8335","10000","53.35","17","63","9.5"
"3","10","684","0","20","0","0","0","49.75","0","84","0"
"5","30","996","2","18","0.1","-14130","14750","38.85","5","56","7"
"1","0","509","20","0","1","1075.375","0","48.25","97","0","7.4"
"4","20","973","2","18","0.1","-8355","10000","53.35","17","63","9.5"
"3","10","685","0","20","0","0","0","49.75","0","84","0"
"5","30","997","2","18","0.1","-14160","14750","38.85","5","56","7"
"4","20","974","2","18","0.1","-8375","10000","53.35","17","63","9.5"
"2","5","686","20","0","1","3.875","2375","34.05","115","0","7.8"
"5","30","998","2","18","0.1","-14190","14750","38.85","5","56","7"
"3","10","686","0","20","0","0","0","49.75","0","84","0"
"1","0","510","20","0","1","1075.375","0","48.25","97","0","7.4"
"4","20","975","2","18","0.1","-8395","10000","53.35","17","63","9.5"
"5","30","999","2","18","0.1","-14220","14750","38.85","5","56","7"
"2","5","687","20","0","1","-1.125","2375","34.05","115","0","7.8"
"3","10","687","0","20","0","0","0","49.75","0","84","0"
"4","20","976","2","18","0.1","-8415","10000","53.35","17","63","9.5"
"5","30","1000","2","18","0.1","-14250","14750","38.85","5","56","7"
"1","0","511","20","0","1","1075.375","0","48.25","97","0","7.4"
"4","20","977","2","18","0.1","-8435","10000","53.35","17","63","9.5"
"3","10","688","0","20","0","0","0","49.75","0","84","0"
"2","5","688","20","0","1","-6.125","2375","34.05","115","0","7.8"
"4","20","978","2","18","0.1","-8455","10000","53.35","17","63","9.5"
"3","10","689","0","20","0","0","0","49.75","0","84","0"
"2","5","689","20","0","1","-11.125","2375","34.05","115","0","7.8"
"1","0","512","20","0","1","1075.375","0","48.25","97","0","7.4"
"3","10","690","0","20","0","0","0","49.75","0","84","0"
"4","20","979","2","18","0.1","-8475","10000","53.35","17","63","9.5"
"2","5","690","20","0","1","-16.125","2375","34.05","121","0","7.85"
"3","10","691","0","20","0","0","0","49.75","0","84","0"
"1","0","513","20","0","1","1075.375","0","48.25","97","0","7.4"
"4","20","980","2","18","0.1","-8495","10000","53.35","17","63","9.5"
"2","5","691","20","0","1","-21.125","2375","34.05","121","0","7.85"
"3","10","692","0","20","0","0","0","49.75","0","84","0"
"4","20","981","2","18","0.1","-8515","10000","53.35","17","63","9.5"
"3","10","693","0","20","0","0","0","49.75","0","84","0"
"1","0","514","20","0","1","1075.375","0","48.25","97","0","7.4"
"2","5","692","20","0","1","-26.125","2375","34.05","121","0","7.85"
"4","20","982","2","18","0.1","-8535","10000","53.35","17","63","9.5"
"3","10","694","0","20","0","0","0","49.75","0","84","0"
"4","20","983","2","18","0.1","-8555","10000","53.35","17","63","9.5"
"1","0","515","20","0","1","1075.375","0","48.25","97","0","7.4"
"3","10","695","0","20","0","0","0","49.75","0","84","0"
"2","5","693","20","0","1","-31.125","2375","34.05","121","0","7.85"
"4","20","984","2","18","0.1","-8575","10000","53.35","17","63","9.5"
"3","10","696","0","20","0","0","0","49.75","0","84","0"
"4","20","985","2","18","0.1","-8595","10000","53.35","17","63","9.5"
"1","0","516","20","0","1","1075.375","0","48.25","97","0","7.4"
"3","10","697","0","20","0","0","0","49.75","0","84","0"
"2","5","694","20","0","1","-36.125","2375","34.05","123","0","7.9"
"4","20","986","2","18","0.1","-8365","10250","53.35","17","63","9.5"
"3","10","698","0","20","0","0","0","49.75","0","84","0"
"1","0","517","20","0","1","1075.375","0","48.25","97","0","7.4"
"4","20","987","2","18","0.1","-8385","10250","53.35","17","63","9.5"
"2","5","695","20","0","1","-41.125","2375","34.05","123","0","7.9"
"3","10","699","0","20","0","0","0","49.75","0","84","0"
"4","20","988","2","18","0.1","-8405","10250","53.35","20","63","10"
"1","0","518","20","0","1","1075.375","0","48.25","97","0","7.45"
"4","20","989","2","18","0.1","-8425","10250","53.35","20","63","10"
"2","5","696","20","0","1","-46.125","2375","34.05","123","0","7.9"
"3","10","700","0","20","0","0","0","49.75","0","84","0"
"4","20","990","2","18","0.1","-8445","10250","53.35","20","63","10"
"2","5","697","20","0","1","-51.125","2375","34.05","123","0","7.9"
"1","0","519","20","0","1","1075.375","0","48.25","97","0","7.45"
"3","10","701","0","20","0","0","0","49.75","0","84","0"
"4","20","991","2","18","0.1","-8465","10250","53.35","20","63","10"
"2","5","698","20","0","1","-56.125","2375","34.05","123","0","7.9"
"4","20","992","2","18","0.1","-8485","10250","53.35","20","63","10"
"3","10","702","0","20","0","0","0","49.75","0","84","0"
"1","0","520","20","0","1","1075.375","0","48.25","97","0","7.45"
"4","20","993","2","18","0.1","-8505","10250","53.35","20","63","10"
"2","5","699","20","0","1","-61.125","2375","34.05","123","0","7.9"
"3","10","703","0","20","0","0","0","49.75","0","84","0"
"4","20","994","2","18","0.1","-8525","10250","53.35","20","63","10"
"2","5","700","20","0","1","-66.125","2375","34.05","123","0","7.9"
"3","10","704","0","20","0","0","0","49.75","0","84","0"
"1","0","521","20","0","1","1075.375","0","48.25","97","0","7.45"
"4","20","995","2","18","0.1","-8545","10250","53.35","20","63","10"
"3","10","705","0","20","0","0","0","49.75","0","84","0"
"4","20","996","2","18","0.1","-8565","10250","53.35","20","63","10"
"2","5","701","15","5","0.75","73.5","2500","34.05","106","17","8.4"
"4","20","997","2","18","0.1","-8585","10250","53.35","20","63","10"
"3","10","706","0","20","0","0","0","49.75","0","84","0"
"1","0","522","20","0","1","1075.375","0","48.25","97","0","7.45"
"2","5","702","15","5","0.75","68.5","2500","34.05","106","17","8.4"
"4","20","998","2","18","0.1","-8605","10250","53.35","20","63","10"
"3","10","707","0","20","0","0","0","49.75","0","84","0"
"4","20","999","2","18","0.1","-8625","10250","53.35","20","63","10"
"2","5","703","15","5","0.75","63.5","2500","34.05","106","17","8.466666666666667"
"4","20","1000","2","18","0.1","-8645","10250","53.35","20","63","10"
"1","0","523","20","0","1","1075.375","0","48.25","97","0","7.45"
"3","10","708","0","20","0","0","0","49.75","0","84","0"
"2","5","704","15","5","0.75","58.5","2500","34.05","106","17","8.466666666666667"
"1","0","524","20","0","1","1075.375","0","48.25","97","0","7.45"
"2","5","705","15","5","0.75","53.5","2500","34.05","106","17","8.466666666666667"
"3","10","709","0","20","0","0","0","49.75","0","84","0"
"2","5","706","15","5","0.75","48.5","2500","34.05","106","17","8.466666666666667"
"1","0","525","20","0","1","1075.375","0","48.25","97","0","7.45"
"3","10","710","0","20","0","0","0","49.75","0","84","0"
"2","5","707","14","6","0.7","82.67857142857143","2535.714285714286","34.05","99","27","8.5"
"3","10","711","0","20","0","0","0","49.75","0","84","0"
"2","5","708","14","6","0.7","77.67857142857143","2535.714285714286","34.05","99","27","8.5"
"1","0","526","20","0","1","1075.375","0","48.25","97","0","7.45"
"2","5","709","14","6","0.7","72.67857142857143","2535.714285714286","34.05","99","27","8.5"
"3","10","712","0","20","0","0","0","49.75","0","84","0"
"2","5","710","14","6","0.7","67.67857142857143","2535.714285714286","34.05","99","27","8.5"
"3","10","713","0","20","0","0","0","49.75","0","84","0"
"1","0","527","20","0","1","1075.375","0","48.25","97","0","7.45"
"2","5","711","14","6","0.7","62.67857142857143","2535.714285714286","34.05","99","27","8.5"
"3","10","714","0","20","0","0","0","49.75","0","84","0"
"2","5","712","14","6","0.7","57.67857142857143","2535.714285714286","34.05","99","27","8.5"
"1","0","528","20","0","1","1075.375","0","48.25","97","0","7.45"
"3","10","715","0","20","0","0","0","49.75","0","84","0"
"2","5","713","14","6","0.7","88.39285714285714","2571.4285714285716","34.05","99","27","8.5"
"3","10","716","0","20","0","0","0","49.75","0","84","0"
"2","5","714","14","6","0.7","83.39285714285714","2571.4285714285716","34.05","99","27","8.5"
"1","0","529","20","0","1","1075.375","0","48.25","97","0","7.45"
"3","10","717","0","20","0","0","0","49.75","0","84","0"
"2","5","715","14","6","0.7","78.39285714285714","2571.4285714285716","34.05","99","27","8.5"
"1","0","530","20","0","1","1075.375","0","48.25","97","0","7.45"
"2","5","716","14","6","0.7","73.39285714285714","2571.4285714285716","34.05","99","27","8.5"
"3","10","718","0","20","0","0","0","49.75","0","84","0"
"3","10","719","0","20","0","0","0","49.75","0","84","0"
"2","5","717","14","6","0.7","68.39285714285714","2571.4285714285716","34.05","99","27","8.5"
"1","0","531","20","0","1","1075.375","0","48.25","97","0","7.45"
"3","10","720","0","20","0","0","0","49.75","0","84","0"
"2","5","718","14","6","0.7","63.392857142857146","2571.4285714285716","34.05","99","27","8.5"
"3","10","721","0","20","0","0","0","49.75","0","84","0"
"1","0","532","20","0","1","1075.375","0","48.25","97","0","7.45"
"3","10","722","0","20","0","0","0","49.75","0","84","0"
"2","5","719","14","6","0.7","94.10714285714286","2607.1428571428573","34.05","99","27","8.5"
"3","10","723","0","20","0","0","0","49.75","0","84","0"
"1","0","533","20","0","1","1075.375","0","48.25","97","0","7.45"
"2","5","720","14","6","0.7","89.10714285714286","2607.1428571428573","34.05","99","27","8.5"
"3","10","724","0","20","0","0","0","49.75","0","84","0"
"2","5","721","14","6","0.7","84.10714285714286","2607.1428571428573","34.05","99","27","8.5"
"3","10","725","0","20","0","0","0","49.75","0","84","0"
"1","0","534","20","0","1","1075.375","0","48.25","97","0","7.45"
"2","5","722","14","6","0.7","79.10714285714286","2607.1428571428573","34.05","99","27","8.5"
"3","10","726","0","20","0","0","0","49.75","0","84","0"
"2","5","723","14","6","0.7","74.10714285714286","2607.1428571428573","34.05","99","27","8.5"
"3","10","727","0","20","0","0","0","49.75","0","84","0"
"2","5","724","14","6","0.7","69.10714285714286","2607.1428571428573","34.05","99","27","8.5"
"1","0","535","20","0","1","1075.375","0","48.25","97","0","7.45"
"3","10","728","0","20","0","0","0","49.75","0","84","0"
"2","5","725","14","6","0.7","64.10714285714286","2607.1428571428573","34.05","99","27","8.5"
"3","10","729","0","20","0","0","0","49.75","0","84","0"
"2","5","726","14","6","0.7","59.107142857142854","2607.1428571428573","34.05","99","27","8.5"
"3","10","730","0","20","0","0","0","49.75","0","84","0"
"1","0","536","20","0","1","1075.375","0","48.25","97","0","7.45"
"3","10","731","0","20","0","0","0","49.75","0","84","0"
"2","5","727","14","6","0.7","54.107142857142854","2607.1428571428573","34.05","99","27","8.5"
"3","10","732","0","20","0","0","0","49.75","0","84","0"
"2","5","728","14","6","0.7","49.107142857142854","2607.1428571428573","34.05","99","27","8.5"
"1","0","537","20","0","1","1075.375","0","48.25","97","0","7.45"
"2","5","729","14","6","0.7","79.82142857142857","2642.8571428571427","34.05","99","27","8.5"
"3","10","733","0","20","0","0","0","49.75","0","84","0"
"2","5","730","14","6","0.7","74.82142857142857","2642.8571428571427","34.05","99","27","8.5"
"1","0","538","20","0","1","1075.375","0","48.25","97","0","7.45"
"3","10","734","0","20","0","0","0","49.75","0","84","0"
"2","5","731","14","6","0.7","105.53571428571429","2678.5714285714284","34.05","99","27","8.5"
"2","5","732","14","6","0.7","100.53571428571429","2678.5714285714284","34.05","99","27","8.5"
"3","10","735","0","20","0","0","0","49.75","0","84","0"
"1","0","539","20","0","1","1075.375","0","48.25","97","0","7.45"
"3","10","736","0","20","0","0","0","49.75","0","84","0"
"2","5","733","14","6","0.7","95.53571428571429","2678.5714285714284","34.05","99","27","8.5"
"1","0","540","20","0","1","1075.375","0","48.25","97","0","7.5"
"2","5","734","14","6","0.7","90.53571428571429","2678.5714285714284","34.05","99","27","8.5"
"3","10","737","0","20","0","0","0","49.75","0","84","0"
"2","5","735","14","6","0.7","85.53571428571429","2678.5714285714284","34.05","99","27","8.5"
"3","10","738","0","20","0","0","0","49.75","0","84","0"
"1","0","541","20","0","1","1075.375","0","48.25","97","0","7.5"
"3","10","739","0","20","0","0","0","49.75","0","84","0"
"2","5","736","14","6","0.7","80.53571428571429","2678.5714285714284","34.05","99","27","8.5"
"1","0","542","20","0","1","1075.375","0","48.25","97","0","7.5"
"3","10","740","0","20","0","0","0","49.75","0","84","0"
"2","5","737","13","7","0.65","81.73076923076923","2692.3076923076924","34.05","89","37","8.384615384615385"
"3","10","741","0","20","0","0","0","49.75","0","84","0"
"1","0","543","20","0","1","1075.375","0","48.25","97","0","7.5"
"2","5","738","13","7","0.65","76.73076923076923","2692.3076923076924","34.05","89","37","8.384615384615385"
"3","10","742","0","20","0","0","0","49.75","0","84","0"
"2","5","739","13","7","0.65","71.73076923076923","2692.3076923076924","34.05","89","37","8.384615384615385"
"1","0","544","20","0","1","1075.375","0","48.25","97","0","7.5"
"3","10","743","0","20","0","0","0","49.75","0","84","0"
"2","5","740","13","7","0.65","66.73076923076923","2692.3076923076924","34.05","89","37","8.384615384615385"
"3","10","744","0","20","0","0","0","49.75","0","84","0"
"1","0","545","20","0","1","1075.375","0","48.25","97","0","7.5"
"2","5","741","13","7","0.65","61.73076923076923","2692.3076923076924","34.05","89","37","8.384615384615385"
"3","10","745","0","20","0","0","0","49.75","0","84","0"
"2","5","742","13","7","0.65","56.73076923076923","2692.3076923076924","34.05","89","37","8.384615384615385"
"1","0","546","20","0","1","1075.375","0","48.25","97","0","7.5"
"2","5","743","12","8","0.6","56.458333333333336","2708.3333333333335","34.05","79","47","8.25"
"3","10","746","0","20","0","0","0","49.75","0","84","0"
"2","5","744","12","8","0.6","51.458333333333336","2708.3333333333335","34.05","79","47","8.25"
"3","10","747","0","20","0","0","0","49.75","0","84","0"
"1","0","547","20","0","1","1075.375","0","48.25","97","0","7.5"
"2","5","745","12","8","0.6","46.458333333333336","2708.3333333333335","34.05","79","47","8.25"
"3","10","748","0","20","0","0","0","49.75","0","84","0"
"2","5","746","12","8","0.6","41.458333333333336","2708.3333333333335","34.05","79","47","8.25"
"1","0","548","20","0","1","1075.375","0","48.25","97","0","7.5"
"2","5","747","12","8","0.6","36.458333333333336","2708.3333333333335","34.05","79","47","8.25"
"3","10","749","0","20","0","0","0","49.75","0","84","0"
"2","5","748","12","8","0.6","31.458333333333332","2708.3333333333335","34.05","79","47","8.25"
"3","10","750","0","20","0","0","0","49.75","0","84","0"
"1","0","549","20","0","1","1075.375","0","48.25","97","0","7.5"
"2","5","749","12","8","0.6","26.458333333333332","2708.3333333333335","34.05","79","47","8.25"
"3","10","751","0","20","0","0","0","49.75","0","84","0"
"1","0","550","20","0","1","1075.375","0","48.25","97","0","7.5"
"3","10","752","0","20","0","0","0","49.75","0","84","0"
"2","5","750","12","8","0.6","21.458333333333332","2708.3333333333335","34.05","79","47","8.25"
"2","5","751","12","8","0.6","16.458333333333332","2708.3333333333335","34.05","79","47","8.25"
"3","10","753","0","20","0","0","0","49.75","0","84","0"
"1","0","551","20","0","1","1075.375","0","48.25","97","0","7.5"
"3","10","754","0","20","0","0","0","49.75","0","84","0"
"2","5","752","12","8","0.6","53.125","2750","34.05","79","47","8.25"
"1","0","552","20","0","1","1075.375","0","48.25","97","0","7.5"
"2","5","753","12","8","0.6","48.125","2750","34.05","79","47","8.25"
"3","10","755","0","20","0","0","0","49.75","0","84","0"
"2","5","754","12","8","0.6","43.125","2750","34.05","79","47","8.25"
"3","10","756","0","20","0","0","0","49.75","0","84","0"
"1","0","553","20","0","1","1075.375","0","48.25","97","0","7.5"
"2","5","755","12","8","0.6","38.125","2750","34.05","79","47","8.25"
"3","10","757","0","20","0","0","0","49.75","0","84","0"
"1","0","554","20","0","1","1075.375","0","48.25","97","0","7.55"
"3","10","758","0","20","0","0","0","49.75","0","84","0"
"2","5","756","12","8","0.6","33.125","2750","34.05","79","47","8.25"
"3","10","759","0","20","0","0","0","49.75","0","84","0"
"2","5","757","12","8","0.6","28.125","2750","34.05","79","47","8.25"
"1","0","555","20","0","1","1075.375","0","48.25","97","0","7.55"
"3","10","760","0","20","0","0","0","49.75","0","84","0"
"2","5","758","12","8","0.6","23.125","2750","34.05","79","47","8.25"
"1","0","556","20","0","1","1075.375","0","48.25","97","0","7.55"
"2","5","759","12","8","0.6","18.125","2750","34.05","79","47","8.25"
"3","10","761","0","20","0","0","0","49.75","0","84","0"
"2","5","760","12","8","0.6","13.125","2750","34.05","79","47","8.25"
"3","10","762","0","20","0","0","0","49.75","0","84","0"
"1","0","557","20","0","1","1075.375","0","48.25","97","0","7.55"
"2","5","761","12","8","0.6","8.125","2750","34.05","79","47","8.25"
"3","10","763","0","20","0","0","0","49.75","0","84","0"
"1","0","558","20","0","1","1075.375","0","48.25","97","0","7.6"
"2","5","762","12","8","0.6","3.125","2750","34.05","79","47","8.25"
"3","10","764","0","20","0","0","0","49.75","0","84","0"
"2","5","763","12","8","0.6","-1.875","2750","34.05","79","47","8.25"
"3","10","765","0","20","0","0","0","49.75","0","84","0"
"1","0","559","20","0","1","1075.375","0","48.25","97","0","7.6"
"2","5","764","12","8","0.6","-6.875","2750","34.05","79","47","8.25"
"3","10","766","0","20","0","0","0","49.75","0","84","0"
"1","0","560","20","0","1","1075.375","0","48.25","97","0","7.6"
"2","5","765","12","8","0.6","-11.875","2750","34.05","79","47","8.25"
"3","10","767","0","20","0","0","0","49.75","0","84","0"
"2","5","766","12","8","0.6","-16.875","2750","34.05","79","47","8.25"
"1","0","561","20","0","1","1075.375","0","48.25","97","0","7.6"
"3","10","768","0","20","0","0","0","49.75","0","84","0"
"2","5","767","12","8","0.6","-21.875","2750","34.05","79","47","8.25"
"3","10","769","0","20","0","0","0","49.75","0","84","0"
"1","0","562","20","0","1","1075.375","0","48.25","97","0","7.6"
"2","5","768","12","8","0.6","-26.875","2750","34.05","79","47","8.25"
"3","10","770","0","20","0","0","0","49.75","0","84","0"
"2","5","769","12","8","0.6","-31.875","2750","34.05","79","47","8.25"
"1","0","563","20","0","1","1075.375","0","48.25","97","0","7.6"
"2","5","770","12","8","0.6","-36.875","2750","34.05","79","47","8.25"
"3","10","771","0","20","0","0","0","49.75","0","84","0"
"1","0","564","20","0","1","1075.375","0","48.25","97","0","7.6"
"2","5","771","12","8","0.6","-41.875","2750","34.05","79","47","8.25"
"3","10","772","0","20","0","0","0","49.75","0","84","0"
"2","5","772","12","8","0.6","-46.875","2750","34.05","79","47","8.25"
"3","10","773","0","20","0","0","0","49.75","0","84","0"
"1","0","565","20","0","1","1075.375","0","48.25","101","0","7.65"
"2","5","773","12","8","0.6","-51.875","2750","34.05","79","47","8.25"
"3","10","774","0","20","0","0","0","49.75","0","84","0"
"2","5","774","12","8","0.6","-56.875","2750","34.05","79","47","8.25"
"7","50","846","0","20","0","0","0","43.7","0","61","0"
"1","0","566","20","0","1","1075.375","0","48.25","101","0","7.65"
"3","10","775","0","20","0","0","0","49.75","0","84","0"
"2","5","775","12","8","0.6","-61.875","2750","34.05","79","47","8.25"
"3","10","776","0","20","0","0","0","49.75","0","84","0"
"1","0","567","20","0","1","1075.375","0","48.25","101","0","7.65"
"2","5","776","12","8","0.6","-66.875","2750","34.05","79","47","8.25"
"7","50","847","0","20","0","0","0","43.7","0","61","0"
"3","10","777","0","20","0","0","0","49.75","0","84","0"
"2","5","777","12","8","0.6","-71.875","2750","34.05","79","47","8.25"
"7","50","848","0","20","0","0","0","43.7","0","61","0"
"1","0","568","20","0","1","1075.375","0","48.25","101","0","7.65"
"2","5","778","12","8","0.6","-76.875","2750","34.05","79","47","8.25"
"7","50","849","0","20","0","0","0","43.7","0","61","0"
"3","10","778","0","20","0","0","0","49.75","0","84","0"
"7","50","850","0","20","0","0","0","43.7","0","61","0"
"1","0","569","20","0","1","1075.375","0","48.25","101","0","7.65"
"2","5","779","12","8","0.6","-81.875","2750","34.05","79","47","8.25"
"3","10","779","0","20","0","0","0","49.75","0","84","0"
"7","50","851","0","20","0","0","0","43.7","0","61","0"
"2","5","780","12","8","0.6","-86.875","2750","34.05","79","47","8.25"
"7","50","852","0","20","0","0","0","43.7","0","61","0"
"3","10","780","0","20","0","0","0","49.75","0","84","0"
"1","0","570","20","0","1","1075.375","0","48.25","101","0","7.65"
"7","50","853","0","20","0","0","0","43.7","0","61","0"
"2","5","781","12","8","0.6","-91.875","2750","34.05","79","47","8.25"
"3","10","781","0","20","0","0","0","49.75","0","84","0"
"7","50","854","0","20","0","0","0","43.7","0","61","0"
"1","0","571","20","0","1","1075.375","0","48.25","101","0","7.65"
"2","5","782","12","8","0.6","-96.875","2750","34.05","79","47","8.25"
"7","50","855","0","20","0","0","0","43.7","0","61","0"
"3","10","782","0","20","0","0","0","49.75","0","84","0"
"2","5","783","12","8","0.6","-101.875","2750","34.05","79","47","8.25"
"1","0","572","20","0","1","1075.375","0","48.25","101","0","7.65"
"3","10","783","0","20","0","0","0","49.75","0","84","0"
"7","50","856","0","20","0","0","0","43.7","0","61","0"
"2","5","784","12","8","0.6","-106.875","2750","34.05","79","47","8.25"
"7","50","857","0","20","0","0","0","43.7","0","61","0"
"3","10","784","0","20","0","0","0","49.75","0","84","0"
"1","0","573","20","0","1","1075.375","0","48.25","101","0","7.65"
"2","5","785","12","8","0.6","-111.875","2750","34.05","79","47","8.25"
"7","50","858","0","20","0","0","0","43.7","0","61","0"
"3","10","785","0","20","0","0","0","49.75","0","84","0"
"7","50","859","0","20","0","0","0","43.7","0","61","0"
"2","5","786","12","8","0.6","-116.875","2750","34.05","79","47","8.25"
"3","10","786","0","20","0","0","0","49.75","0","84","0"
"1","0","574","20","0","1","1075.375","0","48.25","101","0","7.65"
"7","50","860","0","20","0","0","0","43.7","0","61","0"
"2","5","787","12","8","0.6","-121.875","2750","34.05","79","47","8.25"
"3","10","787","0","20","0","0","0","49.75","0","84","0"
"7","50","861","0","20","0","0","0","43.7","0","61","0"
"2","5","788","12","8","0.6","-126.875","2750","34.05","79","47","8.25"
"1","0","575","20","0","1","1075.375","0","48.25","101","0","7.65"
"7","50","862","0","20","0","0","0","43.7","0","61","0"
"2","5","789","12","8","0.6","-131.875","2750","34.05","79","47","8.25"
"3","10","788","0","20","0","0","0","49.75","0","84","0"
"7","50","863","0","20","0","0","0","43.7","0","61","0"
"1","0","576","20","0","1","1075.375","0","48.25","101","0","7.65"
"3","10","789","0","20","0","0","0","49.75","0","84","0"
"2","5","790","12","8","0.6","-136.875","2750","34.05","79","47","8.25"
"7","50","864","0","20","0","0","0","43.7","0","61","0"
"7","50","865","0","20","0","0","0","43.7","0","61","0"
"2","5","791","12","8","0.6","-141.875","2750","34.05","79","47","8.25"
"3","10","790","0","20","0","0","0","49.75","0","84","0"
"1","0","577","20","0","1","1075.375","0","48.25","101","0","7.65"
"7","50","866","0","20","0","0","0","43.7","0","61","0"
"2","5","792","12","8","0.6","-146.875","2750","34.05","79","47","8.25"
"3","10","791","0","20","0","0","0","49.75","0","84","0"
"7","50","867","0","20","0","0","0","43.7","0","61","0"
"1","0","578","20","0","1","1075.375","0","48.25","101","0","7.65"
"2","5","793","12","8","0.6","-151.875","2750","34.05","79","47","8.25"
"7","50","868","0","20","0","0","0","43.7","0","61","0"
"3","10","792","0","20","0","0","0","49.75","0","84","0"
"2","5","794","12","8","0.6","-156.875","2750","34.05","79","47","8.25"
"7","50","869","0","20","0","0","0","43.7","0","61","0"
"1","0","579","20","0","1","1075.375","0","48.25","101","0","7.65"
"3","10","793","0","20","0","0","0","49.75","0","84","0"
"2","5","795","12","8","0.6","-161.875","2750","34.05","79","47","8.25"
"7","50","870","0","20","0","0","0","43.7","0","61","0"
"3","10","794","0","20","0","0","0","49.75","0","84","0"
"1","0","580","20","0","1","1075.375","0","48.25","101","0","7.65"
"2","5","796","12","8","0.6","-166.875","2750","34.05","79","47","8.25"
"7","50","871","0","20","0","0","0","43.7","0","61","0"
"3","10","795","0","20","0","0","0","49.75","0","84","0"
"7","50","872","0","20","0","0","0","43.7","0","61","0"
"2","5","797","12","8","0.6","-171.875","2750","34.05","79","47","8.25"
"1","0","581","20","0","1","1075.375","0","48.25","101","0","7.65"
"3","10","796","0","20","0","0","0","49.75","0","84","0"
"7","50","873","0","20","0","0","0","43.7","0","61","0"
"2","5","798","12","8","0.6","-176.875","2750","34.05","79","47","8.25"
"7","50","874","0","20","0","0","0","43.7","0","61","0"
"3","10","797","0","20","0","0","0","49.75","0","84","0"
"1","0","582","20","0","1","1075.375","0","48.25","101","0","7.65"
"2","5","799","12","8","0.6","-181.875","2750","34.05","79","47","8.25"
"3","10","798","0","20","0","0","0","49.75","0","84","0"
"7","50","875","0","20","0","0","0","43.7","0","61","0"
"2","5","800","12","8","0.6","-186.875","2750","34.05","79","47","8.25"
"1","0","583","20","0","1","1075.375","0","48.25","101","0","7.65"
"3","10","799","0","20","0","0","0","49.75","0","84","0"
"7","50","876","0","20","0","0","0","43.7","0","61","0"
"2","5","801","12","8","0.6","16.458333333333332","2958.3333333333335","34.05","79","47","8.25"
"7","50","877","0","20","0","0","0","43.7","0","61","0"
"3","10","800","0","20","0","0","0","49.75","0","84","0"
"1","0","584","20","0","1","1075.375","0","48.25","101","0","7.65"
"2","5","802","12","8","0.6","11.458333333333334","2958.3333333333335","34.05","79","47","8.25"
"7","50","878","0","20","0","0","0","43.7","0","61","0"
"3","10","801","0","20","0","0","0","49.75","0","84","0"
"2","5","803","12","8","0.6","6.458333333333333","2958.3333333333335","34.05","79","47","8.25"
"7","50","879","0","20","0","0","0","43.7","0","61","0"
"1","0","585","20","0","1","1075.375","0","48.25","101","0","7.65"
"3","10","802","0","20","0","0","0","49.75","0","84","0"
"2","5","804","12","8","0.6","1.4583333333333333","2958.3333333333335","34.05","79","47","8.25"
"7","50","880","0","20","0","0","0","43.7","0","61","0"
"3","10","803","0","20","0","0","0","49.75","0","84","0"
"7","50","881","0","20","0","0","0","43.7","0","61","0"
"1","0","586","20","0","1","1075.375","0","48.25","101","0","7.65"
"2","5","805","12","8","0.6","-3.5416666666666665","2958.3333333333335","34.05","79","47","8.25"
"3","10","804","0","20","0","0","0","49.75","0","84","0"
"7","50","882","0","20","0","0","0","43.7","0","61","0"
"2","5","806","12","8","0.6","-8.541666666666666","2958.3333333333335","34.05","79","47","8.25"
"1","0","587","20","0","1","1075.375","0","48.25","101","0","7.65"
"3","10","805","0","20","0","0","0","49.75","0","84","0"
"7","50","883","0","20","0","0","0","43.7","0","61","0"
"2","5","807","11","9","0.55","-14.318181818181818","2954.5454545454545","34.05","72","54","8.272727272727273"
"7","50","884","0","20","0","0","0","43.7","0","61","0"
"3","10","806","0","20","0","0","0","49.75","0","84","0"
"1","0","588","20","0","1","1075.375","0","48.25","101","0","7.65"
"2","5","808","11","9","0.55","-19.318181818181817","2954.5454545454545","34.05","72","54","8.272727272727273"
"7","50","885","0","20","0","0","0","43.7","0","61","0"
"3","10","807","0","20","0","0","0","49.75","0","84","0"
"2","5","809","11","9","0.55","-24.318181818181817","2954.5454545454545","34.05","72","54","8.272727272727273"
"7","50","886","0","20","0","0","0","43.7","0","61","0"
"1","0","589","20","0","1","1075.375","0","48.25","101","0","7.65"
"3","10","808","0","20","0","0","0","49.75","0","84","0"
"7","50","887","0","20","0","0","0","43.7","0","61","0"
"2","5","810","11","9","0.55","-29.318181818181817","2954.5454545454545","34.05","72","54","8.272727272727273"
"7","50","888","0","20","0","0","0","43.7","0","61","0"
"3","10","809","0","20","0","0","0","49.75","0","84","0"
"1","0","590","20","0","1","1075.375","0","48.25","101","0","7.65"
"2","5","811","11","9","0.55","-34.31818181818182","2954.5454545454545","34.05","72","54","8.272727272727273"
"7","50","889","0","20","0","0","0","43.7","0","61","0"
"3","10","810","0","20","0","0","0","49.75","0","84","0"
"2","5","812","11","9","0.55","-39.31818181818182","2954.5454545454545","34.05","72","54","8.272727272727273"
"1","0","591","20","0","1","1075.375","0","48.25","101","0","7.65"
"7","50","890","0","20","0","0","0","43.7","0","61","0"
"3","10","811","0","20","0","0","0","49.75","0","84","0"
"2","5","813","10","10","0.5","-48.25","2950","34.05","62","64","8.1"
"7","50","891","0","20","0","0","0","43.7","0","61","0"
"3","10","812","0","20","0","0","0","49.75","0","84","0"
"1","0","592","20","0","1","1075.375","0","48.25","101","0","7.65"
"2","5","814","10","10","0.5","-53.25","2950","34.05","62","64","8.1"
"7","50","892","0","20","0","0","0","43.7","0","61","0"
"3","10","813","0","20","0","0","0","49.75","0","84","0"
"2","5","815","10","10","0.5","-58.25","2950","34.05","62","64","8.1"
"7","50","893","0","20","0","0","0","43.7","0","61","0"
"1","0","593","20","0","1","1075.375","0","48.25","101","0","7.65"
"3","10","814","0","20","0","0","0","49.75","0","84","0"
"2","5","816","10","10","0.5","-63.25","2950","34.05","62","64","8.1"
"7","50","894","0","20","0","0","0","43.7","0","61","0"
"3","10","815","0","20","0","0","0","49.75","0","84","0"
"1","0","594","20","0","1","1075.375","0","48.25","101","0","7.65"
"2","5","817","10","10","0.5","-68.25","2950","34.05","62","64","8.1"
"7","50","895","0","20","0","0","0","43.7","0","61","0"
"3","10","816","0","20","0","0","0","49.75","0","84","0"
"7","50","896","0","20","0","0","0","43.7","0","61","0"
"2","5","818","10","10","0.5","-73.25","2950","34.05","62","64","8.1"
"1","0","595","20","0","1","1075.375","0","48.25","101","0","7.65"
"3","10","817","0","20","0","0","0","49.75","0","84","0"
"7","50","897","0","20","0","0","0","43.7","0","61","0"
"2","5","819","9","11","0.45","-86.38888888888889","2944.4444444444443","34.05","58","68","8.11111111111111"
"7","50","898","0","20","0","0","0","43.7","0","61","0"
"3","10","818","0","20","0","0","0","49.75","0","84","0"
"1","0","596","20","0","1","1075.375","0","48.25","101","0","7.65"
"2","5","820","9","11","0.45","-91.38888888888889","2944.4444444444443","34.05","58","68","8.11111111111111"
"7","50","899","0","20","0","0","0","43.7","0","61","0"
"3","10","819","0","20","0","0","0","49.75","0","84","0"
"2","5","821","9","11","0.45","-96.38888888888889","2944.4444444444443","34.05","58","68","8.11111111111111"
"7","50","900","0","20","0","0","0","43.7","0","61","0"
"1","0","597","20","0","1","1075.375","0","48.25","101","0","7.65"
"3","10","820","0","20","0","0","0","49.75","0","84","0"
"7","50","901","0","20","0","0","0","43.7","0","61","0"
"2","5","822","9","11","0.45","-101.38888888888889","2944.4444444444443","34.05","58","68","8.11111111111111"
"3","10","821","0","20","0","0","0","49.75","0","84","0"
"7","50","902","0","20","0","0","0","43.7","0","61","0"
"1","0","598","20","0","1","1075.375","0","48.25","101","0","7.65"
"2","5","823","9","11","0.45","-106.38888888888889","2944.4444444444443","34.05","58","68","8.11111111111111"
"7","50","903","0","20","0","0","0","43.7","0","61","0"
"3","10","822","0","20","0","0","0","49.75","0","84","0"
"2","5","824","9","11","0.45","-111.38888888888889","2944.4444444444443","34.05","58","68","8.11111111111111"
"7","50","904","0","20","0","0","0","43.7","0","61","0"
"1","0","599","20","0","1","1075.375","0","48.25","101","0","7.65"
"3","10","823","0","20","0","0","0","49.75","0","84","0"
"2","5","825","9","11","0.45","-116.38888888888889","2944.4444444444443","34.05","58","68","8.11111111111111"
"7","50","905","0","20","0","0","0","43.7","0","61","0"
"2","5","826","9","11","0.45","-121.38888888888889","2944.4444444444443","34.05","58","68","8.11111111111111"
"3","10","824","0","20","0","0","0","49.75","0","84","0"
"1","0","600","20","0","1","1075.375","0","48.25","101","0","7.65"
"7","50","906","0","20","0","0","0","43.7","0","61","0"
"3","10","825","0","20","0","0","0","49.75","0","84","0"
"2","5","827","9","11","0.45","-126.38888888888889","2944.4444444444443","34.05","58","68","8.11111111111111"
"7","50","907","0","20","0","0","0","43.7","0","61","0"
"1","0","601","20","0","1","1075.375","0","48.25","101","0","7.65"
"3","10","826","0","20","0","0","0","49.75","0","84","0"
"2","5","828","9","11","0.45","-131.38888888888889","2944.4444444444443","34.05","58","68","8.11111111111111"
"7","50","908","0","20","0","0","0","43.7","0","61","0"
"2","5","829","8","12","0.4","-153.125","2937.5","34.05","48","78","8"
"3","10","827","0","20","0","0","0","49.75","0","84","0"
"1","0","602","20","0","1","1075.375","0","48.25","101","0","7.65"
"7","50","909","0","20","0","0","0","43.7","0","61","0"
"2","5","830","8","12","0.4","-158.125","2937.5","34.05","48","78","8.125"
"3","10","828","0","20","0","0","0","49.75","0","84","0"
"7","50","910","0","20","0","0","0","43.7","0","61","0"
"2","5","831","7","13","0.35","-185.71428571428572","2928.5714285714284","34.05","41","85","8"
"7","50","911","0","20","0","0","0","43.7","0","61","0"
"3","10","829","0","20","0","0","0","49.75","0","84","0"
"2","5","832","7","13","0.35","-190.71428571428572","2928.5714285714284","34.05","41","85","8"
"7","50","912","0","20","0","0","0","43.7","0","61","0"
"3","10","830","0","20","0","0","0","49.75","0","84","0"
"2","5","833","7","13","0.35","-195.71428571428572","2928.5714285714284","34.05","41","85","8"
"7","50","913","0","20","0","0","0","43.7","0","61","0"
"3","10","831","0","20","0","0","0","49.75","0","84","0"
"2","5","834","7","13","0.35","-200.71428571428572","2928.5714285714284","34.05","41","85","8"
"7","50","914","0","20","0","0","0","43.7","0","61","0"
"3","10","832","0","20","0","0","0","49.75","0","84","0"
"2","5","835","7","13","0.35","-205.71428571428572","2928.5714285714284","34.05","41","85","8"
"7","50","915","0","20","0","0","0","43.7","0","61","0"
"3","10","833","0","20","0","0","0","49.75","0","84","0"
"3","10","834","0","20","0","0","0","49.75","0","84","0"
"7","50","916","0","20","0","0","0","43.7","0","61","0"
"2","5","836","7","13","0.35","-210.71428571428572","2928.5714285714284","34.05","41","85","8"
"3","10","835","0","20","0","0","0","49.75","0","84","0"
"7","50","917","0","20","0","0","0","43.7","0","61","0"
"2","5","837","7","13","0.35","-215.71428571428572","2928.5714285714284","34.05","41","85","8"
"7","50","918","0","20","0","0","0","43.7","0","61","0"
"1","0","603","20","0","1","1075.375","0","48.25","101","0","7.65"
"3","10","836","0","20","0","0","0","49.75","0","84","0"
"2","5","838","7","13","0.35","-220.71428571428572","2928.5714285714284","34.05","41","85","8"
"7","50","919","0","20","0","0","0","43.7","0","61","0"
"3","10","837","0","20","0","0","0","49.75","0","84","0"
"1","0","604","20","0","1","1075.375","0","48.25","101","0","7.65"
"2","5","839","7","13","0.35","-225.71428571428572","2928.5714285714284","34.05","41","85","8"
"3","10","838","0","20","0","0","0","49.75","0","84","0"
"7","50","920","0","20","0","0","0","43.7","0","61","0"
"1","0","605","20","0","1","1075.375","0","48.25","101","0","7.65"
"2","5","840","7","13","0.35","-230.71428571428572","2928.5714285714284","34.05","41","85","8"
"3","10","839","0","20","0","0","0","49.75","0","84","0"
"7","50","921","0","20","0","0","0","43.7","0","61","0"
"3","10","840","0","20","0","0","0","49.75","0","84","0"
"2","5","841","7","13","0.35","-235.71428571428572","2928.5714285714284","34.05","41","85","8"
"7","50","922","0","20","0","0","0","43.7","0","61","0"
"1","0","606","20","0","1","1075.375","0","48.25","101","0","7.65"
"3","10","841","0","20","0","0","0","49.75","0","84","0"
"7","50","923","0","20","0","0","0","43.7","0","61","0"
"2","5","842","7","13","0.35","-240.71428571428572","2928.5714285714284","34.05","41","85","8"
"7","50","924","0","20","0","0","0","43.7","0","61","0"
"1","0","607","20","0","1","1075.375","0","48.25","101","0","7.65"
"3","10","842","0","20","0","0","0","49.75","0","84","0"
"7","50","925","0","20","0","0","0","43.7","0","61","0"
"2","5","843","7","13","0.35","-245.71428571428572","2928.5714285714284","34.05","41","85","8"
"3","10","843","0","20","0","0","0","49.75","0","84","0"
"7","50","926","0","20","0","0","0","43.7","0","61","0"
"1","0","608","20","0","1","1075.375","0","48.25","101","0","7.65"
"7","50","927","0","20","0","0","0","43.7","0","61","0"
"3","10","844","0","20","0","0","0","49.75","0","84","0"
"2","5","844","7","13","0.35","-250.71428571428572","2928.5714285714284","34.05","41","85","8"
"7","50","928","0","20","0","0","0","43.7","0","61","0"
"2","5","845","7","13","0.35","-255.71428571428572","2928.5714285714284","34.05","41","85","8"
"1","0","609","20","0","1","1075.375","0","48.25","101","0","7.65"
"7","50","929","0","20","0","0","0","43.7","0","61","0"
"3","10","845","0","20","0","0","0","49.75","0","84","0"
"2","5","846","7","13","0.35","-260.7142857142857","2928.5714285714284","34.05","41","85","8"
"7","50","930","0","20","0","0","0","43.7","0","61","0"
"3","10","846","0","20","0","0","0","49.75","0","84","0"
"7","50","931","0","20","0","0","0","43.7","0","61","0"
"2","5","847","7","13","0.35","-265.7142857142857","2928.5714285714284","34.05","41","85","8"
"1","0","610","20","0","1","1075.375","0","48.25","101","0","7.65"
"7","50","932","0","20","0","0","0","43.7","0","61","0"
"3","10","847","0","20","0","0","0","49.75","0","84","0"
"2","5","848","7","13","0.35","-270.7142857142857","2928.5714285714284","34.05","41","85","8"
"7","50","933","0","20","0","0","0","43.7","0","61","0"
"1","0","611","20","0","1","1075.375","0","48.25","101","0","7.65"
"2","5","849","7","13","0.35","-275.7142857142857","2928.5714285714284","34.05","41","85","8"
"3","10","848","0","20","0","0","0","49.75","0","84","0"
"7","50","934","0","20","0","0","0","43.7","0","61","0"
"2","5","850","7","13","0.35","-280.7142857142857","2928.5714285714284","34.05","41","85","8"
"3","10","849","0","20","0","0","0","49.75","0","84","0"
"7","50","935","0","20","0","0","0","43.7","0","61","0"
"1","0","612","20","0","1","1075.375","0","48.25","101","0","7.65"
"7","50","936","0","20","0","0","0","43.7","0","61","0"
"2","5","851","7","13","0.35","-285.7142857142857","2928.5714285714284","34.05","41","85","8"
"3","10","850","0","20","0","0","0","49.75","0","84","0"
"7","50","937","0","20","0","0","0","43.7","0","61","0"
"1","0","613","20","0","1","1075.375","0","48.25","101","0","7.65"
"3","10","851","0","20","0","0","0","49.75","0","84","0"
"2","5","852","7","13","0.35","-219.28571428571428","3000","34.05","41","85","8"
"7","50","938","0","20","0","0","0","43.7","0","61","0"
"7","50","939","0","20","0","0","0","43.7","0","61","0"
"2","5","853","7","13","0.35","-224.28571428571428","3000","34.05","41","85","8"
"3","10","852","0","20","0","0","0","49.75","0","84","0"
"1","0","614","20","0","1","1075.375","0","48.25","101","0","7.65"
"7","50","940","0","20","0","0","0","43.7","0","61","0"
"2","5","854","7","13","0.35","-229.28571428571428","3000","34.05","41","85","8"
"3","10","853","0","20","0","0","0","49.75","0","84","0"
"7","50","941","0","20","0","0","0","43.7","0","61","0"
"2","5","855","7","13","0.35","-234.28571428571428","3000","34.05","41","85","8"
"7","50","942","0","20","0","0","0","43.7","0","61","0"
"1","0","615","20","0","1","1075.375","0","48.25","101","0","7.65"
"3","10","854","0","20","0","0","0","49.75","0","84","0"
"2","5","856","7","13","0.35","-239.28571428571428","3000","34.05","41","85","8"
"7","50","943","0","20","0","0","0","43.7","0","61","0"
"2","5","857","7","13","0.35","-244.28571428571428","3000","34.05","41","85","8"
"7","50","944","0","20","0","0","0","43.7","0","61","0"
"3","10","855","0","20","0","0","0","49.75","0","84","0"
"1","0","616","20","0","1","1075.375","0","48.25","101","0","7.65"
"7","50","945","0","20","0","0","0","43.7","0","61","0"
"3","10","856","0","20","0","0","0","49.75","0","84","0"
"2","5","858","7","13","0.35","-249.28571428571428","3000","34.05","41","85","8"
"7","50","946","0","20","0","0","0","43.7","0","61","0"
"2","5","859","7","13","0.35","-254.28571428571428","3000","34.05","41","85","8"
"1","0","617","20","0","1","1075.375","0","48.25","101","0","7.65"
"7","50","947","0","20","0","0","0","43.7","0","61","0"
"3","10","857","0","20","0","0","0","49.75","0","84","0"
"2","5","860","7","13","0.35","-259.2857142857143","3000","34.05","41","85","8"
"7","50","948","0","20","0","0","0","43.7","0","61","0"
"3","10","858","0","20","0","0","0","49.75","0","84","0"
"1","0","618","20","0","1","1075.375","0","48.25","101","0","7.65"
"2","5","861","7","13","0.35","-264.2857142857143","3000","34.05","41","85","8"
"7","50","949","0","20","0","0","0","43.7","0","61","0"
"3","10","859","0","20","0","0","0","49.75","0","84","0"
"2","5","862","7","13","0.35","-269.2857142857143","3000","34.05","41","85","8"
"7","50","950","0","20","0","0","0","43.7","0","61","0"
"1","0","619","20","0","1","1075.375","0","48.25","101","0","7.65"
"3","10","860","0","20","0","0","0","49.75","0","84","0"
"2","5","863","7","13","0.35","-274.2857142857143","3000","34.05","41","85","8"
"7","50","951","0","20","0","0","0","43.7","0","61","0"
"3","10","861","0","20","0","0","0","49.75","0","84","0"
"1","0","620","20","0","1","1075.375","0","48.25","101","0","7.65"
"2","5","864","7","13","0.35","-279.2857142857143","3000","34.05","41","85","8"
"7","50","952","0","20","0","0","0","43.7","0","61","0"
"3","10","862","0","20","0","0","0","49.75","0","84","0"
"2","5","865","7","13","0.35","-284.2857142857143","3000","34.05","41","85","8"
"1","0","621","20","0","1","1075.375","0","48.25","101","0","7.65"
"7","50","953","0","20","0","0","0","43.7","0","61","0"
"3","10","863","0","20","0","0","0","49.75","0","84","0"
"2","5","866","7","13","0.35","-289.2857142857143","3000","34.05","41","85","8"
"3","10","864","0","20","0","0","0","49.75","0","84","0"
"2","5","867","7","13","0.35","-294.2857142857143","3000","34.05","41","85","8"
"7","50","954","0","20","0","0","0","43.7","0","61","0"
"1","0","622","20","0","1","1075.375","0","48.25","101","0","7.65"
"3","10","865","0","20","0","0","0","49.75","0","84","0"
"2","5","868","7","13","0.35","-299.2857142857143","3000","34.05","41","85","8"
"7","50","955","0","20","0","0","0","43.7","0","61","0"
"2","5","869","7","13","0.35","-304.2857142857143","3000","34.05","41","85","8"
"3","10","866","0","20","0","0","0","49.75","0","84","0"
"1","0","623","20","0","1","1075.375","0","48.25","101","0","7.65"
"3","10","867","0","20","0","0","0","49.75","0","84","0"
"2","5","870","7","13","0.35","-309.2857142857143","3000","34.05","41","85","8"
"7","50","956","0","20","0","0","0","43.7","0","61","0"
"2","5","871","7","13","0.35","-314.2857142857143","3000","34.05","41","85","8"
"3","10","868","0","20","0","0","0","49.75","0","84","0"
"1","0","624","20","0","1","1075.375","0","48.25","101","0","7.65"
"7","50","957","0","20","0","0","0","43.7","0","61","0"
"3","10","869","0","20","0","0","0","49.75","0","84","0"
"2","5","872","7","13","0.35","-319.2857142857143","3000","34.05","41","85","8"
"2","5","873","7","13","0.35","-324.2857142857143","3000","34.05","41","85","8"
"3","10","870","0","20","0","0","0","49.75","0","84","0"
"7","50","958","0","20","0","0","0","43.7","0","61","0"
"1","0","625","20","0","1","1075.375","0","48.25","101","0","7.65"
"3","10","871","0","20","0","0","0","49.75","0","84","0"
"2","5","874","7","13","0.35","-329.2857142857143","3000","34.05","41","85","8"
"7","50","959","0","20","0","0","0","43.7","0","61","0"
"2","5","875","7","13","0.35","-334.2857142857143","3000","34.05","41","85","8"
"3","10","872","0","20","0","0","0","49.75","0","84","0"
"1","0","626","20","0","1","1075.375","0","48.25","101","0","7.65"
"3","10","873","0","20","0","0","0","49.75","0","84","0"
"2","5","876","7","13","0.35","-339.2857142857143","3000","34.05","41","85","8"
"7","50","960","0","20","0","0","0","43.7","0","61","0"
"2","5","877","7","13","0.35","-344.2857142857143","3000","34.05","41","85","8"
"3","10","874","0","20","0","0","0","49.75","0","84","0"
"1","0","627","20","0","1","1075.375","0","48.25","101","0","7.65"
"7","50","961","0","20","0","0","0","43.7","0","61","0"
"3","10","875","0","20","0","0","0","49.75","0","84","0"
"2","5","878","7","13","0.35","-349.2857142857143","3000","34.05","41","85","8"
"7","50","962","0","20","0","0","0","43.7","0","61","0"
"2","5","879","7","13","0.35","-354.2857142857143","3000","34.05","41","85","8"
"3","10","876","0","20","0","0","0","49.75","0","84","0"
"1","0","628","20","0","1","1075.375","0","48.25","101","0","7.65"
"3","10","877","0","20","0","0","0","49.75","0","84","0"
"2","5","880","7","13","0.35","-359.2857142857143","3000","34.05","41","85","8"
"7","50","963","0","20","0","0","0","43.7","0","61","0"
"3","10","878","0","20","0","0","0","49.75","0","84","0"
"1","0","629","20","0","1","1075.375","0","48.25","101","0","7.65"
"2","5","881","7","13","0.35","-364.2857142857143","3000","34.05","41","85","8"
"3","10","879","0","20","0","0","0","49.75","0","84","0"
"7","50","964","0","20","0","0","0","43.7","0","61","0"
"2","5","882","7","13","0.35","-369.2857142857143","3000","34.05","41","85","8"
"1","0","630","20","0","1","1075.375","0","48.25","101","0","7.65"
"2","5","883","7","13","0.35","-374.2857142857143","3000","34.05","41","85","8"
"7","50","965","0","20","0","0","0","43.7","0","61","0"
"3","10","880","0","20","0","0","0","49.75","0","84","0"
"2","5","884","7","13","0.35","-379.2857142857143","3000","34.05","41","85","8"
"1","0","631","20","0","1","1075.375","0","48.25","101","0","7.65"
"2","5","885","7","13","0.35","-384.2857142857143","3000","34.05","41","85","8"
"3","10","881","0","20","0","0","0","49.75","0","84","0"
"7","50","966","0","20","0","0","0","43.7","0","61","0"
"2","5","886","7","13","0.35","-389.2857142857143","3000","34.05","41","85","8"
"1","0","632","20","0","1","1075.375","0","48.25","101","0","7.65"
"3","10","882","0","20","0","0","0","49.75","0","84","0"
"7","50","967","0","20","0","0","0","43.7","0","61","0"
"2","5","887","7","13","0.35","-394.2857142857143","3000","34.05","41","85","8"
"3","10","883","0","20","0","0","0","49.75","0","84","0"
"1","0","633","20","0","1","1075.375","0","48.25","101","0","7.65"
"7","50","968","0","20","0","0","0","43.7","0","61","0"
"2","5","888","7","13","0.35","-399.2857142857143","3000","34.05","41","85","8"
"3","10","884","0","20","0","0","0","49.75","0","84","0"
"2","5","889","7","13","0.35","-404.2857142857143","3000","34.05","41","85","8"
"1","0","634","20","0","1","1075.375","0","48.25","101","0","7.65"
"7","50","969","0","20","0","0","0","43.7","0","61","0"
"2","5","890","7","13","0.35","-409.2857142857143","3000","34.05","41","85","8"
"3","10","885","0","20","0","0","0","49.75","0","84","0"
"1","0","635","20","0","1","1075.375","0","48.25","101","0","7.65"
"7","50","970","0","20","0","0","0","43.7","0","61","0"
"2","5","891","7","13","0.35","-414.2857142857143","3000","34.05","41","85","8"
"3","10","886","0","20","0","0","0","49.75","0","84","0"
"2","5","892","7","13","0.35","-419.2857142857143","3000","34.05","41","85","8"
"3","10","887","0","20","0","0","0","49.75","0","84","0"
"1","0","636","20","0","1","1075.375","0","48.25","101","0","7.65"
"7","50","971","0","20","0","0","0","43.7","0","61","0"
"2","5","893","7","13","0.35","-424.2857142857143","3000","34.05","41","85","8"
"3","10","888","0","20","0","0","0","49.75","0","84","0"
"1","0","637","20","0","1","1075.375","0","48.25","101","0","7.65"
"7","50","972","0","20","0","0","0","43.7","0","61","0"
"2","5","894","7","13","0.35","-429.2857142857143","3000","34.05","41","85","8"
"3","10","889","0","20","0","0","0","49.75","0","84","0"
"2","5","895","7","13","0.35","-434.2857142857143","3000","34.05","41","85","8"
"3","10","890","0","20","0","0","0","49.75","0","84","0"
"1","0","638","20","0","1","1075.375","0","48.25","101","0","7.65"
"7","50","973","0","20","0","0","0","43.7","0","61","0"
"2","5","896","7","13","0.35","-439.2857142857143","3000","34.05","41","85","8"
"3","10","891","0","20","0","0","0","49.75","0","84","0"
"1","0","639","20","0","1","1075.375","0","48.25","101","0","7.65"
"7","50","974","0","20","0","0","0","43.7","0","61","0"
"2","5","897","7","13","0.35","-444.2857142857143","3000","34.05","41","85","8"
"3","10","892","0","20","0","0","0","49.75","0","84","0"
"2","5","898","7","13","0.35","-449.2857142857143","3000","34.05","41","85","8"
"3","10","893","0","20","0","0","0","49.75","0","84","0"
"1","0","640","20","0","1","1075.375","0","48.25","101","0","7.65"
"2","5","899","7","13","0.35","-454.2857142857143","3000","34.05","41","85","8"
"7","50","975","0","20","0","0","0","43.7","0","61","0"
"3","10","894","0","20","0","0","0","49.75","0","84","0"
"2","5","900","7","13","0.35","-459.2857142857143","3000","34.05","41","85","8"
"3","10","895","0","20","0","0","0","49.75","0","84","0"
"2","5","901","6","14","0.3","-207.5","3250","34.05","38","88","8.166666666666666"
"1","0","641","20","0","1","1075.375","0","48.25","101","0","7.65"
"7","50","976","0","20","0","0","0","43.7","0","61","0"
"2","5","902","6","14","0.3","-212.5","3250","34.05","38","88","8.166666666666666"
"3","10","896","0","20","0","0","0","49.75","0","84","0"
"2","5","903","6","14","0.3","-217.5","3250","34.05","38","88","8.166666666666666"
"1","0","642","20","0","1","1075.375","0","48.25","101","0","7.65"
"3","10","897","0","20","0","0","0","49.75","0","84","0"
"7","50","977","0","20","0","0","0","43.7","0","61","0"
"2","5","904","6","14","0.3","-222.5","3250","34.05","38","88","8.166666666666666"
"3","10","898","0","20","0","0","0","49.75","0","84","0"
"2","5","905","6","14","0.3","-227.5","3250","34.05","38","88","8.166666666666666"
"1","0","643","20","0","1","1075.375","0","48.25","101","0","7.65"
"7","50","978","0","20","0","0","0","43.7","0","61","0"
"2","5","906","6","14","0.3","-232.5","3250","34.05","38","88","8.166666666666666"
"3","10","899","0","20","0","0","0","49.75","0","84","0"
"2","5","907","6","14","0.3","-237.5","3250","34.05","38","88","8.166666666666666"
"1","0","644","20","0","1","1075.375","0","48.25","101","0","7.65"
"7","50","979","0","20","0","0","0","43.7","0","61","0"
"3","10","900","0","20","0","0","0","49.75","0","84","0"
"2","5","908","6","14","0.3","-242.5","3250","34.05","38","88","8.166666666666666"
"3","10","901","0","20","0","0","0","49.75","0","84","0"
"2","5","909","6","14","0.3","-247.5","3250","34.05","38","88","8.166666666666666"
"1","0","645","20","0","1","1075.375","0","48.25","101","0","7.65"
"7","50","980","0","20","0","0","0","43.7","0","61","0"
"2","5","910","6","14","0.3","-252.5","3250","34.05","38","88","8.166666666666666"
"3","10","902","0","20","0","0","0","49.75","0","84","0"
"2","5","911","6","14","0.3","-257.5","3250","34.05","38","88","8.166666666666666"
"1","0","646","20","0","1","1075.375","0","48.25","101","0","7.65"
"3","10","903","0","20","0","0","0","49.75","0","84","0"
"7","50","981","0","20","0","0","0","43.7","0","61","0"
"2","5","912","6","14","0.3","-262.5","3250","34.05","38","88","8.166666666666666"
"3","10","904","0","20","0","0","0","49.75","0","84","0"
"2","5","913","6","14","0.3","-267.5","3250","34.05","38","88","8.166666666666666"
"1","0","647","20","0","1","1075.375","0","48.25","101","0","7.65"
"7","50","982","0","20","0","0","0","43.7","0","61","0"
"2","5","914","6","14","0.3","-272.5","3250","34.05","38","88","8.166666666666666"
"3","10","905","0","20","0","0","0","49.75","0","84","0"
"2","5","915","6","14","0.3","-277.5","3250","34.05","38","88","8.166666666666666"
"1","0","648","20","0","1","1075.375","0","48.25","101","0","7.65"
"7","50","983","0","20","0","0","0","43.7","0","61","0"
"3","10","906","0","20","0","0","0","49.75","0","84","0"
"2","5","916","6","14","0.3","-282.5","3250","34.05","38","88","8.166666666666666"
"1","0","649","20","0","1","1075.375","0","48.25","101","0","7.65"
"7","50","984","0","20","0","0","0","43.7","0","61","0"
"3","10","907","0","20","0","0","0","49.75","0","84","0"
"2","5","917","6","14","0.3","-287.5","3250","34.05","38","88","8.166666666666666"
"1","0","650","20","0","1","1075.375","0","48.25","101","0","7.65"
"3","10","908","0","20","0","0","0","49.75","0","84","0"
"2","5","918","6","14","0.3","-292.5","3250","34.05","38","88","8.166666666666666"
"7","50","985","0","20","0","0","0","43.7","0","61","0"
"2","5","919","6","14","0.3","-297.5","3250","34.05","38","88","8.166666666666666"
"3","10","909","0","20","0","0","0","49.75","0","84","0"
"7","50","986","0","20","0","0","0","43.7","0","61","0"
"2","5","920","6","14","0.3","-302.5","3250","34.05","38","88","8.166666666666666"
"1","0","651","20","0","1","1075.375","0","48.25","101","0","7.65"
"2","5","921","6","14","0.3","-307.5","3250","34.05","38","88","8.166666666666666"
"7","50","987","0","20","0","0","0","43.7","0","61","0"
"3","10","910","0","20","0","0","0","49.75","0","84","0"
"2","5","922","6","14","0.3","-312.5","3250","34.05","38","88","8.166666666666666"
"7","50","988","0","20","0","0","0","43.7","0","61","0"
"3","10","911","0","20","0","0","0","49.75","0","84","0"
"1","0","652","20","0","1","1075.375","0","48.25","101","0","7.65"
"2","5","923","6","14","0.3","-317.5","3250","34.05","38","88","8.166666666666666"
"7","50","989","0","20","0","0","0","43.7","0","61","0"
"3","10","912","0","20","0","0","0","49.75","0","84","0"
"2","5","924","6","14","0.3","-322.5","3250","34.05","38","88","8.166666666666666"
"7","50","990","0","20","0","0","0","43.7","0","61","0"
"3","10","913","0","20","0","0","0","49.75","0","84","0"
"2","5","925","6","14","0.3","-327.5","3250","34.05","38","88","8.166666666666666"
"1","0","653","20","0","1","1075.375","0","48.25","101","0","7.65"
"7","50","991","0","20","0","0","0","43.7","0","61","0"
"2","5","926","6","14","0.3","-332.5","3250","34.05","38","88","8.166666666666666"
"3","10","914","0","20","0","0","0","49.75","0","84","0"
"7","50","992","0","20","0","0","0","43.7","0","61","0"
"2","5","927","6","14","0.3","-337.5","3250","34.05","38","88","8.166666666666666"
"1","0","654","20","0","1","1075.375","0","48.25","101","0","7.65"
"3","10","915","0","20","0","0","0","49.75","0","84","0"
"2","5","928","6","14","0.3","-342.5","3250","34.05","38","88","8.166666666666666"
"7","50","993","0","20","0","0","0","43.7","0","61","0"
"3","10","916","0","20","0","0","0","49.75","0","84","0"
"7","50","994","0","20","0","0","0","43.7","0","61","0"
"2","5","929","6","14","0.3","-347.5","3250","34.05","38","88","8.166666666666666"
"1","0","655","20","0","1","1075.375","0","48.25","101","0","7.65"
"3","10","917","0","20","0","0","0","49.75","0","84","0"
"7","50","995","0","20","0","0","0","43.7","0","61","0"
"2","5","930","6","14","0.3","-352.5","3250","34.05","38","88","8.166666666666666"
"2","5","931","6","14","0.3","-357.5","3250","34.05","38","88","8.166666666666666"
"7","50","996","0","20","0","0","0","43.7","0","61","0"
"3","10","918","0","20","0","0","0","49.75","0","84","0"
"1","0","656","20","0","1","1075.375","0","48.25","101","0","7.65"
"3","10","919","0","20","0","0","0","49.75","0","84","0"
"7","50","997","0","20","0","0","0","43.7","0","61","0"
"2","5","932","6","14","0.3","-362.5","3250","34.05","38","88","8.166666666666666"
"7","50","998","0","20","0","0","0","43.7","0","61","0"
"2","5","933","6","14","0.3","-367.5","3250","34.05","38","88","8.166666666666666"
"3","10","920","0","20","0","0","0","49.75","0","84","0"
"1","0","657","20","0","1","1075.375","0","48.25","101","0","7.65"
"3","10","921","0","20","0","0","0","49.75","0","84","0"
"2","5","934","6","14","0.3","-372.5","3250","34.05","38","88","8.166666666666666"
"7","50","999","0","20","0","0","0","43.7","0","61","0"
"2","5","935","6","14","0.3","-377.5","3250","34.05","38","88","8.166666666666666"
"7","50","1000","0","20","0","0","0","43.7","0","61","0"
"3","10","922","0","20","0","0","0","49.75","0","84","0"
"1","0","658","20","0","1","1075.375","0","48.25","101","0","7.65"
"2","5","936","6","14","0.3","-382.5","3250","34.05","38","88","8.166666666666666"
"3","10","923","0","20","0","0","0","49.75","0","84","0"
"2","5","937","6","14","0.3","-387.5","3250","34.05","38","88","8.166666666666666"
"3","10","924","0","20","0","0","0","49.75","0","84","0"
"1","0","659","20","0","1","1075.375","0","48.25","101","0","7.65"
"2","5","938","6","14","0.3","-392.5","3250","34.05","38","88","8.166666666666666"
"3","10","925","0","20","0","0","0","49.75","0","84","0"
"2","5","939","6","14","0.3","-397.5","3250","34.05","38","88","8.166666666666666"
"3","10","926","0","20","0","0","0","49.75","0","84","0"
"1","0","660","20","0","1","1075.375","0","48.25","101","0","7.65"
"2","5","940","6","14","0.3","-402.5","3250","34.05","38","88","8.166666666666666"
"3","10","927","0","20","0","0","0","49.75","0","84","0"
"2","5","941","6","14","0.3","-407.5","3250","34.05","38","88","8.166666666666666"
"3","10","928","0","20","0","0","0","49.75","0","84","0"
"1","0","661","20","0","1","1075.375","0","48.25","101","0","7.65"
"2","5","942","6","14","0.3","-412.5","3250","34.05","38","88","8.166666666666666"
"3","10","929","0","20","0","0","0","49.75","0","84","0"
"2","5","943","6","14","0.3","-417.5","3250","34.05","38","88","8.166666666666666"
"3","10","930","0","20","0","0","0","49.75","0","84","0"
"1","0","662","20","0","1","1075.375","0","48.25","101","0","7.65"
"3","10","931","0","20","0","0","0","49.75","0","84","0"
"2","5","944","6","14","0.3","-422.5","3250","34.05","38","88","8.166666666666666"
"3","10","932","0","20","0","0","0","49.75","0","84","0"
"2","5","945","6","14","0.3","-427.5","3250","34.05","38","88","8.166666666666666"
"1","0","663","20","0","1","1075.375","0","48.25","101","0","7.65"
"3","10","933","0","20","0","0","0","49.75","0","84","0"
"2","5","946","6","14","0.3","-432.5","3250","34.05","38","88","8.166666666666666"
"3","10","934","0","20","0","0","0","49.75","0","84","0"
"1","0","664","20","0","1","1075.375","0","48.25","101","0","7.65"
"3","10","935","0","20","0","0","0","49.75","0","84","0"
"3","10","936","0","20","0","0","0","49.75","0","84","0"
"1","0","665","20","0","1","1075.375","0","48.25","101","0","7.65"
"3","10","937","0","20","0","0","0","49.75","0","84","0"
"3","10","938","0","20","0","0","0","49.75","0","84","0"
"1","0","666","20","0","1","1075.375","0","48.25","101","0","7.65"
"3","10","939","0","20","0","0","0","49.75","0","84","0"
"3","10","940","0","20","0","0","0","49.75","0","84","0"
"1","0","667","20","0","1","1075.375","0","48.25","101","0","7.65"
"3","10","941","0","20","0","0","0","49.75","0","84","0"
"3","10","942","0","20","0","0","0","49.75","0","84","0"
"1","0","668","20","0","1","1075.375","0","48.25","101","0","7.65"
"3","10","943","0","20","0","0","0","49.75","0","84","0"
"3","10","944","0","20","0","0","0","49.75","0","84","0"
"1","0","669","20","0","1","1075.375","0","48.25","101","0","7.65"
"3","10","945","0","20","0","0","0","49.75","0","84","0"
"3","10","946","0","20","0","0","0","49.75","0","84","0"
"1","0","670","20","0","1","1075.375","0","48.25","105","0","7.7"
"3","10","947","0","20","0","0","0","49.75","0","84","0"
"3","10","948","0","20","0","0","0","49.75","0","84","0"
"1","0","671","20","0","1","1075.375","0","48.25","105","0","7.7"
"3","10","949","0","20","0","0","0","49.75","0","84","0"
"3","10","950","0","20","0","0","0","49.75","0","84","0"
"1","0","672","20","0","1","1075.375","0","48.25","105","0","7.7"
"3","10","951","0","20","0","0","0","49.75","0","84","0"
"3","10","952","0","20","0","0","0","49.75","0","84","0"
"1","0","673","20","0","1","1075.375","0","48.25","105","0","7.7"
"3","10","953","0","20","0","0","0","49.75","0","84","0"
"3","10","954","0","20","0","0","0","49.75","0","84","0"
"1","0","674","20","0","1","1075.375","0","48.25","105","0","7.7"
"3","10","955","0","20","0","0","0","49.75","0","84","0"
"3","10","956","0","20","0","0","0","49.75","0","84","0"
"1","0","675","20","0","1","1075.375","0","48.25","105","0","7.7"
"3","10","957","0","20","0","0","0","49.75","0","84","0"
"3","10","958","0","20","0","0","0","49.75","0","84","0"
"1","0","676","20","0","1","1075.375","0","48.25","105","0","7.7"
"3","10","959","0","20","0","0","0","49.75","0","84","0"
"3","10","960","0","20","0","0","0","49.75","0","84","0"
"1","0","677","20","0","1","1075.375","0","48.25","105","0","7.7"
"3","10","961","0","20","0","0","0","49.75","0","84","0"
"3","10","962","0","20","0","0","0","49.75","0","84","0"
"1","0","678","20","0","1","1075.375","0","48.25","105","0","7.7"
"3","10","963","0","20","0","0","0","49.75","0","84","0"
"3","10","964","0","20","0","0","0","49.75","0","84","0"
"1","0","679","20","0","1","1075.375","0","48.25","105","0","7.7"
"3","10","965","0","20","0","0","0","49.75","0","84","0"
"3","10","966","0","20","0","0","0","49.75","0","84","0"
"1","0","680","20","0","1","1075.375","0","48.25","105","0","7.7"
"3","10","967","0","20","0","0","0","49.75","0","84","0"
"3","10","968","0","20","0","0","0","49.75","0","84","0"
"1","0","681","20","0","1","1075.375","0","48.25","105","0","7.7"
"3","10","969","0","20","0","0","0","49.75","0","84","0"
"3","10","970","0","20","0","0","0","49.75","0","84","0"
"1","0","682","20","0","1","1075.375","0","48.25","105","0","7.7"
"3","10","971","0","20","0","0","0","49.75","0","84","0"
"3","10","972","0","20","0","0","0","49.75","0","84","0"
"1","0","683","20","0","1","1075.375","0","48.25","105","0","7.7"
"3","10","973","0","20","0","0","0","49.75","0","84","0"
"3","10","974","0","20","0","0","0","49.75","0","84","0"
"1","0","684","20","0","1","1075.375","0","48.25","105","0","7.7"
"3","10","975","0","20","0","0","0","49.75","0","84","0"
"3","10","976","0","20","0","0","0","49.75","0","84","0"
"1","0","685","20","0","1","1075.375","0","48.25","105","0","7.7"
"3","10","977","0","20","0","0","0","49.75","0","84","0"
"3","10","978","0","20","0","0","0","49.75","0","84","0"
"1","0","686","20","0","1","1075.375","0","48.25","105","0","7.7"
"3","10","979","0","20","0","0","0","49.75","0","84","0"
"3","10","980","0","20","0","0","0","49.75","0","84","0"
"1","0","687","20","0","1","1075.375","0","48.25","105","0","7.7"
"3","10","981","0","20","0","0","0","49.75","0","84","0"
"3","10","982","0","20","0","0","0","49.75","0","84","0"
"1","0","688","20","0","1","1075.375","0","48.25","105","0","7.7"
"3","10","983","0","20","0","0","0","49.75","0","84","0"
"3","10","984","0","20","0","0","0","49.75","0","84","0"
"3","10","985","0","20","0","0","0","49.75","0","84","0"
"3","10","986","0","20","0","0","0","49.75","0","84","0"
"3","10","987","0","20","0","0","0","49.75","0","84","0"
"3","10","988","0","20","0","0","0","49.75","0","84","0"
"3","10","989","0","20","0","0","0","49.75","0","84","0"
"3","10","990","0","20","0","0","0","49.75","0","84","0"
"3","10","991","0","20","0","0","0","49.75","0","84","0"
"3","10","992","0","20","0","0","0","49.75","0","84","0"
"3","10","993","0","20","0","0","0","49.75","0","84","0"
"3","10","994","0","20","0","0","0","49.75","0","84","0"
"1","0","689","20","0","1","1075.375","0","48.25","105","0","7.7"
"3","10","995","0","20","0","0","0","49.75","0","84","0"
"3","10","996","0","20","0","0","0","49.75","0","84","0"
"1","0","690","20","0","1","1075.375","0","48.25","105","0","7.7"
"2","5","947","6","14","0.3","-437.5","3250","34.05","38","88","8.166666666666666"
"3","10","997","0","20","0","0","0","49.75","0","84","0"
"3","10","998","0","20","0","0","0","49.75","0","84","0"
"2","5","948","6","14","0.3","-442.5","3250","34.05","38","88","8.166666666666666"
"1","0","691","20","0","1","1075.375","0","48.25","105","0","7.7"
"3","10","999","0","20","0","0","0","49.75","0","84","0"
"2","5","949","6","14","0.3","-447.5","3250","34.05","38","88","8.166666666666666"
"3","10","1000","0","20","0","0","0","49.75","0","84","0"
"2","5","950","6","14","0.3","-452.5","3250","34.05","38","88","8.166666666666666"
"1","0","692","20","0","1","1075.375","0","48.25","105","0","7.7"
"2","5","951","6","14","0.3","-457.5","3250","34.05","38","88","8.166666666666666"
"2","5","952","6","14","0.3","-379.1666666666667","3333.3333333333335","34.05","38","88","8.166666666666666"
"1","0","693","20","0","1","1075.375","0","48.25","105","0","7.7"
"2","5","953","6","14","0.3","-384.1666666666667","3333.3333333333335","34.05","38","88","8.166666666666666"
"2","5","954","6","14","0.3","-389.1666666666667","3333.3333333333335","34.05","38","88","8.166666666666666"
"1","0","694","20","0","1","1075.375","0","48.25","105","0","7.7"
"2","5","955","6","14","0.3","-394.1666666666667","3333.3333333333335","34.05","38","88","8.166666666666666"
"2","5","956","6","14","0.3","-399.1666666666667","3333.3333333333335","34.05","38","88","8.166666666666666"
"1","0","695","20","0","1","1075.375","0","48.25","106","0","7.75"
"2","5","957","6","14","0.3","-404.1666666666667","3333.3333333333335","34.05","38","88","8.166666666666666"
"1","0","696","20","0","1","1075.375","0","48.25","106","0","7.75"
"2","5","958","6","14","0.3","-409.1666666666667","3333.3333333333335","34.05","38","88","8.166666666666666"
"2","5","959","6","14","0.3","-414.1666666666667","3333.3333333333335","34.05","38","88","8.166666666666666"
"1","0","697","20","0","1","1075.375","0","48.25","106","0","7.75"
"2","5","960","6","14","0.3","-419.1666666666667","3333.3333333333335","34.05","38","88","8.166666666666666"
"1","0","698","20","0","1","1075.375","0","48.25","106","0","7.75"
"2","5","961","6","14","0.3","-424.1666666666667","3333.3333333333335","34.05","38","88","8.166666666666666"
"2","5","962","6","14","0.3","-429.1666666666667","3333.3333333333335","34.05","38","88","8.166666666666666"
"1","0","699","20","0","1","1075.375","0","48.25","106","0","7.75"
"2","5","963","6","14","0.3","-434.1666666666667","3333.3333333333335","34.05","38","88","8.166666666666666"
"1","0","700","20","0","1","1075.375","0","48.25","106","0","7.75"
"2","5","964","6","14","0.3","-439.1666666666667","3333.3333333333335","34.05","38","88","8.166666666666666"
"2","5","965","6","14","0.3","-444.1666666666667","3333.3333333333335","34.05","38","88","8.166666666666666"
"1","0","701","20","0","1","1075.375","0","48.25","106","0","7.75"
"2","5","966","6","14","0.3","-449.1666666666667","3333.3333333333335","34.05","38","88","8.166666666666666"
"2","5","967","6","14","0.3","-454.1666666666667","3333.3333333333335","34.05","38","88","8.166666666666666"
"1","0","702","20","0","1","1075.375","0","48.25","106","0","7.75"
"2","5","968","6","14","0.3","-459.1666666666667","3333.3333333333335","34.05","38","88","8.166666666666666"
"1","0","703","20","0","1","1075.375","0","48.25","106","0","7.75"
"2","5","969","6","14","0.3","-464.1666666666667","3333.3333333333335","34.05","38","88","8.166666666666666"
"2","5","970","6","14","0.3","-469.1666666666667","3333.3333333333335","34.05","38","88","8.166666666666666"
"1","0","704","20","0","1","1075.375","0","48.25","106","0","7.75"
"2","5","971","6","14","0.3","-474.1666666666667","3333.3333333333335","34.05","38","88","8.166666666666666"
"2","5","972","6","14","0.3","-479.1666666666667","3333.3333333333335","34.05","38","88","8.166666666666666"
"1","0","705","20","0","1","1075.375","0","48.25","106","0","7.75"
"2","5","973","6","14","0.3","-484.1666666666667","3333.3333333333335","34.05","38","88","8.166666666666666"
"2","5","974","6","14","0.3","-489.1666666666667","3333.3333333333335","34.05","41","88","8.333333333333334"
"1","0","706","20","0","1","1075.375","0","48.25","106","0","7.75"
"2","5","975","6","14","0.3","-494.1666666666667","3333.3333333333335","34.05","41","88","8.333333333333334"
"2","5","976","6","14","0.3","-499.1666666666667","3333.3333333333335","34.05","41","88","8.333333333333334"
"2","5","977","6","14","0.3","-504.1666666666667","3333.3333333333335","34.05","41","88","8.333333333333334"
"1","0","707","20","0","1","1075.375","0","48.25","106","0","7.75"
"2","5","978","6","14","0.3","-509.1666666666667","3333.3333333333335","34.05","41","88","8.333333333333334"
"2","5","979","6","14","0.3","-514.1666666666666","3333.3333333333335","34.05","41","88","8.333333333333334"
"2","5","980","6","14","0.3","-519.1666666666666","3333.3333333333335","34.05","41","88","8.333333333333334"
"1","0","708","20","0","1","1075.375","0","48.25","106","0","7.75"
"2","5","981","6","14","0.3","-524.1666666666666","3333.3333333333335","34.05","41","88","8.333333333333334"
"2","5","982","6","14","0.3","-529.1666666666666","3333.3333333333335","34.05","41","88","8.333333333333334"
"2","5","983","6","14","0.3","-534.1666666666666","3333.3333333333335","34.05","41","88","8.333333333333334"
"1","0","709","20","0","1","1075.375","0","48.25","106","0","7.75"
"2","5","984","6","14","0.3","-539.1666666666666","3333.3333333333335","34.05","41","88","8.333333333333334"
"2","5","985","6","14","0.3","-544.1666666666666","3333.3333333333335","34.05","41","88","8.333333333333334"
"2","5","986","6","14","0.3","-549.1666666666666","3333.3333333333335","34.05","41","88","8.333333333333334"
"1","0","710","20","0","1","1075.375","0","48.25","106","0","7.75"
"2","5","987","6","14","0.3","-554.1666666666666","3333.3333333333335","34.05","41","88","8.333333333333334"
"2","5","988","6","14","0.3","-559.1666666666666","3333.3333333333335","34.05","41","88","8.333333333333334"
"2","5","989","6","14","0.3","-564.1666666666666","3333.3333333333335","34.05","41","88","8.333333333333334"
"1","0","711","20","0","1","1075.375","0","48.25","106","0","7.75"
"2","5","990","6","14","0.3","-569.1666666666666","3333.3333333333335","34.05","41","88","8.333333333333334"
"2","5","991","6","14","0.3","-574.1666666666666","3333.3333333333335","34.05","41","88","8.333333333333334"
"2","5","992","6","14","0.3","-579.1666666666666","3333.3333333333335","34.05","41","88","8.333333333333334"
"1","0","712","20","0","1","1075.375","0","48.25","106","0","7.75"
"2","5","993","6","14","0.3","-584.1666666666666","3333.3333333333335","34.05","41","88","8.333333333333334"
"2","5","994","6","14","0.3","-589.1666666666666","3333.3333333333335","34.05","41","88","8.333333333333334"
"2","5","995","6","14","0.3","-594.1666666666666","3333.3333333333335","34.05","41","88","8.333333333333334"
"1","0","713","20","0","1","1075.375","0","48.25","106","0","7.75"
"2","5","996","6","14","0.3","-599.1666666666666","3333.3333333333335","34.05","41","88","8.333333333333334"
"2","5","997","6","14","0.3","-604.1666666666666","3333.3333333333335","34.05","41","88","8.333333333333334"
"2","5","998","6","14","0.3","-609.1666666666666","3333.3333333333335","34.05","41","88","8.333333333333334"
"1","0","714","20","0","1","1075.375","0","48.25","106","0","7.75"
"2","5","999","6","14","0.3","-614.1666666666666","3333.3333333333335","34.05","41","88","8.333333333333334"
"2","5","1000","6","14","0.3","-619.1666666666666","3333.3333333333335","34.05","41","88","8.333333333333334"
"1","0","715","20","0","1","1075.375","0","48.25","106","0","7.75"
"1","0","716","20","0","1","1075.375","0","48.25","106","0","7.75"
"1","0","717","20","0","1","1075.375","0","48.25","106","0","7.75"
"1","0","718","20","0","1","1075.375","0","48.25","106","0","7.75"
"1","0","719","20","0","1","1075.375","0","48.25","106","0","7.75"
"1","0","720","20","0","1","1075.375","0","48.25","106","0","7.75"
"1","0","721","20","0","1","1075.375","0","48.25","106","0","7.75"
"1","0","722","20","0","1","1075.375","0","48.25","106","0","7.75"
"1","0","723","20","0","1","1075.375","0","48.25","106","0","7.75"
"1","0","724","20","0","1","1075.375","0","48.25","106","0","7.75"
"1","0","725","20","0","1","1075.375","0","48.25","106","0","7.8"
"1","0","726","20","0","1","1075.375","0","48.25","106","0","7.8"
"1","0","727","20","0","1","1075.375","0","48.25","106","0","7.8"
"1","0","728","20","0","1","1075.375","0","48.25","106","0","7.8"
"1","0","729","20","0","1","1075.375","0","48.25","106","0","7.8"
"1","0","730","20","0","1","1075.375","0","48.25","106","0","7.8"
"1","0","731","20","0","1","1075.375","0","48.25","106","0","7.8"
"1","0","732","20","0","1","1075.375","0","48.25","106","0","7.8"
"1","0","733","20","0","1","1075.375","0","48.25","106","0","7.8"
"1","0","734","20","0","1","1075.375","0","48.25","106","0","7.8"
"1","0","735","20","0","1","1075.375","0","48.25","106","0","7.8"
"1","0","736","20","0","1","1075.375","0","48.25","106","0","7.8"
"1","0","737","20","0","1","1075.375","0","48.25","106","0","7.8"
"1","0","738","20","0","1","1075.375","0","48.25","106","0","7.8"
"1","0","739","20","0","1","1075.375","0","48.25","106","0","7.8"
"1","0","740","20","0","1","1075.375","0","48.25","106","0","7.8"
"1","0","741","20","0","1","1075.375","0","48.25","106","0","7.8"
"1","0","742","20","0","1","1075.375","0","48.25","106","0","7.8"
"1","0","743","20","0","1","1075.375","0","48.25","106","0","7.8"
"1","0","744","20","0","1","1075.375","0","48.25","106","0","7.8"
"1","0","745","20","0","1","1075.375","0","48.25","106","0","7.8"
"1","0","746","20","0","1","1075.375","0","48.25","106","0","7.8"
"1","0","747","20","0","1","1075.375","0","48.25","106","0","7.85"
"1","0","748","20","0","1","1075.375","0","48.25","106","0","7.85"
"1","0","749","20","0","1","1075.375","0","48.25","106","0","7.85"
"1","0","750","20","0","1","1075.375","0","48.25","106","0","7.85"
"1","0","751","20","0","1","1075.375","0","48.25","106","0","7.85"
"1","0","752","20","0","1","1075.375","0","48.25","106","0","7.85"
"1","0","753","20","0","1","1075.375","0","48.25","106","0","7.85"
"1","0","754","20","0","1","1075.375","0","48.25","106","0","7.85"
"1","0","755","20","0","1","1075.375","0","48.25","106","0","7.85"
"1","0","756","20","0","1","1075.375","0","48.25","106","0","7.85"
"1","0","757","20","0","1","1075.375","0","48.25","106","0","7.85"
"1","0","758","20","0","1","1075.375","0","48.25","106","0","7.85"
"1","0","759","20","0","1","1075.375","0","48.25","106","0","7.85"
"1","0","760","20","0","1","1075.375","0","48.25","106","0","7.85"
"1","0","761","20","0","1","1075.375","0","48.25","106","0","7.85"
"1","0","762","20","0","1","1075.375","0","48.25","106","0","7.85"
"1","0","763","20","0","1","1075.375","0","48.25","106","0","7.85"
"1","0","764","20","0","1","1075.375","0","48.25","106","0","7.85"
"1","0","765","20","0","1","1075.375","0","48.25","106","0","7.85"
"1","0","766","20","0","1","1075.375","0","48.25","106","0","7.85"
"1","0","767","20","0","1","1075.375","0","48.25","106","0","7.85"
"1","0","768","20","0","1","1075.375","0","48.25","106","0","7.85"
"1","0","769","20","0","1","1075.375","0","48.25","106","0","7.85"
"1","0","770","20","0","1","1075.375","0","48.25","106","0","7.85"
"1","0","771","20","0","1","1075.375","0","48.25","106","0","7.85"
"1","0","772","20","0","1","1075.375","0","48.25","106","0","7.85"
"1","0","773","20","0","1","1075.375","0","48.25","106","0","7.85"
"1","0","774","20","0","1","1075.375","0","48.25","106","0","7.85"
"1","0","775","20","0","1","1075.375","0","48.25","106","0","7.85"
"1","0","776","20","0","1","1075.375","0","48.25","106","0","7.9"
"1","0","777","20","0","1","1075.375","0","48.25","106","0","7.9"
"1","0","778","20","0","1","1075.375","0","48.25","107","0","7.95"
"1","0","779","20","0","1","1075.375","0","48.25","107","0","7.95"
"1","0","780","20","0","1","1075.375","0","48.25","107","0","7.95"
"1","0","781","20","0","1","1075.375","0","48.25","107","0","7.95"
"1","0","782","20","0","1","1075.375","0","48.25","107","0","7.95"
"1","0","783","20","0","1","1075.375","0","48.25","107","0","7.95"
"1","0","784","20","0","1","1075.375","0","48.25","107","0","7.95"
"1","0","785","20","0","1","1075.375","0","48.25","107","0","7.95"
"1","0","786","20","0","1","1075.375","0","48.25","107","0","7.95"
"1","0","787","20","0","1","1075.375","0","48.25","107","0","7.95"
"1","0","788","20","0","1","1075.375","0","48.25","107","0","7.95"
"1","0","789","20","0","1","1075.375","0","48.25","107","0","7.95"
"1","0","790","20","0","1","1075.375","0","48.25","107","0","7.95"
"1","0","791","20","0","1","1075.375","0","48.25","112","0","8"
"1","0","792","20","0","1","1075.375","0","48.25","115","0","8.05"
"1","0","793","20","0","1","1075.375","0","48.25","115","0","8.05"
"1","0","794","20","0","1","1075.375","0","48.25","119","0","8.1"
"1","0","795","20","0","1","1075.375","0","48.25","119","0","8.1"
"1","0","796","20","0","1","1075.375","0","48.25","119","0","8.1"
"1","0","797","20","0","1","1075.375","0","48.25","119","0","8.1"
"1","0","798","20","0","1","1075.375","0","48.25","119","0","8.1"
"1","0","799","20","0","1","1075.375","0","48.25","119","0","8.1"
"1","0","800","20","0","1","1075.375","0","48.25","119","0","8.1"
"1","0","801","20","0","1","1075.375","0","48.25","119","0","8.1"
"1","0","802","20","0","1","1075.375","0","48.25","119","0","8.1"
"1","0","803","20","0","1","1075.375","0","48.25","119","0","8.1"
"1","0","804","20","0","1","1075.375","0","48.25","119","0","8.1"
"1","0","805","20","0","1","1075.375","0","48.25","119","0","8.1"
"1","0","806","20","0","1","1075.375","0","48.25","119","0","8.1"
"1","0","807","20","0","1","1075.375","0","48.25","119","0","8.1"
"1","0","808","20","0","1","1075.375","0","48.25","119","0","8.1"
"1","0","809","20","0","1","1075.375","0","48.25","119","0","8.1"
"1","0","810","20","0","1","1075.375","0","48.25","119","0","8.1"
"1","0","811","20","0","1","1075.375","0","48.25","119","0","8.1"
"1","0","812","20","0","1","1075.375","0","48.25","119","0","8.1"
"1","0","813","20","0","1","1075.375","0","48.25","119","0","8.1"
"1","0","814","20","0","1","1075.375","0","48.25","119","0","8.1"
"1","0","815","20","0","1","1075.375","0","48.25","119","0","8.1"
"1","0","816","20","0","1","1075.375","0","48.25","119","0","8.1"
"1","0","817","20","0","1","1075.375","0","48.25","119","0","8.1"
"1","0","818","20","0","1","1075.375","0","48.25","119","0","8.1"
"1","0","819","20","0","1","1075.375","0","48.25","119","0","8.1"
"1","0","820","20","0","1","1075.375","0","48.25","119","0","8.1"
"1","0","821","20","0","1","1075.375","0","48.25","119","0","8.1"
"1","0","822","20","0","1","1075.375","0","48.25","119","0","8.1"
"1","0","823","20","0","1","1075.375","0","48.25","119","0","8.1"
"1","0","824","20","0","1","1075.375","0","48.25","119","0","8.1"
"1","0","825","20","0","1","1075.375","0","48.25","119","0","8.1"
"1","0","826","20","0","1","1075.375","0","48.25","119","0","8.1"
"1","0","827","20","0","1","1075.375","0","48.25","119","0","8.1"
"1","0","828","20","0","1","1075.375","0","48.25","119","0","8.1"
"1","0","829","20","0","1","1075.375","0","48.25","119","0","8.1"
"1","0","830","20","0","1","1075.375","0","48.25","119","0","8.1"
"1","0","831","20","0","1","1075.375","0","48.25","119","0","8.1"
"1","0","832","20","0","1","1075.375","0","48.25","119","0","8.1"
"1","0","833","20","0","1","1075.375","0","48.25","119","0","8.1"
"1","0","834","20","0","1","1075.375","0","48.25","119","0","8.1"
"1","0","835","20","0","1","1075.375","0","48.25","119","0","8.1"
"1","0","836","20","0","1","1075.375","0","48.25","119","0","8.1"
"1","0","837","20","0","1","1075.375","0","48.25","119","0","8.1"
"1","0","838","20","0","1","1075.375","0","48.25","119","0","8.1"
"1","0","839","20","0","1","1075.375","0","48.25","119","0","8.1"
"1","0","840","20","0","1","1075.375","0","48.25","119","0","8.1"
"1","0","841","20","0","1","1075.375","0","48.25","119","0","8.1"
"1","0","842","20","0","1","1075.375","0","48.25","119","0","8.1"
"1","0","843","20","0","1","1075.375","0","48.25","119","0","8.1"
"1","0","844","20","0","1","1075.375","0","48.25","119","0","8.1"
"1","0","845","20","0","1","1075.375","0","48.25","119","0","8.1"
"1","0","846","20","0","1","1075.375","0","48.25","119","0","8.1"
"1","0","847","20","0","1","1075.375","0","48.25","119","0","8.1"
"1","0","848","20","0","1","1075.375","0","48.25","119","0","8.1"
"1","0","849","20","0","1","1075.375","0","48.25","119","0","8.1"
"1","0","850","20","0","1","1075.375","0","48.25","119","0","8.1"
"1","0","851","20","0","1","1075.375","0","48.25","119","0","8.1"
"1","0","852","20","0","1","1075.375","0","48.25","119","0","8.1"
"1","0","853","20","0","1","1075.375","0","48.25","119","0","8.1"
"1","0","854","20","0","1","1075.375","0","48.25","119","0","8.1"
"1","0","855","20","0","1","1075.375","0","48.25","119","0","8.1"
"1","0","856","20","0","1","1075.375","0","48.25","119","0","8.1"
"1","0","857","20","0","1","1075.375","0","48.25","119","0","8.1"
"1","0","858","20","0","1","1075.375","0","48.25","119","0","8.1"
"1","0","859","20","0","1","1075.375","0","48.25","119","0","8.1"
"1","0","860","20","0","1","1075.375","0","48.25","119","0","8.1"
"1","0","861","20","0","1","1075.375","0","48.25","119","0","8.1"
"1","0","862","20","0","1","1075.375","0","48.25","119","0","8.1"
"1","0","863","20","0","1","1075.375","0","48.25","119","0","8.1"
"1","0","864","20","0","1","1075.375","0","48.25","119","0","8.1"
"1","0","865","20","0","1","1075.375","0","48.25","119","0","8.1"
"1","0","866","20","0","1","1075.375","0","48.25","119","0","8.1"
"1","0","867","20","0","1","1075.375","0","48.25","119","0","8.1"
"1","0","868","20","0","1","1075.375","0","48.25","119","0","8.1"
"1","0","869","20","0","1","1075.375","0","48.25","119","0","8.1"
"1","0","870","20","0","1","1075.375","0","48.25","119","0","8.1"
"1","0","871","20","0","1","1075.375","0","48.25","119","0","8.1"
"1","0","872","20","0","1","1075.375","0","48.25","119","0","8.1"
"1","0","873","20","0","1","1075.375","0","48.25","119","0","8.1"
"1","0","874","20","0","1","1075.375","0","48.25","119","0","8.1"
"1","0","875","20","0","1","1075.375","0","48.25","119","0","8.1"
"1","0","876","20","0","1","1075.375","0","48.25","119","0","8.1"
"1","0","877","20","0","1","1075.375","0","48.25","119","0","8.1"
"1","0","878","20","0","1","1075.375","0","48.25","119","0","8.1"
"1","0","879","20","0","1","1075.375","0","48.25","119","0","8.1"
"1","0","880","20","0","1","1075.375","0","48.25","119","0","8.1"
"1","0","881","20","0","1","1075.375","0","48.25","119","0","8.1"
"1","0","882","20","0","1","1075.375","0","48.25","119","0","8.1"
"1","0","883","20","0","1","1075.375","0","48.25","119","0","8.1"
"1","0","884","20","0","1","1075.375","0","48.25","119","0","8.1"
"1","0","885","20","0","1","1075.375","0","48.25","119","0","8.1"
"1","0","886","20","0","1","1075.375","0","48.25","119","0","8.1"
"1","0","887","20","0","1","1075.375","0","48.25","119","0","8.1"
"1","0","888","20","0","1","1075.375","0","48.25","119","0","8.1"
"1","0","889","20","0","1","1075.375","0","48.25","119","0","8.1"
"1","0","890","20","0","1","1075.375","0","48.25","119","0","8.1"
"1","0","891","20","0","1","1075.375","0","48.25","121","0","8.15"
"1","0","892","20","0","1","1075.375","0","48.25","121","0","8.15"
"1","0","893","20","0","1","1075.375","0","48.25","121","0","8.15"
"1","0","894","20","0","1","1075.375","0","48.25","121","0","8.15"
"1","0","895","20","0","1","1075.375","0","48.25","121","0","8.15"
"1","0","896","20","0","1","1075.375","0","48.25","121","0","8.15"
"1","0","897","20","0","1","1075.375","0","48.25","121","0","8.15"
"1","0","898","20","0","1","1075.375","0","48.25","121","0","8.15"
"1","0","899","20","0","1","1075.375","0","48.25","121","0","8.15"
"1","0","900","20","0","1","1075.375","0","48.25","121","0","8.15"
"1","0","901","20","0","1","1075.375","0","48.25","121","0","8.15"
"1","0","902","20","0","1","1075.375","0","48.25","121","0","8.15"
"1","0","903","20","0","1","1075.375","0","48.25","121","0","8.15"
"1","0","904","20","0","1","1075.375","0","48.25","121","0","8.15"
"1","0","905","20","0","1","1075.375","0","48.25","121","0","8.15"
"1","0","906","20","0","1","1075.375","0","48.25","121","0","8.15"
"1","0","907","20","0","1","1075.375","0","48.25","121","0","8.15"
"1","0","908","20","0","1","1075.375","0","48.25","121","0","8.15"
"1","0","909","20","0","1","1075.375","0","48.25","121","0","8.15"
"1","0","910","20","0","1","1075.375","0","48.25","121","0","8.15"
"1","0","911","20","0","1","1075.375","0","48.25","121","0","8.15"
"1","0","912","20","0","1","1075.375","0","48.25","121","0","8.15"
"1","0","913","20","0","1","1075.375","0","48.25","121","0","8.15"
"1","0","914","20","0","1","1075.375","0","48.25","121","0","8.15"
"1","0","915","20","0","1","1075.375","0","48.25","121","0","8.15"
"1","0","916","20","0","1","1075.375","0","48.25","121","0","8.15"
"1","0","917","20","0","1","1075.375","0","48.25","121","0","8.15"
"1","0","918","20","0","1","1075.375","0","48.25","121","0","8.15"
"1","0","919","20","0","1","1075.375","0","48.25","121","0","8.15"
"1","0","920","20","0","1","1075.375","0","48.25","121","0","8.15"
"1","0","921","20","0","1","1075.375","0","48.25","121","0","8.15"
"1","0","922","20","0","1","1075.375","0","48.25","121","0","8.15"
"1","0","923","20","0","1","1075.375","0","48.25","121","0","8.15"
"1","0","924","20","0","1","1075.375","0","48.25","121","0","8.15"
"1","0","925","20","0","1","1075.375","0","48.25","121","0","8.15"
"1","0","926","20","0","1","1075.375","0","48.25","121","0","8.15"
"1","0","927","20","0","1","1075.375","0","48.25","121","0","8.15"
"1","0","928","20","0","1","1075.375","0","48.25","121","0","8.15"
"1","0","929","20","0","1","1075.375","0","48.25","121","0","8.15"
"1","0","930","20","0","1","1075.375","0","48.25","121","0","8.15"
"1","0","931","20","0","1","1075.375","0","48.25","121","0","8.15"
"1","0","932","20","0","1","1075.375","0","48.25","121","0","8.15"
"1","0","933","20","0","1","1075.375","0","48.25","121","0","8.15"
"1","0","934","20","0","1","1075.375","0","48.25","121","0","8.15"
"1","0","935","20","0","1","1075.375","0","48.25","121","0","8.15"
"1","0","936","20","0","1","1075.375","0","48.25","121","0","8.15"
"1","0","937","20","0","1","1075.375","0","48.25","121","0","8.15"
"1","0","938","20","0","1","1075.375","0","48.25","121","0","8.15"
"1","0","939","20","0","1","1075.375","0","48.25","121","0","8.15"
"1","0","940","20","0","1","1075.375","0","48.25","121","0","8.2"
"1","0","941","20","0","1","1075.375","0","48.25","121","0","8.2"
"1","0","942","20","0","1","1075.375","0","48.25","121","0","8.2"
"1","0","943","20","0","1","1075.375","0","48.25","121","0","8.2"
"1","0","944","20","0","1","1075.375","0","48.25","121","0","8.2"
"1","0","945","20","0","1","1075.375","0","48.25","121","0","8.2"
"1","0","946","20","0","1","1075.375","0","48.25","121","0","8.25"
"1","0","947","20","0","1","1075.375","0","48.25","121","0","8.25"
"1","0","948","20","0","1","1075.375","0","48.25","121","0","8.25"
"1","0","949","20","0","1","1075.375","0","48.25","121","0","8.25"
"1","0","950","20","0","1","1075.375","0","48.25","121","0","8.25"
"1","0","951","20","0","1","1075.375","0","48.25","121","0","8.3"
"1","0","952","20","0","1","1075.375","0","48.25","121","0","8.3"
"1","0","953","20","0","1","1075.375","0","48.25","121","0","8.3"
"1","0","954","20","0","1","1075.375","0","48.25","121","0","8.3"
"1","0","955","20","0","1","1075.375","0","48.25","121","0","8.3"
"1","0","956","20","0","1","1075.375","0","48.25","121","0","8.3"
"1","0","957","20","0","1","1075.375","0","48.25","121","0","8.3"
"1","0","958","20","0","1","1075.375","0","48.25","121","0","8.3"
"1","0","959","20","0","1","1075.375","0","48.25","121","0","8.3"
"1","0","960","20","0","1","1075.375","0","48.25","121","0","8.3"
"1","0","961","20","0","1","1075.375","0","48.25","121","0","8.3"
"1","0","962","20","0","1","1075.375","0","48.25","121","0","8.3"
"1","0","963","20","0","1","1075.375","0","48.25","121","0","8.3"
"1","0","964","20","0","1","1075.375","0","48.25","121","0","8.3"
"1","0","965","20","0","1","1075.375","0","48.25","121","0","8.3"
"1","0","966","20","0","1","1075.375","0","48.25","121","0","8.3"
"1","0","967","20","0","1","1075.375","0","48.25","121","0","8.3"
"1","0","968","20","0","1","1075.375","0","48.25","121","0","8.3"
"1","0","969","20","0","1","1075.375","0","48.25","121","0","8.3"
"1","0","970","20","0","1","1075.375","0","48.25","121","0","8.3"
"1","0","971","20","0","1","1075.375","0","48.25","121","0","8.3"
"1","0","972","20","0","1","1075.375","0","48.25","121","0","8.3"
"1","0","973","20","0","1","1075.375","0","48.25","121","0","8.3"
"1","0","974","20","0","1","1075.375","0","48.25","121","0","8.3"
"1","0","975","20","0","1","1075.375","0","48.25","121","0","8.3"
"1","0","976","20","0","1","1075.375","0","48.25","121","0","8.3"
"1","0","977","20","0","1","1075.375","0","48.25","121","0","8.3"
"1","0","978","20","0","1","1075.375","0","48.25","121","0","8.3"
"1","0","979","20","0","1","1075.375","0","48.25","121","0","8.3"
"1","0","980","20","0","1","1075.375","0","48.25","121","0","8.3"
"1","0","981","20","0","1","1075.375","0","48.25","121","0","8.3"
"1","0","982","20","0","1","1075.375","0","48.25","121","0","8.3"
"1","0","983","20","0","1","1075.375","0","48.25","121","0","8.3"
"1","0","984","20","0","1","1075.375","0","48.25","121","0","8.3"
"1","0","985","20","0","1","1075.375","0","48.25","121","0","8.3"
"1","0","986","20","0","1","1075.375","0","48.25","121","0","8.3"
"1","0","987","20","0","1","1075.375","0","48.25","121","0","8.3"
"1","0","988","20","0","1","1075.375","0","48.25","121","0","8.3"
"1","0","989","20","0","1","1075.375","0","48.25","121","0","8.3"
"1","0","990","20","0","1","1075.375","0","48.25","121","0","8.3"
"1","0","991","20","0","1","1075.375","0","48.25","121","0","8.3"
"1","0","992","20","0","1","1075.375","0","48.25","121","0","8.3"
"1","0","993","20","0","1","1075.375","0","48.25","121","0","8.3"
"1","0","994","20","0","1","1075.375","0","48.25","121","0","8.3"
"1","0","995","20","0","1","1075.375","0","48.25","121","0","8.3"
"1","0","996","20","0","1","1075.375","0","48.25","121","0","8.3"
"1","0","997","20","0","1","1075.375","0","48.25","121","0","8.3"
"1","0","998","20","0","1","1075.375","0","48.25","121","0","8.3"
"1","0","999","20","0","1","1075.375","0","48.25","121","0","8.3"
"1","0","1000","20","0","1","1075.375","0","48.25","121","0","8.3"
