"BehaviorSpace results (NetLogo 7.0.4)","Stats version 2.0"
"VirtEcom1.2.nlogox"
"Experiment A_OperatingCost"
"09/06/2026 23:54:47:869 -0500"
"min-pxcor","max-pxcor","min-pycor","max-pycor"
"-16","16","-16","16"
"operating-cost","[step]","(mean) count sellers","(std) count sellers","(mean) exited-sellers","(std) exited-sellers","(mean) survival-rate","(std) survival-rate","(mean) mean-cash","(std) mean-cash","(mean) mean-debt","(std) mean-debt","(mean) mean-buyer-budget","(std) mean-buyer-budget","(mean) count offers","(std) count offers","(mean) link-loss","(std) link-loss","(mean) mean-complexity","(std) mean-complexity"
"0","0","20","N/A","0","N/A","1","N/A","1000","N/A","0","N/A","580.75","N/A","20","N/A","0","N/A","3.65","N/A"
"0","1","20","N/A","0","N/A","1","N/A","1016.5","N/A","0","N/A","463.25","N/A","20","N/A","0","N/A","3.65","N/A"
"0","2","20","N/A","0","N/A","1","N/A","1031.5","N/A","0","N/A","344.5","N/A","20","N/A","0","N/A","3.65","N/A"
"0","3","20","N/A","0","N/A","1","N/A","1040.125","N/A","0","N/A","272","N/A","20","N/A","0","N/A","3.65","N/A"
"0","4","20","N/A","0","N/A","1","N/A","1048.375","N/A","0","N/A","207","N/A","20","N/A","0","N/A","3.65","N/A"
"0","5","20","N/A","0","N/A","1","N/A","1056.25","N/A","0","N/A","149.5","N/A","20","N/A","0","N/A","3.65","N/A"
"0","6","20","N/A","0","N/A","1","N/A","1065.25","N/A","0","N/A","100.75","N/A","20","N/A","0","N/A","3.65","N/A"
"0","7","20","N/A","0","N/A","1","N/A","1070.125","N/A","0","N/A","72","N/A","22","N/A","0","N/A","3.7","N/A"
"0","8","20","N/A","0","N/A","1","N/A","1075.375","N/A","0","N/A","48.25","N/A","22","N/A","0","N/A","3.7","N/A"
"0","9","20","N/A","0","N/A","1","N/A","1075.375","N/A","0","N/A","48.25","N/A","22","N/A","0","N/A","3.75","N/A"
"0","10","20","N/A","0","N/A","1","N/A","1075.375","N/A","0","N/A","48.25","N/A","22","N/A","0","N/A","3.75","N/A"
"0","11","20","N/A","0","N/A","1","N/A","1075.375","N/A","0","N/A","48.25","N/A","22","N/A","0","N/A","3.75","N/A"
"0","12","20","N/A","0","N/A","1","N/A","1075.375","N/A","0","N/A","48.25","N/A","22","N/A","0","N/A","3.8","N/A"
"0","13","20","N/A","0","N/A","1","N/A","1075.375","N/A","0","N/A","48.25","N/A","22","N/A","0","N/A","3.8","N/A"
"0","14","20","N/A","0","N/A","1","N/A","1075.375","N/A","0","N/A","48.25","N/A","22","N/A","0","N/A","3.8","N/A"
"0","15","20","N/A","0","N/A","1","N/A","1075.375","N/A","0","N/A","48.25","N/A","22","N/A","0","N/A","3.8","N/A"
"0","16","20","N/A","0","N/A","1","N/A","1075.375","N/A","0","N/A","48.25","N/A","22","N/A","0","N/A","3.8","N/A"
"0","17","20","N/A","0","N/A","1","N/A","1075.375","N/A","0","N/A","48.25","N/A","22","N/A","0","N/A","3.8","N/A"
"0","18","20","N/A","0","N/A","1","N/A","1075.375","N/A","0","N/A","48.25","N/A","22","N/A","0","N/A","3.8","N/A"
"0","19","20","N/A","0","N/A","1","N/A","1075.375","N/A","0","N/A","48.25","N/A","22","N/A","0","N/A","3.8","N/A"
"0","20","20","N/A","0","N/A","1","N/A","1075.375","N/A","0","N/A","48.25","N/A","22","N/A","0","N/A","3.8","N/A"
"0","21","20","N/A","0","N/A","1","N/A","1075.375","N/A","0","N/A","48.25","N/A","22","N/A","0","N/A","3.8","N/A"
"0","22","20","N/A","0","N/A","1","N/A","1075.375","N/A","0","N/A","48.25","N/A","22","N/A","0","N/A","3.9","N/A"
"0","23","20","N/A","0","N/A","1","N/A","1075.375","N/A","0","N/A","48.25","N/A","22","N/A","0","N/A","3.9","N/A"
"0","24","20","N/A","0","N/A","1","N/A","1075.375","N/A","0","N/A","48.25","N/A","22","N/A","0","N/A","3.95","N/A"
"0","25","20","N/A","0","N/A","1","N/A","1075.375","N/A","0","N/A","48.25","N/A","23","N/A","0","N/A","4","N/A"
"0","26","20","N/A","0","N/A","1","N/A","1075.375","N/A","0","N/A","48.25","N/A","23","N/A","0","N/A","4","N/A"
"0","27","20","N/A","0","N/A","1","N/A","1075.375","N/A","0","N/A","48.25","N/A","28","N/A","0","N/A","4.05","N/A"
"0","28","20","N/A","0","N/A","1","N/A","1075.375","N/A","0","N/A","48.25","N/A","28","N/A","0","N/A","4.05","N/A"
"0","29","20","N/A","0","N/A","1","N/A","1075.375","N/A","0","N/A","48.25","N/A","28","N/A","0","N/A","4.05","N/A"
"0","30","20","N/A","0","N/A","1","N/A","1075.375","N/A","0","N/A","48.25","N/A","28","N/A","0","N/A","4.05","N/A"
"0","31","20","N/A","0","N/A","1","N/A","1075.375","N/A","0","N/A","48.25","N/A","28","N/A","0","N/A","4.1","N/A"
"0","32","20","N/A","0","N/A","1","N/A","1075.375","N/A","0","N/A","48.25","N/A","28","N/A","0","N/A","4.1","N/A"
"0","33","20","N/A","0","N/A","1","N/A","1075.375","N/A","0","N/A","48.25","N/A","28","N/A","0","N/A","4.1","N/A"
"0","34","20","N/A","0","N/A","1","N/A","1075.375","N/A","0","N/A","48.25","N/A","28","N/A","0","N/A","4.1","N/A"
"0","35","20","N/A","0","N/A","1","N/A","1075.375","N/A","0","N/A","48.25","N/A","28","N/A","0","N/A","4.1","N/A"
"0","36","20","N/A","0","N/A","1","N/A","1075.375","N/A","0","N/A","48.25","N/A","28","N/A","0","N/A","4.1","N/A"
"0","37","20","N/A","0","N/A","1","N/A","1075.375","N/A","0","N/A","48.25","N/A","28","N/A","0","N/A","4.1","N/A"
"0","38","20","N/A","0","N/A","1","N/A","1075.375","N/A","0","N/A","48.25","N/A","28","N/A","0","N/A","4.1","N/A"
"0","39","20","N/A","0","N/A","1","N/A","1075.375","N/A","0","N/A","48.25","N/A","30","N/A","0","N/A","4.15","N/A"
"0","40","20","N/A","0","N/A","1","N/A","1075.375","N/A","0","N/A","48.25","N/A","30","N/A","0","N/A","4.2","N/A"
"0","41","20","N/A","0","N/A","1","N/A","1075.375","N/A","0","N/A","48.25","N/A","35","N/A","0","N/A","4.25","N/A"
"0","42","20","N/A","0","N/A","1","N/A","1075.375","N/A","0","N/A","48.25","N/A","35","N/A","0","N/A","4.25","N/A"
"0","43","20","N/A","0","N/A","1","N/A","1075.375","N/A","0","N/A","48.25","N/A","35","N/A","0","N/A","4.25","N/A"
"0","44","20","N/A","0","N/A","1","N/A","1075.375","N/A","0","N/A","48.25","N/A","35","N/A","0","N/A","4.25","N/A"
"0","45","20","N/A","0","N/A","1","N/A","1075.375","N/A","0","N/A","48.25","N/A","35","N/A","0","N/A","4.25","N/A"
"0","46","20","N/A","0","N/A","1","N/A","1075.375","N/A","0","N/A","48.25","N/A","35","N/A","0","N/A","4.25","N/A"
"0","47","20","N/A","0","N/A","1","N/A","1075.375","N/A","0","N/A","48.25","N/A","35","N/A","0","N/A","4.3","N/A"
"0","48","20","N/A","0","N/A","1","N/A","1075.375","N/A","0","N/A","48.25","N/A","35","N/A","0","N/A","4.35","N/A"
"0","49","20","N/A","0","N/A","1","N/A","1075.375","N/A","0","N/A","48.25","N/A","35","N/A","0","N/A","4.35","N/A"
"0","50","20","N/A","0","N/A","1","N/A","1075.375","N/A","0","N/A","48.25","N/A","35","N/A","0","N/A","4.35","N/A"
"0","51","20","N/A","0","N/A","1","N/A","1075.375","N/A","0","N/A","48.25","N/A","35","N/A","0","N/A","4.35","N/A"
"0","52","20","N/A","0","N/A","1","N/A","1075.375","N/A","0","N/A","48.25","N/A","35","N/A","0","N/A","4.35","N/A"
"0","53","20","N/A","0","N/A","1","N/A","1075.375","N/A","0","N/A","48.25","N/A","35","N/A","0","N/A","4.35","N/A"
"0","54","20","N/A","0","N/A","1","N/A","1075.375","N/A","0","N/A","48.25","N/A","35","N/A","0","N/A","4.35","N/A"
"0","55","20","N/A","0","N/A","1","N/A","1075.375","N/A","0","N/A","48.25","N/A","35","N/A","0","N/A","4.35","N/A"
"0","56","20","N/A","0","N/A","1","N/A","1075.375","N/A","0","N/A","48.25","N/A","35","N/A","0","N/A","4.4","N/A"
"0","57","20","N/A","0","N/A","1","N/A","1075.375","N/A","0","N/A","48.25","N/A","35","N/A","0","N/A","4.4","N/A"
"0","58","20","N/A","0","N/A","1","N/A","1075.375","N/A","0","N/A","48.25","N/A","35","N/A","0","N/A","4.4","N/A"
"0","59","20","N/A","0","N/A","1","N/A","1075.375","N/A","0","N/A","48.25","N/A","35","N/A","0","N/A","4.4","N/A"
"0","60","20","N/A","0","N/A","1","N/A","1075.375","N/A","0","N/A","48.25","N/A","35","N/A","0","N/A","4.4","N/A"
"0","61","20","N/A","0","N/A","1","N/A","1075.375","N/A","0","N/A","48.25","N/A","35","N/A","0","N/A","4.4","N/A"
"0","62","20","N/A","0","N/A","1","N/A","1075.375","N/A","0","N/A","48.25","N/A","35","N/A","0","N/A","4.4","N/A"
"0","63","20","N/A","0","N/A","1","N/A","1075.375","N/A","0","N/A","48.25","N/A","35","N/A","0","N/A","4.4","N/A"
"0","64","20","N/A","0","N/A","1","N/A","1075.375","N/A","0","N/A","48.25","N/A","35","N/A","0","N/A","4.4","N/A"
"0","65","20","N/A","0","N/A","1","N/A","1075.375","N/A","0","N/A","48.25","N/A","35","N/A","0","N/A","4.4","N/A"
"0","66","20","N/A","0","N/A","1","N/A","1075.375","N/A","0","N/A","48.25","N/A","35","N/A","0","N/A","4.45","N/A"
"0","67","20","N/A","0","N/A","1","N/A","1075.375","N/A","0","N/A","48.25","N/A","38","N/A","0","N/A","4.5","N/A"
"0","68","20","N/A","0","N/A","1","N/A","1075.375","N/A","0","N/A","48.25","N/A","38","N/A","0","N/A","4.5","N/A"
"0","69","20","N/A","0","N/A","1","N/A","1075.375","N/A","0","N/A","48.25","N/A","38","N/A","0","N/A","4.5","N/A"
"0","70","20","N/A","0","N/A","1","N/A","1075.375","N/A","0","N/A","48.25","N/A","38","N/A","0","N/A","4.5","N/A"
"0","71","20","N/A","0","N/A","1","N/A","1075.375","N/A","0","N/A","48.25","N/A","38","N/A","0","N/A","4.5","N/A"
"0","72","20","N/A","0","N/A","1","N/A","1075.375","N/A","0","N/A","48.25","N/A","38","N/A","0","N/A","4.5","N/A"
"0","73","20","N/A","0","N/A","1","N/A","1075.375","N/A","0","N/A","48.25","N/A","43","N/A","0","N/A","4.55","N/A"
"0","74","20","N/A","0","N/A","1","N/A","1075.375","N/A","0","N/A","48.25","N/A","43","N/A","0","N/A","4.55","N/A"
"0","75","20","N/A","0","N/A","1","N/A","1075.375","N/A","0","N/A","48.25","N/A","43","N/A","0","N/A","4.55","N/A"
"0","76","20","N/A","0","N/A","1","N/A","1075.375","N/A","0","N/A","48.25","N/A","43","N/A","0","N/A","4.55","N/A"
"0","77","20","N/A","0","N/A","1","N/A","1075.375","N/A","0","N/A","48.25","N/A","43","N/A","0","N/A","4.55","N/A"
"0","78","20","N/A","0","N/A","1","N/A","1075.375","N/A","0","N/A","48.25","N/A","43","N/A","0","N/A","4.55","N/A"
"0","79","20","N/A","0","N/A","1","N/A","1075.375","N/A","0","N/A","48.25","N/A","43","N/A","0","N/A","4.6","N/A"
"0","80","20","N/A","0","N/A","1","N/A","1075.375","N/A","0","N/A","48.25","N/A","43","N/A","0","N/A","4.6","N/A"
"0","81","20","N/A","0","N/A","1","N/A","1075.375","N/A","0","N/A","48.25","N/A","43","N/A","0","N/A","4.6","N/A"
"0","82","20","N/A","0","N/A","1","N/A","1075.375","N/A","0","N/A","48.25","N/A","43","N/A","0","N/A","4.6","N/A"
"0","83","20","N/A","0","N/A","1","N/A","1075.375","N/A","0","N/A","48.25","N/A","43","N/A","0","N/A","4.6","N/A"
"0","84","20","N/A","0","N/A","1","N/A","1075.375","N/A","0","N/A","48.25","N/A","43","N/A","0","N/A","4.6","N/A"
"0","85","20","N/A","0","N/A","1","N/A","1075.375","N/A","0","N/A","48.25","N/A","43","N/A","0","N/A","4.65","N/A"
"0","86","20","N/A","0","N/A","1","N/A","1075.375","N/A","0","N/A","48.25","N/A","43","N/A","0","N/A","4.65","N/A"
"0","87","20","N/A","0","N/A","1","N/A","1075.375","N/A","0","N/A","48.25","N/A","43","N/A","0","N/A","4.65","N/A"
"0","88","20","N/A","0","N/A","1","N/A","1075.375","N/A","0","N/A","48.25","N/A","43","N/A","0","N/A","4.65","N/A"
"0","89","20","N/A","0","N/A","1","N/A","1075.375","N/A","0","N/A","48.25","N/A","43","N/A","0","N/A","4.65","N/A"
"0","90","20","N/A","0","N/A","1","N/A","1075.375","N/A","0","N/A","48.25","N/A","43","N/A","0","N/A","4.65","N/A"
"0","91","20","N/A","0","N/A","1","N/A","1075.375","N/A","0","N/A","48.25","N/A","43","N/A","0","N/A","4.65","N/A"
"0","92","20","N/A","0","N/A","1","N/A","1075.375","N/A","0","N/A","48.25","N/A","43","N/A","0","N/A","4.65","N/A"
"0","93","20","N/A","0","N/A","1","N/A","1075.375","N/A","0","N/A","48.25","N/A","43","N/A","0","N/A","4.65","N/A"
"0","94","20","N/A","0","N/A","1","N/A","1075.375","N/A","0","N/A","48.25","N/A","43","N/A","0","N/A","4.65","N/A"
"0","95","20","N/A","0","N/A","1","N/A","1075.375","N/A","0","N/A","48.25","N/A","43","N/A","0","N/A","4.65","N/A"
"0","96","20","N/A","0","N/A","1","N/A","1075.375","N/A","0","N/A","48.25","N/A","43","N/A","0","N/A","4.65","N/A"
"0","97","20","N/A","0","N/A","1","N/A","1075.375","N/A","0","N/A","48.25","N/A","43","N/A","0","N/A","4.7","N/A"
"0","98","20","N/A","0","N/A","1","N/A","1075.375","N/A","0","N/A","48.25","N/A","43","N/A","0","N/A","4.7","N/A"
"0","99","20","N/A","0","N/A","1","N/A","1075.375","N/A","0","N/A","48.25","N/A","43","N/A","0","N/A","4.7","N/A"
"0","100","20","N/A","0","N/A","1","N/A","1075.375","N/A","0","N/A","48.25","N/A","43","N/A","0","N/A","4.7","N/A"
"0","101","20","N/A","0","N/A","1","N/A","1075.375","N/A","0","N/A","48.25","N/A","43","N/A","0","N/A","4.7","N/A"
"0","102","20","N/A","0","N/A","1","N/A","1075.375","N/A","0","N/A","48.25","N/A","43","N/A","0","N/A","4.7","N/A"
"0","103","20","N/A","0","N/A","1","N/A","1075.375","N/A","0","N/A","48.25","N/A","45","N/A","0","N/A","4.75","N/A"
"0","104","20","N/A","0","N/A","1","N/A","1075.375","N/A","0","N/A","48.25","N/A","45","N/A","0","N/A","4.75","N/A"
"0","105","20","N/A","0","N/A","1","N/A","1075.375","N/A","0","N/A","48.25","N/A","45","N/A","0","N/A","4.75","N/A"
"0","106","20","N/A","0","N/A","1","N/A","1075.375","N/A","0","N/A","48.25","N/A","45","N/A","0","N/A","4.75","N/A"
"0","107","20","N/A","0","N/A","1","N/A","1075.375","N/A","0","N/A","48.25","N/A","45","N/A","0","N/A","4.75","N/A"
"0","108","20","N/A","0","N/A","1","N/A","1075.375","N/A","0","N/A","48.25","N/A","45","N/A","0","N/A","4.75","N/A"
"0","109","20","N/A","0","N/A","1","N/A","1075.375","N/A","0","N/A","48.25","N/A","45","N/A","0","N/A","4.75","N/A"
"0","110","20","N/A","0","N/A","1","N/A","1075.375","N/A","0","N/A","48.25","N/A","48","N/A","0","N/A","4.8","N/A"
"0","111","20","N/A","0","N/A","1","N/A","1075.375","N/A","0","N/A","48.25","N/A","48","N/A","0","N/A","4.8","N/A"
"0","112","20","N/A","0","N/A","1","N/A","1075.375","N/A","0","N/A","48.25","N/A","48","N/A","0","N/A","4.8","N/A"
"0","113","20","N/A","0","N/A","1","N/A","1075.375","N/A","0","N/A","48.25","N/A","48","N/A","0","N/A","4.8","N/A"
"0","114","20","N/A","0","N/A","1","N/A","1075.375","N/A","0","N/A","48.25","N/A","48","N/A","0","N/A","4.85","N/A"
"0","115","20","N/A","0","N/A","1","N/A","1075.375","N/A","0","N/A","48.25","N/A","48","N/A","0","N/A","4.85","N/A"
"0","116","20","N/A","0","N/A","1","N/A","1075.375","N/A","0","N/A","48.25","N/A","48","N/A","0","N/A","4.85","N/A"
"0","117","20","N/A","0","N/A","1","N/A","1075.375","N/A","0","N/A","48.25","N/A","49","N/A","0","N/A","4.9","N/A"
"0","118","20","N/A","0","N/A","1","N/A","1075.375","N/A","0","N/A","48.25","N/A","49","N/A","0","N/A","4.9","N/A"
"0","119","20","N/A","0","N/A","1","N/A","1075.375","N/A","0","N/A","48.25","N/A","49","N/A","0","N/A","4.9","N/A"
"0","120","20","N/A","0","N/A","1","N/A","1075.375","N/A","0","N/A","48.25","N/A","49","N/A","0","N/A","4.9","N/A"
"0","121","20","N/A","0","N/A","1","N/A","1075.375","N/A","0","N/A","48.25","N/A","49","N/A","0","N/A","4.9","N/A"
"0","122","20","N/A","0","N/A","1","N/A","1075.375","N/A","0","N/A","48.25","N/A","49","N/A","0","N/A","4.9","N/A"
"0","123","20","N/A","0","N/A","1","N/A","1075.375","N/A","0","N/A","48.25","N/A","49","N/A","0","N/A","4.9","N/A"
"0","124","20","N/A","0","N/A","1","N/A","1075.375","N/A","0","N/A","48.25","N/A","49","N/A","0","N/A","4.9","N/A"
"0","125","20","N/A","0","N/A","1","N/A","1075.375","N/A","0","N/A","48.25","N/A","49","N/A","0","N/A","4.9","N/A"
"0","126","20","N/A","0","N/A","1","N/A","1075.375","N/A","0","N/A","48.25","N/A","49","N/A","0","N/A","4.9","N/A"
"0","127","20","N/A","0","N/A","1","N/A","1075.375","N/A","0","N/A","48.25","N/A","49","N/A","0","N/A","4.9","N/A"
"0","128","20","N/A","0","N/A","1","N/A","1075.375","N/A","0","N/A","48.25","N/A","49","N/A","0","N/A","4.9","N/A"
"0","129","20","N/A","0","N/A","1","N/A","1075.375","N/A","0","N/A","48.25","N/A","49","N/A","0","N/A","4.95","N/A"
"0","130","20","N/A","0","N/A","1","N/A","1075.375","N/A","0","N/A","48.25","N/A","49","N/A","0","N/A","4.95","N/A"
"0","131","20","N/A","0","N/A","1","N/A","1075.375","N/A","0","N/A","48.25","N/A","49","N/A","0","N/A","4.95","N/A"
"0","132","20","N/A","0","N/A","1","N/A","1075.375","N/A","0","N/A","48.25","N/A","49","N/A","0","N/A","4.95","N/A"
"0","133","20","N/A","0","N/A","1","N/A","1075.375","N/A","0","N/A","48.25","N/A","49","N/A","0","N/A","4.95","N/A"
"0","134","20","N/A","0","N/A","1","N/A","1075.375","N/A","0","N/A","48.25","N/A","49","N/A","0","N/A","4.95","N/A"
"0","135","20","N/A","0","N/A","1","N/A","1075.375","N/A","0","N/A","48.25","N/A","49","N/A","0","N/A","4.95","N/A"
"0","136","20","N/A","0","N/A","1","N/A","1075.375","N/A","0","N/A","48.25","N/A","49","N/A","0","N/A","4.95","N/A"
"0","137","20","N/A","0","N/A","1","N/A","1075.375","N/A","0","N/A","48.25","N/A","49","N/A","0","N/A","4.95","N/A"
"0","138","20","N/A","0","N/A","1","N/A","1075.375","N/A","0","N/A","48.25","N/A","49","N/A","0","N/A","4.95","N/A"
"0","139","20","N/A","0","N/A","1","N/A","1075.375","N/A","0","N/A","48.25","N/A","49","N/A","0","N/A","4.95","N/A"
"0","140","20","N/A","0","N/A","1","N/A","1075.375","N/A","0","N/A","48.25","N/A","49","N/A","0","N/A","4.95","N/A"
"0","141","20","N/A","0","N/A","1","N/A","1075.375","N/A","0","N/A","48.25","N/A","49","N/A","0","N/A","5","N/A"
"0","142","20","N/A","0","N/A","1","N/A","1075.375","N/A","0","N/A","48.25","N/A","49","N/A","0","N/A","5","N/A"
"0","143","20","N/A","0","N/A","1","N/A","1075.375","N/A","0","N/A","48.25","N/A","49","N/A","0","N/A","5","N/A"
"0","144","20","N/A","0","N/A","1","N/A","1075.375","N/A","0","N/A","48.25","N/A","49","N/A","0","N/A","5.05","N/A"
"0","145","20","N/A","0","N/A","1","N/A","1075.375","N/A","0","N/A","48.25","N/A","49","N/A","0","N/A","5.05","N/A"
"0","146","20","N/A","0","N/A","1","N/A","1075.375","N/A","0","N/A","48.25","N/A","49","N/A","0","N/A","5.05","N/A"
"0","147","20","N/A","0","N/A","1","N/A","1075.375","N/A","0","N/A","48.25","N/A","49","N/A","0","N/A","5.05","N/A"
"0","148","20","N/A","0","N/A","1","N/A","1075.375","N/A","0","N/A","48.25","N/A","49","N/A","0","N/A","5.05","N/A"
"0","149","20","N/A","0","N/A","1","N/A","1075.375","N/A","0","N/A","48.25","N/A","49","N/A","0","N/A","5.05","N/A"
"0","150","20","N/A","0","N/A","1","N/A","1075.375","N/A","0","N/A","48.25","N/A","49","N/A","0","N/A","5.05","N/A"
"0","151","20","N/A","0","N/A","1","N/A","1075.375","N/A","0","N/A","48.25","N/A","51","N/A","0","N/A","5.1","N/A"
"0","152","20","N/A","0","N/A","1","N/A","1075.375","N/A","0","N/A","48.25","N/A","51","N/A","0","N/A","5.1","N/A"
"0","153","20","N/A","0","N/A","1","N/A","1075.375","N/A","0","N/A","48.25","N/A","51","N/A","0","N/A","5.1","N/A"
"0","154","20","N/A","0","N/A","1","N/A","1075.375","N/A","0","N/A","48.25","N/A","51","N/A","0","N/A","5.1","N/A"
"0","155","20","N/A","0","N/A","1","N/A","1075.375","N/A","0","N/A","48.25","N/A","53","N/A","0","N/A","5.15","N/A"
"0","156","20","N/A","0","N/A","1","N/A","1075.375","N/A","0","N/A","48.25","N/A","53","N/A","0","N/A","5.15","N/A"
"0","157","20","N/A","0","N/A","1","N/A","1075.375","N/A","0","N/A","48.25","N/A","53","N/A","0","N/A","5.15","N/A"
"0","158","20","N/A","0","N/A","1","N/A","1075.375","N/A","0","N/A","48.25","N/A","53","N/A","0","N/A","5.15","N/A"
"0","159","20","N/A","0","N/A","1","N/A","1075.375","N/A","0","N/A","48.25","N/A","53","N/A","0","N/A","5.15","N/A"
"0","160","20","N/A","0","N/A","1","N/A","1075.375","N/A","0","N/A","48.25","N/A","53","N/A","0","N/A","5.15","N/A"
"0","161","20","N/A","0","N/A","1","N/A","1075.375","N/A","0","N/A","48.25","N/A","53","N/A","0","N/A","5.15","N/A"
"0","162","20","N/A","0","N/A","1","N/A","1075.375","N/A","0","N/A","48.25","N/A","53","N/A","0","N/A","5.15","N/A"
"0","163","20","N/A","0","N/A","1","N/A","1075.375","N/A","0","N/A","48.25","N/A","53","N/A","0","N/A","5.2","N/A"
"0","164","20","N/A","0","N/A","1","N/A","1075.375","N/A","0","N/A","48.25","N/A","55","N/A","0","N/A","5.25","N/A"
"0","165","20","N/A","0","N/A","1","N/A","1075.375","N/A","0","N/A","48.25","N/A","55","N/A","0","N/A","5.25","N/A"
"0","166","20","N/A","0","N/A","1","N/A","1075.375","N/A","0","N/A","48.25","N/A","55","N/A","0","N/A","5.25","N/A"
"0","167","20","N/A","0","N/A","1","N/A","1075.375","N/A","0","N/A","48.25","N/A","55","N/A","0","N/A","5.25","N/A"
"0","168","20","N/A","0","N/A","1","N/A","1075.375","N/A","0","N/A","48.25","N/A","55","N/A","0","N/A","5.25","N/A"
"0","169","20","N/A","0","N/A","1","N/A","1075.375","N/A","0","N/A","48.25","N/A","55","N/A","0","N/A","5.25","N/A"
"0","170","20","N/A","0","N/A","1","N/A","1075.375","N/A","0","N/A","48.25","N/A","55","N/A","0","N/A","5.3","N/A"
"0","171","20","N/A","0","N/A","1","N/A","1075.375","N/A","0","N/A","48.25","N/A","55","N/A","0","N/A","5.3","N/A"
"0","172","20","N/A","0","N/A","1","N/A","1075.375","N/A","0","N/A","48.25","N/A","55","N/A","0","N/A","5.3","N/A"
"0","173","20","N/A","0","N/A","1","N/A","1075.375","N/A","0","N/A","48.25","N/A","55","N/A","0","N/A","5.3","N/A"
"0","174","20","N/A","0","N/A","1","N/A","1075.375","N/A","0","N/A","48.25","N/A","55","N/A","0","N/A","5.3","N/A"
"0","175","20","N/A","0","N/A","1","N/A","1075.375","N/A","0","N/A","48.25","N/A","55","N/A","0","N/A","5.3","N/A"
"0","176","20","N/A","0","N/A","1","N/A","1075.375","N/A","0","N/A","48.25","N/A","55","N/A","0","N/A","5.3","N/A"
"0","177","20","N/A","0","N/A","1","N/A","1075.375","N/A","0","N/A","48.25","N/A","55","N/A","0","N/A","5.3","N/A"
"0","178","20","N/A","0","N/A","1","N/A","1075.375","N/A","0","N/A","48.25","N/A","55","N/A","0","N/A","5.3","N/A"
"0","179","20","N/A","0","N/A","1","N/A","1075.375","N/A","0","N/A","48.25","N/A","55","N/A","0","N/A","5.3","N/A"
"0","180","20","N/A","0","N/A","1","N/A","1075.375","N/A","0","N/A","48.25","N/A","55","N/A","0","N/A","5.3","N/A"
"0","181","20","N/A","0","N/A","1","N/A","1075.375","N/A","0","N/A","48.25","N/A","55","N/A","0","N/A","5.3","N/A"
"0","182","20","N/A","0","N/A","1","N/A","1075.375","N/A","0","N/A","48.25","N/A","55","N/A","0","N/A","5.3","N/A"
"0","183","20","N/A","0","N/A","1","N/A","1075.375","N/A","0","N/A","48.25","N/A","55","N/A","0","N/A","5.3","N/A"
"0","184","20","N/A","0","N/A","1","N/A","1075.375","N/A","0","N/A","48.25","N/A","55","N/A","0","N/A","5.3","N/A"
"0","185","20","N/A","0","N/A","1","N/A","1075.375","N/A","0","N/A","48.25","N/A","55","N/A","0","N/A","5.35","N/A"
"0","186","20","N/A","0","N/A","1","N/A","1075.375","N/A","0","N/A","48.25","N/A","55","N/A","0","N/A","5.35","N/A"
"0","187","20","N/A","0","N/A","1","N/A","1075.375","N/A","0","N/A","48.25","N/A","55","N/A","0","N/A","5.35","N/A"
"0","188","20","N/A","0","N/A","1","N/A","1075.375","N/A","0","N/A","48.25","N/A","55","N/A","0","N/A","5.35","N/A"
"0","189","20","N/A","0","N/A","1","N/A","1075.375","N/A","0","N/A","48.25","N/A","55","N/A","0","N/A","5.35","N/A"
"0","190","20","N/A","0","N/A","1","N/A","1075.375","N/A","0","N/A","48.25","N/A","55","N/A","0","N/A","5.35","N/A"
"0","191","20","N/A","0","N/A","1","N/A","1075.375","N/A","0","N/A","48.25","N/A","55","N/A","0","N/A","5.35","N/A"
"0","192","20","N/A","0","N/A","1","N/A","1075.375","N/A","0","N/A","48.25","N/A","55","N/A","0","N/A","5.35","N/A"
"0","193","20","N/A","0","N/A","1","N/A","1075.375","N/A","0","N/A","48.25","N/A","55","N/A","0","N/A","5.35","N/A"
"0","194","20","N/A","0","N/A","1","N/A","1075.375","N/A","0","N/A","48.25","N/A","55","N/A","0","N/A","5.35","N/A"
"0","195","20","N/A","0","N/A","1","N/A","1075.375","N/A","0","N/A","48.25","N/A","55","N/A","0","N/A","5.35","N/A"
"0","196","20","N/A","0","N/A","1","N/A","1075.375","N/A","0","N/A","48.25","N/A","55","N/A","0","N/A","5.35","N/A"
"0","197","20","N/A","0","N/A","1","N/A","1075.375","N/A","0","N/A","48.25","N/A","55","N/A","0","N/A","5.35","N/A"
"0","198","20","N/A","0","N/A","1","N/A","1075.375","N/A","0","N/A","48.25","N/A","55","N/A","0","N/A","5.35","N/A"
"0","199","20","N/A","0","N/A","1","N/A","1075.375","N/A","0","N/A","48.25","N/A","55","N/A","0","N/A","5.35","N/A"
"0","200","20","N/A","0","N/A","1","N/A","1075.375","N/A","0","N/A","48.25","N/A","55","N/A","0","N/A","5.35","N/A"
"0","201","20","N/A","0","N/A","1","N/A","1075.375","N/A","0","N/A","48.25","N/A","55","N/A","0","N/A","5.35","N/A"
"0","202","20","N/A","0","N/A","1","N/A","1075.375","N/A","0","N/A","48.25","N/A","55","N/A","0","N/A","5.35","N/A"
"0","203","20","N/A","0","N/A","1","N/A","1075.375","N/A","0","N/A","48.25","N/A","55","N/A","0","N/A","5.35","N/A"
"0","204","20","N/A","0","N/A","1","N/A","1075.375","N/A","0","N/A","48.25","N/A","55","N/A","0","N/A","5.35","N/A"
"0","205","20","N/A","0","N/A","1","N/A","1075.375","N/A","0","N/A","48.25","N/A","55","N/A","0","N/A","5.35","N/A"
"0","206","20","N/A","0","N/A","1","N/A","1075.375","N/A","0","N/A","48.25","N/A","55","N/A","0","N/A","5.35","N/A"
"0","207","20","N/A","0","N/A","1","N/A","1075.375","N/A","0","N/A","48.25","N/A","55","N/A","0","N/A","5.35","N/A"
"0","208","20","N/A","0","N/A","1","N/A","1075.375","N/A","0","N/A","48.25","N/A","55","N/A","0","N/A","5.35","N/A"
"0","209","20","N/A","0","N/A","1","N/A","1075.375","N/A","0","N/A","48.25","N/A","55","N/A","0","N/A","5.35","N/A"
"0","210","20","N/A","0","N/A","1","N/A","1075.375","N/A","0","N/A","48.25","N/A","55","N/A","0","N/A","5.35","N/A"
"0","211","20","N/A","0","N/A","1","N/A","1075.375","N/A","0","N/A","48.25","N/A","55","N/A","0","N/A","5.35","N/A"
"0","212","20","N/A","0","N/A","1","N/A","1075.375","N/A","0","N/A","48.25","N/A","55","N/A","0","N/A","5.35","N/A"
"0","213","20","N/A","0","N/A","1","N/A","1075.375","N/A","0","N/A","48.25","N/A","55","N/A","0","N/A","5.35","N/A"
"0","214","20","N/A","0","N/A","1","N/A","1075.375","N/A","0","N/A","48.25","N/A","55","N/A","0","N/A","5.35","N/A"
"0","215","20","N/A","0","N/A","1","N/A","1075.375","N/A","0","N/A","48.25","N/A","55","N/A","0","N/A","5.35","N/A"
"0","216","20","N/A","0","N/A","1","N/A","1075.375","N/A","0","N/A","48.25","N/A","55","N/A","0","N/A","5.35","N/A"
"0","217","20","N/A","0","N/A","1","N/A","1075.375","N/A","0","N/A","48.25","N/A","55","N/A","0","N/A","5.35","N/A"
"0","218","20","N/A","0","N/A","1","N/A","1075.375","N/A","0","N/A","48.25","N/A","57","N/A","0","N/A","5.4","N/A"
"0","219","20","N/A","0","N/A","1","N/A","1075.375","N/A","0","N/A","48.25","N/A","57","N/A","0","N/A","5.45","N/A"
"0","220","20","N/A","0","N/A","1","N/A","1075.375","N/A","0","N/A","48.25","N/A","57","N/A","0","N/A","5.5","N/A"
"0","221","20","N/A","0","N/A","1","N/A","1075.375","N/A","0","N/A","48.25","N/A","57","N/A","0","N/A","5.5","N/A"
"0","222","20","N/A","0","N/A","1","N/A","1075.375","N/A","0","N/A","48.25","N/A","57","N/A","0","N/A","5.5","N/A"
"0","223","20","N/A","0","N/A","1","N/A","1075.375","N/A","0","N/A","48.25","N/A","57","N/A","0","N/A","5.5","N/A"
"0","224","20","N/A","0","N/A","1","N/A","1075.375","N/A","0","N/A","48.25","N/A","57","N/A","0","N/A","5.5","N/A"
"0","225","20","N/A","0","N/A","1","N/A","1075.375","N/A","0","N/A","48.25","N/A","57","N/A","0","N/A","5.5","N/A"
"0","226","20","N/A","0","N/A","1","N/A","1075.375","N/A","0","N/A","48.25","N/A","57","N/A","0","N/A","5.5","N/A"
"0","227","20","N/A","0","N/A","1","N/A","1075.375","N/A","0","N/A","48.25","N/A","57","N/A","0","N/A","5.5","N/A"
"0","228","20","N/A","0","N/A","1","N/A","1075.375","N/A","0","N/A","48.25","N/A","57","N/A","0","N/A","5.5","N/A"
"0","229","20","N/A","0","N/A","1","N/A","1075.375","N/A","0","N/A","48.25","N/A","57","N/A","0","N/A","5.55","N/A"
"0","230","20","N/A","0","N/A","1","N/A","1075.375","N/A","0","N/A","48.25","N/A","57","N/A","0","N/A","5.55","N/A"
"0","231","20","N/A","0","N/A","1","N/A","1075.375","N/A","0","N/A","48.25","N/A","57","N/A","0","N/A","5.55","N/A"
"0","232","20","N/A","0","N/A","1","N/A","1075.375","N/A","0","N/A","48.25","N/A","57","N/A","0","N/A","5.55","N/A"
"0","233","20","N/A","0","N/A","1","N/A","1075.375","N/A","0","N/A","48.25","N/A","57","N/A","0","N/A","5.55","N/A"
"0","234","20","N/A","0","N/A","1","N/A","1075.375","N/A","0","N/A","48.25","N/A","57","N/A","0","N/A","5.55","N/A"
"0","235","20","N/A","0","N/A","1","N/A","1075.375","N/A","0","N/A","48.25","N/A","57","N/A","0","N/A","5.55","N/A"
"0","236","20","N/A","0","N/A","1","N/A","1075.375","N/A","0","N/A","48.25","N/A","57","N/A","0","N/A","5.55","N/A"
"0","237","20","N/A","0","N/A","1","N/A","1075.375","N/A","0","N/A","48.25","N/A","57","N/A","0","N/A","5.55","N/A"
"0","238","20","N/A","0","N/A","1","N/A","1075.375","N/A","0","N/A","48.25","N/A","57","N/A","0","N/A","5.55","N/A"
"0","239","20","N/A","0","N/A","1","N/A","1075.375","N/A","0","N/A","48.25","N/A","57","N/A","0","N/A","5.55","N/A"
"0","240","20","N/A","0","N/A","1","N/A","1075.375","N/A","0","N/A","48.25","N/A","57","N/A","0","N/A","5.6","N/A"
"0","241","20","N/A","0","N/A","1","N/A","1075.375","N/A","0","N/A","48.25","N/A","58","N/A","0","N/A","5.65","N/A"
"0","242","20","N/A","0","N/A","1","N/A","1075.375","N/A","0","N/A","48.25","N/A","58","N/A","0","N/A","5.65","N/A"
"0","243","20","N/A","0","N/A","1","N/A","1075.375","N/A","0","N/A","48.25","N/A","58","N/A","0","N/A","5.65","N/A"
"0","244","20","N/A","0","N/A","1","N/A","1075.375","N/A","0","N/A","48.25","N/A","58","N/A","0","N/A","5.65","N/A"
"0","245","20","N/A","0","N/A","1","N/A","1075.375","N/A","0","N/A","48.25","N/A","58","N/A","0","N/A","5.65","N/A"
"0","246","20","N/A","0","N/A","1","N/A","1075.375","N/A","0","N/A","48.25","N/A","58","N/A","0","N/A","5.65","N/A"
"0","247","20","N/A","0","N/A","1","N/A","1075.375","N/A","0","N/A","48.25","N/A","58","N/A","0","N/A","5.7","N/A"
"0","248","20","N/A","0","N/A","1","N/A","1075.375","N/A","0","N/A","48.25","N/A","58","N/A","0","N/A","5.7","N/A"
"0","249","20","N/A","0","N/A","1","N/A","1075.375","N/A","0","N/A","48.25","N/A","58","N/A","0","N/A","5.7","N/A"
"0","250","20","N/A","0","N/A","1","N/A","1075.375","N/A","0","N/A","48.25","N/A","58","N/A","0","N/A","5.7","N/A"
"0","251","20","N/A","0","N/A","1","N/A","1075.375","N/A","0","N/A","48.25","N/A","58","N/A","0","N/A","5.7","N/A"
"0","252","20","N/A","0","N/A","1","N/A","1075.375","N/A","0","N/A","48.25","N/A","58","N/A","0","N/A","5.7","N/A"
"0","253","20","N/A","0","N/A","1","N/A","1075.375","N/A","0","N/A","48.25","N/A","58","N/A","0","N/A","5.7","N/A"
"0","254","20","N/A","0","N/A","1","N/A","1075.375","N/A","0","N/A","48.25","N/A","58","N/A","0","N/A","5.7","N/A"
"0","255","20","N/A","0","N/A","1","N/A","1075.375","N/A","0","N/A","48.25","N/A","58","N/A","0","N/A","5.7","N/A"
"0","256","20","N/A","0","N/A","1","N/A","1075.375","N/A","0","N/A","48.25","N/A","58","N/A","0","N/A","5.75","N/A"
"0","257","20","N/A","0","N/A","1","N/A","1075.375","N/A","0","N/A","48.25","N/A","58","N/A","0","N/A","5.75","N/A"
"0","258","20","N/A","0","N/A","1","N/A","1075.375","N/A","0","N/A","48.25","N/A","58","N/A","0","N/A","5.75","N/A"
"0","259","20","N/A","0","N/A","1","N/A","1075.375","N/A","0","N/A","48.25","N/A","58","N/A","0","N/A","5.75","N/A"
"0","260","20","N/A","0","N/A","1","N/A","1075.375","N/A","0","N/A","48.25","N/A","58","N/A","0","N/A","5.75","N/A"
"0","261","20","N/A","0","N/A","1","N/A","1075.375","N/A","0","N/A","48.25","N/A","58","N/A","0","N/A","5.75","N/A"
"0","262","20","N/A","0","N/A","1","N/A","1075.375","N/A","0","N/A","48.25","N/A","58","N/A","0","N/A","5.75","N/A"
"0","263","20","N/A","0","N/A","1","N/A","1075.375","N/A","0","N/A","48.25","N/A","58","N/A","0","N/A","5.75","N/A"
"0","264","20","N/A","0","N/A","1","N/A","1075.375","N/A","0","N/A","48.25","N/A","58","N/A","0","N/A","5.75","N/A"
"0","265","20","N/A","0","N/A","1","N/A","1075.375","N/A","0","N/A","48.25","N/A","58","N/A","0","N/A","5.75","N/A"
"0","266","20","N/A","0","N/A","1","N/A","1075.375","N/A","0","N/A","48.25","N/A","58","N/A","0","N/A","5.75","N/A"
"0","267","20","N/A","0","N/A","1","N/A","1075.375","N/A","0","N/A","48.25","N/A","58","N/A","0","N/A","5.8","N/A"
"0","268","20","N/A","0","N/A","1","N/A","1075.375","N/A","0","N/A","48.25","N/A","58","N/A","0","N/A","5.8","N/A"
"0","269","20","N/A","0","N/A","1","N/A","1075.375","N/A","0","N/A","48.25","N/A","63","N/A","0","N/A","5.85","N/A"
"0","270","20","N/A","0","N/A","1","N/A","1075.375","N/A","0","N/A","48.25","N/A","67","N/A","0","N/A","5.9","N/A"
"0","271","20","N/A","0","N/A","1","N/A","1075.375","N/A","0","N/A","48.25","N/A","67","N/A","0","N/A","5.9","N/A"
"0","272","20","N/A","0","N/A","1","N/A","1075.375","N/A","0","N/A","48.25","N/A","67","N/A","0","N/A","5.95","N/A"
"0","273","20","N/A","0","N/A","1","N/A","1075.375","N/A","0","N/A","48.25","N/A","67","N/A","0","N/A","5.95","N/A"
"0","274","20","N/A","0","N/A","1","N/A","1075.375","N/A","0","N/A","48.25","N/A","67","N/A","0","N/A","5.95","N/A"
"0","275","20","N/A","0","N/A","1","N/A","1075.375","N/A","0","N/A","48.25","N/A","67","N/A","0","N/A","5.95","N/A"
"0","276","20","N/A","0","N/A","1","N/A","1075.375","N/A","0","N/A","48.25","N/A","67","N/A","0","N/A","5.95","N/A"
"0","277","20","N/A","0","N/A","1","N/A","1075.375","N/A","0","N/A","48.25","N/A","67","N/A","0","N/A","5.95","N/A"
"0","278","20","N/A","0","N/A","1","N/A","1075.375","N/A","0","N/A","48.25","N/A","67","N/A","0","N/A","5.95","N/A"
"0","279","20","N/A","0","N/A","1","N/A","1075.375","N/A","0","N/A","48.25","N/A","67","N/A","0","N/A","6","N/A"
"0","280","20","N/A","0","N/A","1","N/A","1075.375","N/A","0","N/A","48.25","N/A","67","N/A","0","N/A","6.05","N/A"
"0","281","20","N/A","0","N/A","1","N/A","1075.375","N/A","0","N/A","48.25","N/A","67","N/A","0","N/A","6.05","N/A"
"0","282","20","N/A","0","N/A","1","N/A","1075.375","N/A","0","N/A","48.25","N/A","67","N/A","0","N/A","6.1","N/A"
"0","283","20","N/A","0","N/A","1","N/A","1075.375","N/A","0","N/A","48.25","N/A","67","N/A","0","N/A","6.1","N/A"
"0","284","20","N/A","0","N/A","1","N/A","1075.375","N/A","0","N/A","48.25","N/A","67","N/A","0","N/A","6.1","N/A"
"0","285","20","N/A","0","N/A","1","N/A","1075.375","N/A","0","N/A","48.25","N/A","67","N/A","0","N/A","6.1","N/A"
"0","286","20","N/A","0","N/A","1","N/A","1075.375","N/A","0","N/A","48.25","N/A","67","N/A","0","N/A","6.1","N/A"
"0","287","20","N/A","0","N/A","1","N/A","1075.375","N/A","0","N/A","48.25","N/A","67","N/A","0","N/A","6.1","N/A"
"0","288","20","N/A","0","N/A","1","N/A","1075.375","N/A","0","N/A","48.25","N/A","67","N/A","0","N/A","6.1","N/A"
"0","289","20","N/A","0","N/A","1","N/A","1075.375","N/A","0","N/A","48.25","N/A","72","N/A","0","N/A","6.15","N/A"
"0","290","20","N/A","0","N/A","1","N/A","1075.375","N/A","0","N/A","48.25","N/A","73","N/A","0","N/A","6.2","N/A"
"0","291","20","N/A","0","N/A","1","N/A","1075.375","N/A","0","N/A","48.25","N/A","73","N/A","0","N/A","6.2","N/A"
"0","292","20","N/A","0","N/A","1","N/A","1075.375","N/A","0","N/A","48.25","N/A","73","N/A","0","N/A","6.2","N/A"
"0","293","20","N/A","0","N/A","1","N/A","1075.375","N/A","0","N/A","48.25","N/A","73","N/A","0","N/A","6.2","N/A"
"0","294","20","N/A","0","N/A","1","N/A","1075.375","N/A","0","N/A","48.25","N/A","73","N/A","0","N/A","6.2","N/A"
"0","295","20","N/A","0","N/A","1","N/A","1075.375","N/A","0","N/A","48.25","N/A","73","N/A","0","N/A","6.2","N/A"
"0","296","20","N/A","0","N/A","1","N/A","1075.375","N/A","0","N/A","48.25","N/A","73","N/A","0","N/A","6.2","N/A"
"0","297","20","N/A","0","N/A","1","N/A","1075.375","N/A","0","N/A","48.25","N/A","73","N/A","0","N/A","6.2","N/A"
"0","298","20","N/A","0","N/A","1","N/A","1075.375","N/A","0","N/A","48.25","N/A","73","N/A","0","N/A","6.2","N/A"
"0","299","20","N/A","0","N/A","1","N/A","1075.375","N/A","0","N/A","48.25","N/A","73","N/A","0","N/A","6.2","N/A"
"0","300","20","N/A","0","N/A","1","N/A","1075.375","N/A","0","N/A","48.25","N/A","73","N/A","0","N/A","6.2","N/A"
"0","301","20","N/A","0","N/A","1","N/A","1075.375","N/A","0","N/A","48.25","N/A","73","N/A","0","N/A","6.2","N/A"
"0","302","20","N/A","0","N/A","1","N/A","1075.375","N/A","0","N/A","48.25","N/A","73","N/A","0","N/A","6.2","N/A"
"0","303","20","N/A","0","N/A","1","N/A","1075.375","N/A","0","N/A","48.25","N/A","73","N/A","0","N/A","6.2","N/A"
"0","304","20","N/A","0","N/A","1","N/A","1075.375","N/A","0","N/A","48.25","N/A","74","N/A","0","N/A","6.25","N/A"
"0","305","20","N/A","0","N/A","1","N/A","1075.375","N/A","0","N/A","48.25","N/A","74","N/A","0","N/A","6.25","N/A"
"0","306","20","N/A","0","N/A","1","N/A","1075.375","N/A","0","N/A","48.25","N/A","74","N/A","0","N/A","6.25","N/A"
"0","307","20","N/A","0","N/A","1","N/A","1075.375","N/A","0","N/A","48.25","N/A","74","N/A","0","N/A","6.25","N/A"
"0","308","20","N/A","0","N/A","1","N/A","1075.375","N/A","0","N/A","48.25","N/A","74","N/A","0","N/A","6.25","N/A"
"0","309","20","N/A","0","N/A","1","N/A","1075.375","N/A","0","N/A","48.25","N/A","74","N/A","0","N/A","6.25","N/A"
"0","310","20","N/A","0","N/A","1","N/A","1075.375","N/A","0","N/A","48.25","N/A","74","N/A","0","N/A","6.25","N/A"
"0","311","20","N/A","0","N/A","1","N/A","1075.375","N/A","0","N/A","48.25","N/A","74","N/A","0","N/A","6.25","N/A"
"0","312","20","N/A","0","N/A","1","N/A","1075.375","N/A","0","N/A","48.25","N/A","74","N/A","0","N/A","6.25","N/A"
"0","313","20","N/A","0","N/A","1","N/A","1075.375","N/A","0","N/A","48.25","N/A","74","N/A","0","N/A","6.35","N/A"
"0","314","20","N/A","0","N/A","1","N/A","1075.375","N/A","0","N/A","48.25","N/A","74","N/A","0","N/A","6.35","N/A"
"0","315","20","N/A","0","N/A","1","N/A","1075.375","N/A","0","N/A","48.25","N/A","74","N/A","0","N/A","6.35","N/A"
"0","316","20","N/A","0","N/A","1","N/A","1075.375","N/A","0","N/A","48.25","N/A","74","N/A","0","N/A","6.35","N/A"
"0","317","20","N/A","0","N/A","1","N/A","1075.375","N/A","0","N/A","48.25","N/A","74","N/A","0","N/A","6.35","N/A"
"0","318","20","N/A","0","N/A","1","N/A","1075.375","N/A","0","N/A","48.25","N/A","74","N/A","0","N/A","6.35","N/A"
"0","319","20","N/A","0","N/A","1","N/A","1075.375","N/A","0","N/A","48.25","N/A","74","N/A","0","N/A","6.35","N/A"
"0","320","20","N/A","0","N/A","1","N/A","1075.375","N/A","0","N/A","48.25","N/A","74","N/A","0","N/A","6.35","N/A"
"0","321","20","N/A","0","N/A","1","N/A","1075.375","N/A","0","N/A","48.25","N/A","74","N/A","0","N/A","6.35","N/A"
"0","322","20","N/A","0","N/A","1","N/A","1075.375","N/A","0","N/A","48.25","N/A","74","N/A","0","N/A","6.35","N/A"
"0","323","20","N/A","0","N/A","1","N/A","1075.375","N/A","0","N/A","48.25","N/A","74","N/A","0","N/A","6.35","N/A"
"0","324","20","N/A","0","N/A","1","N/A","1075.375","N/A","0","N/A","48.25","N/A","74","N/A","0","N/A","6.35","N/A"
"0","325","20","N/A","0","N/A","1","N/A","1075.375","N/A","0","N/A","48.25","N/A","74","N/A","0","N/A","6.4","N/A"
"0","326","20","N/A","0","N/A","1","N/A","1075.375","N/A","0","N/A","48.25","N/A","74","N/A","0","N/A","6.4","N/A"
"0","327","20","N/A","0","N/A","1","N/A","1075.375","N/A","0","N/A","48.25","N/A","74","N/A","0","N/A","6.4","N/A"
"0","328","20","N/A","0","N/A","1","N/A","1075.375","N/A","0","N/A","48.25","N/A","74","N/A","0","N/A","6.4","N/A"
"0","329","20","N/A","0","N/A","1","N/A","1075.375","N/A","0","N/A","48.25","N/A","74","N/A","0","N/A","6.4","N/A"
"0","330","20","N/A","0","N/A","1","N/A","1075.375","N/A","0","N/A","48.25","N/A","74","N/A","0","N/A","6.4","N/A"
"0","331","20","N/A","0","N/A","1","N/A","1075.375","N/A","0","N/A","48.25","N/A","74","N/A","0","N/A","6.4","N/A"
"0","332","20","N/A","0","N/A","1","N/A","1075.375","N/A","0","N/A","48.25","N/A","74","N/A","0","N/A","6.45","N/A"
"0","333","20","N/A","0","N/A","1","N/A","1075.375","N/A","0","N/A","48.25","N/A","74","N/A","0","N/A","6.45","N/A"
"0","334","20","N/A","0","N/A","1","N/A","1075.375","N/A","0","N/A","48.25","N/A","74","N/A","0","N/A","6.45","N/A"
"0","335","20","N/A","0","N/A","1","N/A","1075.375","N/A","0","N/A","48.25","N/A","74","N/A","0","N/A","6.45","N/A"
"0","336","20","N/A","0","N/A","1","N/A","1075.375","N/A","0","N/A","48.25","N/A","74","N/A","0","N/A","6.45","N/A"
"0","337","20","N/A","0","N/A","1","N/A","1075.375","N/A","0","N/A","48.25","N/A","74","N/A","0","N/A","6.45","N/A"
"0","338","20","N/A","0","N/A","1","N/A","1075.375","N/A","0","N/A","48.25","N/A","74","N/A","0","N/A","6.45","N/A"
"0","339","20","N/A","0","N/A","1","N/A","1075.375","N/A","0","N/A","48.25","N/A","74","N/A","0","N/A","6.45","N/A"
"0","340","20","N/A","0","N/A","1","N/A","1075.375","N/A","0","N/A","48.25","N/A","74","N/A","0","N/A","6.45","N/A"
"0","341","20","N/A","0","N/A","1","N/A","1075.375","N/A","0","N/A","48.25","N/A","74","N/A","0","N/A","6.45","N/A"
"0","342","20","N/A","0","N/A","1","N/A","1075.375","N/A","0","N/A","48.25","N/A","74","N/A","0","N/A","6.45","N/A"
"0","343","20","N/A","0","N/A","1","N/A","1075.375","N/A","0","N/A","48.25","N/A","74","N/A","0","N/A","6.45","N/A"
"0","344","20","N/A","0","N/A","1","N/A","1075.375","N/A","0","N/A","48.25","N/A","74","N/A","0","N/A","6.5","N/A"
"0","345","20","N/A","0","N/A","1","N/A","1075.375","N/A","0","N/A","48.25","N/A","74","N/A","0","N/A","6.5","N/A"
"0","346","20","N/A","0","N/A","1","N/A","1075.375","N/A","0","N/A","48.25","N/A","74","N/A","0","N/A","6.55","N/A"
"0","347","20","N/A","0","N/A","1","N/A","1075.375","N/A","0","N/A","48.25","N/A","74","N/A","0","N/A","6.55","N/A"
"0","348","20","N/A","0","N/A","1","N/A","1075.375","N/A","0","N/A","48.25","N/A","74","N/A","0","N/A","6.55","N/A"
"0","349","20","N/A","0","N/A","1","N/A","1075.375","N/A","0","N/A","48.25","N/A","75","N/A","0","N/A","6.6","N/A"
"0","350","20","N/A","0","N/A","1","N/A","1075.375","N/A","0","N/A","48.25","N/A","75","N/A","0","N/A","6.6","N/A"
"0","351","20","N/A","0","N/A","1","N/A","1075.375","N/A","0","N/A","48.25","N/A","75","N/A","0","N/A","6.6","N/A"
"0","352","20","N/A","0","N/A","1","N/A","1075.375","N/A","0","N/A","48.25","N/A","75","N/A","0","N/A","6.6","N/A"
"0","353","20","N/A","0","N/A","1","N/A","1075.375","N/A","0","N/A","48.25","N/A","75","N/A","0","N/A","6.6","N/A"
"0","354","20","N/A","0","N/A","1","N/A","1075.375","N/A","0","N/A","48.25","N/A","75","N/A","0","N/A","6.6","N/A"
"0","355","20","N/A","0","N/A","1","N/A","1075.375","N/A","0","N/A","48.25","N/A","75","N/A","0","N/A","6.6","N/A"
"0","356","20","N/A","0","N/A","1","N/A","1075.375","N/A","0","N/A","48.25","N/A","75","N/A","0","N/A","6.6","N/A"
"0","357","20","N/A","0","N/A","1","N/A","1075.375","N/A","0","N/A","48.25","N/A","75","N/A","0","N/A","6.6","N/A"
"0","358","20","N/A","0","N/A","1","N/A","1075.375","N/A","0","N/A","48.25","N/A","75","N/A","0","N/A","6.6","N/A"
"0","359","20","N/A","0","N/A","1","N/A","1075.375","N/A","0","N/A","48.25","N/A","75","N/A","0","N/A","6.6","N/A"
"0","360","20","N/A","0","N/A","1","N/A","1075.375","N/A","0","N/A","48.25","N/A","75","N/A","0","N/A","6.6","N/A"
"0","361","20","N/A","0","N/A","1","N/A","1075.375","N/A","0","N/A","48.25","N/A","75","N/A","0","N/A","6.6","N/A"
"0","362","20","N/A","0","N/A","1","N/A","1075.375","N/A","0","N/A","48.25","N/A","80","N/A","0","N/A","6.65","N/A"
"0","363","20","N/A","0","N/A","1","N/A","1075.375","N/A","0","N/A","48.25","N/A","80","N/A","0","N/A","6.65","N/A"
"0","364","20","N/A","0","N/A","1","N/A","1075.375","N/A","0","N/A","48.25","N/A","80","N/A","0","N/A","6.65","N/A"
"0","365","20","N/A","0","N/A","1","N/A","1075.375","N/A","0","N/A","48.25","N/A","80","N/A","0","N/A","6.65","N/A"
"0","366","20","N/A","0","N/A","1","N/A","1075.375","N/A","0","N/A","48.25","N/A","80","N/A","0","N/A","6.65","N/A"
"0","367","20","N/A","0","N/A","1","N/A","1075.375","N/A","0","N/A","48.25","N/A","81","N/A","0","N/A","6.7","N/A"
"0","368","20","N/A","0","N/A","1","N/A","1075.375","N/A","0","N/A","48.25","N/A","81","N/A","0","N/A","6.7","N/A"
"0","369","20","N/A","0","N/A","1","N/A","1075.375","N/A","0","N/A","48.25","N/A","84","N/A","0","N/A","6.8","N/A"
"0","370","20","N/A","0","N/A","1","N/A","1075.375","N/A","0","N/A","48.25","N/A","84","N/A","0","N/A","6.8","N/A"
"0","371","20","N/A","0","N/A","1","N/A","1075.375","N/A","0","N/A","48.25","N/A","84","N/A","0","N/A","6.8","N/A"
"0","372","20","N/A","0","N/A","1","N/A","1075.375","N/A","0","N/A","48.25","N/A","84","N/A","0","N/A","6.8","N/A"
"0","373","20","N/A","0","N/A","1","N/A","1075.375","N/A","0","N/A","48.25","N/A","84","N/A","0","N/A","6.8","N/A"
"0","374","20","N/A","0","N/A","1","N/A","1075.375","N/A","0","N/A","48.25","N/A","84","N/A","0","N/A","6.8","N/A"
"0","375","20","N/A","0","N/A","1","N/A","1075.375","N/A","0","N/A","48.25","N/A","84","N/A","0","N/A","6.8","N/A"
"0","376","20","N/A","0","N/A","1","N/A","1075.375","N/A","0","N/A","48.25","N/A","84","N/A","0","N/A","6.8","N/A"
"0","377","20","N/A","0","N/A","1","N/A","1075.375","N/A","0","N/A","48.25","N/A","86","N/A","0","N/A","6.85","N/A"
"0","378","20","N/A","0","N/A","1","N/A","1075.375","N/A","0","N/A","48.25","N/A","86","N/A","0","N/A","6.85","N/A"
"0","379","20","N/A","0","N/A","1","N/A","1075.375","N/A","0","N/A","48.25","N/A","86","N/A","0","N/A","6.85","N/A"
"0","380","20","N/A","0","N/A","1","N/A","1075.375","N/A","0","N/A","48.25","N/A","86","N/A","0","N/A","6.85","N/A"
"0","381","20","N/A","0","N/A","1","N/A","1075.375","N/A","0","N/A","48.25","N/A","88","N/A","0","N/A","6.9","N/A"
"0","382","20","N/A","0","N/A","1","N/A","1075.375","N/A","0","N/A","48.25","N/A","88","N/A","0","N/A","6.9","N/A"
"0","383","20","N/A","0","N/A","1","N/A","1075.375","N/A","0","N/A","48.25","N/A","88","N/A","0","N/A","6.9","N/A"
"0","384","20","N/A","0","N/A","1","N/A","1075.375","N/A","0","N/A","48.25","N/A","88","N/A","0","N/A","6.9","N/A"
"0","385","20","N/A","0","N/A","1","N/A","1075.375","N/A","0","N/A","48.25","N/A","88","N/A","0","N/A","6.9","N/A"
"0","386","20","N/A","0","N/A","1","N/A","1075.375","N/A","0","N/A","48.25","N/A","88","N/A","0","N/A","6.9","N/A"
"0","387","20","N/A","0","N/A","1","N/A","1075.375","N/A","0","N/A","48.25","N/A","88","N/A","0","N/A","6.9","N/A"
"0","388","20","N/A","0","N/A","1","N/A","1075.375","N/A","0","N/A","48.25","N/A","88","N/A","0","N/A","6.9","N/A"
"0","389","20","N/A","0","N/A","1","N/A","1075.375","N/A","0","N/A","48.25","N/A","88","N/A","0","N/A","6.9","N/A"
"0","390","20","N/A","0","N/A","1","N/A","1075.375","N/A","0","N/A","48.25","N/A","90","N/A","0","N/A","6.95","N/A"
"0","391","20","N/A","0","N/A","1","N/A","1075.375","N/A","0","N/A","48.25","N/A","91","N/A","0","N/A","7","N/A"
"0","392","20","N/A","0","N/A","1","N/A","1075.375","N/A","0","N/A","48.25","N/A","91","N/A","0","N/A","7","N/A"
"0","393","20","N/A","0","N/A","1","N/A","1075.375","N/A","0","N/A","48.25","N/A","91","N/A","0","N/A","7","N/A"
"0","394","20","N/A","0","N/A","1","N/A","1075.375","N/A","0","N/A","48.25","N/A","91","N/A","0","N/A","7","N/A"
"0","395","20","N/A","0","N/A","1","N/A","1075.375","N/A","0","N/A","48.25","N/A","92","N/A","0","N/A","7.05","N/A"
"0","396","20","N/A","0","N/A","1","N/A","1075.375","N/A","0","N/A","48.25","N/A","92","N/A","0","N/A","7.05","N/A"
"0","397","20","N/A","0","N/A","1","N/A","1075.375","N/A","0","N/A","48.25","N/A","92","N/A","0","N/A","7.05","N/A"
"0","398","20","N/A","0","N/A","1","N/A","1075.375","N/A","0","N/A","48.25","N/A","92","N/A","0","N/A","7.05","N/A"
"0","399","20","N/A","0","N/A","1","N/A","1075.375","N/A","0","N/A","48.25","N/A","92","N/A","0","N/A","7.05","N/A"
"0","400","20","N/A","0","N/A","1","N/A","1075.375","N/A","0","N/A","48.25","N/A","92","N/A","0","N/A","7.05","N/A"
"0","401","20","N/A","0","N/A","1","N/A","1075.375","N/A","0","N/A","48.25","N/A","92","N/A","0","N/A","7.05","N/A"
"0","402","20","N/A","0","N/A","1","N/A","1075.375","N/A","0","N/A","48.25","N/A","92","N/A","0","N/A","7.05","N/A"
"0","403","20","N/A","0","N/A","1","N/A","1075.375","N/A","0","N/A","48.25","N/A","92","N/A","0","N/A","7.05","N/A"
"0","404","20","N/A","0","N/A","1","N/A","1075.375","N/A","0","N/A","48.25","N/A","92","N/A","0","N/A","7.05","N/A"
"0","405","20","N/A","0","N/A","1","N/A","1075.375","N/A","0","N/A","48.25","N/A","92","N/A","0","N/A","7.05","N/A"
"0","406","20","N/A","0","N/A","1","N/A","1075.375","N/A","0","N/A","48.25","N/A","92","N/A","0","N/A","7.05","N/A"
"0","407","20","N/A","0","N/A","1","N/A","1075.375","N/A","0","N/A","48.25","N/A","92","N/A","0","N/A","7.05","N/A"
"0","408","20","N/A","0","N/A","1","N/A","1075.375","N/A","0","N/A","48.25","N/A","92","N/A","0","N/A","7.05","N/A"
"0","409","20","N/A","0","N/A","1","N/A","1075.375","N/A","0","N/A","48.25","N/A","92","N/A","0","N/A","7.05","N/A"
"0","410","20","N/A","0","N/A","1","N/A","1075.375","N/A","0","N/A","48.25","N/A","92","N/A","0","N/A","7.05","N/A"
"0","411","20","N/A","0","N/A","1","N/A","1075.375","N/A","0","N/A","48.25","N/A","92","N/A","0","N/A","7.05","N/A"
"0","412","20","N/A","0","N/A","1","N/A","1075.375","N/A","0","N/A","48.25","N/A","92","N/A","0","N/A","7.05","N/A"
"0","413","20","N/A","0","N/A","1","N/A","1075.375","N/A","0","N/A","48.25","N/A","92","N/A","0","N/A","7.05","N/A"
"0","414","20","N/A","0","N/A","1","N/A","1075.375","N/A","0","N/A","48.25","N/A","92","N/A","0","N/A","7.1","N/A"
"0","415","20","N/A","0","N/A","1","N/A","1075.375","N/A","0","N/A","48.25","N/A","92","N/A","0","N/A","7.1","N/A"
"0","416","20","N/A","0","N/A","1","N/A","1075.375","N/A","0","N/A","48.25","N/A","92","N/A","0","N/A","7.1","N/A"
"0","417","20","N/A","0","N/A","1","N/A","1075.375","N/A","0","N/A","48.25","N/A","92","N/A","0","N/A","7.1","N/A"
"0","418","20","N/A","0","N/A","1","N/A","1075.375","N/A","0","N/A","48.25","N/A","92","N/A","0","N/A","7.1","N/A"
"0","419","20","N/A","0","N/A","1","N/A","1075.375","N/A","0","N/A","48.25","N/A","92","N/A","0","N/A","7.1","N/A"
"0","420","20","N/A","0","N/A","1","N/A","1075.375","N/A","0","N/A","48.25","N/A","92","N/A","0","N/A","7.1","N/A"
"0","421","20","N/A","0","N/A","1","N/A","1075.375","N/A","0","N/A","48.25","N/A","92","N/A","0","N/A","7.1","N/A"
"0","422","20","N/A","0","N/A","1","N/A","1075.375","N/A","0","N/A","48.25","N/A","92","N/A","0","N/A","7.1","N/A"
"0","423","20","N/A","0","N/A","1","N/A","1075.375","N/A","0","N/A","48.25","N/A","92","N/A","0","N/A","7.1","N/A"
"0","424","20","N/A","0","N/A","1","N/A","1075.375","N/A","0","N/A","48.25","N/A","92","N/A","0","N/A","7.1","N/A"
"0","425","20","N/A","0","N/A","1","N/A","1075.375","N/A","0","N/A","48.25","N/A","92","N/A","0","N/A","7.1","N/A"
"0","426","20","N/A","0","N/A","1","N/A","1075.375","N/A","0","N/A","48.25","N/A","92","N/A","0","N/A","7.1","N/A"
"0","427","20","N/A","0","N/A","1","N/A","1075.375","N/A","0","N/A","48.25","N/A","92","N/A","0","N/A","7.1","N/A"
"0","428","20","N/A","0","N/A","1","N/A","1075.375","N/A","0","N/A","48.25","N/A","92","N/A","0","N/A","7.1","N/A"
"0","429","20","N/A","0","N/A","1","N/A","1075.375","N/A","0","N/A","48.25","N/A","92","N/A","0","N/A","7.1","N/A"
"0","430","20","N/A","0","N/A","1","N/A","1075.375","N/A","0","N/A","48.25","N/A","92","N/A","0","N/A","7.1","N/A"
"0","431","20","N/A","0","N/A","1","N/A","1075.375","N/A","0","N/A","48.25","N/A","92","N/A","0","N/A","7.1","N/A"
"0","432","20","N/A","0","N/A","1","N/A","1075.375","N/A","0","N/A","48.25","N/A","92","N/A","0","N/A","7.1","N/A"
"0","433","20","N/A","0","N/A","1","N/A","1075.375","N/A","0","N/A","48.25","N/A","92","N/A","0","N/A","7.1","N/A"
"0","434","20","N/A","0","N/A","1","N/A","1075.375","N/A","0","N/A","48.25","N/A","92","N/A","0","N/A","7.1","N/A"
"0","435","20","N/A","0","N/A","1","N/A","1075.375","N/A","0","N/A","48.25","N/A","92","N/A","0","N/A","7.15","N/A"
"0","436","20","N/A","0","N/A","1","N/A","1075.375","N/A","0","N/A","48.25","N/A","92","N/A","0","N/A","7.15","N/A"
"0","437","20","N/A","0","N/A","1","N/A","1075.375","N/A","0","N/A","48.25","N/A","92","N/A","0","N/A","7.15","N/A"
"0","438","20","N/A","0","N/A","1","N/A","1075.375","N/A","0","N/A","48.25","N/A","92","N/A","0","N/A","7.2","N/A"
"0","439","20","N/A","0","N/A","1","N/A","1075.375","N/A","0","N/A","48.25","N/A","92","N/A","0","N/A","7.2","N/A"
"0","440","20","N/A","0","N/A","1","N/A","1075.375","N/A","0","N/A","48.25","N/A","92","N/A","0","N/A","7.2","N/A"
"0","441","20","N/A","0","N/A","1","N/A","1075.375","N/A","0","N/A","48.25","N/A","92","N/A","0","N/A","7.2","N/A"
"0","442","20","N/A","0","N/A","1","N/A","1075.375","N/A","0","N/A","48.25","N/A","92","N/A","0","N/A","7.2","N/A"
"0","443","20","N/A","0","N/A","1","N/A","1075.375","N/A","0","N/A","48.25","N/A","92","N/A","0","N/A","7.2","N/A"
"0","444","20","N/A","0","N/A","1","N/A","1075.375","N/A","0","N/A","48.25","N/A","92","N/A","0","N/A","7.2","N/A"
"0","445","20","N/A","0","N/A","1","N/A","1075.375","N/A","0","N/A","48.25","N/A","92","N/A","0","N/A","7.2","N/A"
"0","446","20","N/A","0","N/A","1","N/A","1075.375","N/A","0","N/A","48.25","N/A","92","N/A","0","N/A","7.2","N/A"
"0","447","20","N/A","0","N/A","1","N/A","1075.375","N/A","0","N/A","48.25","N/A","92","N/A","0","N/A","7.2","N/A"
"0","448","20","N/A","0","N/A","1","N/A","1075.375","N/A","0","N/A","48.25","N/A","92","N/A","0","N/A","7.25","N/A"
"0","449","20","N/A","0","N/A","1","N/A","1075.375","N/A","0","N/A","48.25","N/A","92","N/A","0","N/A","7.25","N/A"
"0","450","20","N/A","0","N/A","1","N/A","1075.375","N/A","0","N/A","48.25","N/A","92","N/A","0","N/A","7.25","N/A"
"0","451","20","N/A","0","N/A","1","N/A","1075.375","N/A","0","N/A","48.25","N/A","92","N/A","0","N/A","7.25","N/A"
"0","452","20","N/A","0","N/A","1","N/A","1075.375","N/A","0","N/A","48.25","N/A","92","N/A","0","N/A","7.25","N/A"
"0","453","20","N/A","0","N/A","1","N/A","1075.375","N/A","0","N/A","48.25","N/A","92","N/A","0","N/A","7.25","N/A"
"0","454","20","N/A","0","N/A","1","N/A","1075.375","N/A","0","N/A","48.25","N/A","92","N/A","0","N/A","7.25","N/A"
"0","455","20","N/A","0","N/A","1","N/A","1075.375","N/A","0","N/A","48.25","N/A","92","N/A","0","N/A","7.25","N/A"
"0","456","20","N/A","0","N/A","1","N/A","1075.375","N/A","0","N/A","48.25","N/A","92","N/A","0","N/A","7.25","N/A"
"0","457","20","N/A","0","N/A","1","N/A","1075.375","N/A","0","N/A","48.25","N/A","92","N/A","0","N/A","7.25","N/A"
"0","458","20","N/A","0","N/A","1","N/A","1075.375","N/A","0","N/A","48.25","N/A","92","N/A","0","N/A","7.25","N/A"
"0","459","20","N/A","0","N/A","1","N/A","1075.375","N/A","0","N/A","48.25","N/A","92","N/A","0","N/A","7.25","N/A"
"0","460","20","N/A","0","N/A","1","N/A","1075.375","N/A","0","N/A","48.25","N/A","92","N/A","0","N/A","7.25","N/A"
"0","461","20","N/A","0","N/A","1","N/A","1075.375","N/A","0","N/A","48.25","N/A","92","N/A","0","N/A","7.25","N/A"
"0","462","20","N/A","0","N/A","1","N/A","1075.375","N/A","0","N/A","48.25","N/A","92","N/A","0","N/A","7.25","N/A"
"0","463","20","N/A","0","N/A","1","N/A","1075.375","N/A","0","N/A","48.25","N/A","92","N/A","0","N/A","7.25","N/A"
"0","464","20","N/A","0","N/A","1","N/A","1075.375","N/A","0","N/A","48.25","N/A","92","N/A","0","N/A","7.25","N/A"
"0","465","20","N/A","0","N/A","1","N/A","1075.375","N/A","0","N/A","48.25","N/A","92","N/A","0","N/A","7.25","N/A"
"0","466","20","N/A","0","N/A","1","N/A","1075.375","N/A","0","N/A","48.25","N/A","92","N/A","0","N/A","7.25","N/A"
"0","467","20","N/A","0","N/A","1","N/A","1075.375","N/A","0","N/A","48.25","N/A","92","N/A","0","N/A","7.25","N/A"
"0","468","20","N/A","0","N/A","1","N/A","1075.375","N/A","0","N/A","48.25","N/A","92","N/A","0","N/A","7.25","N/A"
"0","469","20","N/A","0","N/A","1","N/A","1075.375","N/A","0","N/A","48.25","N/A","92","N/A","0","N/A","7.25","N/A"
"0","470","20","N/A","0","N/A","1","N/A","1075.375","N/A","0","N/A","48.25","N/A","92","N/A","0","N/A","7.25","N/A"
"0","471","20","N/A","0","N/A","1","N/A","1075.375","N/A","0","N/A","48.25","N/A","92","N/A","0","N/A","7.25","N/A"
"0","472","20","N/A","0","N/A","1","N/A","1075.375","N/A","0","N/A","48.25","N/A","92","N/A","0","N/A","7.25","N/A"
"0","473","20","N/A","0","N/A","1","N/A","1075.375","N/A","0","N/A","48.25","N/A","92","N/A","0","N/A","7.25","N/A"
"0","474","20","N/A","0","N/A","1","N/A","1075.375","N/A","0","N/A","48.25","N/A","97","N/A","0","N/A","7.3","N/A"
"0","475","20","N/A","0","N/A","1","N/A","1075.375","N/A","0","N/A","48.25","N/A","97","N/A","0","N/A","7.3","N/A"
"0","476","20","N/A","0","N/A","1","N/A","1075.375","N/A","0","N/A","48.25","N/A","97","N/A","0","N/A","7.3","N/A"
"0","477","20","N/A","0","N/A","1","N/A","1075.375","N/A","0","N/A","48.25","N/A","97","N/A","0","N/A","7.3","N/A"
"0","478","20","N/A","0","N/A","1","N/A","1075.375","N/A","0","N/A","48.25","N/A","97","N/A","0","N/A","7.3","N/A"
"0","479","20","N/A","0","N/A","1","N/A","1075.375","N/A","0","N/A","48.25","N/A","97","N/A","0","N/A","7.3","N/A"
"0","480","20","N/A","0","N/A","1","N/A","1075.375","N/A","0","N/A","48.25","N/A","97","N/A","0","N/A","7.3","N/A"
"0","481","20","N/A","0","N/A","1","N/A","1075.375","N/A","0","N/A","48.25","N/A","97","N/A","0","N/A","7.3","N/A"
"0","482","20","N/A","0","N/A","1","N/A","1075.375","N/A","0","N/A","48.25","N/A","97","N/A","0","N/A","7.35","N/A"
"0","483","20","N/A","0","N/A","1","N/A","1075.375","N/A","0","N/A","48.25","N/A","97","N/A","0","N/A","7.35","N/A"
"0","484","20","N/A","0","N/A","1","N/A","1075.375","N/A","0","N/A","48.25","N/A","97","N/A","0","N/A","7.35","N/A"
"0","485","20","N/A","0","N/A","1","N/A","1075.375","N/A","0","N/A","48.25","N/A","97","N/A","0","N/A","7.35","N/A"
"0","486","20","N/A","0","N/A","1","N/A","1075.375","N/A","0","N/A","48.25","N/A","97","N/A","0","N/A","7.35","N/A"
"0","487","20","N/A","0","N/A","1","N/A","1075.375","N/A","0","N/A","48.25","N/A","97","N/A","0","N/A","7.35","N/A"
"0","488","20","N/A","0","N/A","1","N/A","1075.375","N/A","0","N/A","48.25","N/A","97","N/A","0","N/A","7.4","N/A"
"0","489","20","N/A","0","N/A","1","N/A","1075.375","N/A","0","N/A","48.25","N/A","97","N/A","0","N/A","7.4","N/A"
"0","490","20","N/A","0","N/A","1","N/A","1075.375","N/A","0","N/A","48.25","N/A","97","N/A","0","N/A","7.4","N/A"
"0","491","20","N/A","0","N/A","1","N/A","1075.375","N/A","0","N/A","48.25","N/A","97","N/A","0","N/A","7.4","N/A"
"0","492","20","N/A","0","N/A","1","N/A","1075.375","N/A","0","N/A","48.25","N/A","97","N/A","0","N/A","7.4","N/A"
"0","493","20","N/A","0","N/A","1","N/A","1075.375","N/A","0","N/A","48.25","N/A","97","N/A","0","N/A","7.4","N/A"
"0","494","20","N/A","0","N/A","1","N/A","1075.375","N/A","0","N/A","48.25","N/A","97","N/A","0","N/A","7.4","N/A"
"0","495","20","N/A","0","N/A","1","N/A","1075.375","N/A","0","N/A","48.25","N/A","97","N/A","0","N/A","7.4","N/A"
"0","496","20","N/A","0","N/A","1","N/A","1075.375","N/A","0","N/A","48.25","N/A","97","N/A","0","N/A","7.4","N/A"
"0","497","20","N/A","0","N/A","1","N/A","1075.375","N/A","0","N/A","48.25","N/A","97","N/A","0","N/A","7.4","N/A"
"0","498","20","N/A","0","N/A","1","N/A","1075.375","N/A","0","N/A","48.25","N/A","97","N/A","0","N/A","7.4","N/A"
"0","499","20","N/A","0","N/A","1","N/A","1075.375","N/A","0","N/A","48.25","N/A","97","N/A","0","N/A","7.4","N/A"
"0","500","20","N/A","0","N/A","1","N/A","1075.375","N/A","0","N/A","48.25","N/A","97","N/A","0","N/A","7.4","N/A"
"0","501","20","N/A","0","N/A","1","N/A","1075.375","N/A","0","N/A","48.25","N/A","97","N/A","0","N/A","7.4","N/A"
"0","502","20","N/A","0","N/A","1","N/A","1075.375","N/A","0","N/A","48.25","N/A","97","N/A","0","N/A","7.4","N/A"
"0","503","20","N/A","0","N/A","1","N/A","1075.375","N/A","0","N/A","48.25","N/A","97","N/A","0","N/A","7.4","N/A"
"0","504","20","N/A","0","N/A","1","N/A","1075.375","N/A","0","N/A","48.25","N/A","97","N/A","0","N/A","7.4","N/A"
"0","505","20","N/A","0","N/A","1","N/A","1075.375","N/A","0","N/A","48.25","N/A","97","N/A","0","N/A","7.4","N/A"
"0","506","20","N/A","0","N/A","1","N/A","1075.375","N/A","0","N/A","48.25","N/A","97","N/A","0","N/A","7.4","N/A"
"0","507","20","N/A","0","N/A","1","N/A","1075.375","N/A","0","N/A","48.25","N/A","97","N/A","0","N/A","7.4","N/A"
"0","508","20","N/A","0","N/A","1","N/A","1075.375","N/A","0","N/A","48.25","N/A","97","N/A","0","N/A","7.4","N/A"
"0","509","20","N/A","0","N/A","1","N/A","1075.375","N/A","0","N/A","48.25","N/A","97","N/A","0","N/A","7.4","N/A"
"0","510","20","N/A","0","N/A","1","N/A","1075.375","N/A","0","N/A","48.25","N/A","97","N/A","0","N/A","7.4","N/A"
"0","511","20","N/A","0","N/A","1","N/A","1075.375","N/A","0","N/A","48.25","N/A","97","N/A","0","N/A","7.4","N/A"
"0","512","20","N/A","0","N/A","1","N/A","1075.375","N/A","0","N/A","48.25","N/A","97","N/A","0","N/A","7.4","N/A"
"0","513","20","N/A","0","N/A","1","N/A","1075.375","N/A","0","N/A","48.25","N/A","97","N/A","0","N/A","7.4","N/A"
"0","514","20","N/A","0","N/A","1","N/A","1075.375","N/A","0","N/A","48.25","N/A","97","N/A","0","N/A","7.4","N/A"
"0","515","20","N/A","0","N/A","1","N/A","1075.375","N/A","0","N/A","48.25","N/A","97","N/A","0","N/A","7.4","N/A"
"0","516","20","N/A","0","N/A","1","N/A","1075.375","N/A","0","N/A","48.25","N/A","97","N/A","0","N/A","7.4","N/A"
"0","517","20","N/A","0","N/A","1","N/A","1075.375","N/A","0","N/A","48.25","N/A","97","N/A","0","N/A","7.4","N/A"
"0","518","20","N/A","0","N/A","1","N/A","1075.375","N/A","0","N/A","48.25","N/A","97","N/A","0","N/A","7.45","N/A"
"0","519","20","N/A","0","N/A","1","N/A","1075.375","N/A","0","N/A","48.25","N/A","97","N/A","0","N/A","7.45","N/A"
"0","520","20","N/A","0","N/A","1","N/A","1075.375","N/A","0","N/A","48.25","N/A","97","N/A","0","N/A","7.45","N/A"
"0","521","20","N/A","0","N/A","1","N/A","1075.375","N/A","0","N/A","48.25","N/A","97","N/A","0","N/A","7.45","N/A"
"0","522","20","N/A","0","N/A","1","N/A","1075.375","N/A","0","N/A","48.25","N/A","97","N/A","0","N/A","7.45","N/A"
"0","523","20","N/A","0","N/A","1","N/A","1075.375","N/A","0","N/A","48.25","N/A","97","N/A","0","N/A","7.45","N/A"
"0","524","20","N/A","0","N/A","1","N/A","1075.375","N/A","0","N/A","48.25","N/A","97","N/A","0","N/A","7.45","N/A"
"0","525","20","N/A","0","N/A","1","N/A","1075.375","N/A","0","N/A","48.25","N/A","97","N/A","0","N/A","7.45","N/A"
"0","526","20","N/A","0","N/A","1","N/A","1075.375","N/A","0","N/A","48.25","N/A","97","N/A","0","N/A","7.45","N/A"
"0","527","20","N/A","0","N/A","1","N/A","1075.375","N/A","0","N/A","48.25","N/A","97","N/A","0","N/A","7.45","N/A"
"0","528","20","N/A","0","N/A","1","N/A","1075.375","N/A","0","N/A","48.25","N/A","97","N/A","0","N/A","7.45","N/A"
"0","529","20","N/A","0","N/A","1","N/A","1075.375","N/A","0","N/A","48.25","N/A","97","N/A","0","N/A","7.45","N/A"
"0","530","20","N/A","0","N/A","1","N/A","1075.375","N/A","0","N/A","48.25","N/A","97","N/A","0","N/A","7.45","N/A"
"0","531","20","N/A","0","N/A","1","N/A","1075.375","N/A","0","N/A","48.25","N/A","97","N/A","0","N/A","7.45","N/A"
"0","532","20","N/A","0","N/A","1","N/A","1075.375","N/A","0","N/A","48.25","N/A","97","N/A","0","N/A","7.45","N/A"
"0","533","20","N/A","0","N/A","1","N/A","1075.375","N/A","0","N/A","48.25","N/A","97","N/A","0","N/A","7.45","N/A"
"0","534","20","N/A","0","N/A","1","N/A","1075.375","N/A","0","N/A","48.25","N/A","97","N/A","0","N/A","7.45","N/A"
"0","535","20","N/A","0","N/A","1","N/A","1075.375","N/A","0","N/A","48.25","N/A","97","N/A","0","N/A","7.45","N/A"
"0","536","20","N/A","0","N/A","1","N/A","1075.375","N/A","0","N/A","48.25","N/A","97","N/A","0","N/A","7.45","N/A"
"0","537","20","N/A","0","N/A","1","N/A","1075.375","N/A","0","N/A","48.25","N/A","97","N/A","0","N/A","7.45","N/A"
"0","538","20","N/A","0","N/A","1","N/A","1075.375","N/A","0","N/A","48.25","N/A","97","N/A","0","N/A","7.45","N/A"
"0","539","20","N/A","0","N/A","1","N/A","1075.375","N/A","0","N/A","48.25","N/A","97","N/A","0","N/A","7.45","N/A"
"0","540","20","N/A","0","N/A","1","N/A","1075.375","N/A","0","N/A","48.25","N/A","97","N/A","0","N/A","7.5","N/A"
"0","541","20","N/A","0","N/A","1","N/A","1075.375","N/A","0","N/A","48.25","N/A","97","N/A","0","N/A","7.5","N/A"
"0","542","20","N/A","0","N/A","1","N/A","1075.375","N/A","0","N/A","48.25","N/A","97","N/A","0","N/A","7.5","N/A"
"0","543","20","N/A","0","N/A","1","N/A","1075.375","N/A","0","N/A","48.25","N/A","97","N/A","0","N/A","7.5","N/A"
"0","544","20","N/A","0","N/A","1","N/A","1075.375","N/A","0","N/A","48.25","N/A","97","N/A","0","N/A","7.5","N/A"
"0","545","20","N/A","0","N/A","1","N/A","1075.375","N/A","0","N/A","48.25","N/A","97","N/A","0","N/A","7.5","N/A"
"0","546","20","N/A","0","N/A","1","N/A","1075.375","N/A","0","N/A","48.25","N/A","97","N/A","0","N/A","7.5","N/A"
"0","547","20","N/A","0","N/A","1","N/A","1075.375","N/A","0","N/A","48.25","N/A","97","N/A","0","N/A","7.5","N/A"
"0","548","20","N/A","0","N/A","1","N/A","1075.375","N/A","0","N/A","48.25","N/A","97","N/A","0","N/A","7.5","N/A"
"0","549","20","N/A","0","N/A","1","N/A","1075.375","N/A","0","N/A","48.25","N/A","97","N/A","0","N/A","7.5","N/A"
"0","550","20","N/A","0","N/A","1","N/A","1075.375","N/A","0","N/A","48.25","N/A","97","N/A","0","N/A","7.5","N/A"
"0","551","20","N/A","0","N/A","1","N/A","1075.375","N/A","0","N/A","48.25","N/A","97","N/A","0","N/A","7.5","N/A"
"0","552","20","N/A","0","N/A","1","N/A","1075.375","N/A","0","N/A","48.25","N/A","97","N/A","0","N/A","7.5","N/A"
"0","553","20","N/A","0","N/A","1","N/A","1075.375","N/A","0","N/A","48.25","N/A","97","N/A","0","N/A","7.5","N/A"
"0","554","20","N/A","0","N/A","1","N/A","1075.375","N/A","0","N/A","48.25","N/A","97","N/A","0","N/A","7.55","N/A"
"0","555","20","N/A","0","N/A","1","N/A","1075.375","N/A","0","N/A","48.25","N/A","97","N/A","0","N/A","7.55","N/A"
"0","556","20","N/A","0","N/A","1","N/A","1075.375","N/A","0","N/A","48.25","N/A","97","N/A","0","N/A","7.55","N/A"
"0","557","20","N/A","0","N/A","1","N/A","1075.375","N/A","0","N/A","48.25","N/A","97","N/A","0","N/A","7.55","N/A"
"0","558","20","N/A","0","N/A","1","N/A","1075.375","N/A","0","N/A","48.25","N/A","97","N/A","0","N/A","7.6","N/A"
"0","559","20","N/A","0","N/A","1","N/A","1075.375","N/A","0","N/A","48.25","N/A","97","N/A","0","N/A","7.6","N/A"
"0","560","20","N/A","0","N/A","1","N/A","1075.375","N/A","0","N/A","48.25","N/A","97","N/A","0","N/A","7.6","N/A"
"0","561","20","N/A","0","N/A","1","N/A","1075.375","N/A","0","N/A","48.25","N/A","97","N/A","0","N/A","7.6","N/A"
"0","562","20","N/A","0","N/A","1","N/A","1075.375","N/A","0","N/A","48.25","N/A","97","N/A","0","N/A","7.6","N/A"
"0","563","20","N/A","0","N/A","1","N/A","1075.375","N/A","0","N/A","48.25","N/A","97","N/A","0","N/A","7.6","N/A"
"0","564","20","N/A","0","N/A","1","N/A","1075.375","N/A","0","N/A","48.25","N/A","97","N/A","0","N/A","7.6","N/A"
"0","565","20","N/A","0","N/A","1","N/A","1075.375","N/A","0","N/A","48.25","N/A","101","N/A","0","N/A","7.65","N/A"
"0","566","20","N/A","0","N/A","1","N/A","1075.375","N/A","0","N/A","48.25","N/A","101","N/A","0","N/A","7.65","N/A"
"0","567","20","N/A","0","N/A","1","N/A","1075.375","N/A","0","N/A","48.25","N/A","101","N/A","0","N/A","7.65","N/A"
"0","568","20","N/A","0","N/A","1","N/A","1075.375","N/A","0","N/A","48.25","N/A","101","N/A","0","N/A","7.65","N/A"
"0","569","20","N/A","0","N/A","1","N/A","1075.375","N/A","0","N/A","48.25","N/A","101","N/A","0","N/A","7.65","N/A"
"0","570","20","N/A","0","N/A","1","N/A","1075.375","N/A","0","N/A","48.25","N/A","101","N/A","0","N/A","7.65","N/A"
"0","571","20","N/A","0","N/A","1","N/A","1075.375","N/A","0","N/A","48.25","N/A","101","N/A","0","N/A","7.65","N/A"
"0","572","20","N/A","0","N/A","1","N/A","1075.375","N/A","0","N/A","48.25","N/A","101","N/A","0","N/A","7.65","N/A"
"0","573","20","N/A","0","N/A","1","N/A","1075.375","N/A","0","N/A","48.25","N/A","101","N/A","0","N/A","7.65","N/A"
"0","574","20","N/A","0","N/A","1","N/A","1075.375","N/A","0","N/A","48.25","N/A","101","N/A","0","N/A","7.65","N/A"
"0","575","20","N/A","0","N/A","1","N/A","1075.375","N/A","0","N/A","48.25","N/A","101","N/A","0","N/A","7.65","N/A"
"0","576","20","N/A","0","N/A","1","N/A","1075.375","N/A","0","N/A","48.25","N/A","101","N/A","0","N/A","7.65","N/A"
"0","577","20","N/A","0","N/A","1","N/A","1075.375","N/A","0","N/A","48.25","N/A","101","N/A","0","N/A","7.65","N/A"
"0","578","20","N/A","0","N/A","1","N/A","1075.375","N/A","0","N/A","48.25","N/A","101","N/A","0","N/A","7.65","N/A"
"0","579","20","N/A","0","N/A","1","N/A","1075.375","N/A","0","N/A","48.25","N/A","101","N/A","0","N/A","7.65","N/A"
"0","580","20","N/A","0","N/A","1","N/A","1075.375","N/A","0","N/A","48.25","N/A","101","N/A","0","N/A","7.65","N/A"
"0","581","20","N/A","0","N/A","1","N/A","1075.375","N/A","0","N/A","48.25","N/A","101","N/A","0","N/A","7.65","N/A"
"0","582","20","N/A","0","N/A","1","N/A","1075.375","N/A","0","N/A","48.25","N/A","101","N/A","0","N/A","7.65","N/A"
"0","583","20","N/A","0","N/A","1","N/A","1075.375","N/A","0","N/A","48.25","N/A","101","N/A","0","N/A","7.65","N/A"
"0","584","20","N/A","0","N/A","1","N/A","1075.375","N/A","0","N/A","48.25","N/A","101","N/A","0","N/A","7.65","N/A"
"0","585","20","N/A","0","N/A","1","N/A","1075.375","N/A","0","N/A","48.25","N/A","101","N/A","0","N/A","7.65","N/A"
"0","586","20","N/A","0","N/A","1","N/A","1075.375","N/A","0","N/A","48.25","N/A","101","N/A","0","N/A","7.65","N/A"
"0","587","20","N/A","0","N/A","1","N/A","1075.375","N/A","0","N/A","48.25","N/A","101","N/A","0","N/A","7.65","N/A"
"0","588","20","N/A","0","N/A","1","N/A","1075.375","N/A","0","N/A","48.25","N/A","101","N/A","0","N/A","7.65","N/A"
"0","589","20","N/A","0","N/A","1","N/A","1075.375","N/A","0","N/A","48.25","N/A","101","N/A","0","N/A","7.65","N/A"
"0","590","20","N/A","0","N/A","1","N/A","1075.375","N/A","0","N/A","48.25","N/A","101","N/A","0","N/A","7.65","N/A"
"0","591","20","N/A","0","N/A","1","N/A","1075.375","N/A","0","N/A","48.25","N/A","101","N/A","0","N/A","7.65","N/A"
"0","592","20","N/A","0","N/A","1","N/A","1075.375","N/A","0","N/A","48.25","N/A","101","N/A","0","N/A","7.65","N/A"
"0","593","20","N/A","0","N/A","1","N/A","1075.375","N/A","0","N/A","48.25","N/A","101","N/A","0","N/A","7.65","N/A"
"0","594","20","N/A","0","N/A","1","N/A","1075.375","N/A","0","N/A","48.25","N/A","101","N/A","0","N/A","7.65","N/A"
"0","595","20","N/A","0","N/A","1","N/A","1075.375","N/A","0","N/A","48.25","N/A","101","N/A","0","N/A","7.65","N/A"
"0","596","20","N/A","0","N/A","1","N/A","1075.375","N/A","0","N/A","48.25","N/A","101","N/A","0","N/A","7.65","N/A"
"0","597","20","N/A","0","N/A","1","N/A","1075.375","N/A","0","N/A","48.25","N/A","101","N/A","0","N/A","7.65","N/A"
"0","598","20","N/A","0","N/A","1","N/A","1075.375","N/A","0","N/A","48.25","N/A","101","N/A","0","N/A","7.65","N/A"
"0","599","20","N/A","0","N/A","1","N/A","1075.375","N/A","0","N/A","48.25","N/A","101","N/A","0","N/A","7.65","N/A"
"0","600","20","N/A","0","N/A","1","N/A","1075.375","N/A","0","N/A","48.25","N/A","101","N/A","0","N/A","7.65","N/A"
"0","601","20","N/A","0","N/A","1","N/A","1075.375","N/A","0","N/A","48.25","N/A","101","N/A","0","N/A","7.65","N/A"
"0","602","20","N/A","0","N/A","1","N/A","1075.375","N/A","0","N/A","48.25","N/A","101","N/A","0","N/A","7.65","N/A"
"0","603","20","N/A","0","N/A","1","N/A","1075.375","N/A","0","N/A","48.25","N/A","101","N/A","0","N/A","7.65","N/A"
"0","604","20","N/A","0","N/A","1","N/A","1075.375","N/A","0","N/A","48.25","N/A","101","N/A","0","N/A","7.65","N/A"
"0","605","20","N/A","0","N/A","1","N/A","1075.375","N/A","0","N/A","48.25","N/A","101","N/A","0","N/A","7.65","N/A"
"0","606","20","N/A","0","N/A","1","N/A","1075.375","N/A","0","N/A","48.25","N/A","101","N/A","0","N/A","7.65","N/A"
"0","607","20","N/A","0","N/A","1","N/A","1075.375","N/A","0","N/A","48.25","N/A","101","N/A","0","N/A","7.65","N/A"
"0","608","20","N/A","0","N/A","1","N/A","1075.375","N/A","0","N/A","48.25","N/A","101","N/A","0","N/A","7.65","N/A"
"0","609","20","N/A","0","N/A","1","N/A","1075.375","N/A","0","N/A","48.25","N/A","101","N/A","0","N/A","7.65","N/A"
"0","610","20","N/A","0","N/A","1","N/A","1075.375","N/A","0","N/A","48.25","N/A","101","N/A","0","N/A","7.65","N/A"
"0","611","20","N/A","0","N/A","1","N/A","1075.375","N/A","0","N/A","48.25","N/A","101","N/A","0","N/A","7.65","N/A"
"0","612","20","N/A","0","N/A","1","N/A","1075.375","N/A","0","N/A","48.25","N/A","101","N/A","0","N/A","7.65","N/A"
"0","613","20","N/A","0","N/A","1","N/A","1075.375","N/A","0","N/A","48.25","N/A","101","N/A","0","N/A","7.65","N/A"
"0","614","20","N/A","0","N/A","1","N/A","1075.375","N/A","0","N/A","48.25","N/A","101","N/A","0","N/A","7.65","N/A"
"0","615","20","N/A","0","N/A","1","N/A","1075.375","N/A","0","N/A","48.25","N/A","101","N/A","0","N/A","7.65","N/A"
"0","616","20","N/A","0","N/A","1","N/A","1075.375","N/A","0","N/A","48.25","N/A","101","N/A","0","N/A","7.65","N/A"
"0","617","20","N/A","0","N/A","1","N/A","1075.375","N/A","0","N/A","48.25","N/A","101","N/A","0","N/A","7.65","N/A"
"0","618","20","N/A","0","N/A","1","N/A","1075.375","N/A","0","N/A","48.25","N/A","101","N/A","0","N/A","7.65","N/A"
"0","619","20","N/A","0","N/A","1","N/A","1075.375","N/A","0","N/A","48.25","N/A","101","N/A","0","N/A","7.65","N/A"
"0","620","20","N/A","0","N/A","1","N/A","1075.375","N/A","0","N/A","48.25","N/A","101","N/A","0","N/A","7.65","N/A"
"0","621","20","N/A","0","N/A","1","N/A","1075.375","N/A","0","N/A","48.25","N/A","101","N/A","0","N/A","7.65","N/A"
"0","622","20","N/A","0","N/A","1","N/A","1075.375","N/A","0","N/A","48.25","N/A","101","N/A","0","N/A","7.65","N/A"
"0","623","20","N/A","0","N/A","1","N/A","1075.375","N/A","0","N/A","48.25","N/A","101","N/A","0","N/A","7.65","N/A"
"0","624","20","N/A","0","N/A","1","N/A","1075.375","N/A","0","N/A","48.25","N/A","101","N/A","0","N/A","7.65","N/A"
"0","625","20","N/A","0","N/A","1","N/A","1075.375","N/A","0","N/A","48.25","N/A","101","N/A","0","N/A","7.65","N/A"
"0","626","20","N/A","0","N/A","1","N/A","1075.375","N/A","0","N/A","48.25","N/A","101","N/A","0","N/A","7.65","N/A"
"0","627","20","N/A","0","N/A","1","N/A","1075.375","N/A","0","N/A","48.25","N/A","101","N/A","0","N/A","7.65","N/A"
"0","628","20","N/A","0","N/A","1","N/A","1075.375","N/A","0","N/A","48.25","N/A","101","N/A","0","N/A","7.65","N/A"
"0","629","20","N/A","0","N/A","1","N/A","1075.375","N/A","0","N/A","48.25","N/A","101","N/A","0","N/A","7.65","N/A"
"0","630","20","N/A","0","N/A","1","N/A","1075.375","N/A","0","N/A","48.25","N/A","101","N/A","0","N/A","7.65","N/A"
"0","631","20","N/A","0","N/A","1","N/A","1075.375","N/A","0","N/A","48.25","N/A","101","N/A","0","N/A","7.65","N/A"
"0","632","20","N/A","0","N/A","1","N/A","1075.375","N/A","0","N/A","48.25","N/A","101","N/A","0","N/A","7.65","N/A"
"0","633","20","N/A","0","N/A","1","N/A","1075.375","N/A","0","N/A","48.25","N/A","101","N/A","0","N/A","7.65","N/A"
"0","634","20","N/A","0","N/A","1","N/A","1075.375","N/A","0","N/A","48.25","N/A","101","N/A","0","N/A","7.65","N/A"
"0","635","20","N/A","0","N/A","1","N/A","1075.375","N/A","0","N/A","48.25","N/A","101","N/A","0","N/A","7.65","N/A"
"0","636","20","N/A","0","N/A","1","N/A","1075.375","N/A","0","N/A","48.25","N/A","101","N/A","0","N/A","7.65","N/A"
"0","637","20","N/A","0","N/A","1","N/A","1075.375","N/A","0","N/A","48.25","N/A","101","N/A","0","N/A","7.65","N/A"
"0","638","20","N/A","0","N/A","1","N/A","1075.375","N/A","0","N/A","48.25","N/A","101","N/A","0","N/A","7.65","N/A"
"0","639","20","N/A","0","N/A","1","N/A","1075.375","N/A","0","N/A","48.25","N/A","101","N/A","0","N/A","7.65","N/A"
"0","640","20","N/A","0","N/A","1","N/A","1075.375","N/A","0","N/A","48.25","N/A","101","N/A","0","N/A","7.65","N/A"
"0","641","20","N/A","0","N/A","1","N/A","1075.375","N/A","0","N/A","48.25","N/A","101","N/A","0","N/A","7.65","N/A"
"0","642","20","N/A","0","N/A","1","N/A","1075.375","N/A","0","N/A","48.25","N/A","101","N/A","0","N/A","7.65","N/A"
"0","643","20","N/A","0","N/A","1","N/A","1075.375","N/A","0","N/A","48.25","N/A","101","N/A","0","N/A","7.65","N/A"
"0","644","20","N/A","0","N/A","1","N/A","1075.375","N/A","0","N/A","48.25","N/A","101","N/A","0","N/A","7.65","N/A"
"0","645","20","N/A","0","N/A","1","N/A","1075.375","N/A","0","N/A","48.25","N/A","101","N/A","0","N/A","7.65","N/A"
"0","646","20","N/A","0","N/A","1","N/A","1075.375","N/A","0","N/A","48.25","N/A","101","N/A","0","N/A","7.65","N/A"
"0","647","20","N/A","0","N/A","1","N/A","1075.375","N/A","0","N/A","48.25","N/A","101","N/A","0","N/A","7.65","N/A"
"0","648","20","N/A","0","N/A","1","N/A","1075.375","N/A","0","N/A","48.25","N/A","101","N/A","0","N/A","7.65","N/A"
"0","649","20","N/A","0","N/A","1","N/A","1075.375","N/A","0","N/A","48.25","N/A","101","N/A","0","N/A","7.65","N/A"
"0","650","20","N/A","0","N/A","1","N/A","1075.375","N/A","0","N/A","48.25","N/A","101","N/A","0","N/A","7.65","N/A"
"0","651","20","N/A","0","N/A","1","N/A","1075.375","N/A","0","N/A","48.25","N/A","101","N/A","0","N/A","7.65","N/A"
"0","652","20","N/A","0","N/A","1","N/A","1075.375","N/A","0","N/A","48.25","N/A","101","N/A","0","N/A","7.65","N/A"
"0","653","20","N/A","0","N/A","1","N/A","1075.375","N/A","0","N/A","48.25","N/A","101","N/A","0","N/A","7.65","N/A"
"0","654","20","N/A","0","N/A","1","N/A","1075.375","N/A","0","N/A","48.25","N/A","101","N/A","0","N/A","7.65","N/A"
"0","655","20","N/A","0","N/A","1","N/A","1075.375","N/A","0","N/A","48.25","N/A","101","N/A","0","N/A","7.65","N/A"
"0","656","20","N/A","0","N/A","1","N/A","1075.375","N/A","0","N/A","48.25","N/A","101","N/A","0","N/A","7.65","N/A"
"0","657","20","N/A","0","N/A","1","N/A","1075.375","N/A","0","N/A","48.25","N/A","101","N/A","0","N/A","7.65","N/A"
"0","658","20","N/A","0","N/A","1","N/A","1075.375","N/A","0","N/A","48.25","N/A","101","N/A","0","N/A","7.65","N/A"
"0","659","20","N/A","0","N/A","1","N/A","1075.375","N/A","0","N/A","48.25","N/A","101","N/A","0","N/A","7.65","N/A"
"0","660","20","N/A","0","N/A","1","N/A","1075.375","N/A","0","N/A","48.25","N/A","101","N/A","0","N/A","7.65","N/A"
"0","661","20","N/A","0","N/A","1","N/A","1075.375","N/A","0","N/A","48.25","N/A","101","N/A","0","N/A","7.65","N/A"
"0","662","20","N/A","0","N/A","1","N/A","1075.375","N/A","0","N/A","48.25","N/A","101","N/A","0","N/A","7.65","N/A"
"0","663","20","N/A","0","N/A","1","N/A","1075.375","N/A","0","N/A","48.25","N/A","101","N/A","0","N/A","7.65","N/A"
"0","664","20","N/A","0","N/A","1","N/A","1075.375","N/A","0","N/A","48.25","N/A","101","N/A","0","N/A","7.65","N/A"
"0","665","20","N/A","0","N/A","1","N/A","1075.375","N/A","0","N/A","48.25","N/A","101","N/A","0","N/A","7.65","N/A"
"0","666","20","N/A","0","N/A","1","N/A","1075.375","N/A","0","N/A","48.25","N/A","101","N/A","0","N/A","7.65","N/A"
"0","667","20","N/A","0","N/A","1","N/A","1075.375","N/A","0","N/A","48.25","N/A","101","N/A","0","N/A","7.65","N/A"
"0","668","20","N/A","0","N/A","1","N/A","1075.375","N/A","0","N/A","48.25","N/A","101","N/A","0","N/A","7.65","N/A"
"0","669","20","N/A","0","N/A","1","N/A","1075.375","N/A","0","N/A","48.25","N/A","101","N/A","0","N/A","7.65","N/A"
"0","670","20","N/A","0","N/A","1","N/A","1075.375","N/A","0","N/A","48.25","N/A","105","N/A","0","N/A","7.7","N/A"
"0","671","20","N/A","0","N/A","1","N/A","1075.375","N/A","0","N/A","48.25","N/A","105","N/A","0","N/A","7.7","N/A"
"0","672","20","N/A","0","N/A","1","N/A","1075.375","N/A","0","N/A","48.25","N/A","105","N/A","0","N/A","7.7","N/A"
"0","673","20","N/A","0","N/A","1","N/A","1075.375","N/A","0","N/A","48.25","N/A","105","N/A","0","N/A","7.7","N/A"
"0","674","20","N/A","0","N/A","1","N/A","1075.375","N/A","0","N/A","48.25","N/A","105","N/A","0","N/A","7.7","N/A"
"0","675","20","N/A","0","N/A","1","N/A","1075.375","N/A","0","N/A","48.25","N/A","105","N/A","0","N/A","7.7","N/A"
"0","676","20","N/A","0","N/A","1","N/A","1075.375","N/A","0","N/A","48.25","N/A","105","N/A","0","N/A","7.7","N/A"
"0","677","20","N/A","0","N/A","1","N/A","1075.375","N/A","0","N/A","48.25","N/A","105","N/A","0","N/A","7.7","N/A"
"0","678","20","N/A","0","N/A","1","N/A","1075.375","N/A","0","N/A","48.25","N/A","105","N/A","0","N/A","7.7","N/A"
"0","679","20","N/A","0","N/A","1","N/A","1075.375","N/A","0","N/A","48.25","N/A","105","N/A","0","N/A","7.7","N/A"
"0","680","20","N/A","0","N/A","1","N/A","1075.375","N/A","0","N/A","48.25","N/A","105","N/A","0","N/A","7.7","N/A"
"0","681","20","N/A","0","N/A","1","N/A","1075.375","N/A","0","N/A","48.25","N/A","105","N/A","0","N/A","7.7","N/A"
"0","682","20","N/A","0","N/A","1","N/A","1075.375","N/A","0","N/A","48.25","N/A","105","N/A","0","N/A","7.7","N/A"
"0","683","20","N/A","0","N/A","1","N/A","1075.375","N/A","0","N/A","48.25","N/A","105","N/A","0","N/A","7.7","N/A"
"0","684","20","N/A","0","N/A","1","N/A","1075.375","N/A","0","N/A","48.25","N/A","105","N/A","0","N/A","7.7","N/A"
"0","685","20","N/A","0","N/A","1","N/A","1075.375","N/A","0","N/A","48.25","N/A","105","N/A","0","N/A","7.7","N/A"
"0","686","20","N/A","0","N/A","1","N/A","1075.375","N/A","0","N/A","48.25","N/A","105","N/A","0","N/A","7.7","N/A"
"0","687","20","N/A","0","N/A","1","N/A","1075.375","N/A","0","N/A","48.25","N/A","105","N/A","0","N/A","7.7","N/A"
"0","688","20","N/A","0","N/A","1","N/A","1075.375","N/A","0","N/A","48.25","N/A","105","N/A","0","N/A","7.7","N/A"
"0","689","20","N/A","0","N/A","1","N/A","1075.375","N/A","0","N/A","48.25","N/A","105","N/A","0","N/A","7.7","N/A"
"0","690","20","N/A","0","N/A","1","N/A","1075.375","N/A","0","N/A","48.25","N/A","105","N/A","0","N/A","7.7","N/A"
"0","691","20","N/A","0","N/A","1","N/A","1075.375","N/A","0","N/A","48.25","N/A","105","N/A","0","N/A","7.7","N/A"
"0","692","20","N/A","0","N/A","1","N/A","1075.375","N/A","0","N/A","48.25","N/A","105","N/A","0","N/A","7.7","N/A"
"0","693","20","N/A","0","N/A","1","N/A","1075.375","N/A","0","N/A","48.25","N/A","105","N/A","0","N/A","7.7","N/A"
"0","694","20","N/A","0","N/A","1","N/A","1075.375","N/A","0","N/A","48.25","N/A","105","N/A","0","N/A","7.7","N/A"
"0","695","20","N/A","0","N/A","1","N/A","1075.375","N/A","0","N/A","48.25","N/A","106","N/A","0","N/A","7.75","N/A"
"0","696","20","N/A","0","N/A","1","N/A","1075.375","N/A","0","N/A","48.25","N/A","106","N/A","0","N/A","7.75","N/A"
"0","697","20","N/A","0","N/A","1","N/A","1075.375","N/A","0","N/A","48.25","N/A","106","N/A","0","N/A","7.75","N/A"
"0","698","20","N/A","0","N/A","1","N/A","1075.375","N/A","0","N/A","48.25","N/A","106","N/A","0","N/A","7.75","N/A"
"0","699","20","N/A","0","N/A","1","N/A","1075.375","N/A","0","N/A","48.25","N/A","106","N/A","0","N/A","7.75","N/A"
"0","700","20","N/A","0","N/A","1","N/A","1075.375","N/A","0","N/A","48.25","N/A","106","N/A","0","N/A","7.75","N/A"
"0","701","20","N/A","0","N/A","1","N/A","1075.375","N/A","0","N/A","48.25","N/A","106","N/A","0","N/A","7.75","N/A"
"0","702","20","N/A","0","N/A","1","N/A","1075.375","N/A","0","N/A","48.25","N/A","106","N/A","0","N/A","7.75","N/A"
"0","703","20","N/A","0","N/A","1","N/A","1075.375","N/A","0","N/A","48.25","N/A","106","N/A","0","N/A","7.75","N/A"
"0","704","20","N/A","0","N/A","1","N/A","1075.375","N/A","0","N/A","48.25","N/A","106","N/A","0","N/A","7.75","N/A"
"0","705","20","N/A","0","N/A","1","N/A","1075.375","N/A","0","N/A","48.25","N/A","106","N/A","0","N/A","7.75","N/A"
"0","706","20","N/A","0","N/A","1","N/A","1075.375","N/A","0","N/A","48.25","N/A","106","N/A","0","N/A","7.75","N/A"
"0","707","20","N/A","0","N/A","1","N/A","1075.375","N/A","0","N/A","48.25","N/A","106","N/A","0","N/A","7.75","N/A"
"0","708","20","N/A","0","N/A","1","N/A","1075.375","N/A","0","N/A","48.25","N/A","106","N/A","0","N/A","7.75","N/A"
"0","709","20","N/A","0","N/A","1","N/A","1075.375","N/A","0","N/A","48.25","N/A","106","N/A","0","N/A","7.75","N/A"
"0","710","20","N/A","0","N/A","1","N/A","1075.375","N/A","0","N/A","48.25","N/A","106","N/A","0","N/A","7.75","N/A"
"0","711","20","N/A","0","N/A","1","N/A","1075.375","N/A","0","N/A","48.25","N/A","106","N/A","0","N/A","7.75","N/A"
"0","712","20","N/A","0","N/A","1","N/A","1075.375","N/A","0","N/A","48.25","N/A","106","N/A","0","N/A","7.75","N/A"
"0","713","20","N/A","0","N/A","1","N/A","1075.375","N/A","0","N/A","48.25","N/A","106","N/A","0","N/A","7.75","N/A"
"0","714","20","N/A","0","N/A","1","N/A","1075.375","N/A","0","N/A","48.25","N/A","106","N/A","0","N/A","7.75","N/A"
"0","715","20","N/A","0","N/A","1","N/A","1075.375","N/A","0","N/A","48.25","N/A","106","N/A","0","N/A","7.75","N/A"
"0","716","20","N/A","0","N/A","1","N/A","1075.375","N/A","0","N/A","48.25","N/A","106","N/A","0","N/A","7.75","N/A"
"0","717","20","N/A","0","N/A","1","N/A","1075.375","N/A","0","N/A","48.25","N/A","106","N/A","0","N/A","7.75","N/A"
"0","718","20","N/A","0","N/A","1","N/A","1075.375","N/A","0","N/A","48.25","N/A","106","N/A","0","N/A","7.75","N/A"
"0","719","20","N/A","0","N/A","1","N/A","1075.375","N/A","0","N/A","48.25","N/A","106","N/A","0","N/A","7.75","N/A"
"0","720","20","N/A","0","N/A","1","N/A","1075.375","N/A","0","N/A","48.25","N/A","106","N/A","0","N/A","7.75","N/A"
"0","721","20","N/A","0","N/A","1","N/A","1075.375","N/A","0","N/A","48.25","N/A","106","N/A","0","N/A","7.75","N/A"
"0","722","20","N/A","0","N/A","1","N/A","1075.375","N/A","0","N/A","48.25","N/A","106","N/A","0","N/A","7.75","N/A"
"0","723","20","N/A","0","N/A","1","N/A","1075.375","N/A","0","N/A","48.25","N/A","106","N/A","0","N/A","7.75","N/A"
"0","724","20","N/A","0","N/A","1","N/A","1075.375","N/A","0","N/A","48.25","N/A","106","N/A","0","N/A","7.75","N/A"
"0","725","20","N/A","0","N/A","1","N/A","1075.375","N/A","0","N/A","48.25","N/A","106","N/A","0","N/A","7.8","N/A"
"0","726","20","N/A","0","N/A","1","N/A","1075.375","N/A","0","N/A","48.25","N/A","106","N/A","0","N/A","7.8","N/A"
"0","727","20","N/A","0","N/A","1","N/A","1075.375","N/A","0","N/A","48.25","N/A","106","N/A","0","N/A","7.8","N/A"
"0","728","20","N/A","0","N/A","1","N/A","1075.375","N/A","0","N/A","48.25","N/A","106","N/A","0","N/A","7.8","N/A"
"0","729","20","N/A","0","N/A","1","N/A","1075.375","N/A","0","N/A","48.25","N/A","106","N/A","0","N/A","7.8","N/A"
"0","730","20","N/A","0","N/A","1","N/A","1075.375","N/A","0","N/A","48.25","N/A","106","N/A","0","N/A","7.8","N/A"
"0","731","20","N/A","0","N/A","1","N/A","1075.375","N/A","0","N/A","48.25","N/A","106","N/A","0","N/A","7.8","N/A"
"0","732","20","N/A","0","N/A","1","N/A","1075.375","N/A","0","N/A","48.25","N/A","106","N/A","0","N/A","7.8","N/A"
"0","733","20","N/A","0","N/A","1","N/A","1075.375","N/A","0","N/A","48.25","N/A","106","N/A","0","N/A","7.8","N/A"
"0","734","20","N/A","0","N/A","1","N/A","1075.375","N/A","0","N/A","48.25","N/A","106","N/A","0","N/A","7.8","N/A"
"0","735","20","N/A","0","N/A","1","N/A","1075.375","N/A","0","N/A","48.25","N/A","106","N/A","0","N/A","7.8","N/A"
"0","736","20","N/A","0","N/A","1","N/A","1075.375","N/A","0","N/A","48.25","N/A","106","N/A","0","N/A","7.8","N/A"
"0","737","20","N/A","0","N/A","1","N/A","1075.375","N/A","0","N/A","48.25","N/A","106","N/A","0","N/A","7.8","N/A"
"0","738","20","N/A","0","N/A","1","N/A","1075.375","N/A","0","N/A","48.25","N/A","106","N/A","0","N/A","7.8","N/A"
"0","739","20","N/A","0","N/A","1","N/A","1075.375","N/A","0","N/A","48.25","N/A","106","N/A","0","N/A","7.8","N/A"
"0","740","20","N/A","0","N/A","1","N/A","1075.375","N/A","0","N/A","48.25","N/A","106","N/A","0","N/A","7.8","N/A"
"0","741","20","N/A","0","N/A","1","N/A","1075.375","N/A","0","N/A","48.25","N/A","106","N/A","0","N/A","7.8","N/A"
"0","742","20","N/A","0","N/A","1","N/A","1075.375","N/A","0","N/A","48.25","N/A","106","N/A","0","N/A","7.8","N/A"
"0","743","20","N/A","0","N/A","1","N/A","1075.375","N/A","0","N/A","48.25","N/A","106","N/A","0","N/A","7.8","N/A"
"0","744","20","N/A","0","N/A","1","N/A","1075.375","N/A","0","N/A","48.25","N/A","106","N/A","0","N/A","7.8","N/A"
"0","745","20","N/A","0","N/A","1","N/A","1075.375","N/A","0","N/A","48.25","N/A","106","N/A","0","N/A","7.8","N/A"
"0","746","20","N/A","0","N/A","1","N/A","1075.375","N/A","0","N/A","48.25","N/A","106","N/A","0","N/A","7.8","N/A"
"0","747","20","N/A","0","N/A","1","N/A","1075.375","N/A","0","N/A","48.25","N/A","106","N/A","0","N/A","7.85","N/A"
"0","748","20","N/A","0","N/A","1","N/A","1075.375","N/A","0","N/A","48.25","N/A","106","N/A","0","N/A","7.85","N/A"
"0","749","20","N/A","0","N/A","1","N/A","1075.375","N/A","0","N/A","48.25","N/A","106","N/A","0","N/A","7.85","N/A"
"0","750","20","N/A","0","N/A","1","N/A","1075.375","N/A","0","N/A","48.25","N/A","106","N/A","0","N/A","7.85","N/A"
"0","751","20","N/A","0","N/A","1","N/A","1075.375","N/A","0","N/A","48.25","N/A","106","N/A","0","N/A","7.85","N/A"
"0","752","20","N/A","0","N/A","1","N/A","1075.375","N/A","0","N/A","48.25","N/A","106","N/A","0","N/A","7.85","N/A"
"0","753","20","N/A","0","N/A","1","N/A","1075.375","N/A","0","N/A","48.25","N/A","106","N/A","0","N/A","7.85","N/A"
"0","754","20","N/A","0","N/A","1","N/A","1075.375","N/A","0","N/A","48.25","N/A","106","N/A","0","N/A","7.85","N/A"
"0","755","20","N/A","0","N/A","1","N/A","1075.375","N/A","0","N/A","48.25","N/A","106","N/A","0","N/A","7.85","N/A"
"0","756","20","N/A","0","N/A","1","N/A","1075.375","N/A","0","N/A","48.25","N/A","106","N/A","0","N/A","7.85","N/A"
"0","757","20","N/A","0","N/A","1","N/A","1075.375","N/A","0","N/A","48.25","N/A","106","N/A","0","N/A","7.85","N/A"
"0","758","20","N/A","0","N/A","1","N/A","1075.375","N/A","0","N/A","48.25","N/A","106","N/A","0","N/A","7.85","N/A"
"0","759","20","N/A","0","N/A","1","N/A","1075.375","N/A","0","N/A","48.25","N/A","106","N/A","0","N/A","7.85","N/A"
"0","760","20","N/A","0","N/A","1","N/A","1075.375","N/A","0","N/A","48.25","N/A","106","N/A","0","N/A","7.85","N/A"
"0","761","20","N/A","0","N/A","1","N/A","1075.375","N/A","0","N/A","48.25","N/A","106","N/A","0","N/A","7.85","N/A"
"0","762","20","N/A","0","N/A","1","N/A","1075.375","N/A","0","N/A","48.25","N/A","106","N/A","0","N/A","7.85","N/A"
"0","763","20","N/A","0","N/A","1","N/A","1075.375","N/A","0","N/A","48.25","N/A","106","N/A","0","N/A","7.85","N/A"
"0","764","20","N/A","0","N/A","1","N/A","1075.375","N/A","0","N/A","48.25","N/A","106","N/A","0","N/A","7.85","N/A"
"0","765","20","N/A","0","N/A","1","N/A","1075.375","N/A","0","N/A","48.25","N/A","106","N/A","0","N/A","7.85","N/A"
"0","766","20","N/A","0","N/A","1","N/A","1075.375","N/A","0","N/A","48.25","N/A","106","N/A","0","N/A","7.85","N/A"
"0","767","20","N/A","0","N/A","1","N/A","1075.375","N/A","0","N/A","48.25","N/A","106","N/A","0","N/A","7.85","N/A"
"0","768","20","N/A","0","N/A","1","N/A","1075.375","N/A","0","N/A","48.25","N/A","106","N/A","0","N/A","7.85","N/A"
"0","769","20","N/A","0","N/A","1","N/A","1075.375","N/A","0","N/A","48.25","N/A","106","N/A","0","N/A","7.85","N/A"
"0","770","20","N/A","0","N/A","1","N/A","1075.375","N/A","0","N/A","48.25","N/A","106","N/A","0","N/A","7.85","N/A"
"0","771","20","N/A","0","N/A","1","N/A","1075.375","N/A","0","N/A","48.25","N/A","106","N/A","0","N/A","7.85","N/A"
"0","772","20","N/A","0","N/A","1","N/A","1075.375","N/A","0","N/A","48.25","N/A","106","N/A","0","N/A","7.85","N/A"
"0","773","20","N/A","0","N/A","1","N/A","1075.375","N/A","0","N/A","48.25","N/A","106","N/A","0","N/A","7.85","N/A"
"0","774","20","N/A","0","N/A","1","N/A","1075.375","N/A","0","N/A","48.25","N/A","106","N/A","0","N/A","7.85","N/A"
"0","775","20","N/A","0","N/A","1","N/A","1075.375","N/A","0","N/A","48.25","N/A","106","N/A","0","N/A","7.85","N/A"
"0","776","20","N/A","0","N/A","1","N/A","1075.375","N/A","0","N/A","48.25","N/A","106","N/A","0","N/A","7.9","N/A"
"0","777","20","N/A","0","N/A","1","N/A","1075.375","N/A","0","N/A","48.25","N/A","106","N/A","0","N/A","7.9","N/A"
"0","778","20","N/A","0","N/A","1","N/A","1075.375","N/A","0","N/A","48.25","N/A","107","N/A","0","N/A","7.95","N/A"
"0","779","20","N/A","0","N/A","1","N/A","1075.375","N/A","0","N/A","48.25","N/A","107","N/A","0","N/A","7.95","N/A"
"0","780","20","N/A","0","N/A","1","N/A","1075.375","N/A","0","N/A","48.25","N/A","107","N/A","0","N/A","7.95","N/A"
"0","781","20","N/A","0","N/A","1","N/A","1075.375","N/A","0","N/A","48.25","N/A","107","N/A","0","N/A","7.95","N/A"
"0","782","20","N/A","0","N/A","1","N/A","1075.375","N/A","0","N/A","48.25","N/A","107","N/A","0","N/A","7.95","N/A"
"0","783","20","N/A","0","N/A","1","N/A","1075.375","N/A","0","N/A","48.25","N/A","107","N/A","0","N/A","7.95","N/A"
"0","784","20","N/A","0","N/A","1","N/A","1075.375","N/A","0","N/A","48.25","N/A","107","N/A","0","N/A","7.95","N/A"
"0","785","20","N/A","0","N/A","1","N/A","1075.375","N/A","0","N/A","48.25","N/A","107","N/A","0","N/A","7.95","N/A"
"0","786","20","N/A","0","N/A","1","N/A","1075.375","N/A","0","N/A","48.25","N/A","107","N/A","0","N/A","7.95","N/A"
"0","787","20","N/A","0","N/A","1","N/A","1075.375","N/A","0","N/A","48.25","N/A","107","N/A","0","N/A","7.95","N/A"
"0","788","20","N/A","0","N/A","1","N/A","1075.375","N/A","0","N/A","48.25","N/A","107","N/A","0","N/A","7.95","N/A"
"0","789","20","N/A","0","N/A","1","N/A","1075.375","N/A","0","N/A","48.25","N/A","107","N/A","0","N/A","7.95","N/A"
"0","790","20","N/A","0","N/A","1","N/A","1075.375","N/A","0","N/A","48.25","N/A","107","N/A","0","N/A","7.95","N/A"
"0","791","20","N/A","0","N/A","1","N/A","1075.375","N/A","0","N/A","48.25","N/A","112","N/A","0","N/A","8","N/A"
"0","792","20","N/A","0","N/A","1","N/A","1075.375","N/A","0","N/A","48.25","N/A","115","N/A","0","N/A","8.05","N/A"
"0","793","20","N/A","0","N/A","1","N/A","1075.375","N/A","0","N/A","48.25","N/A","115","N/A","0","N/A","8.05","N/A"
"0","794","20","N/A","0","N/A","1","N/A","1075.375","N/A","0","N/A","48.25","N/A","119","N/A","0","N/A","8.1","N/A"
"0","795","20","N/A","0","N/A","1","N/A","1075.375","N/A","0","N/A","48.25","N/A","119","N/A","0","N/A","8.1","N/A"
"0","796","20","N/A","0","N/A","1","N/A","1075.375","N/A","0","N/A","48.25","N/A","119","N/A","0","N/A","8.1","N/A"
"0","797","20","N/A","0","N/A","1","N/A","1075.375","N/A","0","N/A","48.25","N/A","119","N/A","0","N/A","8.1","N/A"
"0","798","20","N/A","0","N/A","1","N/A","1075.375","N/A","0","N/A","48.25","N/A","119","N/A","0","N/A","8.1","N/A"
"0","799","20","N/A","0","N/A","1","N/A","1075.375","N/A","0","N/A","48.25","N/A","119","N/A","0","N/A","8.1","N/A"
"0","800","20","N/A","0","N/A","1","N/A","1075.375","N/A","0","N/A","48.25","N/A","119","N/A","0","N/A","8.1","N/A"
"0","801","20","N/A","0","N/A","1","N/A","1075.375","N/A","0","N/A","48.25","N/A","119","N/A","0","N/A","8.1","N/A"
"0","802","20","N/A","0","N/A","1","N/A","1075.375","N/A","0","N/A","48.25","N/A","119","N/A","0","N/A","8.1","N/A"
"0","803","20","N/A","0","N/A","1","N/A","1075.375","N/A","0","N/A","48.25","N/A","119","N/A","0","N/A","8.1","N/A"
"0","804","20","N/A","0","N/A","1","N/A","1075.375","N/A","0","N/A","48.25","N/A","119","N/A","0","N/A","8.1","N/A"
"0","805","20","N/A","0","N/A","1","N/A","1075.375","N/A","0","N/A","48.25","N/A","119","N/A","0","N/A","8.1","N/A"
"0","806","20","N/A","0","N/A","1","N/A","1075.375","N/A","0","N/A","48.25","N/A","119","N/A","0","N/A","8.1","N/A"
"0","807","20","N/A","0","N/A","1","N/A","1075.375","N/A","0","N/A","48.25","N/A","119","N/A","0","N/A","8.1","N/A"
"0","808","20","N/A","0","N/A","1","N/A","1075.375","N/A","0","N/A","48.25","N/A","119","N/A","0","N/A","8.1","N/A"
"0","809","20","N/A","0","N/A","1","N/A","1075.375","N/A","0","N/A","48.25","N/A","119","N/A","0","N/A","8.1","N/A"
"0","810","20","N/A","0","N/A","1","N/A","1075.375","N/A","0","N/A","48.25","N/A","119","N/A","0","N/A","8.1","N/A"
"0","811","20","N/A","0","N/A","1","N/A","1075.375","N/A","0","N/A","48.25","N/A","119","N/A","0","N/A","8.1","N/A"
"0","812","20","N/A","0","N/A","1","N/A","1075.375","N/A","0","N/A","48.25","N/A","119","N/A","0","N/A","8.1","N/A"
"0","813","20","N/A","0","N/A","1","N/A","1075.375","N/A","0","N/A","48.25","N/A","119","N/A","0","N/A","8.1","N/A"
"0","814","20","N/A","0","N/A","1","N/A","1075.375","N/A","0","N/A","48.25","N/A","119","N/A","0","N/A","8.1","N/A"
"0","815","20","N/A","0","N/A","1","N/A","1075.375","N/A","0","N/A","48.25","N/A","119","N/A","0","N/A","8.1","N/A"
"0","816","20","N/A","0","N/A","1","N/A","1075.375","N/A","0","N/A","48.25","N/A","119","N/A","0","N/A","8.1","N/A"
"0","817","20","N/A","0","N/A","1","N/A","1075.375","N/A","0","N/A","48.25","N/A","119","N/A","0","N/A","8.1","N/A"
"0","818","20","N/A","0","N/A","1","N/A","1075.375","N/A","0","N/A","48.25","N/A","119","N/A","0","N/A","8.1","N/A"
"0","819","20","N/A","0","N/A","1","N/A","1075.375","N/A","0","N/A","48.25","N/A","119","N/A","0","N/A","8.1","N/A"
"0","820","20","N/A","0","N/A","1","N/A","1075.375","N/A","0","N/A","48.25","N/A","119","N/A","0","N/A","8.1","N/A"
"0","821","20","N/A","0","N/A","1","N/A","1075.375","N/A","0","N/A","48.25","N/A","119","N/A","0","N/A","8.1","N/A"
"0","822","20","N/A","0","N/A","1","N/A","1075.375","N/A","0","N/A","48.25","N/A","119","N/A","0","N/A","8.1","N/A"
"0","823","20","N/A","0","N/A","1","N/A","1075.375","N/A","0","N/A","48.25","N/A","119","N/A","0","N/A","8.1","N/A"
"0","824","20","N/A","0","N/A","1","N/A","1075.375","N/A","0","N/A","48.25","N/A","119","N/A","0","N/A","8.1","N/A"
"0","825","20","N/A","0","N/A","1","N/A","1075.375","N/A","0","N/A","48.25","N/A","119","N/A","0","N/A","8.1","N/A"
"0","826","20","N/A","0","N/A","1","N/A","1075.375","N/A","0","N/A","48.25","N/A","119","N/A","0","N/A","8.1","N/A"
"0","827","20","N/A","0","N/A","1","N/A","1075.375","N/A","0","N/A","48.25","N/A","119","N/A","0","N/A","8.1","N/A"
"0","828","20","N/A","0","N/A","1","N/A","1075.375","N/A","0","N/A","48.25","N/A","119","N/A","0","N/A","8.1","N/A"
"0","829","20","N/A","0","N/A","1","N/A","1075.375","N/A","0","N/A","48.25","N/A","119","N/A","0","N/A","8.1","N/A"
"0","830","20","N/A","0","N/A","1","N/A","1075.375","N/A","0","N/A","48.25","N/A","119","N/A","0","N/A","8.1","N/A"
"0","831","20","N/A","0","N/A","1","N/A","1075.375","N/A","0","N/A","48.25","N/A","119","N/A","0","N/A","8.1","N/A"
"0","832","20","N/A","0","N/A","1","N/A","1075.375","N/A","0","N/A","48.25","N/A","119","N/A","0","N/A","8.1","N/A"
"0","833","20","N/A","0","N/A","1","N/A","1075.375","N/A","0","N/A","48.25","N/A","119","N/A","0","N/A","8.1","N/A"
"0","834","20","N/A","0","N/A","1","N/A","1075.375","N/A","0","N/A","48.25","N/A","119","N/A","0","N/A","8.1","N/A"
"0","835","20","N/A","0","N/A","1","N/A","1075.375","N/A","0","N/A","48.25","N/A","119","N/A","0","N/A","8.1","N/A"
"0","836","20","N/A","0","N/A","1","N/A","1075.375","N/A","0","N/A","48.25","N/A","119","N/A","0","N/A","8.1","N/A"
"0","837","20","N/A","0","N/A","1","N/A","1075.375","N/A","0","N/A","48.25","N/A","119","N/A","0","N/A","8.1","N/A"
"0","838","20","N/A","0","N/A","1","N/A","1075.375","N/A","0","N/A","48.25","N/A","119","N/A","0","N/A","8.1","N/A"
"0","839","20","N/A","0","N/A","1","N/A","1075.375","N/A","0","N/A","48.25","N/A","119","N/A","0","N/A","8.1","N/A"
"0","840","20","N/A","0","N/A","1","N/A","1075.375","N/A","0","N/A","48.25","N/A","119","N/A","0","N/A","8.1","N/A"
"0","841","20","N/A","0","N/A","1","N/A","1075.375","N/A","0","N/A","48.25","N/A","119","N/A","0","N/A","8.1","N/A"
"0","842","20","N/A","0","N/A","1","N/A","1075.375","N/A","0","N/A","48.25","N/A","119","N/A","0","N/A","8.1","N/A"
"0","843","20","N/A","0","N/A","1","N/A","1075.375","N/A","0","N/A","48.25","N/A","119","N/A","0","N/A","8.1","N/A"
"0","844","20","N/A","0","N/A","1","N/A","1075.375","N/A","0","N/A","48.25","N/A","119","N/A","0","N/A","8.1","N/A"
"0","845","20","N/A","0","N/A","1","N/A","1075.375","N/A","0","N/A","48.25","N/A","119","N/A","0","N/A","8.1","N/A"
"0","846","20","N/A","0","N/A","1","N/A","1075.375","N/A","0","N/A","48.25","N/A","119","N/A","0","N/A","8.1","N/A"
"0","847","20","N/A","0","N/A","1","N/A","1075.375","N/A","0","N/A","48.25","N/A","119","N/A","0","N/A","8.1","N/A"
"0","848","20","N/A","0","N/A","1","N/A","1075.375","N/A","0","N/A","48.25","N/A","119","N/A","0","N/A","8.1","N/A"
"0","849","20","N/A","0","N/A","1","N/A","1075.375","N/A","0","N/A","48.25","N/A","119","N/A","0","N/A","8.1","N/A"
"0","850","20","N/A","0","N/A","1","N/A","1075.375","N/A","0","N/A","48.25","N/A","119","N/A","0","N/A","8.1","N/A"
"0","851","20","N/A","0","N/A","1","N/A","1075.375","N/A","0","N/A","48.25","N/A","119","N/A","0","N/A","8.1","N/A"
"0","852","20","N/A","0","N/A","1","N/A","1075.375","N/A","0","N/A","48.25","N/A","119","N/A","0","N/A","8.1","N/A"
"0","853","20","N/A","0","N/A","1","N/A","1075.375","N/A","0","N/A","48.25","N/A","119","N/A","0","N/A","8.1","N/A"
"0","854","20","N/A","0","N/A","1","N/A","1075.375","N/A","0","N/A","48.25","N/A","119","N/A","0","N/A","8.1","N/A"
"0","855","20","N/A","0","N/A","1","N/A","1075.375","N/A","0","N/A","48.25","N/A","119","N/A","0","N/A","8.1","N/A"
"0","856","20","N/A","0","N/A","1","N/A","1075.375","N/A","0","N/A","48.25","N/A","119","N/A","0","N/A","8.1","N/A"
"0","857","20","N/A","0","N/A","1","N/A","1075.375","N/A","0","N/A","48.25","N/A","119","N/A","0","N/A","8.1","N/A"
"0","858","20","N/A","0","N/A","1","N/A","1075.375","N/A","0","N/A","48.25","N/A","119","N/A","0","N/A","8.1","N/A"
"0","859","20","N/A","0","N/A","1","N/A","1075.375","N/A","0","N/A","48.25","N/A","119","N/A","0","N/A","8.1","N/A"
"0","860","20","N/A","0","N/A","1","N/A","1075.375","N/A","0","N/A","48.25","N/A","119","N/A","0","N/A","8.1","N/A"
"0","861","20","N/A","0","N/A","1","N/A","1075.375","N/A","0","N/A","48.25","N/A","119","N/A","0","N/A","8.1","N/A"
"0","862","20","N/A","0","N/A","1","N/A","1075.375","N/A","0","N/A","48.25","N/A","119","N/A","0","N/A","8.1","N/A"
"0","863","20","N/A","0","N/A","1","N/A","1075.375","N/A","0","N/A","48.25","N/A","119","N/A","0","N/A","8.1","N/A"
"0","864","20","N/A","0","N/A","1","N/A","1075.375","N/A","0","N/A","48.25","N/A","119","N/A","0","N/A","8.1","N/A"
"0","865","20","N/A","0","N/A","1","N/A","1075.375","N/A","0","N/A","48.25","N/A","119","N/A","0","N/A","8.1","N/A"
"0","866","20","N/A","0","N/A","1","N/A","1075.375","N/A","0","N/A","48.25","N/A","119","N/A","0","N/A","8.1","N/A"
"0","867","20","N/A","0","N/A","1","N/A","1075.375","N/A","0","N/A","48.25","N/A","119","N/A","0","N/A","8.1","N/A"
"0","868","20","N/A","0","N/A","1","N/A","1075.375","N/A","0","N/A","48.25","N/A","119","N/A","0","N/A","8.1","N/A"
"0","869","20","N/A","0","N/A","1","N/A","1075.375","N/A","0","N/A","48.25","N/A","119","N/A","0","N/A","8.1","N/A"
"0","870","20","N/A","0","N/A","1","N/A","1075.375","N/A","0","N/A","48.25","N/A","119","N/A","0","N/A","8.1","N/A"
"0","871","20","N/A","0","N/A","1","N/A","1075.375","N/A","0","N/A","48.25","N/A","119","N/A","0","N/A","8.1","N/A"
"0","872","20","N/A","0","N/A","1","N/A","1075.375","N/A","0","N/A","48.25","N/A","119","N/A","0","N/A","8.1","N/A"
"0","873","20","N/A","0","N/A","1","N/A","1075.375","N/A","0","N/A","48.25","N/A","119","N/A","0","N/A","8.1","N/A"
"0","874","20","N/A","0","N/A","1","N/A","1075.375","N/A","0","N/A","48.25","N/A","119","N/A","0","N/A","8.1","N/A"
"0","875","20","N/A","0","N/A","1","N/A","1075.375","N/A","0","N/A","48.25","N/A","119","N/A","0","N/A","8.1","N/A"
"0","876","20","N/A","0","N/A","1","N/A","1075.375","N/A","0","N/A","48.25","N/A","119","N/A","0","N/A","8.1","N/A"
"0","877","20","N/A","0","N/A","1","N/A","1075.375","N/A","0","N/A","48.25","N/A","119","N/A","0","N/A","8.1","N/A"
"0","878","20","N/A","0","N/A","1","N/A","1075.375","N/A","0","N/A","48.25","N/A","119","N/A","0","N/A","8.1","N/A"
"0","879","20","N/A","0","N/A","1","N/A","1075.375","N/A","0","N/A","48.25","N/A","119","N/A","0","N/A","8.1","N/A"
"0","880","20","N/A","0","N/A","1","N/A","1075.375","N/A","0","N/A","48.25","N/A","119","N/A","0","N/A","8.1","N/A"
"0","881","20","N/A","0","N/A","1","N/A","1075.375","N/A","0","N/A","48.25","N/A","119","N/A","0","N/A","8.1","N/A"
"0","882","20","N/A","0","N/A","1","N/A","1075.375","N/A","0","N/A","48.25","N/A","119","N/A","0","N/A","8.1","N/A"
"0","883","20","N/A","0","N/A","1","N/A","1075.375","N/A","0","N/A","48.25","N/A","119","N/A","0","N/A","8.1","N/A"
"0","884","20","N/A","0","N/A","1","N/A","1075.375","N/A","0","N/A","48.25","N/A","119","N/A","0","N/A","8.1","N/A"
"0","885","20","N/A","0","N/A","1","N/A","1075.375","N/A","0","N/A","48.25","N/A","119","N/A","0","N/A","8.1","N/A"
"0","886","20","N/A","0","N/A","1","N/A","1075.375","N/A","0","N/A","48.25","N/A","119","N/A","0","N/A","8.1","N/A"
"0","887","20","N/A","0","N/A","1","N/A","1075.375","N/A","0","N/A","48.25","N/A","119","N/A","0","N/A","8.1","N/A"
"0","888","20","N/A","0","N/A","1","N/A","1075.375","N/A","0","N/A","48.25","N/A","119","N/A","0","N/A","8.1","N/A"
"0","889","20","N/A","0","N/A","1","N/A","1075.375","N/A","0","N/A","48.25","N/A","119","N/A","0","N/A","8.1","N/A"
"0","890","20","N/A","0","N/A","1","N/A","1075.375","N/A","0","N/A","48.25","N/A","119","N/A","0","N/A","8.1","N/A"
"0","891","20","N/A","0","N/A","1","N/A","1075.375","N/A","0","N/A","48.25","N/A","121","N/A","0","N/A","8.15","N/A"
"0","892","20","N/A","0","N/A","1","N/A","1075.375","N/A","0","N/A","48.25","N/A","121","N/A","0","N/A","8.15","N/A"
"0","893","20","N/A","0","N/A","1","N/A","1075.375","N/A","0","N/A","48.25","N/A","121","N/A","0","N/A","8.15","N/A"
"0","894","20","N/A","0","N/A","1","N/A","1075.375","N/A","0","N/A","48.25","N/A","121","N/A","0","N/A","8.15","N/A"
"0","895","20","N/A","0","N/A","1","N/A","1075.375","N/A","0","N/A","48.25","N/A","121","N/A","0","N/A","8.15","N/A"
"0","896","20","N/A","0","N/A","1","N/A","1075.375","N/A","0","N/A","48.25","N/A","121","N/A","0","N/A","8.15","N/A"
"0","897","20","N/A","0","N/A","1","N/A","1075.375","N/A","0","N/A","48.25","N/A","121","N/A","0","N/A","8.15","N/A"
"0","898","20","N/A","0","N/A","1","N/A","1075.375","N/A","0","N/A","48.25","N/A","121","N/A","0","N/A","8.15","N/A"
"0","899","20","N/A","0","N/A","1","N/A","1075.375","N/A","0","N/A","48.25","N/A","121","N/A","0","N/A","8.15","N/A"
"0","900","20","N/A","0","N/A","1","N/A","1075.375","N/A","0","N/A","48.25","N/A","121","N/A","0","N/A","8.15","N/A"
"0","901","20","N/A","0","N/A","1","N/A","1075.375","N/A","0","N/A","48.25","N/A","121","N/A","0","N/A","8.15","N/A"
"0","902","20","N/A","0","N/A","1","N/A","1075.375","N/A","0","N/A","48.25","N/A","121","N/A","0","N/A","8.15","N/A"
"0","903","20","N/A","0","N/A","1","N/A","1075.375","N/A","0","N/A","48.25","N/A","121","N/A","0","N/A","8.15","N/A"
"0","904","20","N/A","0","N/A","1","N/A","1075.375","N/A","0","N/A","48.25","N/A","121","N/A","0","N/A","8.15","N/A"
"0","905","20","N/A","0","N/A","1","N/A","1075.375","N/A","0","N/A","48.25","N/A","121","N/A","0","N/A","8.15","N/A"
"0","906","20","N/A","0","N/A","1","N/A","1075.375","N/A","0","N/A","48.25","N/A","121","N/A","0","N/A","8.15","N/A"
"0","907","20","N/A","0","N/A","1","N/A","1075.375","N/A","0","N/A","48.25","N/A","121","N/A","0","N/A","8.15","N/A"
"0","908","20","N/A","0","N/A","1","N/A","1075.375","N/A","0","N/A","48.25","N/A","121","N/A","0","N/A","8.15","N/A"
"0","909","20","N/A","0","N/A","1","N/A","1075.375","N/A","0","N/A","48.25","N/A","121","N/A","0","N/A","8.15","N/A"
"0","910","20","N/A","0","N/A","1","N/A","1075.375","N/A","0","N/A","48.25","N/A","121","N/A","0","N/A","8.15","N/A"
"0","911","20","N/A","0","N/A","1","N/A","1075.375","N/A","0","N/A","48.25","N/A","121","N/A","0","N/A","8.15","N/A"
"0","912","20","N/A","0","N/A","1","N/A","1075.375","N/A","0","N/A","48.25","N/A","121","N/A","0","N/A","8.15","N/A"
"0","913","20","N/A","0","N/A","1","N/A","1075.375","N/A","0","N/A","48.25","N/A","121","N/A","0","N/A","8.15","N/A"
"0","914","20","N/A","0","N/A","1","N/A","1075.375","N/A","0","N/A","48.25","N/A","121","N/A","0","N/A","8.15","N/A"
"0","915","20","N/A","0","N/A","1","N/A","1075.375","N/A","0","N/A","48.25","N/A","121","N/A","0","N/A","8.15","N/A"
"0","916","20","N/A","0","N/A","1","N/A","1075.375","N/A","0","N/A","48.25","N/A","121","N/A","0","N/A","8.15","N/A"
"0","917","20","N/A","0","N/A","1","N/A","1075.375","N/A","0","N/A","48.25","N/A","121","N/A","0","N/A","8.15","N/A"
"0","918","20","N/A","0","N/A","1","N/A","1075.375","N/A","0","N/A","48.25","N/A","121","N/A","0","N/A","8.15","N/A"
"0","919","20","N/A","0","N/A","1","N/A","1075.375","N/A","0","N/A","48.25","N/A","121","N/A","0","N/A","8.15","N/A"
"0","920","20","N/A","0","N/A","1","N/A","1075.375","N/A","0","N/A","48.25","N/A","121","N/A","0","N/A","8.15","N/A"
"0","921","20","N/A","0","N/A","1","N/A","1075.375","N/A","0","N/A","48.25","N/A","121","N/A","0","N/A","8.15","N/A"
"0","922","20","N/A","0","N/A","1","N/A","1075.375","N/A","0","N/A","48.25","N/A","121","N/A","0","N/A","8.15","N/A"
"0","923","20","N/A","0","N/A","1","N/A","1075.375","N/A","0","N/A","48.25","N/A","121","N/A","0","N/A","8.15","N/A"
"0","924","20","N/A","0","N/A","1","N/A","1075.375","N/A","0","N/A","48.25","N/A","121","N/A","0","N/A","8.15","N/A"
"0","925","20","N/A","0","N/A","1","N/A","1075.375","N/A","0","N/A","48.25","N/A","121","N/A","0","N/A","8.15","N/A"
"0","926","20","N/A","0","N/A","1","N/A","1075.375","N/A","0","N/A","48.25","N/A","121","N/A","0","N/A","8.15","N/A"
"0","927","20","N/A","0","N/A","1","N/A","1075.375","N/A","0","N/A","48.25","N/A","121","N/A","0","N/A","8.15","N/A"
"0","928","20","N/A","0","N/A","1","N/A","1075.375","N/A","0","N/A","48.25","N/A","121","N/A","0","N/A","8.15","N/A"
"0","929","20","N/A","0","N/A","1","N/A","1075.375","N/A","0","N/A","48.25","N/A","121","N/A","0","N/A","8.15","N/A"
"0","930","20","N/A","0","N/A","1","N/A","1075.375","N/A","0","N/A","48.25","N/A","121","N/A","0","N/A","8.15","N/A"
"0","931","20","N/A","0","N/A","1","N/A","1075.375","N/A","0","N/A","48.25","N/A","121","N/A","0","N/A","8.15","N/A"
"0","932","20","N/A","0","N/A","1","N/A","1075.375","N/A","0","N/A","48.25","N/A","121","N/A","0","N/A","8.15","N/A"
"0","933","20","N/A","0","N/A","1","N/A","1075.375","N/A","0","N/A","48.25","N/A","121","N/A","0","N/A","8.15","N/A"
"0","934","20","N/A","0","N/A","1","N/A","1075.375","N/A","0","N/A","48.25","N/A","121","N/A","0","N/A","8.15","N/A"
"0","935","20","N/A","0","N/A","1","N/A","1075.375","N/A","0","N/A","48.25","N/A","121","N/A","0","N/A","8.15","N/A"
"0","936","20","N/A","0","N/A","1","N/A","1075.375","N/A","0","N/A","48.25","N/A","121","N/A","0","N/A","8.15","N/A"
"0","937","20","N/A","0","N/A","1","N/A","1075.375","N/A","0","N/A","48.25","N/A","121","N/A","0","N/A","8.15","N/A"
"0","938","20","N/A","0","N/A","1","N/A","1075.375","N/A","0","N/A","48.25","N/A","121","N/A","0","N/A","8.15","N/A"
"0","939","20","N/A","0","N/A","1","N/A","1075.375","N/A","0","N/A","48.25","N/A","121","N/A","0","N/A","8.15","N/A"
"0","940","20","N/A","0","N/A","1","N/A","1075.375","N/A","0","N/A","48.25","N/A","121","N/A","0","N/A","8.2","N/A"
"0","941","20","N/A","0","N/A","1","N/A","1075.375","N/A","0","N/A","48.25","N/A","121","N/A","0","N/A","8.2","N/A"
"0","942","20","N/A","0","N/A","1","N/A","1075.375","N/A","0","N/A","48.25","N/A","121","N/A","0","N/A","8.2","N/A"
"0","943","20","N/A","0","N/A","1","N/A","1075.375","N/A","0","N/A","48.25","N/A","121","N/A","0","N/A","8.2","N/A"
"0","944","20","N/A","0","N/A","1","N/A","1075.375","N/A","0","N/A","48.25","N/A","121","N/A","0","N/A","8.2","N/A"
"0","945","20","N/A","0","N/A","1","N/A","1075.375","N/A","0","N/A","48.25","N/A","121","N/A","0","N/A","8.2","N/A"
"0","946","20","N/A","0","N/A","1","N/A","1075.375","N/A","0","N/A","48.25","N/A","121","N/A","0","N/A","8.25","N/A"
"0","947","20","N/A","0","N/A","1","N/A","1075.375","N/A","0","N/A","48.25","N/A","121","N/A","0","N/A","8.25","N/A"
"0","948","20","N/A","0","N/A","1","N/A","1075.375","N/A","0","N/A","48.25","N/A","121","N/A","0","N/A","8.25","N/A"
"0","949","20","N/A","0","N/A","1","N/A","1075.375","N/A","0","N/A","48.25","N/A","121","N/A","0","N/A","8.25","N/A"
"0","950","20","N/A","0","N/A","1","N/A","1075.375","N/A","0","N/A","48.25","N/A","121","N/A","0","N/A","8.25","N/A"
"0","951","20","N/A","0","N/A","1","N/A","1075.375","N/A","0","N/A","48.25","N/A","121","N/A","0","N/A","8.3","N/A"
"0","952","20","N/A","0","N/A","1","N/A","1075.375","N/A","0","N/A","48.25","N/A","121","N/A","0","N/A","8.3","N/A"
"0","953","20","N/A","0","N/A","1","N/A","1075.375","N/A","0","N/A","48.25","N/A","121","N/A","0","N/A","8.3","N/A"
"0","954","20","N/A","0","N/A","1","N/A","1075.375","N/A","0","N/A","48.25","N/A","121","N/A","0","N/A","8.3","N/A"
"0","955","20","N/A","0","N/A","1","N/A","1075.375","N/A","0","N/A","48.25","N/A","121","N/A","0","N/A","8.3","N/A"
"0","956","20","N/A","0","N/A","1","N/A","1075.375","N/A","0","N/A","48.25","N/A","121","N/A","0","N/A","8.3","N/A"
"0","957","20","N/A","0","N/A","1","N/A","1075.375","N/A","0","N/A","48.25","N/A","121","N/A","0","N/A","8.3","N/A"
"0","958","20","N/A","0","N/A","1","N/A","1075.375","N/A","0","N/A","48.25","N/A","121","N/A","0","N/A","8.3","N/A"
"0","959","20","N/A","0","N/A","1","N/A","1075.375","N/A","0","N/A","48.25","N/A","121","N/A","0","N/A","8.3","N/A"
"0","960","20","N/A","0","N/A","1","N/A","1075.375","N/A","0","N/A","48.25","N/A","121","N/A","0","N/A","8.3","N/A"
"0","961","20","N/A","0","N/A","1","N/A","1075.375","N/A","0","N/A","48.25","N/A","121","N/A","0","N/A","8.3","N/A"
"0","962","20","N/A","0","N/A","1","N/A","1075.375","N/A","0","N/A","48.25","N/A","121","N/A","0","N/A","8.3","N/A"
"0","963","20","N/A","0","N/A","1","N/A","1075.375","N/A","0","N/A","48.25","N/A","121","N/A","0","N/A","8.3","N/A"
"0","964","20","N/A","0","N/A","1","N/A","1075.375","N/A","0","N/A","48.25","N/A","121","N/A","0","N/A","8.3","N/A"
"0","965","20","N/A","0","N/A","1","N/A","1075.375","N/A","0","N/A","48.25","N/A","121","N/A","0","N/A","8.3","N/A"
"0","966","20","N/A","0","N/A","1","N/A","1075.375","N/A","0","N/A","48.25","N/A","121","N/A","0","N/A","8.3","N/A"
"0","967","20","N/A","0","N/A","1","N/A","1075.375","N/A","0","N/A","48.25","N/A","121","N/A","0","N/A","8.3","N/A"
"0","968","20","N/A","0","N/A","1","N/A","1075.375","N/A","0","N/A","48.25","N/A","121","N/A","0","N/A","8.3","N/A"
"0","969","20","N/A","0","N/A","1","N/A","1075.375","N/A","0","N/A","48.25","N/A","121","N/A","0","N/A","8.3","N/A"
"0","970","20","N/A","0","N/A","1","N/A","1075.375","N/A","0","N/A","48.25","N/A","121","N/A","0","N/A","8.3","N/A"
"0","971","20","N/A","0","N/A","1","N/A","1075.375","N/A","0","N/A","48.25","N/A","121","N/A","0","N/A","8.3","N/A"
"0","972","20","N/A","0","N/A","1","N/A","1075.375","N/A","0","N/A","48.25","N/A","121","N/A","0","N/A","8.3","N/A"
"0","973","20","N/A","0","N/A","1","N/A","1075.375","N/A","0","N/A","48.25","N/A","121","N/A","0","N/A","8.3","N/A"
"0","974","20","N/A","0","N/A","1","N/A","1075.375","N/A","0","N/A","48.25","N/A","121","N/A","0","N/A","8.3","N/A"
"0","975","20","N/A","0","N/A","1","N/A","1075.375","N/A","0","N/A","48.25","N/A","121","N/A","0","N/A","8.3","N/A"
"0","976","20","N/A","0","N/A","1","N/A","1075.375","N/A","0","N/A","48.25","N/A","121","N/A","0","N/A","8.3","N/A"
"0","977","20","N/A","0","N/A","1","N/A","1075.375","N/A","0","N/A","48.25","N/A","121","N/A","0","N/A","8.3","N/A"
"0","978","20","N/A","0","N/A","1","N/A","1075.375","N/A","0","N/A","48.25","N/A","121","N/A","0","N/A","8.3","N/A"
"0","979","20","N/A","0","N/A","1","N/A","1075.375","N/A","0","N/A","48.25","N/A","121","N/A","0","N/A","8.3","N/A"
"0","980","20","N/A","0","N/A","1","N/A","1075.375","N/A","0","N/A","48.25","N/A","121","N/A","0","N/A","8.3","N/A"
"0","981","20","N/A","0","N/A","1","N/A","1075.375","N/A","0","N/A","48.25","N/A","121","N/A","0","N/A","8.3","N/A"
"0","982","20","N/A","0","N/A","1","N/A","1075.375","N/A","0","N/A","48.25","N/A","121","N/A","0","N/A","8.3","N/A"
"0","983","20","N/A","0","N/A","1","N/A","1075.375","N/A","0","N/A","48.25","N/A","121","N/A","0","N/A","8.3","N/A"
"0","984","20","N/A","0","N/A","1","N/A","1075.375","N/A","0","N/A","48.25","N/A","121","N/A","0","N/A","8.3","N/A"
"0","985","20","N/A","0","N/A","1","N/A","1075.375","N/A","0","N/A","48.25","N/A","121","N/A","0","N/A","8.3","N/A"
"0","986","20","N/A","0","N/A","1","N/A","1075.375","N/A","0","N/A","48.25","N/A","121","N/A","0","N/A","8.3","N/A"
"0","987","20","N/A","0","N/A","1","N/A","1075.375","N/A","0","N/A","48.25","N/A","121","N/A","0","N/A","8.3","N/A"
"0","988","20","N/A","0","N/A","1","N/A","1075.375","N/A","0","N/A","48.25","N/A","121","N/A","0","N/A","8.3","N/A"
"0","989","20","N/A","0","N/A","1","N/A","1075.375","N/A","0","N/A","48.25","N/A","121","N/A","0","N/A","8.3","N/A"
"0","990","20","N/A","0","N/A","1","N/A","1075.375","N/A","0","N/A","48.25","N/A","121","N/A","0","N/A","8.3","N/A"
"0","991","20","N/A","0","N/A","1","N/A","1075.375","N/A","0","N/A","48.25","N/A","121","N/A","0","N/A","8.3","N/A"
"0","992","20","N/A","0","N/A","1","N/A","1075.375","N/A","0","N/A","48.25","N/A","121","N/A","0","N/A","8.3","N/A"
"0","993","20","N/A","0","N/A","1","N/A","1075.375","N/A","0","N/A","48.25","N/A","121","N/A","0","N/A","8.3","N/A"
"0","994","20","N/A","0","N/A","1","N/A","1075.375","N/A","0","N/A","48.25","N/A","121","N/A","0","N/A","8.3","N/A"
"0","995","20","N/A","0","N/A","1","N/A","1075.375","N/A","0","N/A","48.25","N/A","121","N/A","0","N/A","8.3","N/A"
"0","996","20","N/A","0","N/A","1","N/A","1075.375","N/A","0","N/A","48.25","N/A","121","N/A","0","N/A","8.3","N/A"
"0","997","20","N/A","0","N/A","1","N/A","1075.375","N/A","0","N/A","48.25","N/A","121","N/A","0","N/A","8.3","N/A"
"0","998","20","N/A","0","N/A","1","N/A","1075.375","N/A","0","N/A","48.25","N/A","121","N/A","0","N/A","8.3","N/A"
"0","999","20","N/A","0","N/A","1","N/A","1075.375","N/A","0","N/A","48.25","N/A","121","N/A","0","N/A","8.3","N/A"
"0","1000","20","N/A","0","N/A","1","N/A","1075.375","N/A","0","N/A","48.25","N/A","121","N/A","0","N/A","8.3","N/A"
"5","0","20","N/A","0","N/A","1","N/A","1000","N/A","0","N/A","436.55","N/A","14","N/A","0","N/A","4","N/A"
"5","1","20","N/A","0","N/A","1","N/A","1007.375","N/A","0","N/A","325.3","N/A","14","N/A","0","N/A","4","N/A"
"5","2","20","N/A","0","N/A","1","N/A","1006.875","N/A","0","N/A","232.8","N/A","14","N/A","0","N/A","4","N/A"
"5","3","20","N/A","0","N/A","1","N/A","1012","N/A","0","N/A","164.05","N/A","14","N/A","0","N/A","4","N/A"
"5","4","20","N/A","0","N/A","1","N/A","1014.875","N/A","0","N/A","114.05","N/A","23","N/A","0","N/A","4.1","N/A"
"5","5","20","N/A","0","N/A","1","N/A","1021.875","N/A","0","N/A","74.05","N/A","23","N/A","0","N/A","4.1","N/A"
"5","6","20","N/A","0","N/A","1","N/A","1021.375","N/A","0","N/A","59.05","N/A","23","N/A","0","N/A","4.1","N/A"
"5","7","20","N/A","0","N/A","1","N/A","1019.375","N/A","0","N/A","49.05","N/A","23","N/A","0","N/A","4.1","N/A"
"5","8","20","N/A","0","N/A","1","N/A","1015.875","N/A","0","N/A","44.05","N/A","23","N/A","0","N/A","4.1","N/A"
"5","9","20","N/A","0","N/A","1","N/A","1012.375","N/A","0","N/A","39.05","N/A","23","N/A","0","N/A","4.1","N/A"
"5","10","20","N/A","0","N/A","1","N/A","1008.875","N/A","0","N/A","34.05","N/A","23","N/A","0","N/A","4.1","N/A"
"5","11","20","N/A","0","N/A","1","N/A","1003.875","N/A","0","N/A","34.05","N/A","23","N/A","0","N/A","4.1","N/A"
"5","12","20","N/A","0","N/A","1","N/A","998.875","N/A","0","N/A","34.05","N/A","24","N/A","0","N/A","4.15","N/A"
"5","13","20","N/A","0","N/A","1","N/A","993.875","N/A","0","N/A","34.05","N/A","24","N/A","0","N/A","4.15","N/A"
"5","14","20","N/A","0","N/A","1","N/A","988.875","N/A","0","N/A","34.05","N/A","24","N/A","0","N/A","4.15","N/A"
"5","15","20","N/A","0","N/A","1","N/A","983.875","N/A","0","N/A","34.05","N/A","24","N/A","0","N/A","4.15","N/A"
"5","16","20","N/A","0","N/A","1","N/A","978.875","N/A","0","N/A","34.05","N/A","30","N/A","0","N/A","4.2","N/A"
"5","17","20","N/A","0","N/A","1","N/A","973.875","N/A","0","N/A","34.05","N/A","32","N/A","0","N/A","4.25","N/A"
"5","18","20","N/A","0","N/A","1","N/A","968.875","N/A","0","N/A","34.05","N/A","32","N/A","0","N/A","4.3","N/A"
"5","19","20","N/A","0","N/A","1","N/A","963.875","N/A","0","N/A","34.05","N/A","32","N/A","0","N/A","4.3","N/A"
"5","20","20","N/A","0","N/A","1","N/A","958.875","N/A","0","N/A","34.05","N/A","32","N/A","0","N/A","4.3","N/A"
"5","21","20","N/A","0","N/A","1","N/A","953.875","N/A","0","N/A","34.05","N/A","32","N/A","0","N/A","4.3","N/A"
"5","22","20","N/A","0","N/A","1","N/A","948.875","N/A","0","N/A","34.05","N/A","32","N/A","0","N/A","4.3","N/A"
"5","23","20","N/A","0","N/A","1","N/A","943.875","N/A","0","N/A","34.05","N/A","32","N/A","0","N/A","4.3","N/A"
"5","24","20","N/A","0","N/A","1","N/A","938.875","N/A","0","N/A","34.05","N/A","32","N/A","0","N/A","4.3","N/A"
"5","25","20","N/A","0","N/A","1","N/A","933.875","N/A","0","N/A","34.05","N/A","32","N/A","0","N/A","4.3","N/A"
"5","26","20","N/A","0","N/A","1","N/A","928.875","N/A","0","N/A","34.05","N/A","32","N/A","0","N/A","4.3","N/A"
"5","27","20","N/A","0","N/A","1","N/A","923.875","N/A","0","N/A","34.05","N/A","32","N/A","0","N/A","4.3","N/A"
"5","28","20","N/A","0","N/A","1","N/A","918.875","N/A","0","N/A","34.05","N/A","32","N/A","0","N/A","4.3","N/A"
"5","29","20","N/A","0","N/A","1","N/A","913.875","N/A","0","N/A","34.05","N/A","32","N/A","0","N/A","4.3","N/A"
"5","30","20","N/A","0","N/A","1","N/A","908.875","N/A","0","N/A","34.05","N/A","32","N/A","0","N/A","4.35","N/A"
"5","31","20","N/A","0","N/A","1","N/A","903.875","N/A","0","N/A","34.05","N/A","32","N/A","0","N/A","4.35","N/A"
"5","32","20","N/A","0","N/A","1","N/A","898.875","N/A","0","N/A","34.05","N/A","32","N/A","0","N/A","4.35","N/A"
"5","33","20","N/A","0","N/A","1","N/A","893.875","N/A","0","N/A","34.05","N/A","32","N/A","0","N/A","4.35","N/A"
"5","34","20","N/A","0","N/A","1","N/A","888.875","N/A","0","N/A","34.05","N/A","32","N/A","0","N/A","4.35","N/A"
"5","35","20","N/A","0","N/A","1","N/A","883.875","N/A","0","N/A","34.05","N/A","32","N/A","0","N/A","4.35","N/A"
"5","36","20","N/A","0","N/A","1","N/A","878.875","N/A","0","N/A","34.05","N/A","32","N/A","0","N/A","4.35","N/A"
"5","37","20","N/A","0","N/A","1","N/A","873.875","N/A","0","N/A","34.05","N/A","32","N/A","0","N/A","4.35","N/A"
"5","38","20","N/A","0","N/A","1","N/A","868.875","N/A","0","N/A","34.05","N/A","32","N/A","0","N/A","4.35","N/A"
"5","39","20","N/A","0","N/A","1","N/A","863.875","N/A","0","N/A","34.05","N/A","32","N/A","0","N/A","4.35","N/A"
"5","40","20","N/A","0","N/A","1","N/A","858.875","N/A","0","N/A","34.05","N/A","32","N/A","0","N/A","4.35","N/A"
"5","41","20","N/A","0","N/A","1","N/A","853.875","N/A","0","N/A","34.05","N/A","32","N/A","0","N/A","4.35","N/A"
"5","42","20","N/A","0","N/A","1","N/A","848.875","N/A","0","N/A","34.05","N/A","32","N/A","0","N/A","4.35","N/A"
"5","43","20","N/A","0","N/A","1","N/A","843.875","N/A","0","N/A","34.05","N/A","32","N/A","0","N/A","4.35","N/A"
"5","44","20","N/A","0","N/A","1","N/A","838.875","N/A","0","N/A","34.05","N/A","32","N/A","0","N/A","4.4","N/A"
"5","45","20","N/A","0","N/A","1","N/A","833.875","N/A","0","N/A","34.05","N/A","32","N/A","0","N/A","4.4","N/A"
"5","46","20","N/A","0","N/A","1","N/A","828.875","N/A","0","N/A","34.05","N/A","32","N/A","0","N/A","4.4","N/A"
"5","47","20","N/A","0","N/A","1","N/A","823.875","N/A","0","N/A","34.05","N/A","32","N/A","0","N/A","4.4","N/A"
"5","48","20","N/A","0","N/A","1","N/A","818.875","N/A","0","N/A","34.05","N/A","32","N/A","0","N/A","4.4","N/A"
"5","49","20","N/A","0","N/A","1","N/A","813.875","N/A","0","N/A","34.05","N/A","32","N/A","0","N/A","4.4","N/A"
"5","50","20","N/A","0","N/A","1","N/A","808.875","N/A","0","N/A","34.05","N/A","32","N/A","0","N/A","4.4","N/A"
"5","51","20","N/A","0","N/A","1","N/A","803.875","N/A","0","N/A","34.05","N/A","32","N/A","0","N/A","4.45","N/A"
"5","52","20","N/A","0","N/A","1","N/A","798.875","N/A","0","N/A","34.05","N/A","32","N/A","0","N/A","4.45","N/A"
"5","53","20","N/A","0","N/A","1","N/A","793.875","N/A","0","N/A","34.05","N/A","32","N/A","0","N/A","4.45","N/A"
"5","54","20","N/A","0","N/A","1","N/A","788.875","N/A","0","N/A","34.05","N/A","32","N/A","0","N/A","4.45","N/A"
"5","55","20","N/A","0","N/A","1","N/A","783.875","N/A","0","N/A","34.05","N/A","32","N/A","0","N/A","4.45","N/A"
"5","56","20","N/A","0","N/A","1","N/A","778.875","N/A","0","N/A","34.05","N/A","32","N/A","0","N/A","4.45","N/A"
"5","57","20","N/A","0","N/A","1","N/A","773.875","N/A","0","N/A","34.05","N/A","32","N/A","0","N/A","4.45","N/A"
"5","58","20","N/A","0","N/A","1","N/A","768.875","N/A","0","N/A","34.05","N/A","32","N/A","0","N/A","4.5","N/A"
"5","59","20","N/A","0","N/A","1","N/A","763.875","N/A","0","N/A","34.05","N/A","32","N/A","0","N/A","4.5","N/A"
"5","60","20","N/A","0","N/A","1","N/A","758.875","N/A","0","N/A","34.05","N/A","32","N/A","0","N/A","4.5","N/A"
"5","61","20","N/A","0","N/A","1","N/A","753.875","N/A","0","N/A","34.05","N/A","32","N/A","0","N/A","4.5","N/A"
"5","62","20","N/A","0","N/A","1","N/A","748.875","N/A","0","N/A","34.05","N/A","32","N/A","0","N/A","4.5","N/A"
"5","63","20","N/A","0","N/A","1","N/A","743.875","N/A","0","N/A","34.05","N/A","32","N/A","0","N/A","4.5","N/A"
"5","64","20","N/A","0","N/A","1","N/A","738.875","N/A","0","N/A","34.05","N/A","32","N/A","0","N/A","4.5","N/A"
"5","65","20","N/A","0","N/A","1","N/A","733.875","N/A","0","N/A","34.05","N/A","32","N/A","0","N/A","4.5","N/A"
"5","66","20","N/A","0","N/A","1","N/A","728.875","N/A","0","N/A","34.05","N/A","32","N/A","0","N/A","4.5","N/A"
"5","67","20","N/A","0","N/A","1","N/A","723.875","N/A","0","N/A","34.05","N/A","32","N/A","0","N/A","4.5","N/A"
"5","68","20","N/A","0","N/A","1","N/A","718.875","N/A","0","N/A","34.05","N/A","32","N/A","0","N/A","4.55","N/A"
"5","69","20","N/A","0","N/A","1","N/A","713.875","N/A","0","N/A","34.05","N/A","32","N/A","0","N/A","4.55","N/A"
"5","70","20","N/A","0","N/A","1","N/A","708.875","N/A","0","N/A","34.05","N/A","32","N/A","0","N/A","4.55","N/A"
"5","71","20","N/A","0","N/A","1","N/A","703.875","N/A","0","N/A","34.05","N/A","35","N/A","0","N/A","4.6","N/A"
"5","72","20","N/A","0","N/A","1","N/A","698.875","N/A","0","N/A","34.05","N/A","35","N/A","0","N/A","4.6","N/A"
"5","73","20","N/A","0","N/A","1","N/A","693.875","N/A","0","N/A","34.05","N/A","35","N/A","0","N/A","4.65","N/A"
"5","74","20","N/A","0","N/A","1","N/A","688.875","N/A","0","N/A","34.05","N/A","35","N/A","0","N/A","4.65","N/A"
"5","75","20","N/A","0","N/A","1","N/A","683.875","N/A","0","N/A","34.05","N/A","35","N/A","0","N/A","4.65","N/A"
"5","76","20","N/A","0","N/A","1","N/A","678.875","N/A","0","N/A","34.05","N/A","35","N/A","0","N/A","4.65","N/A"
"5","77","20","N/A","0","N/A","1","N/A","673.875","N/A","0","N/A","34.05","N/A","35","N/A","0","N/A","4.65","N/A"
"5","78","20","N/A","0","N/A","1","N/A","668.875","N/A","0","N/A","34.05","N/A","35","N/A","0","N/A","4.65","N/A"
"5","79","20","N/A","0","N/A","1","N/A","663.875","N/A","0","N/A","34.05","N/A","35","N/A","0","N/A","4.65","N/A"
"5","80","20","N/A","0","N/A","1","N/A","658.875","N/A","0","N/A","34.05","N/A","35","N/A","0","N/A","4.75","N/A"
"5","81","20","N/A","0","N/A","1","N/A","653.875","N/A","0","N/A","34.05","N/A","35","N/A","0","N/A","4.8","N/A"
"5","82","20","N/A","0","N/A","1","N/A","648.875","N/A","0","N/A","34.05","N/A","35","N/A","0","N/A","4.8","N/A"
"5","83","20","N/A","0","N/A","1","N/A","643.875","N/A","0","N/A","34.05","N/A","35","N/A","0","N/A","4.8","N/A"
"5","84","20","N/A","0","N/A","1","N/A","638.875","N/A","0","N/A","34.05","N/A","35","N/A","0","N/A","4.8","N/A"
"5","85","20","N/A","0","N/A","1","N/A","633.875","N/A","0","N/A","34.05","N/A","37","N/A","0","N/A","4.85","N/A"
"5","86","20","N/A","0","N/A","1","N/A","628.875","N/A","0","N/A","34.05","N/A","38","N/A","0","N/A","4.9","N/A"
"5","87","20","N/A","0","N/A","1","N/A","623.875","N/A","0","N/A","34.05","N/A","41","N/A","0","N/A","5","N/A"
"5","88","20","N/A","0","N/A","1","N/A","618.875","N/A","0","N/A","34.05","N/A","41","N/A","0","N/A","5.05","N/A"
"5","89","20","N/A","0","N/A","1","N/A","613.875","N/A","0","N/A","34.05","N/A","41","N/A","0","N/A","5.05","N/A"
"5","90","20","N/A","0","N/A","1","N/A","608.875","N/A","0","N/A","34.05","N/A","42","N/A","0","N/A","5.1","N/A"
"5","91","20","N/A","0","N/A","1","N/A","603.875","N/A","0","N/A","34.05","N/A","42","N/A","0","N/A","5.2","N/A"
"5","92","20","N/A","0","N/A","1","N/A","598.875","N/A","0","N/A","34.05","N/A","42","N/A","0","N/A","5.2","N/A"
"5","93","20","N/A","0","N/A","1","N/A","593.875","N/A","0","N/A","34.05","N/A","42","N/A","0","N/A","5.2","N/A"
"5","94","20","N/A","0","N/A","1","N/A","588.875","N/A","0","N/A","34.05","N/A","42","N/A","0","N/A","5.2","N/A"
"5","95","20","N/A","0","N/A","1","N/A","583.875","N/A","0","N/A","34.05","N/A","42","N/A","0","N/A","5.2","N/A"
"5","96","20","N/A","0","N/A","1","N/A","578.875","N/A","0","N/A","34.05","N/A","42","N/A","0","N/A","5.2","N/A"
"5","97","20","N/A","0","N/A","1","N/A","573.875","N/A","0","N/A","34.05","N/A","42","N/A","0","N/A","5.2","N/A"
"5","98","20","N/A","0","N/A","1","N/A","568.875","N/A","0","N/A","34.05","N/A","42","N/A","0","N/A","5.2","N/A"
"5","99","20","N/A","0","N/A","1","N/A","563.875","N/A","0","N/A","34.05","N/A","42","N/A","0","N/A","5.2","N/A"
"5","100","20","N/A","0","N/A","1","N/A","558.875","N/A","0","N/A","34.05","N/A","42","N/A","0","N/A","5.2","N/A"
"5","101","20","N/A","0","N/A","1","N/A","553.875","N/A","0","N/A","34.05","N/A","42","N/A","0","N/A","5.2","N/A"
"5","102","20","N/A","0","N/A","1","N/A","548.875","N/A","0","N/A","34.05","N/A","42","N/A","0","N/A","5.2","N/A"
"5","103","20","N/A","0","N/A","1","N/A","543.875","N/A","0","N/A","34.05","N/A","42","N/A","0","N/A","5.2","N/A"
"5","104","20","N/A","0","N/A","1","N/A","538.875","N/A","0","N/A","34.05","N/A","42","N/A","0","N/A","5.2","N/A"
"5","105","20","N/A","0","N/A","1","N/A","533.875","N/A","0","N/A","34.05","N/A","42","N/A","0","N/A","5.2","N/A"
"5","106","20","N/A","0","N/A","1","N/A","528.875","N/A","0","N/A","34.05","N/A","42","N/A","0","N/A","5.25","N/A"
"5","107","20","N/A","0","N/A","1","N/A","523.875","N/A","0","N/A","34.05","N/A","42","N/A","0","N/A","5.25","N/A"
"5","108","20","N/A","0","N/A","1","N/A","518.875","N/A","0","N/A","34.05","N/A","42","N/A","0","N/A","5.25","N/A"
"5","109","20","N/A","0","N/A","1","N/A","513.875","N/A","0","N/A","34.05","N/A","42","N/A","0","N/A","5.25","N/A"
"5","110","20","N/A","0","N/A","1","N/A","508.875","N/A","0","N/A","34.05","N/A","42","N/A","0","N/A","5.25","N/A"
"5","111","20","N/A","0","N/A","1","N/A","503.875","N/A","0","N/A","34.05","N/A","42","N/A","0","N/A","5.25","N/A"
"5","112","20","N/A","0","N/A","1","N/A","498.875","N/A","0","N/A","34.05","N/A","42","N/A","0","N/A","5.25","N/A"
"5","113","20","N/A","0","N/A","1","N/A","493.875","N/A","0","N/A","34.05","N/A","42","N/A","0","N/A","5.25","N/A"
"5","114","20","N/A","0","N/A","1","N/A","488.875","N/A","0","N/A","34.05","N/A","42","N/A","0","N/A","5.25","N/A"
"5","115","20","N/A","0","N/A","1","N/A","483.875","N/A","0","N/A","34.05","N/A","42","N/A","0","N/A","5.25","N/A"
"5","116","20","N/A","0","N/A","1","N/A","478.875","N/A","0","N/A","34.05","N/A","42","N/A","0","N/A","5.25","N/A"
"5","117","20","N/A","0","N/A","1","N/A","473.875","N/A","0","N/A","34.05","N/A","42","N/A","0","N/A","5.25","N/A"
"5","118","20","N/A","0","N/A","1","N/A","468.875","N/A","0","N/A","34.05","N/A","42","N/A","0","N/A","5.25","N/A"
"5","119","20","N/A","0","N/A","1","N/A","463.875","N/A","0","N/A","34.05","N/A","42","N/A","0","N/A","5.25","N/A"
"5","120","20","N/A","0","N/A","1","N/A","458.875","N/A","0","N/A","34.05","N/A","42","N/A","0","N/A","5.25","N/A"
"5","121","20","N/A","0","N/A","1","N/A","453.875","N/A","0","N/A","34.05","N/A","42","N/A","0","N/A","5.25","N/A"
"5","122","20","N/A","0","N/A","1","N/A","448.875","N/A","0","N/A","34.05","N/A","42","N/A","0","N/A","5.25","N/A"
"5","123","20","N/A","0","N/A","1","N/A","443.875","N/A","0","N/A","34.05","N/A","42","N/A","0","N/A","5.25","N/A"
"5","124","20","N/A","0","N/A","1","N/A","438.875","N/A","0","N/A","34.05","N/A","42","N/A","0","N/A","5.25","N/A"
"5","125","20","N/A","0","N/A","1","N/A","433.875","N/A","0","N/A","34.05","N/A","42","N/A","0","N/A","5.25","N/A"
"5","126","20","N/A","0","N/A","1","N/A","428.875","N/A","0","N/A","34.05","N/A","42","N/A","0","N/A","5.3","N/A"
"5","127","20","N/A","0","N/A","1","N/A","423.875","N/A","0","N/A","34.05","N/A","42","N/A","0","N/A","5.3","N/A"
"5","128","20","N/A","0","N/A","1","N/A","418.875","N/A","0","N/A","34.05","N/A","42","N/A","0","N/A","5.35","N/A"
"5","129","20","N/A","0","N/A","1","N/A","413.875","N/A","0","N/A","34.05","N/A","42","N/A","0","N/A","5.35","N/A"
"5","130","20","N/A","0","N/A","1","N/A","408.875","N/A","0","N/A","34.05","N/A","42","N/A","0","N/A","5.35","N/A"
"5","131","20","N/A","0","N/A","1","N/A","403.875","N/A","0","N/A","34.05","N/A","42","N/A","0","N/A","5.35","N/A"
"5","132","20","N/A","0","N/A","1","N/A","398.875","N/A","0","N/A","34.05","N/A","42","N/A","0","N/A","5.35","N/A"
"5","133","20","N/A","0","N/A","1","N/A","393.875","N/A","0","N/A","34.05","N/A","42","N/A","0","N/A","5.35","N/A"
"5","134","20","N/A","0","N/A","1","N/A","388.875","N/A","0","N/A","34.05","N/A","42","N/A","0","N/A","5.35","N/A"
"5","135","20","N/A","0","N/A","1","N/A","383.875","N/A","0","N/A","34.05","N/A","42","N/A","0","N/A","5.35","N/A"
"5","136","20","N/A","0","N/A","1","N/A","378.875","N/A","0","N/A","34.05","N/A","42","N/A","0","N/A","5.35","N/A"
"5","137","20","N/A","0","N/A","1","N/A","373.875","N/A","0","N/A","34.05","N/A","42","N/A","0","N/A","5.35","N/A"
"5","138","20","N/A","0","N/A","1","N/A","368.875","N/A","0","N/A","34.05","N/A","42","N/A","0","N/A","5.35","N/A"
"5","139","20","N/A","0","N/A","1","N/A","363.875","N/A","0","N/A","34.05","N/A","42","N/A","0","N/A","5.35","N/A"
"5","140","20","N/A","0","N/A","1","N/A","358.875","N/A","0","N/A","34.05","N/A","42","N/A","0","N/A","5.35","N/A"
"5","141","20","N/A","0","N/A","1","N/A","353.875","N/A","0","N/A","34.05","N/A","42","N/A","0","N/A","5.35","N/A"
"5","142","20","N/A","0","N/A","1","N/A","348.875","N/A","0","N/A","34.05","N/A","42","N/A","0","N/A","5.35","N/A"
"5","143","20","N/A","0","N/A","1","N/A","343.875","N/A","0","N/A","34.05","N/A","42","N/A","0","N/A","5.35","N/A"
"5","144","20","N/A","0","N/A","1","N/A","338.875","N/A","0","N/A","34.05","N/A","45","N/A","0","N/A","5.4","N/A"
"5","145","20","N/A","0","N/A","1","N/A","333.875","N/A","0","N/A","34.05","N/A","45","N/A","0","N/A","5.4","N/A"
"5","146","20","N/A","0","N/A","1","N/A","328.875","N/A","0","N/A","34.05","N/A","45","N/A","0","N/A","5.4","N/A"
"5","147","20","N/A","0","N/A","1","N/A","323.875","N/A","0","N/A","34.05","N/A","45","N/A","0","N/A","5.4","N/A"
"5","148","20","N/A","0","N/A","1","N/A","318.875","N/A","0","N/A","34.05","N/A","45","N/A","0","N/A","5.4","N/A"
"5","149","20","N/A","0","N/A","1","N/A","313.875","N/A","0","N/A","34.05","N/A","45","N/A","0","N/A","5.4","N/A"
"5","150","20","N/A","0","N/A","1","N/A","308.875","N/A","0","N/A","34.05","N/A","45","N/A","0","N/A","5.4","N/A"
"5","151","20","N/A","0","N/A","1","N/A","303.875","N/A","0","N/A","34.05","N/A","45","N/A","0","N/A","5.4","N/A"
"5","152","20","N/A","0","N/A","1","N/A","298.875","N/A","0","N/A","34.05","N/A","45","N/A","0","N/A","5.4","N/A"
"5","153","20","N/A","0","N/A","1","N/A","293.875","N/A","0","N/A","34.05","N/A","45","N/A","0","N/A","5.4","N/A"
"5","154","20","N/A","0","N/A","1","N/A","288.875","N/A","0","N/A","34.05","N/A","45","N/A","0","N/A","5.4","N/A"
"5","155","20","N/A","0","N/A","1","N/A","283.875","N/A","0","N/A","34.05","N/A","45","N/A","0","N/A","5.45","N/A"
"5","156","20","N/A","0","N/A","1","N/A","278.875","N/A","0","N/A","34.05","N/A","45","N/A","0","N/A","5.45","N/A"
"5","157","20","N/A","0","N/A","1","N/A","273.875","N/A","0","N/A","34.05","N/A","45","N/A","0","N/A","5.45","N/A"
"5","158","20","N/A","0","N/A","1","N/A","268.875","N/A","0","N/A","34.05","N/A","45","N/A","0","N/A","5.45","N/A"
"5","159","20","N/A","0","N/A","1","N/A","263.875","N/A","0","N/A","34.05","N/A","45","N/A","0","N/A","5.45","N/A"
"5","160","20","N/A","0","N/A","1","N/A","258.875","N/A","0","N/A","34.05","N/A","45","N/A","0","N/A","5.45","N/A"
"5","161","20","N/A","0","N/A","1","N/A","253.875","N/A","0","N/A","34.05","N/A","45","N/A","0","N/A","5.45","N/A"
"5","162","20","N/A","0","N/A","1","N/A","248.875","N/A","0","N/A","34.05","N/A","45","N/A","0","N/A","5.45","N/A"
"5","163","20","N/A","0","N/A","1","N/A","243.875","N/A","0","N/A","34.05","N/A","45","N/A","0","N/A","5.45","N/A"
"5","164","20","N/A","0","N/A","1","N/A","238.875","N/A","0","N/A","34.05","N/A","45","N/A","0","N/A","5.45","N/A"
"5","165","20","N/A","0","N/A","1","N/A","233.875","N/A","0","N/A","34.05","N/A","45","N/A","0","N/A","5.45","N/A"
"5","166","20","N/A","0","N/A","1","N/A","228.875","N/A","0","N/A","34.05","N/A","45","N/A","0","N/A","5.5","N/A"
"5","167","20","N/A","0","N/A","1","N/A","223.875","N/A","0","N/A","34.05","N/A","45","N/A","0","N/A","5.5","N/A"
"5","168","20","N/A","0","N/A","1","N/A","218.875","N/A","0","N/A","34.05","N/A","45","N/A","0","N/A","5.5","N/A"
"5","169","20","N/A","0","N/A","1","N/A","213.875","N/A","0","N/A","34.05","N/A","45","N/A","0","N/A","5.5","N/A"
"5","170","20","N/A","0","N/A","1","N/A","208.875","N/A","0","N/A","34.05","N/A","45","N/A","0","N/A","5.5","N/A"
"5","171","20","N/A","0","N/A","1","N/A","203.875","N/A","0","N/A","34.05","N/A","45","N/A","0","N/A","5.5","N/A"
"5","172","20","N/A","0","N/A","1","N/A","198.875","N/A","0","N/A","34.05","N/A","45","N/A","0","N/A","5.5","N/A"
"5","173","20","N/A","0","N/A","1","N/A","193.875","N/A","0","N/A","34.05","N/A","45","N/A","0","N/A","5.5","N/A"
"5","174","20","N/A","0","N/A","1","N/A","188.875","N/A","0","N/A","34.05","N/A","45","N/A","0","N/A","5.5","N/A"
"5","175","20","N/A","0","N/A","1","N/A","183.875","N/A","0","N/A","34.05","N/A","45","N/A","0","N/A","5.5","N/A"
"5","176","20","N/A","0","N/A","1","N/A","178.875","N/A","0","N/A","34.05","N/A","45","N/A","0","N/A","5.5","N/A"
"5","177","20","N/A","0","N/A","1","N/A","173.875","N/A","0","N/A","34.05","N/A","45","N/A","0","N/A","5.5","N/A"
"5","178","20","N/A","0","N/A","1","N/A","168.875","N/A","0","N/A","34.05","N/A","45","N/A","0","N/A","5.5","N/A"
"5","179","20","N/A","0","N/A","1","N/A","163.875","N/A","0","N/A","34.05","N/A","45","N/A","0","N/A","5.5","N/A"
"5","180","20","N/A","0","N/A","1","N/A","158.875","N/A","0","N/A","34.05","N/A","45","N/A","0","N/A","5.5","N/A"
"5","181","20","N/A","0","N/A","1","N/A","153.875","N/A","0","N/A","34.05","N/A","45","N/A","0","N/A","5.5","N/A"
"5","182","20","N/A","0","N/A","1","N/A","148.875","N/A","0","N/A","34.05","N/A","45","N/A","0","N/A","5.5","N/A"
"5","183","20","N/A","0","N/A","1","N/A","143.875","N/A","0","N/A","34.05","N/A","45","N/A","0","N/A","5.5","N/A"
"5","184","20","N/A","0","N/A","1","N/A","138.875","N/A","0","N/A","34.05","N/A","45","N/A","0","N/A","5.5","N/A"
"5","185","20","N/A","0","N/A","1","N/A","133.875","N/A","0","N/A","34.05","N/A","45","N/A","0","N/A","5.5","N/A"
"5","186","20","N/A","0","N/A","1","N/A","128.875","N/A","0","N/A","34.05","N/A","45","N/A","0","N/A","5.5","N/A"
"5","187","20","N/A","0","N/A","1","N/A","123.875","N/A","0","N/A","34.05","N/A","45","N/A","0","N/A","5.5","N/A"
"5","188","20","N/A","0","N/A","1","N/A","118.875","N/A","0","N/A","34.05","N/A","45","N/A","0","N/A","5.5","N/A"
"5","189","20","N/A","0","N/A","1","N/A","113.875","N/A","0","N/A","34.05","N/A","45","N/A","0","N/A","5.5","N/A"
"5","190","20","N/A","0","N/A","1","N/A","108.875","N/A","0","N/A","34.05","N/A","45","N/A","0","N/A","5.5","N/A"
"5","191","20","N/A","0","N/A","1","N/A","103.875","N/A","0","N/A","34.05","N/A","45","N/A","0","N/A","5.5","N/A"
"5","192","20","N/A","0","N/A","1","N/A","98.875","N/A","0","N/A","34.05","N/A","45","N/A","0","N/A","5.5","N/A"
"5","193","20","N/A","0","N/A","1","N/A","93.875","N/A","0","N/A","34.05","N/A","45","N/A","0","N/A","5.5","N/A"
"5","194","20","N/A","0","N/A","1","N/A","88.875","N/A","0","N/A","34.05","N/A","45","N/A","0","N/A","5.5","N/A"
"5","195","20","N/A","0","N/A","1","N/A","83.875","N/A","0","N/A","34.05","N/A","45","N/A","0","N/A","5.5","N/A"
"5","196","20","N/A","0","N/A","1","N/A","78.875","N/A","0","N/A","34.05","N/A","45","N/A","0","N/A","5.5","N/A"
"5","197","20","N/A","0","N/A","1","N/A","73.875","N/A","0","N/A","34.05","N/A","45","N/A","0","N/A","5.55","N/A"
"5","198","20","N/A","0","N/A","1","N/A","68.875","N/A","0","N/A","34.05","N/A","45","N/A","0","N/A","5.55","N/A"
"5","199","20","N/A","0","N/A","1","N/A","63.875","N/A","0","N/A","34.05","N/A","45","N/A","0","N/A","5.55","N/A"
"5","200","20","N/A","0","N/A","1","N/A","58.875","N/A","0","N/A","34.05","N/A","45","N/A","0","N/A","5.55","N/A"
"5","201","20","N/A","0","N/A","1","N/A","178.875","N/A","125","N/A","34.05","N/A","45","N/A","0","N/A","5.55","N/A"
"5","202","20","N/A","0","N/A","1","N/A","198.875","N/A","150","N/A","34.05","N/A","45","N/A","0","N/A","5.55","N/A"
"5","203","20","N/A","0","N/A","1","N/A","218.875","N/A","175","N/A","34.05","N/A","45","N/A","0","N/A","5.55","N/A"
"5","204","20","N/A","0","N/A","1","N/A","213.875","N/A","175","N/A","34.05","N/A","45","N/A","0","N/A","5.55","N/A"
"5","205","20","N/A","0","N/A","1","N/A","208.875","N/A","175","N/A","34.05","N/A","45","N/A","0","N/A","5.55","N/A"
"5","206","20","N/A","0","N/A","1","N/A","203.875","N/A","175","N/A","34.05","N/A","45","N/A","0","N/A","5.55","N/A"
"5","207","20","N/A","0","N/A","1","N/A","223.875","N/A","200","N/A","34.05","N/A","45","N/A","0","N/A","5.55","N/A"
"5","208","20","N/A","0","N/A","1","N/A","218.875","N/A","200","N/A","34.05","N/A","45","N/A","0","N/A","5.55","N/A"
"5","209","20","N/A","0","N/A","1","N/A","263.875","N/A","250","N/A","34.05","N/A","45","N/A","0","N/A","5.55","N/A"
"5","210","20","N/A","0","N/A","1","N/A","258.875","N/A","250","N/A","34.05","N/A","45","N/A","0","N/A","5.55","N/A"
"5","211","20","N/A","0","N/A","1","N/A","253.875","N/A","250","N/A","34.05","N/A","45","N/A","0","N/A","5.6","N/A"
"5","212","20","N/A","0","N/A","1","N/A","248.875","N/A","250","N/A","34.05","N/A","45","N/A","0","N/A","5.65","N/A"
"5","213","20","N/A","0","N/A","1","N/A","243.875","N/A","250","N/A","34.05","N/A","45","N/A","0","N/A","5.65","N/A"
"5","214","20","N/A","0","N/A","1","N/A","238.875","N/A","250","N/A","34.05","N/A","45","N/A","0","N/A","5.65","N/A"
"5","215","20","N/A","0","N/A","1","N/A","258.875","N/A","275","N/A","34.05","N/A","45","N/A","0","N/A","5.65","N/A"
"5","216","20","N/A","0","N/A","1","N/A","253.875","N/A","275","N/A","34.05","N/A","45","N/A","0","N/A","5.65","N/A"
"5","217","20","N/A","0","N/A","1","N/A","248.875","N/A","275","N/A","34.05","N/A","45","N/A","0","N/A","5.65","N/A"
"5","218","20","N/A","0","N/A","1","N/A","243.875","N/A","275","N/A","34.05","N/A","45","N/A","0","N/A","5.65","N/A"
"5","219","20","N/A","0","N/A","1","N/A","238.875","N/A","275","N/A","34.05","N/A","45","N/A","0","N/A","5.65","N/A"
"5","220","20","N/A","0","N/A","1","N/A","258.875","N/A","300","N/A","34.05","N/A","45","N/A","0","N/A","5.7","N/A"
"5","221","20","N/A","0","N/A","1","N/A","253.875","N/A","300","N/A","34.05","N/A","45","N/A","0","N/A","5.7","N/A"
"5","222","20","N/A","0","N/A","1","N/A","248.875","N/A","300","N/A","34.05","N/A","48","N/A","0","N/A","5.8","N/A"
"5","223","20","N/A","0","N/A","1","N/A","243.875","N/A","300","N/A","34.05","N/A","49","N/A","0","N/A","5.85","N/A"
"5","224","20","N/A","0","N/A","1","N/A","238.875","N/A","300","N/A","34.05","N/A","49","N/A","0","N/A","5.85","N/A"
"5","225","20","N/A","0","N/A","1","N/A","233.875","N/A","300","N/A","34.05","N/A","49","N/A","0","N/A","5.85","N/A"
"5","226","20","N/A","0","N/A","1","N/A","228.875","N/A","300","N/A","34.05","N/A","49","N/A","0","N/A","5.85","N/A"
"5","227","20","N/A","0","N/A","1","N/A","223.875","N/A","300","N/A","34.05","N/A","49","N/A","0","N/A","5.85","N/A"
"5","228","20","N/A","0","N/A","1","N/A","218.875","N/A","300","N/A","34.05","N/A","50","N/A","0","N/A","5.9","N/A"
"5","229","20","N/A","0","N/A","1","N/A","213.875","N/A","300","N/A","34.05","N/A","50","N/A","0","N/A","5.9","N/A"
"5","230","20","N/A","0","N/A","1","N/A","233.875","N/A","325","N/A","34.05","N/A","50","N/A","0","N/A","5.9","N/A"
"5","231","20","N/A","0","N/A","1","N/A","228.875","N/A","325","N/A","34.05","N/A","50","N/A","0","N/A","5.9","N/A"
"5","232","20","N/A","0","N/A","1","N/A","223.875","N/A","325","N/A","34.05","N/A","50","N/A","0","N/A","5.95","N/A"
"5","233","20","N/A","0","N/A","1","N/A","243.875","N/A","350","N/A","34.05","N/A","50","N/A","0","N/A","5.95","N/A"
"5","234","20","N/A","0","N/A","1","N/A","238.875","N/A","350","N/A","34.05","N/A","50","N/A","0","N/A","5.95","N/A"
"5","235","20","N/A","0","N/A","1","N/A","233.875","N/A","350","N/A","34.05","N/A","50","N/A","0","N/A","5.95","N/A"
"5","236","20","N/A","0","N/A","1","N/A","228.875","N/A","350","N/A","34.05","N/A","50","N/A","0","N/A","5.95","N/A"
"5","237","20","N/A","0","N/A","1","N/A","223.875","N/A","350","N/A","34.05","N/A","50","N/A","0","N/A","5.95","N/A"
"5","238","20","N/A","0","N/A","1","N/A","243.875","N/A","375","N/A","34.05","N/A","50","N/A","0","N/A","5.95","N/A"
"5","239","20","N/A","0","N/A","1","N/A","238.875","N/A","375","N/A","34.05","N/A","50","N/A","0","N/A","5.95","N/A"
"5","240","20","N/A","0","N/A","1","N/A","233.875","N/A","375","N/A","34.05","N/A","50","N/A","0","N/A","5.95","N/A"
"5","241","20","N/A","0","N/A","1","N/A","228.875","N/A","375","N/A","34.05","N/A","50","N/A","0","N/A","5.95","N/A"
"5","242","20","N/A","0","N/A","1","N/A","223.875","N/A","375","N/A","34.05","N/A","50","N/A","0","N/A","5.95","N/A"
"5","243","20","N/A","0","N/A","1","N/A","268.875","N/A","425","N/A","34.05","N/A","50","N/A","0","N/A","5.95","N/A"
"5","244","20","N/A","0","N/A","1","N/A","288.875","N/A","450","N/A","34.05","N/A","50","N/A","0","N/A","5.95","N/A"
"5","245","20","N/A","0","N/A","1","N/A","283.875","N/A","450","N/A","34.05","N/A","50","N/A","0","N/A","5.95","N/A"
"5","246","20","N/A","0","N/A","1","N/A","278.875","N/A","450","N/A","34.05","N/A","50","N/A","0","N/A","5.95","N/A"
"5","247","20","N/A","0","N/A","1","N/A","273.875","N/A","450","N/A","34.05","N/A","50","N/A","0","N/A","5.95","N/A"
"5","248","20","N/A","0","N/A","1","N/A","268.875","N/A","450","N/A","34.05","N/A","50","N/A","0","N/A","5.95","N/A"
"5","249","20","N/A","0","N/A","1","N/A","263.875","N/A","450","N/A","34.05","N/A","50","N/A","0","N/A","5.95","N/A"
"5","250","20","N/A","0","N/A","1","N/A","258.875","N/A","450","N/A","34.05","N/A","50","N/A","0","N/A","5.95","N/A"
"5","251","20","N/A","0","N/A","1","N/A","253.875","N/A","450","N/A","34.05","N/A","50","N/A","0","N/A","5.95","N/A"
"5","252","20","N/A","0","N/A","1","N/A","273.875","N/A","475","N/A","34.05","N/A","50","N/A","0","N/A","5.95","N/A"
"5","253","20","N/A","0","N/A","1","N/A","268.875","N/A","475","N/A","34.05","N/A","50","N/A","0","N/A","5.95","N/A"
"5","254","20","N/A","0","N/A","1","N/A","263.875","N/A","475","N/A","34.05","N/A","50","N/A","0","N/A","6","N/A"
"5","255","20","N/A","0","N/A","1","N/A","258.875","N/A","475","N/A","34.05","N/A","50","N/A","0","N/A","6","N/A"
"5","256","20","N/A","0","N/A","1","N/A","253.875","N/A","475","N/A","34.05","N/A","50","N/A","0","N/A","6","N/A"
"5","257","20","N/A","0","N/A","1","N/A","248.875","N/A","475","N/A","34.05","N/A","50","N/A","0","N/A","6","N/A"
"5","258","20","N/A","0","N/A","1","N/A","243.875","N/A","475","N/A","34.05","N/A","50","N/A","0","N/A","6","N/A"
"5","259","20","N/A","0","N/A","1","N/A","238.875","N/A","475","N/A","34.05","N/A","50","N/A","0","N/A","6","N/A"
"5","260","20","N/A","0","N/A","1","N/A","233.875","N/A","475","N/A","34.05","N/A","50","N/A","0","N/A","6","N/A"
"5","261","20","N/A","0","N/A","1","N/A","228.875","N/A","475","N/A","34.05","N/A","50","N/A","0","N/A","6","N/A"
"5","262","20","N/A","0","N/A","1","N/A","223.875","N/A","475","N/A","34.05","N/A","50","N/A","0","N/A","6","N/A"
"5","263","20","N/A","0","N/A","1","N/A","218.875","N/A","475","N/A","34.05","N/A","50","N/A","0","N/A","6","N/A"
"5","264","20","N/A","0","N/A","1","N/A","213.875","N/A","475","N/A","34.05","N/A","50","N/A","0","N/A","6","N/A"
"5","265","20","N/A","0","N/A","1","N/A","208.875","N/A","475","N/A","34.05","N/A","50","N/A","0","N/A","6.05","N/A"
"5","266","20","N/A","0","N/A","1","N/A","203.875","N/A","475","N/A","34.05","N/A","50","N/A","0","N/A","6.05","N/A"
"5","267","20","N/A","0","N/A","1","N/A","198.875","N/A","475","N/A","34.05","N/A","50","N/A","0","N/A","6.05","N/A"
"5","268","20","N/A","0","N/A","1","N/A","193.875","N/A","475","N/A","34.05","N/A","50","N/A","0","N/A","6.05","N/A"
"5","269","20","N/A","0","N/A","1","N/A","188.875","N/A","475","N/A","34.05","N/A","50","N/A","0","N/A","6.05","N/A"
"5","270","20","N/A","0","N/A","1","N/A","183.875","N/A","475","N/A","34.05","N/A","51","N/A","0","N/A","6.1","N/A"
"5","271","20","N/A","0","N/A","1","N/A","178.875","N/A","475","N/A","34.05","N/A","51","N/A","0","N/A","6.1","N/A"
"5","272","20","N/A","0","N/A","1","N/A","173.875","N/A","475","N/A","34.05","N/A","51","N/A","0","N/A","6.1","N/A"
"5","273","20","N/A","0","N/A","1","N/A","168.875","N/A","475","N/A","34.05","N/A","51","N/A","0","N/A","6.1","N/A"
"5","274","20","N/A","0","N/A","1","N/A","163.875","N/A","475","N/A","34.05","N/A","51","N/A","0","N/A","6.1","N/A"
"5","275","20","N/A","0","N/A","1","N/A","158.875","N/A","475","N/A","34.05","N/A","51","N/A","0","N/A","6.1","N/A"
"5","276","20","N/A","0","N/A","1","N/A","153.875","N/A","475","N/A","34.05","N/A","51","N/A","0","N/A","6.1","N/A"
"5","277","20","N/A","0","N/A","1","N/A","148.875","N/A","475","N/A","34.05","N/A","51","N/A","0","N/A","6.1","N/A"
"5","278","20","N/A","0","N/A","1","N/A","143.875","N/A","475","N/A","34.05","N/A","51","N/A","0","N/A","6.1","N/A"
"5","279","20","N/A","0","N/A","1","N/A","138.875","N/A","475","N/A","34.05","N/A","51","N/A","0","N/A","6.1","N/A"
"5","280","20","N/A","0","N/A","1","N/A","133.875","N/A","475","N/A","34.05","N/A","51","N/A","0","N/A","6.1","N/A"
"5","281","20","N/A","0","N/A","1","N/A","128.875","N/A","475","N/A","34.05","N/A","51","N/A","0","N/A","6.15","N/A"
"5","282","20","N/A","0","N/A","1","N/A","123.875","N/A","475","N/A","34.05","N/A","51","N/A","0","N/A","6.15","N/A"
"5","283","20","N/A","0","N/A","1","N/A","118.875","N/A","475","N/A","34.05","N/A","51","N/A","0","N/A","6.15","N/A"
"5","284","20","N/A","0","N/A","1","N/A","113.875","N/A","475","N/A","34.05","N/A","54","N/A","0","N/A","6.2","N/A"
"5","285","20","N/A","0","N/A","1","N/A","108.875","N/A","475","N/A","34.05","N/A","54","N/A","0","N/A","6.2","N/A"
"5","286","20","N/A","0","N/A","1","N/A","103.875","N/A","475","N/A","34.05","N/A","54","N/A","0","N/A","6.2","N/A"
"5","287","20","N/A","0","N/A","1","N/A","98.875","N/A","475","N/A","34.05","N/A","54","N/A","0","N/A","6.2","N/A"
"5","288","20","N/A","0","N/A","1","N/A","93.875","N/A","475","N/A","34.05","N/A","54","N/A","0","N/A","6.2","N/A"
"5","289","20","N/A","0","N/A","1","N/A","88.875","N/A","475","N/A","34.05","N/A","54","N/A","0","N/A","6.25","N/A"
"5","290","20","N/A","0","N/A","1","N/A","83.875","N/A","475","N/A","34.05","N/A","54","N/A","0","N/A","6.25","N/A"
"5","291","20","N/A","0","N/A","1","N/A","78.875","N/A","475","N/A","34.05","N/A","54","N/A","0","N/A","6.25","N/A"
"5","292","20","N/A","0","N/A","1","N/A","73.875","N/A","475","N/A","34.05","N/A","54","N/A","0","N/A","6.25","N/A"
"5","293","20","N/A","0","N/A","1","N/A","68.875","N/A","475","N/A","34.05","N/A","54","N/A","0","N/A","6.25","N/A"
"5","294","20","N/A","0","N/A","1","N/A","63.875","N/A","475","N/A","34.05","N/A","54","N/A","0","N/A","6.25","N/A"
"5","295","20","N/A","0","N/A","1","N/A","58.875","N/A","475","N/A","34.05","N/A","54","N/A","0","N/A","6.25","N/A"
"5","296","20","N/A","0","N/A","1","N/A","53.875","N/A","475","N/A","34.05","N/A","54","N/A","0","N/A","6.25","N/A"
"5","297","20","N/A","0","N/A","1","N/A","48.875","N/A","475","N/A","34.05","N/A","54","N/A","0","N/A","6.25","N/A"
"5","298","20","N/A","0","N/A","1","N/A","43.875","N/A","475","N/A","34.05","N/A","54","N/A","0","N/A","6.25","N/A"
"5","299","20","N/A","0","N/A","1","N/A","38.875","N/A","475","N/A","34.05","N/A","54","N/A","0","N/A","6.25","N/A"
"5","300","20","N/A","0","N/A","1","N/A","33.875","N/A","475","N/A","34.05","N/A","54","N/A","0","N/A","6.25","N/A"
"5","301","20","N/A","0","N/A","1","N/A","178.875","N/A","625","N/A","34.05","N/A","54","N/A","0","N/A","6.25","N/A"
"5","302","20","N/A","0","N/A","1","N/A","198.875","N/A","650","N/A","34.05","N/A","54","N/A","0","N/A","6.25","N/A"
"5","303","20","N/A","0","N/A","1","N/A","218.875","N/A","675","N/A","34.05","N/A","54","N/A","0","N/A","6.25","N/A"
"5","304","20","N/A","0","N/A","1","N/A","213.875","N/A","675","N/A","34.05","N/A","54","N/A","0","N/A","6.25","N/A"
"5","305","20","N/A","0","N/A","1","N/A","208.875","N/A","675","N/A","34.05","N/A","54","N/A","0","N/A","6.3","N/A"
"5","306","20","N/A","0","N/A","1","N/A","203.875","N/A","675","N/A","34.05","N/A","54","N/A","0","N/A","6.3","N/A"
"5","307","20","N/A","0","N/A","1","N/A","223.875","N/A","700","N/A","34.05","N/A","54","N/A","0","N/A","6.3","N/A"
"5","308","20","N/A","0","N/A","1","N/A","243.875","N/A","725","N/A","34.05","N/A","54","N/A","0","N/A","6.3","N/A"
"5","309","20","N/A","0","N/A","1","N/A","238.875","N/A","725","N/A","34.05","N/A","54","N/A","0","N/A","6.3","N/A"
"5","310","20","N/A","0","N/A","1","N/A","233.875","N/A","725","N/A","34.05","N/A","54","N/A","0","N/A","6.3","N/A"
"5","311","20","N/A","0","N/A","1","N/A","228.875","N/A","725","N/A","34.05","N/A","54","N/A","0","N/A","6.3","N/A"
"5","312","20","N/A","0","N/A","1","N/A","223.875","N/A","725","N/A","34.05","N/A","54","N/A","0","N/A","6.3","N/A"
"5","313","20","N/A","0","N/A","1","N/A","268.875","N/A","775","N/A","34.05","N/A","54","N/A","0","N/A","6.3","N/A"
"5","314","20","N/A","0","N/A","1","N/A","263.875","N/A","775","N/A","34.05","N/A","54","N/A","0","N/A","6.3","N/A"
"5","315","20","N/A","0","N/A","1","N/A","258.875","N/A","775","N/A","34.05","N/A","54","N/A","0","N/A","6.3","N/A"
"5","316","20","N/A","0","N/A","1","N/A","253.875","N/A","775","N/A","34.05","N/A","54","N/A","0","N/A","6.3","N/A"
"5","317","20","N/A","0","N/A","1","N/A","248.875","N/A","775","N/A","34.05","N/A","54","N/A","0","N/A","6.3","N/A"
"5","318","20","N/A","0","N/A","1","N/A","243.875","N/A","775","N/A","34.05","N/A","54","N/A","0","N/A","6.3","N/A"
"5","319","20","N/A","0","N/A","1","N/A","263.875","N/A","800","N/A","34.05","N/A","54","N/A","0","N/A","6.3","N/A"
"5","320","20","N/A","0","N/A","1","N/A","258.875","N/A","800","N/A","34.05","N/A","54","N/A","0","N/A","6.3","N/A"
"5","321","20","N/A","0","N/A","1","N/A","253.875","N/A","800","N/A","34.05","N/A","54","N/A","0","N/A","6.3","N/A"
"5","322","20","N/A","0","N/A","1","N/A","248.875","N/A","800","N/A","34.05","N/A","54","N/A","0","N/A","6.3","N/A"
"5","323","20","N/A","0","N/A","1","N/A","243.875","N/A","800","N/A","34.05","N/A","54","N/A","0","N/A","6.3","N/A"
"5","324","20","N/A","0","N/A","1","N/A","238.875","N/A","800","N/A","34.05","N/A","54","N/A","0","N/A","6.3","N/A"
"5","325","20","N/A","0","N/A","1","N/A","233.875","N/A","800","N/A","34.05","N/A","54","N/A","0","N/A","6.3","N/A"
"5","326","20","N/A","0","N/A","1","N/A","228.875","N/A","800","N/A","34.05","N/A","54","N/A","0","N/A","6.3","N/A"
"5","327","20","N/A","0","N/A","1","N/A","223.875","N/A","800","N/A","34.05","N/A","54","N/A","0","N/A","6.3","N/A"
"5","328","20","N/A","0","N/A","1","N/A","218.875","N/A","800","N/A","34.05","N/A","54","N/A","0","N/A","6.3","N/A"
"5","329","20","N/A","0","N/A","1","N/A","238.875","N/A","825","N/A","34.05","N/A","54","N/A","0","N/A","6.3","N/A"
"5","330","20","N/A","0","N/A","1","N/A","233.875","N/A","825","N/A","34.05","N/A","57","N/A","0","N/A","6.35","N/A"
"5","331","20","N/A","0","N/A","1","N/A","228.875","N/A","825","N/A","34.05","N/A","57","N/A","0","N/A","6.35","N/A"
"5","332","20","N/A","0","N/A","1","N/A","223.875","N/A","825","N/A","34.05","N/A","57","N/A","0","N/A","6.35","N/A"
"5","333","20","N/A","0","N/A","1","N/A","218.875","N/A","825","N/A","34.05","N/A","57","N/A","0","N/A","6.35","N/A"
"5","334","20","N/A","0","N/A","1","N/A","213.875","N/A","825","N/A","34.05","N/A","57","N/A","0","N/A","6.35","N/A"
"5","335","20","N/A","0","N/A","1","N/A","208.875","N/A","825","N/A","34.05","N/A","57","N/A","0","N/A","6.35","N/A"
"5","336","20","N/A","0","N/A","1","N/A","203.875","N/A","825","N/A","34.05","N/A","57","N/A","0","N/A","6.35","N/A"
"5","337","20","N/A","0","N/A","1","N/A","198.875","N/A","825","N/A","34.05","N/A","57","N/A","0","N/A","6.35","N/A"
"5","338","20","N/A","0","N/A","1","N/A","218.875","N/A","850","N/A","34.05","N/A","57","N/A","0","N/A","6.35","N/A"
"5","339","20","N/A","0","N/A","1","N/A","238.875","N/A","875","N/A","34.05","N/A","57","N/A","0","N/A","6.35","N/A"
"5","340","20","N/A","0","N/A","1","N/A","233.875","N/A","875","N/A","34.05","N/A","57","N/A","0","N/A","6.35","N/A"
"5","341","20","N/A","0","N/A","1","N/A","228.875","N/A","875","N/A","34.05","N/A","57","N/A","0","N/A","6.35","N/A"
"5","342","20","N/A","0","N/A","1","N/A","223.875","N/A","875","N/A","34.05","N/A","57","N/A","0","N/A","6.35","N/A"
"5","343","20","N/A","0","N/A","1","N/A","218.875","N/A","875","N/A","34.05","N/A","57","N/A","0","N/A","6.35","N/A"
"5","344","20","N/A","0","N/A","1","N/A","213.875","N/A","875","N/A","34.05","N/A","57","N/A","0","N/A","6.35","N/A"
"5","345","20","N/A","0","N/A","1","N/A","233.875","N/A","900","N/A","34.05","N/A","57","N/A","0","N/A","6.35","N/A"
"5","346","20","N/A","0","N/A","1","N/A","228.875","N/A","900","N/A","34.05","N/A","57","N/A","0","N/A","6.35","N/A"
"5","347","20","N/A","0","N/A","1","N/A","223.875","N/A","900","N/A","34.05","N/A","57","N/A","0","N/A","6.35","N/A"
"5","348","20","N/A","0","N/A","1","N/A","218.875","N/A","900","N/A","34.05","N/A","57","N/A","0","N/A","6.35","N/A"
"5","349","20","N/A","0","N/A","1","N/A","213.875","N/A","900","N/A","34.05","N/A","57","N/A","0","N/A","6.35","N/A"
"5","350","20","N/A","0","N/A","1","N/A","208.875","N/A","900","N/A","34.05","N/A","57","N/A","0","N/A","6.35","N/A"
"5","351","20","N/A","0","N/A","1","N/A","203.875","N/A","900","N/A","34.05","N/A","57","N/A","0","N/A","6.35","N/A"
"5","352","20","N/A","0","N/A","1","N/A","223.875","N/A","925","N/A","34.05","N/A","57","N/A","0","N/A","6.4","N/A"
"5","353","20","N/A","0","N/A","1","N/A","218.875","N/A","925","N/A","34.05","N/A","57","N/A","0","N/A","6.4","N/A"
"5","354","20","N/A","0","N/A","1","N/A","213.875","N/A","925","N/A","34.05","N/A","57","N/A","0","N/A","6.45","N/A"
"5","355","20","N/A","0","N/A","1","N/A","208.875","N/A","925","N/A","34.05","N/A","57","N/A","0","N/A","6.45","N/A"
"5","356","20","N/A","0","N/A","1","N/A","203.875","N/A","925","N/A","34.05","N/A","57","N/A","0","N/A","6.45","N/A"
"5","357","20","N/A","0","N/A","1","N/A","198.875","N/A","925","N/A","34.05","N/A","57","N/A","0","N/A","6.45","N/A"
"5","358","20","N/A","0","N/A","1","N/A","193.875","N/A","925","N/A","34.05","N/A","57","N/A","0","N/A","6.45","N/A"
"5","359","20","N/A","0","N/A","1","N/A","188.875","N/A","925","N/A","34.05","N/A","57","N/A","0","N/A","6.45","N/A"
"5","360","20","N/A","0","N/A","1","N/A","183.875","N/A","925","N/A","34.05","N/A","57","N/A","0","N/A","6.45","N/A"
"5","361","20","N/A","0","N/A","1","N/A","178.875","N/A","925","N/A","34.05","N/A","57","N/A","0","N/A","6.45","N/A"
"5","362","20","N/A","0","N/A","1","N/A","173.875","N/A","925","N/A","34.05","N/A","57","N/A","0","N/A","6.45","N/A"
"5","363","20","N/A","0","N/A","1","N/A","168.875","N/A","925","N/A","34.05","N/A","57","N/A","0","N/A","6.45","N/A"
"5","364","20","N/A","0","N/A","1","N/A","163.875","N/A","925","N/A","34.05","N/A","57","N/A","0","N/A","6.5","N/A"
"5","365","20","N/A","0","N/A","1","N/A","158.875","N/A","925","N/A","34.05","N/A","57","N/A","0","N/A","6.5","N/A"
"5","366","20","N/A","0","N/A","1","N/A","153.875","N/A","925","N/A","34.05","N/A","57","N/A","0","N/A","6.55","N/A"
"5","367","20","N/A","0","N/A","1","N/A","148.875","N/A","925","N/A","34.05","N/A","57","N/A","0","N/A","6.55","N/A"
"5","368","20","N/A","0","N/A","1","N/A","143.875","N/A","925","N/A","34.05","N/A","57","N/A","0","N/A","6.55","N/A"
"5","369","20","N/A","0","N/A","1","N/A","138.875","N/A","925","N/A","34.05","N/A","57","N/A","0","N/A","6.55","N/A"
"5","370","20","N/A","0","N/A","1","N/A","133.875","N/A","925","N/A","34.05","N/A","57","N/A","0","N/A","6.55","N/A"
"5","371","20","N/A","0","N/A","1","N/A","128.875","N/A","925","N/A","34.05","N/A","57","N/A","0","N/A","6.55","N/A"
"5","372","20","N/A","0","N/A","1","N/A","123.875","N/A","925","N/A","34.05","N/A","57","N/A","0","N/A","6.55","N/A"
"5","373","20","N/A","0","N/A","1","N/A","118.875","N/A","925","N/A","34.05","N/A","57","N/A","0","N/A","6.55","N/A"
"5","374","20","N/A","0","N/A","1","N/A","113.875","N/A","925","N/A","34.05","N/A","57","N/A","0","N/A","6.55","N/A"
"5","375","20","N/A","0","N/A","1","N/A","108.875","N/A","925","N/A","34.05","N/A","57","N/A","0","N/A","6.6","N/A"
"5","376","20","N/A","0","N/A","1","N/A","103.875","N/A","925","N/A","34.05","N/A","57","N/A","0","N/A","6.6","N/A"
"5","377","20","N/A","0","N/A","1","N/A","98.875","N/A","925","N/A","34.05","N/A","57","N/A","0","N/A","6.6","N/A"
"5","378","20","N/A","0","N/A","1","N/A","93.875","N/A","925","N/A","34.05","N/A","57","N/A","0","N/A","6.6","N/A"
"5","379","20","N/A","0","N/A","1","N/A","88.875","N/A","925","N/A","34.05","N/A","57","N/A","0","N/A","6.6","N/A"
"5","380","20","N/A","0","N/A","1","N/A","83.875","N/A","925","N/A","34.05","N/A","57","N/A","0","N/A","6.6","N/A"
"5","381","20","N/A","0","N/A","1","N/A","78.875","N/A","925","N/A","34.05","N/A","57","N/A","0","N/A","6.6","N/A"
"5","382","20","N/A","0","N/A","1","N/A","73.875","N/A","925","N/A","34.05","N/A","57","N/A","0","N/A","6.6","N/A"
"5","383","20","N/A","0","N/A","1","N/A","68.875","N/A","925","N/A","34.05","N/A","57","N/A","0","N/A","6.6","N/A"
"5","384","20","N/A","0","N/A","1","N/A","63.875","N/A","925","N/A","34.05","N/A","57","N/A","0","N/A","6.6","N/A"
"5","385","20","N/A","0","N/A","1","N/A","58.875","N/A","925","N/A","34.05","N/A","57","N/A","0","N/A","6.6","N/A"
"5","386","20","N/A","0","N/A","1","N/A","53.875","N/A","925","N/A","34.05","N/A","57","N/A","0","N/A","6.6","N/A"
"5","387","20","N/A","0","N/A","1","N/A","48.875","N/A","925","N/A","34.05","N/A","57","N/A","0","N/A","6.6","N/A"
"5","388","20","N/A","0","N/A","1","N/A","43.875","N/A","925","N/A","34.05","N/A","57","N/A","0","N/A","6.6","N/A"
"5","389","20","N/A","0","N/A","1","N/A","38.875","N/A","925","N/A","34.05","N/A","57","N/A","0","N/A","6.6","N/A"
"5","390","20","N/A","0","N/A","1","N/A","33.875","N/A","925","N/A","34.05","N/A","57","N/A","0","N/A","6.6","N/A"
"5","391","20","N/A","0","N/A","1","N/A","28.875","N/A","925","N/A","34.05","N/A","57","N/A","0","N/A","6.6","N/A"
"5","392","20","N/A","0","N/A","1","N/A","23.875","N/A","925","N/A","34.05","N/A","57","N/A","0","N/A","6.6","N/A"
"5","393","20","N/A","0","N/A","1","N/A","18.875","N/A","925","N/A","34.05","N/A","57","N/A","0","N/A","6.6","N/A"
"5","394","20","N/A","0","N/A","1","N/A","13.875","N/A","925","N/A","34.05","N/A","57","N/A","0","N/A","6.6","N/A"
"5","395","20","N/A","0","N/A","1","N/A","8.875","N/A","925","N/A","34.05","N/A","57","N/A","0","N/A","6.6","N/A"
"5","396","20","N/A","0","N/A","1","N/A","3.875","N/A","925","N/A","34.05","N/A","57","N/A","0","N/A","6.6","N/A"
"5","397","20","N/A","0","N/A","1","N/A","-1.125","N/A","925","N/A","34.05","N/A","57","N/A","0","N/A","6.6","N/A"
"5","398","20","N/A","0","N/A","1","N/A","-6.125","N/A","925","N/A","34.05","N/A","57","N/A","0","N/A","6.6","N/A"
"5","399","20","N/A","0","N/A","1","N/A","-11.125","N/A","925","N/A","34.05","N/A","57","N/A","0","N/A","6.6","N/A"
"5","400","20","N/A","0","N/A","1","N/A","-16.125","N/A","925","N/A","34.05","N/A","57","N/A","0","N/A","6.65","N/A"
"5","401","20","N/A","0","N/A","1","N/A","128.875","N/A","1075","N/A","34.05","N/A","57","N/A","0","N/A","6.65","N/A"
"5","402","20","N/A","0","N/A","1","N/A","148.875","N/A","1100","N/A","34.05","N/A","57","N/A","0","N/A","6.65","N/A"
"5","403","20","N/A","0","N/A","1","N/A","143.875","N/A","1100","N/A","34.05","N/A","57","N/A","0","N/A","6.65","N/A"
"5","404","20","N/A","0","N/A","1","N/A","138.875","N/A","1100","N/A","34.05","N/A","57","N/A","0","N/A","6.65","N/A"
"5","405","20","N/A","0","N/A","1","N/A","133.875","N/A","1100","N/A","34.05","N/A","57","N/A","0","N/A","6.65","N/A"
"5","406","20","N/A","0","N/A","1","N/A","128.875","N/A","1100","N/A","34.05","N/A","57","N/A","0","N/A","6.65","N/A"
"5","407","20","N/A","0","N/A","1","N/A","173.875","N/A","1150","N/A","34.05","N/A","57","N/A","0","N/A","6.65","N/A"
"5","408","20","N/A","0","N/A","1","N/A","168.875","N/A","1150","N/A","34.05","N/A","57","N/A","0","N/A","6.65","N/A"
"5","409","20","N/A","0","N/A","1","N/A","163.875","N/A","1150","N/A","34.05","N/A","57","N/A","0","N/A","6.65","N/A"
"5","410","20","N/A","0","N/A","1","N/A","158.875","N/A","1150","N/A","34.05","N/A","57","N/A","0","N/A","6.65","N/A"
"5","411","20","N/A","0","N/A","1","N/A","153.875","N/A","1150","N/A","34.05","N/A","57","N/A","0","N/A","6.65","N/A"
"5","412","20","N/A","0","N/A","1","N/A","148.875","N/A","1150","N/A","34.05","N/A","57","N/A","0","N/A","6.65","N/A"
"5","413","20","N/A","0","N/A","1","N/A","143.875","N/A","1150","N/A","34.05","N/A","57","N/A","0","N/A","6.65","N/A"
"5","414","20","N/A","0","N/A","1","N/A","138.875","N/A","1150","N/A","34.05","N/A","57","N/A","0","N/A","6.65","N/A"
"5","415","20","N/A","0","N/A","1","N/A","158.875","N/A","1175","N/A","34.05","N/A","57","N/A","0","N/A","6.65","N/A"
"5","416","20","N/A","0","N/A","1","N/A","153.875","N/A","1175","N/A","34.05","N/A","57","N/A","0","N/A","6.65","N/A"
"5","417","20","N/A","0","N/A","1","N/A","173.875","N/A","1200","N/A","34.05","N/A","57","N/A","0","N/A","6.65","N/A"
"5","418","20","N/A","0","N/A","1","N/A","168.875","N/A","1200","N/A","34.05","N/A","57","N/A","0","N/A","6.65","N/A"
"5","419","20","N/A","0","N/A","1","N/A","163.875","N/A","1200","N/A","34.05","N/A","57","N/A","0","N/A","6.65","N/A"
"5","420","20","N/A","0","N/A","1","N/A","183.875","N/A","1225","N/A","34.05","N/A","63","N/A","0","N/A","6.7","N/A"
"5","421","20","N/A","0","N/A","1","N/A","178.875","N/A","1225","N/A","34.05","N/A","63","N/A","0","N/A","6.7","N/A"
"5","422","20","N/A","0","N/A","1","N/A","173.875","N/A","1225","N/A","34.05","N/A","66","N/A","0","N/A","6.75","N/A"
"5","423","20","N/A","0","N/A","1","N/A","168.875","N/A","1225","N/A","34.05","N/A","66","N/A","0","N/A","6.75","N/A"
"5","424","20","N/A","0","N/A","1","N/A","163.875","N/A","1225","N/A","34.05","N/A","66","N/A","0","N/A","6.75","N/A"
"5","425","20","N/A","0","N/A","1","N/A","183.875","N/A","1250","N/A","34.05","N/A","66","N/A","0","N/A","6.75","N/A"
"5","426","20","N/A","0","N/A","1","N/A","178.875","N/A","1250","N/A","34.05","N/A","69","N/A","0","N/A","6.8","N/A"
"5","427","20","N/A","0","N/A","1","N/A","173.875","N/A","1250","N/A","34.05","N/A","69","N/A","0","N/A","6.8","N/A"
"5","428","20","N/A","0","N/A","1","N/A","168.875","N/A","1250","N/A","34.05","N/A","69","N/A","0","N/A","6.8","N/A"
"5","429","20","N/A","0","N/A","1","N/A","188.875","N/A","1275","N/A","34.05","N/A","69","N/A","0","N/A","6.8","N/A"
"5","430","20","N/A","0","N/A","1","N/A","183.875","N/A","1275","N/A","34.05","N/A","69","N/A","0","N/A","6.8","N/A"
"5","431","20","N/A","0","N/A","1","N/A","178.875","N/A","1275","N/A","34.05","N/A","69","N/A","0","N/A","6.8","N/A"
"5","432","20","N/A","0","N/A","1","N/A","198.875","N/A","1300","N/A","34.05","N/A","69","N/A","0","N/A","6.8","N/A"
"5","433","20","N/A","0","N/A","1","N/A","193.875","N/A","1300","N/A","34.05","N/A","69","N/A","0","N/A","6.8","N/A"
"5","434","20","N/A","0","N/A","1","N/A","188.875","N/A","1300","N/A","34.05","N/A","69","N/A","0","N/A","6.8","N/A"
"5","435","20","N/A","0","N/A","1","N/A","183.875","N/A","1300","N/A","34.05","N/A","69","N/A","0","N/A","6.8","N/A"
"5","436","20","N/A","0","N/A","1","N/A","178.875","N/A","1300","N/A","34.05","N/A","69","N/A","0","N/A","6.8","N/A"
"5","437","20","N/A","0","N/A","1","N/A","173.875","N/A","1300","N/A","34.05","N/A","69","N/A","0","N/A","6.8","N/A"
"5","438","20","N/A","0","N/A","1","N/A","193.875","N/A","1325","N/A","34.05","N/A","70","N/A","0","N/A","6.85","N/A"
"5","439","20","N/A","0","N/A","1","N/A","188.875","N/A","1325","N/A","34.05","N/A","70","N/A","0","N/A","6.85","N/A"
"5","440","20","N/A","0","N/A","1","N/A","183.875","N/A","1325","N/A","34.05","N/A","70","N/A","0","N/A","6.85","N/A"
"5","441","20","N/A","0","N/A","1","N/A","178.875","N/A","1325","N/A","34.05","N/A","70","N/A","0","N/A","6.85","N/A"
"5","442","20","N/A","0","N/A","1","N/A","173.875","N/A","1325","N/A","34.05","N/A","70","N/A","0","N/A","6.85","N/A"
"5","443","20","N/A","0","N/A","1","N/A","193.875","N/A","1350","N/A","34.05","N/A","70","N/A","0","N/A","6.85","N/A"
"5","444","20","N/A","0","N/A","1","N/A","188.875","N/A","1350","N/A","34.05","N/A","70","N/A","0","N/A","6.85","N/A"
"5","445","20","N/A","0","N/A","1","N/A","208.875","N/A","1375","N/A","34.05","N/A","70","N/A","0","N/A","6.85","N/A"
"5","446","20","N/A","0","N/A","1","N/A","203.875","N/A","1375","N/A","34.05","N/A","70","N/A","0","N/A","6.85","N/A"
"5","447","20","N/A","0","N/A","1","N/A","223.875","N/A","1400","N/A","34.05","N/A","70","N/A","0","N/A","6.85","N/A"
"5","448","20","N/A","0","N/A","1","N/A","218.875","N/A","1400","N/A","34.05","N/A","70","N/A","0","N/A","6.85","N/A"
"5","449","20","N/A","0","N/A","1","N/A","213.875","N/A","1400","N/A","34.05","N/A","70","N/A","0","N/A","6.85","N/A"
"5","450","20","N/A","0","N/A","1","N/A","208.875","N/A","1400","N/A","34.05","N/A","70","N/A","0","N/A","6.85","N/A"
"5","451","20","N/A","0","N/A","1","N/A","203.875","N/A","1400","N/A","34.05","N/A","70","N/A","0","N/A","6.85","N/A"
"5","452","20","N/A","0","N/A","1","N/A","223.875","N/A","1425","N/A","34.05","N/A","70","N/A","0","N/A","6.85","N/A"
"5","453","20","N/A","0","N/A","1","N/A","218.875","N/A","1425","N/A","34.05","N/A","70","N/A","0","N/A","6.85","N/A"
"5","454","20","N/A","0","N/A","1","N/A","213.875","N/A","1425","N/A","34.05","N/A","70","N/A","0","N/A","6.85","N/A"
"5","455","20","N/A","0","N/A","1","N/A","208.875","N/A","1425","N/A","34.05","N/A","70","N/A","0","N/A","6.85","N/A"
"5","456","20","N/A","0","N/A","1","N/A","203.875","N/A","1425","N/A","34.05","N/A","70","N/A","0","N/A","6.85","N/A"
"5","457","20","N/A","0","N/A","1","N/A","198.875","N/A","1425","N/A","34.05","N/A","70","N/A","0","N/A","6.85","N/A"
"5","458","20","N/A","0","N/A","1","N/A","193.875","N/A","1425","N/A","34.05","N/A","70","N/A","0","N/A","6.85","N/A"
"5","459","20","N/A","0","N/A","1","N/A","188.875","N/A","1425","N/A","34.05","N/A","70","N/A","0","N/A","6.85","N/A"
"5","460","20","N/A","0","N/A","1","N/A","183.875","N/A","1425","N/A","34.05","N/A","70","N/A","0","N/A","6.85","N/A"
"5","461","20","N/A","0","N/A","1","N/A","178.875","N/A","1425","N/A","34.05","N/A","70","N/A","0","N/A","6.85","N/A"
"5","462","20","N/A","0","N/A","1","N/A","173.875","N/A","1425","N/A","34.05","N/A","70","N/A","0","N/A","6.85","N/A"
"5","463","20","N/A","0","N/A","1","N/A","168.875","N/A","1425","N/A","34.05","N/A","70","N/A","0","N/A","6.85","N/A"
"5","464","20","N/A","0","N/A","1","N/A","163.875","N/A","1425","N/A","34.05","N/A","70","N/A","0","N/A","6.85","N/A"
"5","465","20","N/A","0","N/A","1","N/A","158.875","N/A","1425","N/A","34.05","N/A","70","N/A","0","N/A","6.85","N/A"
"5","466","20","N/A","0","N/A","1","N/A","153.875","N/A","1425","N/A","34.05","N/A","71","N/A","0","N/A","6.9","N/A"
"5","467","20","N/A","0","N/A","1","N/A","148.875","N/A","1425","N/A","34.05","N/A","71","N/A","0","N/A","6.9","N/A"
"5","468","20","N/A","0","N/A","1","N/A","143.875","N/A","1425","N/A","34.05","N/A","71","N/A","0","N/A","6.9","N/A"
"5","469","20","N/A","0","N/A","1","N/A","138.875","N/A","1425","N/A","34.05","N/A","74","N/A","0","N/A","6.95","N/A"
"5","470","20","N/A","0","N/A","1","N/A","133.875","N/A","1425","N/A","34.05","N/A","74","N/A","0","N/A","6.95","N/A"
"5","471","20","N/A","0","N/A","1","N/A","128.875","N/A","1425","N/A","34.05","N/A","74","N/A","0","N/A","6.95","N/A"
"5","472","20","N/A","0","N/A","1","N/A","123.875","N/A","1425","N/A","34.05","N/A","74","N/A","0","N/A","6.95","N/A"
"5","473","20","N/A","0","N/A","1","N/A","118.875","N/A","1425","N/A","34.05","N/A","74","N/A","0","N/A","6.95","N/A"
"5","474","20","N/A","0","N/A","1","N/A","113.875","N/A","1425","N/A","34.05","N/A","74","N/A","0","N/A","6.95","N/A"
"5","475","20","N/A","0","N/A","1","N/A","108.875","N/A","1425","N/A","34.05","N/A","74","N/A","0","N/A","6.95","N/A"
"5","476","20","N/A","0","N/A","1","N/A","103.875","N/A","1425","N/A","34.05","N/A","74","N/A","0","N/A","6.95","N/A"
"5","477","20","N/A","0","N/A","1","N/A","98.875","N/A","1425","N/A","34.05","N/A","74","N/A","0","N/A","6.95","N/A"
"5","478","20","N/A","0","N/A","1","N/A","93.875","N/A","1425","N/A","34.05","N/A","74","N/A","0","N/A","6.95","N/A"
"5","479","20","N/A","0","N/A","1","N/A","88.875","N/A","1425","N/A","34.05","N/A","74","N/A","0","N/A","6.95","N/A"
"5","480","20","N/A","0","N/A","1","N/A","83.875","N/A","1425","N/A","34.05","N/A","77","N/A","0","N/A","7","N/A"
"5","481","20","N/A","0","N/A","1","N/A","78.875","N/A","1425","N/A","34.05","N/A","77","N/A","0","N/A","7","N/A"
"5","482","20","N/A","0","N/A","1","N/A","73.875","N/A","1425","N/A","34.05","N/A","77","N/A","0","N/A","7","N/A"
"5","483","20","N/A","0","N/A","1","N/A","68.875","N/A","1425","N/A","34.05","N/A","77","N/A","0","N/A","7","N/A"
"5","484","20","N/A","0","N/A","1","N/A","63.875","N/A","1425","N/A","34.05","N/A","77","N/A","0","N/A","7","N/A"
"5","485","20","N/A","0","N/A","1","N/A","58.875","N/A","1425","N/A","34.05","N/A","77","N/A","0","N/A","7","N/A"
"5","486","20","N/A","0","N/A","1","N/A","53.875","N/A","1425","N/A","34.05","N/A","77","N/A","0","N/A","7","N/A"
"5","487","20","N/A","0","N/A","1","N/A","48.875","N/A","1425","N/A","34.05","N/A","80","N/A","0","N/A","7.05","N/A"
"5","488","20","N/A","0","N/A","1","N/A","43.875","N/A","1425","N/A","34.05","N/A","80","N/A","0","N/A","7.05","N/A"
"5","489","20","N/A","0","N/A","1","N/A","38.875","N/A","1425","N/A","34.05","N/A","80","N/A","0","N/A","7.05","N/A"
"5","490","20","N/A","0","N/A","1","N/A","33.875","N/A","1425","N/A","34.05","N/A","80","N/A","0","N/A","7.05","N/A"
"5","491","20","N/A","0","N/A","1","N/A","28.875","N/A","1425","N/A","34.05","N/A","80","N/A","0","N/A","7.05","N/A"
"5","492","20","N/A","0","N/A","1","N/A","23.875","N/A","1425","N/A","34.05","N/A","80","N/A","0","N/A","7.05","N/A"
"5","493","20","N/A","0","N/A","1","N/A","18.875","N/A","1425","N/A","34.05","N/A","80","N/A","0","N/A","7.05","N/A"
"5","494","20","N/A","0","N/A","1","N/A","13.875","N/A","1425","N/A","34.05","N/A","80","N/A","0","N/A","7.05","N/A"
"5","495","20","N/A","0","N/A","1","N/A","8.875","N/A","1425","N/A","34.05","N/A","80","N/A","0","N/A","7.05","N/A"
"5","496","20","N/A","0","N/A","1","N/A","3.875","N/A","1425","N/A","34.05","N/A","80","N/A","0","N/A","7.05","N/A"
"5","497","20","N/A","0","N/A","1","N/A","-1.125","N/A","1425","N/A","34.05","N/A","80","N/A","0","N/A","7.05","N/A"
"5","498","20","N/A","0","N/A","1","N/A","-6.125","N/A","1425","N/A","34.05","N/A","80","N/A","0","N/A","7.05","N/A"
"5","499","20","N/A","0","N/A","1","N/A","-11.125","N/A","1425","N/A","34.05","N/A","80","N/A","0","N/A","7.05","N/A"
"5","500","20","N/A","0","N/A","1","N/A","-16.125","N/A","1425","N/A","34.05","N/A","80","N/A","0","N/A","7.1","N/A"
"5","501","20","N/A","0","N/A","1","N/A","78.875","N/A","1525","N/A","34.05","N/A","80","N/A","0","N/A","7.1","N/A"
"5","502","20","N/A","0","N/A","1","N/A","123.875","N/A","1575","N/A","34.05","N/A","80","N/A","0","N/A","7.1","N/A"
"5","503","20","N/A","0","N/A","1","N/A","118.875","N/A","1575","N/A","34.05","N/A","80","N/A","0","N/A","7.1","N/A"
"5","504","20","N/A","0","N/A","1","N/A","113.875","N/A","1575","N/A","34.05","N/A","80","N/A","0","N/A","7.1","N/A"
"5","505","20","N/A","0","N/A","1","N/A","133.875","N/A","1600","N/A","34.05","N/A","80","N/A","0","N/A","7.1","N/A"
"5","506","20","N/A","0","N/A","1","N/A","128.875","N/A","1600","N/A","34.05","N/A","80","N/A","0","N/A","7.1","N/A"
"5","507","20","N/A","0","N/A","1","N/A","173.875","N/A","1650","N/A","34.05","N/A","80","N/A","0","N/A","7.1","N/A"
"5","508","20","N/A","0","N/A","1","N/A","168.875","N/A","1650","N/A","34.05","N/A","80","N/A","0","N/A","7.1","N/A"
"5","509","20","N/A","0","N/A","1","N/A","163.875","N/A","1650","N/A","34.05","N/A","80","N/A","0","N/A","7.1","N/A"
"5","510","20","N/A","0","N/A","1","N/A","183.875","N/A","1675","N/A","34.05","N/A","80","N/A","0","N/A","7.1","N/A"
"5","511","20","N/A","0","N/A","1","N/A","178.875","N/A","1675","N/A","34.05","N/A","80","N/A","0","N/A","7.1","N/A"
"5","512","20","N/A","0","N/A","1","N/A","173.875","N/A","1675","N/A","34.05","N/A","80","N/A","0","N/A","7.1","N/A"
"5","513","20","N/A","0","N/A","1","N/A","168.875","N/A","1675","N/A","34.05","N/A","80","N/A","0","N/A","7.1","N/A"
"5","514","20","N/A","0","N/A","1","N/A","188.875","N/A","1700","N/A","34.05","N/A","80","N/A","0","N/A","7.1","N/A"
"5","515","20","N/A","0","N/A","1","N/A","183.875","N/A","1700","N/A","34.05","N/A","80","N/A","0","N/A","7.1","N/A"
"5","516","20","N/A","0","N/A","1","N/A","178.875","N/A","1700","N/A","34.05","N/A","80","N/A","0","N/A","7.1","N/A"
"5","517","20","N/A","0","N/A","1","N/A","173.875","N/A","1700","N/A","34.05","N/A","80","N/A","0","N/A","7.1","N/A"
"5","518","20","N/A","0","N/A","1","N/A","168.875","N/A","1700","N/A","34.05","N/A","80","N/A","0","N/A","7.1","N/A"
"5","519","20","N/A","0","N/A","1","N/A","163.875","N/A","1700","N/A","34.05","N/A","80","N/A","0","N/A","7.1","N/A"
"5","520","20","N/A","0","N/A","1","N/A","208.875","N/A","1750","N/A","34.05","N/A","80","N/A","0","N/A","7.1","N/A"
"5","521","20","N/A","0","N/A","1","N/A","203.875","N/A","1750","N/A","34.05","N/A","80","N/A","0","N/A","7.1","N/A"
"5","522","20","N/A","0","N/A","1","N/A","198.875","N/A","1750","N/A","34.05","N/A","86","N/A","0","N/A","7.15","N/A"
"5","523","20","N/A","0","N/A","1","N/A","193.875","N/A","1750","N/A","34.05","N/A","86","N/A","0","N/A","7.15","N/A"
"5","524","20","N/A","0","N/A","1","N/A","188.875","N/A","1750","N/A","34.05","N/A","86","N/A","0","N/A","7.15","N/A"
"5","525","20","N/A","0","N/A","1","N/A","183.875","N/A","1750","N/A","34.05","N/A","86","N/A","0","N/A","7.15","N/A"
"5","526","20","N/A","0","N/A","1","N/A","178.875","N/A","1750","N/A","34.05","N/A","86","N/A","0","N/A","7.15","N/A"
"5","527","20","N/A","0","N/A","1","N/A","173.875","N/A","1750","N/A","34.05","N/A","86","N/A","0","N/A","7.15","N/A"
"5","528","20","N/A","0","N/A","1","N/A","168.875","N/A","1750","N/A","34.05","N/A","86","N/A","0","N/A","7.15","N/A"
"5","529","20","N/A","0","N/A","1","N/A","188.875","N/A","1775","N/A","34.05","N/A","86","N/A","0","N/A","7.15","N/A"
"5","530","20","N/A","0","N/A","1","N/A","183.875","N/A","1775","N/A","34.05","N/A","86","N/A","0","N/A","7.15","N/A"
"5","531","20","N/A","0","N/A","1","N/A","178.875","N/A","1775","N/A","34.05","N/A","86","N/A","0","N/A","7.15","N/A"
"5","532","20","N/A","0","N/A","1","N/A","173.875","N/A","1775","N/A","34.05","N/A","86","N/A","0","N/A","7.2","N/A"
"5","533","20","N/A","0","N/A","1","N/A","168.875","N/A","1775","N/A","34.05","N/A","86","N/A","0","N/A","7.2","N/A"
"5","534","20","N/A","0","N/A","1","N/A","163.875","N/A","1775","N/A","34.05","N/A","86","N/A","0","N/A","7.2","N/A"
"5","535","20","N/A","0","N/A","1","N/A","208.875","N/A","1825","N/A","34.05","N/A","86","N/A","0","N/A","7.2","N/A"
"5","536","20","N/A","0","N/A","1","N/A","203.875","N/A","1825","N/A","34.05","N/A","86","N/A","0","N/A","7.2","N/A"
"5","537","20","N/A","0","N/A","1","N/A","223.875","N/A","1850","N/A","34.05","N/A","86","N/A","0","N/A","7.2","N/A"
"5","538","20","N/A","0","N/A","1","N/A","218.875","N/A","1850","N/A","34.05","N/A","86","N/A","0","N/A","7.2","N/A"
"5","539","20","N/A","0","N/A","1","N/A","213.875","N/A","1850","N/A","34.05","N/A","86","N/A","0","N/A","7.2","N/A"
"5","540","20","N/A","0","N/A","1","N/A","208.875","N/A","1850","N/A","34.05","N/A","86","N/A","0","N/A","7.2","N/A"
"5","541","20","N/A","0","N/A","1","N/A","203.875","N/A","1850","N/A","34.05","N/A","92","N/A","0","N/A","7.25","N/A"
"5","542","20","N/A","0","N/A","1","N/A","198.875","N/A","1850","N/A","34.05","N/A","92","N/A","0","N/A","7.25","N/A"
"5","543","20","N/A","0","N/A","1","N/A","218.875","N/A","1875","N/A","34.05","N/A","92","N/A","0","N/A","7.25","N/A"
"5","544","20","N/A","0","N/A","1","N/A","213.875","N/A","1875","N/A","34.05","N/A","92","N/A","0","N/A","7.25","N/A"
"5","545","20","N/A","0","N/A","1","N/A","208.875","N/A","1875","N/A","34.05","N/A","92","N/A","0","N/A","7.25","N/A"
"5","546","20","N/A","0","N/A","1","N/A","203.875","N/A","1875","N/A","34.05","N/A","92","N/A","0","N/A","7.25","N/A"
"5","547","20","N/A","0","N/A","1","N/A","198.875","N/A","1875","N/A","34.05","N/A","92","N/A","0","N/A","7.25","N/A"
"5","548","20","N/A","0","N/A","1","N/A","193.875","N/A","1875","N/A","34.05","N/A","92","N/A","0","N/A","7.25","N/A"
"5","549","20","N/A","0","N/A","1","N/A","188.875","N/A","1875","N/A","34.05","N/A","92","N/A","0","N/A","7.25","N/A"
"5","550","20","N/A","0","N/A","1","N/A","183.875","N/A","1875","N/A","34.05","N/A","92","N/A","0","N/A","7.25","N/A"
"5","551","20","N/A","0","N/A","1","N/A","178.875","N/A","1875","N/A","34.05","N/A","92","N/A","0","N/A","7.25","N/A"
"5","552","20","N/A","0","N/A","1","N/A","198.875","N/A","1900","N/A","34.05","N/A","92","N/A","0","N/A","7.25","N/A"
"5","553","20","N/A","0","N/A","1","N/A","193.875","N/A","1900","N/A","34.05","N/A","92","N/A","0","N/A","7.25","N/A"
"5","554","20","N/A","0","N/A","1","N/A","188.875","N/A","1900","N/A","34.05","N/A","92","N/A","0","N/A","7.25","N/A"
"5","555","20","N/A","0","N/A","1","N/A","183.875","N/A","1900","N/A","34.05","N/A","92","N/A","0","N/A","7.25","N/A"
"5","556","20","N/A","0","N/A","1","N/A","178.875","N/A","1900","N/A","34.05","N/A","92","N/A","0","N/A","7.25","N/A"
"5","557","20","N/A","0","N/A","1","N/A","173.875","N/A","1900","N/A","34.05","N/A","92","N/A","0","N/A","7.25","N/A"
"5","558","20","N/A","0","N/A","1","N/A","168.875","N/A","1900","N/A","34.05","N/A","92","N/A","0","N/A","7.25","N/A"
"5","559","20","N/A","0","N/A","1","N/A","163.875","N/A","1900","N/A","34.05","N/A","92","N/A","0","N/A","7.25","N/A"
"5","560","20","N/A","0","N/A","1","N/A","158.875","N/A","1900","N/A","34.05","N/A","92","N/A","0","N/A","7.25","N/A"
"5","561","20","N/A","0","N/A","1","N/A","153.875","N/A","1900","N/A","34.05","N/A","92","N/A","0","N/A","7.25","N/A"
"5","562","20","N/A","0","N/A","1","N/A","148.875","N/A","1900","N/A","34.05","N/A","92","N/A","0","N/A","7.25","N/A"
"5","563","20","N/A","0","N/A","1","N/A","143.875","N/A","1900","N/A","34.05","N/A","92","N/A","0","N/A","7.25","N/A"
"5","564","20","N/A","0","N/A","1","N/A","138.875","N/A","1900","N/A","34.05","N/A","92","N/A","0","N/A","7.25","N/A"
"5","565","20","N/A","0","N/A","1","N/A","133.875","N/A","1900","N/A","34.05","N/A","98","N/A","0","N/A","7.3","N/A"
"5","566","20","N/A","0","N/A","1","N/A","128.875","N/A","1900","N/A","34.05","N/A","98","N/A","0","N/A","7.3","N/A"
"5","567","20","N/A","0","N/A","1","N/A","123.875","N/A","1900","N/A","34.05","N/A","98","N/A","0","N/A","7.3","N/A"
"5","568","20","N/A","0","N/A","1","N/A","118.875","N/A","1900","N/A","34.05","N/A","98","N/A","0","N/A","7.3","N/A"
"5","569","20","N/A","0","N/A","1","N/A","113.875","N/A","1900","N/A","34.05","N/A","98","N/A","0","N/A","7.3","N/A"
"5","570","20","N/A","0","N/A","1","N/A","108.875","N/A","1900","N/A","34.05","N/A","98","N/A","0","N/A","7.3","N/A"
"5","571","20","N/A","0","N/A","1","N/A","103.875","N/A","1900","N/A","34.05","N/A","98","N/A","0","N/A","7.3","N/A"
"5","572","20","N/A","0","N/A","1","N/A","98.875","N/A","1900","N/A","34.05","N/A","98","N/A","0","N/A","7.3","N/A"
"5","573","20","N/A","0","N/A","1","N/A","93.875","N/A","1900","N/A","34.05","N/A","98","N/A","0","N/A","7.3","N/A"
"5","574","20","N/A","0","N/A","1","N/A","88.875","N/A","1900","N/A","34.05","N/A","99","N/A","0","N/A","7.35","N/A"
"5","575","20","N/A","0","N/A","1","N/A","83.875","N/A","1900","N/A","34.05","N/A","99","N/A","0","N/A","7.35","N/A"
"5","576","20","N/A","0","N/A","1","N/A","78.875","N/A","1900","N/A","34.05","N/A","99","N/A","0","N/A","7.4","N/A"
"5","577","20","N/A","0","N/A","1","N/A","73.875","N/A","1900","N/A","34.05","N/A","99","N/A","0","N/A","7.4","N/A"
"5","578","20","N/A","0","N/A","1","N/A","68.875","N/A","1900","N/A","34.05","N/A","99","N/A","0","N/A","7.4","N/A"
"5","579","20","N/A","0","N/A","1","N/A","63.875","N/A","1900","N/A","34.05","N/A","99","N/A","0","N/A","7.4","N/A"
"5","580","20","N/A","0","N/A","1","N/A","58.875","N/A","1900","N/A","34.05","N/A","99","N/A","0","N/A","7.4","N/A"
"5","581","20","N/A","0","N/A","1","N/A","53.875","N/A","1900","N/A","34.05","N/A","99","N/A","0","N/A","7.4","N/A"
"5","582","20","N/A","0","N/A","1","N/A","48.875","N/A","1900","N/A","34.05","N/A","99","N/A","0","N/A","7.4","N/A"
"5","583","20","N/A","0","N/A","1","N/A","43.875","N/A","1900","N/A","34.05","N/A","99","N/A","0","N/A","7.4","N/A"
"5","584","20","N/A","0","N/A","1","N/A","38.875","N/A","1900","N/A","34.05","N/A","99","N/A","0","N/A","7.4","N/A"
"5","585","20","N/A","0","N/A","1","N/A","33.875","N/A","1900","N/A","34.05","N/A","99","N/A","0","N/A","7.4","N/A"
"5","586","20","N/A","0","N/A","1","N/A","28.875","N/A","1900","N/A","34.05","N/A","99","N/A","0","N/A","7.4","N/A"
"5","587","20","N/A","0","N/A","1","N/A","23.875","N/A","1900","N/A","34.05","N/A","108","N/A","0","N/A","7.5","N/A"
"5","588","20","N/A","0","N/A","1","N/A","18.875","N/A","1900","N/A","34.05","N/A","108","N/A","0","N/A","7.5","N/A"
"5","589","20","N/A","0","N/A","1","N/A","13.875","N/A","1900","N/A","34.05","N/A","108","N/A","0","N/A","7.5","N/A"
"5","590","20","N/A","0","N/A","1","N/A","8.875","N/A","1900","N/A","34.05","N/A","108","N/A","0","N/A","7.5","N/A"
"5","591","20","N/A","0","N/A","1","N/A","3.875","N/A","1900","N/A","34.05","N/A","108","N/A","0","N/A","7.5","N/A"
"5","592","20","N/A","0","N/A","1","N/A","-1.125","N/A","1900","N/A","34.05","N/A","108","N/A","0","N/A","7.5","N/A"
"5","593","20","N/A","0","N/A","1","N/A","-6.125","N/A","1900","N/A","34.05","N/A","108","N/A","0","N/A","7.5","N/A"
"5","594","20","N/A","0","N/A","1","N/A","-11.125","N/A","1900","N/A","34.05","N/A","108","N/A","0","N/A","7.5","N/A"
"5","595","20","N/A","0","N/A","1","N/A","-16.125","N/A","1900","N/A","34.05","N/A","108","N/A","0","N/A","7.5","N/A"
"5","596","20","N/A","0","N/A","1","N/A","-21.125","N/A","1900","N/A","34.05","N/A","108","N/A","0","N/A","7.5","N/A"
"5","597","20","N/A","0","N/A","1","N/A","-26.125","N/A","1900","N/A","34.05","N/A","108","N/A","0","N/A","7.5","N/A"
"5","598","20","N/A","0","N/A","1","N/A","-31.125","N/A","1900","N/A","34.05","N/A","108","N/A","0","N/A","7.5","N/A"
"5","599","20","N/A","0","N/A","1","N/A","-36.125","N/A","1900","N/A","34.05","N/A","108","N/A","0","N/A","7.5","N/A"
"5","600","20","N/A","0","N/A","1","N/A","-41.125","N/A","1900","N/A","34.05","N/A","108","N/A","0","N/A","7.5","N/A"
"5","601","20","N/A","0","N/A","1","N/A","78.875","N/A","2025","N/A","34.05","N/A","108","N/A","0","N/A","7.5","N/A"
"5","602","20","N/A","0","N/A","1","N/A","98.875","N/A","2050","N/A","34.05","N/A","108","N/A","0","N/A","7.5","N/A"
"5","603","20","N/A","0","N/A","1","N/A","93.875","N/A","2050","N/A","34.05","N/A","108","N/A","0","N/A","7.5","N/A"
"5","604","20","N/A","0","N/A","1","N/A","113.875","N/A","2075","N/A","34.05","N/A","108","N/A","0","N/A","7.5","N/A"
"5","605","20","N/A","0","N/A","1","N/A","133.875","N/A","2100","N/A","34.05","N/A","108","N/A","0","N/A","7.5","N/A"
"5","606","20","N/A","0","N/A","1","N/A","128.875","N/A","2100","N/A","34.05","N/A","108","N/A","0","N/A","7.5","N/A"
"5","607","20","N/A","0","N/A","1","N/A","148.875","N/A","2125","N/A","34.05","N/A","108","N/A","0","N/A","7.5","N/A"
"5","608","20","N/A","0","N/A","1","N/A","143.875","N/A","2125","N/A","34.05","N/A","108","N/A","0","N/A","7.5","N/A"
"5","609","20","N/A","0","N/A","1","N/A","163.875","N/A","2150","N/A","34.05","N/A","108","N/A","0","N/A","7.5","N/A"
"5","610","20","N/A","0","N/A","1","N/A","158.875","N/A","2150","N/A","34.05","N/A","108","N/A","0","N/A","7.5","N/A"
"5","611","20","N/A","0","N/A","1","N/A","153.875","N/A","2150","N/A","34.05","N/A","108","N/A","0","N/A","7.5","N/A"
"5","612","20","N/A","0","N/A","1","N/A","148.875","N/A","2150","N/A","34.05","N/A","108","N/A","0","N/A","7.5","N/A"
"5","613","20","N/A","0","N/A","1","N/A","168.875","N/A","2175","N/A","34.05","N/A","108","N/A","0","N/A","7.5","N/A"
"5","614","20","N/A","0","N/A","1","N/A","163.875","N/A","2175","N/A","34.05","N/A","108","N/A","0","N/A","7.5","N/A"
"5","615","20","N/A","0","N/A","1","N/A","158.875","N/A","2175","N/A","34.05","N/A","108","N/A","0","N/A","7.5","N/A"
"5","616","20","N/A","0","N/A","1","N/A","153.875","N/A","2175","N/A","34.05","N/A","108","N/A","0","N/A","7.5","N/A"
"5","617","20","N/A","0","N/A","1","N/A","148.875","N/A","2175","N/A","34.05","N/A","108","N/A","0","N/A","7.5","N/A"
"5","618","20","N/A","0","N/A","1","N/A","143.875","N/A","2175","N/A","34.05","N/A","108","N/A","0","N/A","7.5","N/A"
"5","619","20","N/A","0","N/A","1","N/A","138.875","N/A","2175","N/A","34.05","N/A","108","N/A","0","N/A","7.5","N/A"
"5","620","20","N/A","0","N/A","1","N/A","158.875","N/A","2200","N/A","34.05","N/A","108","N/A","0","N/A","7.5","N/A"
"5","621","20","N/A","0","N/A","1","N/A","178.875","N/A","2225","N/A","34.05","N/A","108","N/A","0","N/A","7.5","N/A"
"5","622","20","N/A","0","N/A","1","N/A","173.875","N/A","2225","N/A","34.05","N/A","108","N/A","0","N/A","7.5","N/A"
"5","623","20","N/A","0","N/A","1","N/A","168.875","N/A","2225","N/A","34.05","N/A","108","N/A","0","N/A","7.5","N/A"
"5","624","20","N/A","0","N/A","1","N/A","163.875","N/A","2225","N/A","34.05","N/A","108","N/A","0","N/A","7.5","N/A"
"5","625","20","N/A","0","N/A","1","N/A","158.875","N/A","2225","N/A","34.05","N/A","108","N/A","0","N/A","7.5","N/A"
"5","626","20","N/A","0","N/A","1","N/A","153.875","N/A","2225","N/A","34.05","N/A","108","N/A","0","N/A","7.5","N/A"
"5","627","20","N/A","0","N/A","1","N/A","148.875","N/A","2225","N/A","34.05","N/A","108","N/A","0","N/A","7.5","N/A"
"5","628","20","N/A","0","N/A","1","N/A","143.875","N/A","2225","N/A","34.05","N/A","108","N/A","0","N/A","7.5","N/A"
"5","629","20","N/A","0","N/A","1","N/A","163.875","N/A","2250","N/A","34.05","N/A","108","N/A","0","N/A","7.5","N/A"
"5","630","20","N/A","0","N/A","1","N/A","158.875","N/A","2250","N/A","34.05","N/A","108","N/A","0","N/A","7.5","N/A"
"5","631","20","N/A","0","N/A","1","N/A","153.875","N/A","2250","N/A","34.05","N/A","108","N/A","0","N/A","7.5","N/A"
"5","632","20","N/A","0","N/A","1","N/A","148.875","N/A","2250","N/A","34.05","N/A","108","N/A","0","N/A","7.5","N/A"
"5","633","20","N/A","0","N/A","1","N/A","143.875","N/A","2250","N/A","34.05","N/A","108","N/A","0","N/A","7.55","N/A"
"5","634","20","N/A","0","N/A","1","N/A","138.875","N/A","2250","N/A","34.05","N/A","108","N/A","0","N/A","7.55","N/A"
"5","635","20","N/A","0","N/A","1","N/A","158.875","N/A","2275","N/A","34.05","N/A","108","N/A","0","N/A","7.55","N/A"
"5","636","20","N/A","0","N/A","1","N/A","153.875","N/A","2275","N/A","34.05","N/A","108","N/A","0","N/A","7.55","N/A"
"5","637","20","N/A","0","N/A","1","N/A","148.875","N/A","2275","N/A","34.05","N/A","108","N/A","0","N/A","7.55","N/A"
"5","638","20","N/A","0","N/A","1","N/A","143.875","N/A","2275","N/A","34.05","N/A","108","N/A","0","N/A","7.55","N/A"
"5","639","20","N/A","0","N/A","1","N/A","163.875","N/A","2300","N/A","34.05","N/A","108","N/A","0","N/A","7.55","N/A"
"5","640","20","N/A","0","N/A","1","N/A","158.875","N/A","2300","N/A","34.05","N/A","108","N/A","0","N/A","7.55","N/A"
"5","641","20","N/A","0","N/A","1","N/A","153.875","N/A","2300","N/A","34.05","N/A","108","N/A","0","N/A","7.55","N/A"
"5","642","20","N/A","0","N/A","1","N/A","148.875","N/A","2300","N/A","34.05","N/A","108","N/A","0","N/A","7.55","N/A"
"5","643","20","N/A","0","N/A","1","N/A","168.875","N/A","2325","N/A","34.05","N/A","108","N/A","0","N/A","7.55","N/A"
"5","644","20","N/A","0","N/A","1","N/A","163.875","N/A","2325","N/A","34.05","N/A","109","N/A","0","N/A","7.6","N/A"
"5","645","20","N/A","0","N/A","1","N/A","158.875","N/A","2325","N/A","34.05","N/A","109","N/A","0","N/A","7.6","N/A"
"5","646","20","N/A","0","N/A","1","N/A","153.875","N/A","2325","N/A","34.05","N/A","109","N/A","0","N/A","7.6","N/A"
"5","647","20","N/A","0","N/A","1","N/A","148.875","N/A","2325","N/A","34.05","N/A","109","N/A","0","N/A","7.6","N/A"
"5","648","20","N/A","0","N/A","1","N/A","143.875","N/A","2325","N/A","34.05","N/A","109","N/A","0","N/A","7.6","N/A"
"5","649","20","N/A","0","N/A","1","N/A","138.875","N/A","2325","N/A","34.05","N/A","109","N/A","0","N/A","7.6","N/A"
"5","650","20","N/A","0","N/A","1","N/A","133.875","N/A","2325","N/A","34.05","N/A","109","N/A","0","N/A","7.6","N/A"
"5","651","20","N/A","0","N/A","1","N/A","128.875","N/A","2325","N/A","34.05","N/A","109","N/A","0","N/A","7.6","N/A"
"5","652","20","N/A","0","N/A","1","N/A","148.875","N/A","2350","N/A","34.05","N/A","109","N/A","0","N/A","7.6","N/A"
"5","653","20","N/A","0","N/A","1","N/A","143.875","N/A","2350","N/A","34.05","N/A","109","N/A","0","N/A","7.6","N/A"
"5","654","20","N/A","0","N/A","1","N/A","138.875","N/A","2350","N/A","34.05","N/A","109","N/A","0","N/A","7.6","N/A"
"5","655","20","N/A","0","N/A","1","N/A","133.875","N/A","2350","N/A","34.05","N/A","109","N/A","0","N/A","7.6","N/A"
"5","656","20","N/A","0","N/A","1","N/A","128.875","N/A","2350","N/A","34.05","N/A","109","N/A","0","N/A","7.6","N/A"
"5","657","20","N/A","0","N/A","1","N/A","123.875","N/A","2350","N/A","34.05","N/A","109","N/A","0","N/A","7.6","N/A"
"5","658","20","N/A","0","N/A","1","N/A","118.875","N/A","2350","N/A","34.05","N/A","109","N/A","0","N/A","7.6","N/A"
"5","659","20","N/A","0","N/A","1","N/A","113.875","N/A","2350","N/A","34.05","N/A","109","N/A","0","N/A","7.6","N/A"
"5","660","20","N/A","0","N/A","1","N/A","108.875","N/A","2350","N/A","34.05","N/A","109","N/A","0","N/A","7.65","N/A"
"5","661","20","N/A","0","N/A","1","N/A","103.875","N/A","2350","N/A","34.05","N/A","112","N/A","0","N/A","7.7","N/A"
"5","662","20","N/A","0","N/A","1","N/A","98.875","N/A","2350","N/A","34.05","N/A","112","N/A","0","N/A","7.7","N/A"
"5","663","20","N/A","0","N/A","1","N/A","93.875","N/A","2350","N/A","34.05","N/A","112","N/A","0","N/A","7.7","N/A"
"5","664","20","N/A","0","N/A","1","N/A","88.875","N/A","2350","N/A","34.05","N/A","112","N/A","0","N/A","7.7","N/A"
"5","665","20","N/A","0","N/A","1","N/A","83.875","N/A","2350","N/A","34.05","N/A","112","N/A","0","N/A","7.7","N/A"
"5","666","20","N/A","0","N/A","1","N/A","78.875","N/A","2350","N/A","34.05","N/A","112","N/A","0","N/A","7.7","N/A"
"5","667","20","N/A","0","N/A","1","N/A","73.875","N/A","2350","N/A","34.05","N/A","113","N/A","0","N/A","7.75","N/A"
"5","668","20","N/A","0","N/A","1","N/A","68.875","N/A","2350","N/A","34.05","N/A","113","N/A","0","N/A","7.75","N/A"
"5","669","20","N/A","0","N/A","1","N/A","88.875","N/A","2375","N/A","34.05","N/A","115","N/A","0","N/A","7.8","N/A"
"5","670","20","N/A","0","N/A","1","N/A","83.875","N/A","2375","N/A","34.05","N/A","115","N/A","0","N/A","7.8","N/A"
"5","671","20","N/A","0","N/A","1","N/A","78.875","N/A","2375","N/A","34.05","N/A","115","N/A","0","N/A","7.8","N/A"
"5","672","20","N/A","0","N/A","1","N/A","73.875","N/A","2375","N/A","34.05","N/A","115","N/A","0","N/A","7.8","N/A"
"5","673","20","N/A","0","N/A","1","N/A","68.875","N/A","2375","N/A","34.05","N/A","115","N/A","0","N/A","7.8","N/A"
"5","674","20","N/A","0","N/A","1","N/A","63.875","N/A","2375","N/A","34.05","N/A","115","N/A","0","N/A","7.8","N/A"
"5","675","20","N/A","0","N/A","1","N/A","58.875","N/A","2375","N/A","34.05","N/A","115","N/A","0","N/A","7.8","N/A"
"5","676","20","N/A","0","N/A","1","N/A","53.875","N/A","2375","N/A","34.05","N/A","115","N/A","0","N/A","7.8","N/A"
"5","677","20","N/A","0","N/A","1","N/A","48.875","N/A","2375","N/A","34.05","N/A","115","N/A","0","N/A","7.8","N/A"
"5","678","20","N/A","0","N/A","1","N/A","43.875","N/A","2375","N/A","34.05","N/A","115","N/A","0","N/A","7.8","N/A"
"5","679","20","N/A","0","N/A","1","N/A","38.875","N/A","2375","N/A","34.05","N/A","115","N/A","0","N/A","7.8","N/A"
"5","680","20","N/A","0","N/A","1","N/A","33.875","N/A","2375","N/A","34.05","N/A","115","N/A","0","N/A","7.8","N/A"
"5","681","20","N/A","0","N/A","1","N/A","28.875","N/A","2375","N/A","34.05","N/A","115","N/A","0","N/A","7.8","N/A"
"5","682","20","N/A","0","N/A","1","N/A","23.875","N/A","2375","N/A","34.05","N/A","115","N/A","0","N/A","7.8","N/A"
"5","683","20","N/A","0","N/A","1","N/A","18.875","N/A","2375","N/A","34.05","N/A","115","N/A","0","N/A","7.8","N/A"
"5","684","20","N/A","0","N/A","1","N/A","13.875","N/A","2375","N/A","34.05","N/A","115","N/A","0","N/A","7.8","N/A"
"5","685","20","N/A","0","N/A","1","N/A","8.875","N/A","2375","N/A","34.05","N/A","115","N/A","0","N/A","7.8","N/A"
"5","686","20","N/A","0","N/A","1","N/A","3.875","N/A","2375","N/A","34.05","N/A","115","N/A","0","N/A","7.8","N/A"
"5","687","20","N/A","0","N/A","1","N/A","-1.125","N/A","2375","N/A","34.05","N/A","115","N/A","0","N/A","7.8","N/A"
"5","688","20","N/A","0","N/A","1","N/A","-6.125","N/A","2375","N/A","34.05","N/A","115","N/A","0","N/A","7.8","N/A"
"5","689","20","N/A","0","N/A","1","N/A","-11.125","N/A","2375","N/A","34.05","N/A","115","N/A","0","N/A","7.8","N/A"
"5","690","20","N/A","0","N/A","1","N/A","-16.125","N/A","2375","N/A","34.05","N/A","121","N/A","0","N/A","7.85","N/A"
"5","691","20","N/A","0","N/A","1","N/A","-21.125","N/A","2375","N/A","34.05","N/A","121","N/A","0","N/A","7.85","N/A"
"5","692","20","N/A","0","N/A","1","N/A","-26.125","N/A","2375","N/A","34.05","N/A","121","N/A","0","N/A","7.85","N/A"
"5","693","20","N/A","0","N/A","1","N/A","-31.125","N/A","2375","N/A","34.05","N/A","121","N/A","0","N/A","7.85","N/A"
"5","694","20","N/A","0","N/A","1","N/A","-36.125","N/A","2375","N/A","34.05","N/A","123","N/A","0","N/A","7.9","N/A"
"5","695","20","N/A","0","N/A","1","N/A","-41.125","N/A","2375","N/A","34.05","N/A","123","N/A","0","N/A","7.9","N/A"
"5","696","20","N/A","0","N/A","1","N/A","-46.125","N/A","2375","N/A","34.05","N/A","123","N/A","0","N/A","7.9","N/A"
"5","697","20","N/A","0","N/A","1","N/A","-51.125","N/A","2375","N/A","34.05","N/A","123","N/A","0","N/A","7.9","N/A"
"5","698","20","N/A","0","N/A","1","N/A","-56.125","N/A","2375","N/A","34.05","N/A","123","N/A","0","N/A","7.9","N/A"
"5","699","20","N/A","0","N/A","1","N/A","-61.125","N/A","2375","N/A","34.05","N/A","123","N/A","0","N/A","7.9","N/A"
"5","700","20","N/A","0","N/A","1","N/A","-66.125","N/A","2375","N/A","34.05","N/A","123","N/A","0","N/A","7.9","N/A"
"5","701","15","N/A","5","N/A","0.75","N/A","73.5","N/A","2500","N/A","34.05","N/A","106","N/A","17","N/A","8.4","N/A"
"5","702","15","N/A","5","N/A","0.75","N/A","68.5","N/A","2500","N/A","34.05","N/A","106","N/A","17","N/A","8.4","N/A"
"5","703","15","N/A","5","N/A","0.75","N/A","63.5","N/A","2500","N/A","34.05","N/A","106","N/A","17","N/A","8.466666666666667","N/A"
"5","704","15","N/A","5","N/A","0.75","N/A","58.5","N/A","2500","N/A","34.05","N/A","106","N/A","17","N/A","8.466666666666667","N/A"
"5","705","15","N/A","5","N/A","0.75","N/A","53.5","N/A","2500","N/A","34.05","N/A","106","N/A","17","N/A","8.466666666666667","N/A"
"5","706","15","N/A","5","N/A","0.75","N/A","48.5","N/A","2500","N/A","34.05","N/A","106","N/A","17","N/A","8.466666666666667","N/A"
"5","707","14","N/A","6","N/A","0.7","N/A","82.67857142857143","N/A","2535.714285714286","N/A","34.05","N/A","99","N/A","27","N/A","8.5","N/A"
"5","708","14","N/A","6","N/A","0.7","N/A","77.67857142857143","N/A","2535.714285714286","N/A","34.05","N/A","99","N/A","27","N/A","8.5","N/A"
"5","709","14","N/A","6","N/A","0.7","N/A","72.67857142857143","N/A","2535.714285714286","N/A","34.05","N/A","99","N/A","27","N/A","8.5","N/A"
"5","710","14","N/A","6","N/A","0.7","N/A","67.67857142857143","N/A","2535.714285714286","N/A","34.05","N/A","99","N/A","27","N/A","8.5","N/A"
"5","711","14","N/A","6","N/A","0.7","N/A","62.67857142857143","N/A","2535.714285714286","N/A","34.05","N/A","99","N/A","27","N/A","8.5","N/A"
"5","712","14","N/A","6","N/A","0.7","N/A","57.67857142857143","N/A","2535.714285714286","N/A","34.05","N/A","99","N/A","27","N/A","8.5","N/A"
"5","713","14","N/A","6","N/A","0.7","N/A","88.39285714285714","N/A","2571.4285714285716","N/A","34.05","N/A","99","N/A","27","N/A","8.5","N/A"
"5","714","14","N/A","6","N/A","0.7","N/A","83.39285714285714","N/A","2571.4285714285716","N/A","34.05","N/A","99","N/A","27","N/A","8.5","N/A"
"5","715","14","N/A","6","N/A","0.7","N/A","78.39285714285714","N/A","2571.4285714285716","N/A","34.05","N/A","99","N/A","27","N/A","8.5","N/A"
"5","716","14","N/A","6","N/A","0.7","N/A","73.39285714285714","N/A","2571.4285714285716","N/A","34.05","N/A","99","N/A","27","N/A","8.5","N/A"
"5","717","14","N/A","6","N/A","0.7","N/A","68.39285714285714","N/A","2571.4285714285716","N/A","34.05","N/A","99","N/A","27","N/A","8.5","N/A"
"5","718","14","N/A","6","N/A","0.7","N/A","63.392857142857146","N/A","2571.4285714285716","N/A","34.05","N/A","99","N/A","27","N/A","8.5","N/A"
"5","719","14","N/A","6","N/A","0.7","N/A","94.10714285714286","N/A","2607.1428571428573","N/A","34.05","N/A","99","N/A","27","N/A","8.5","N/A"
"5","720","14","N/A","6","N/A","0.7","N/A","89.10714285714286","N/A","2607.1428571428573","N/A","34.05","N/A","99","N/A","27","N/A","8.5","N/A"
"5","721","14","N/A","6","N/A","0.7","N/A","84.10714285714286","N/A","2607.1428571428573","N/A","34.05","N/A","99","N/A","27","N/A","8.5","N/A"
"5","722","14","N/A","6","N/A","0.7","N/A","79.10714285714286","N/A","2607.1428571428573","N/A","34.05","N/A","99","N/A","27","N/A","8.5","N/A"
"5","723","14","N/A","6","N/A","0.7","N/A","74.10714285714286","N/A","2607.1428571428573","N/A","34.05","N/A","99","N/A","27","N/A","8.5","N/A"
"5","724","14","N/A","6","N/A","0.7","N/A","69.10714285714286","N/A","2607.1428571428573","N/A","34.05","N/A","99","N/A","27","N/A","8.5","N/A"
"5","725","14","N/A","6","N/A","0.7","N/A","64.10714285714286","N/A","2607.1428571428573","N/A","34.05","N/A","99","N/A","27","N/A","8.5","N/A"
"5","726","14","N/A","6","N/A","0.7","N/A","59.107142857142854","N/A","2607.1428571428573","N/A","34.05","N/A","99","N/A","27","N/A","8.5","N/A"
"5","727","14","N/A","6","N/A","0.7","N/A","54.107142857142854","N/A","2607.1428571428573","N/A","34.05","N/A","99","N/A","27","N/A","8.5","N/A"
"5","728","14","N/A","6","N/A","0.7","N/A","49.107142857142854","N/A","2607.1428571428573","N/A","34.05","N/A","99","N/A","27","N/A","8.5","N/A"
"5","729","14","N/A","6","N/A","0.7","N/A","79.82142857142857","N/A","2642.8571428571427","N/A","34.05","N/A","99","N/A","27","N/A","8.5","N/A"
"5","730","14","N/A","6","N/A","0.7","N/A","74.82142857142857","N/A","2642.8571428571427","N/A","34.05","N/A","99","N/A","27","N/A","8.5","N/A"
"5","731","14","N/A","6","N/A","0.7","N/A","105.53571428571429","N/A","2678.5714285714284","N/A","34.05","N/A","99","N/A","27","N/A","8.5","N/A"
"5","732","14","N/A","6","N/A","0.7","N/A","100.53571428571429","N/A","2678.5714285714284","N/A","34.05","N/A","99","N/A","27","N/A","8.5","N/A"
"5","733","14","N/A","6","N/A","0.7","N/A","95.53571428571429","N/A","2678.5714285714284","N/A","34.05","N/A","99","N/A","27","N/A","8.5","N/A"
"5","734","14","N/A","6","N/A","0.7","N/A","90.53571428571429","N/A","2678.5714285714284","N/A","34.05","N/A","99","N/A","27","N/A","8.5","N/A"
"5","735","14","N/A","6","N/A","0.7","N/A","85.53571428571429","N/A","2678.5714285714284","N/A","34.05","N/A","99","N/A","27","N/A","8.5","N/A"
"5","736","14","N/A","6","N/A","0.7","N/A","80.53571428571429","N/A","2678.5714285714284","N/A","34.05","N/A","99","N/A","27","N/A","8.5","N/A"
"5","737","13","N/A","7","N/A","0.65","N/A","81.73076923076923","N/A","2692.3076923076924","N/A","34.05","N/A","89","N/A","37","N/A","8.384615384615385","N/A"
"5","738","13","N/A","7","N/A","0.65","N/A","76.73076923076923","N/A","2692.3076923076924","N/A","34.05","N/A","89","N/A","37","N/A","8.384615384615385","N/A"
"5","739","13","N/A","7","N/A","0.65","N/A","71.73076923076923","N/A","2692.3076923076924","N/A","34.05","N/A","89","N/A","37","N/A","8.384615384615385","N/A"
"5","740","13","N/A","7","N/A","0.65","N/A","66.73076923076923","N/A","2692.3076923076924","N/A","34.05","N/A","89","N/A","37","N/A","8.384615384615385","N/A"
"5","741","13","N/A","7","N/A","0.65","N/A","61.73076923076923","N/A","2692.3076923076924","N/A","34.05","N/A","89","N/A","37","N/A","8.384615384615385","N/A"
"5","742","13","N/A","7","N/A","0.65","N/A","56.73076923076923","N/A","2692.3076923076924","N/A","34.05","N/A","89","N/A","37","N/A","8.384615384615385","N/A"
"5","743","12","N/A","8","N/A","0.6","N/A","56.458333333333336","N/A","2708.3333333333335","N/A","34.05","N/A","79","N/A","47","N/A","8.25","N/A"
"5","744","12","N/A","8","N/A","0.6","N/A","51.458333333333336","N/A","2708.3333333333335","N/A","34.05","N/A","79","N/A","47","N/A","8.25","N/A"
"5","745","12","N/A","8","N/A","0.6","N/A","46.458333333333336","N/A","2708.3333333333335","N/A","34.05","N/A","79","N/A","47","N/A","8.25","N/A"
"5","746","12","N/A","8","N/A","0.6","N/A","41.458333333333336","N/A","2708.3333333333335","N/A","34.05","N/A","79","N/A","47","N/A","8.25","N/A"
"5","747","12","N/A","8","N/A","0.6","N/A","36.458333333333336","N/A","2708.3333333333335","N/A","34.05","N/A","79","N/A","47","N/A","8.25","N/A"
"5","748","12","N/A","8","N/A","0.6","N/A","31.458333333333332","N/A","2708.3333333333335","N/A","34.05","N/A","79","N/A","47","N/A","8.25","N/A"
"5","749","12","N/A","8","N/A","0.6","N/A","26.458333333333332","N/A","2708.3333333333335","N/A","34.05","N/A","79","N/A","47","N/A","8.25","N/A"
"5","750","12","N/A","8","N/A","0.6","N/A","21.458333333333332","N/A","2708.3333333333335","N/A","34.05","N/A","79","N/A","47","N/A","8.25","N/A"
"5","751","12","N/A","8","N/A","0.6","N/A","16.458333333333332","N/A","2708.3333333333335","N/A","34.05","N/A","79","N/A","47","N/A","8.25","N/A"
"5","752","12","N/A","8","N/A","0.6","N/A","53.125","N/A","2750","N/A","34.05","N/A","79","N/A","47","N/A","8.25","N/A"
"5","753","12","N/A","8","N/A","0.6","N/A","48.125","N/A","2750","N/A","34.05","N/A","79","N/A","47","N/A","8.25","N/A"
"5","754","12","N/A","8","N/A","0.6","N/A","43.125","N/A","2750","N/A","34.05","N/A","79","N/A","47","N/A","8.25","N/A"
"5","755","12","N/A","8","N/A","0.6","N/A","38.125","N/A","2750","N/A","34.05","N/A","79","N/A","47","N/A","8.25","N/A"
"5","756","12","N/A","8","N/A","0.6","N/A","33.125","N/A","2750","N/A","34.05","N/A","79","N/A","47","N/A","8.25","N/A"
"5","757","12","N/A","8","N/A","0.6","N/A","28.125","N/A","2750","N/A","34.05","N/A","79","N/A","47","N/A","8.25","N/A"
"5","758","12","N/A","8","N/A","0.6","N/A","23.125","N/A","2750","N/A","34.05","N/A","79","N/A","47","N/A","8.25","N/A"
"5","759","12","N/A","8","N/A","0.6","N/A","18.125","N/A","2750","N/A","34.05","N/A","79","N/A","47","N/A","8.25","N/A"
"5","760","12","N/A","8","N/A","0.6","N/A","13.125","N/A","2750","N/A","34.05","N/A","79","N/A","47","N/A","8.25","N/A"
"5","761","12","N/A","8","N/A","0.6","N/A","8.125","N/A","2750","N/A","34.05","N/A","79","N/A","47","N/A","8.25","N/A"
"5","762","12","N/A","8","N/A","0.6","N/A","3.125","N/A","2750","N/A","34.05","N/A","79","N/A","47","N/A","8.25","N/A"
"5","763","12","N/A","8","N/A","0.6","N/A","-1.875","N/A","2750","N/A","34.05","N/A","79","N/A","47","N/A","8.25","N/A"
"5","764","12","N/A","8","N/A","0.6","N/A","-6.875","N/A","2750","N/A","34.05","N/A","79","N/A","47","N/A","8.25","N/A"
"5","765","12","N/A","8","N/A","0.6","N/A","-11.875","N/A","2750","N/A","34.05","N/A","79","N/A","47","N/A","8.25","N/A"
"5","766","12","N/A","8","N/A","0.6","N/A","-16.875","N/A","2750","N/A","34.05","N/A","79","N/A","47","N/A","8.25","N/A"
"5","767","12","N/A","8","N/A","0.6","N/A","-21.875","N/A","2750","N/A","34.05","N/A","79","N/A","47","N/A","8.25","N/A"
"5","768","12","N/A","8","N/A","0.6","N/A","-26.875","N/A","2750","N/A","34.05","N/A","79","N/A","47","N/A","8.25","N/A"
"5","769","12","N/A","8","N/A","0.6","N/A","-31.875","N/A","2750","N/A","34.05","N/A","79","N/A","47","N/A","8.25","N/A"
"5","770","12","N/A","8","N/A","0.6","N/A","-36.875","N/A","2750","N/A","34.05","N/A","79","N/A","47","N/A","8.25","N/A"
"5","771","12","N/A","8","N/A","0.6","N/A","-41.875","N/A","2750","N/A","34.05","N/A","79","N/A","47","N/A","8.25","N/A"
"5","772","12","N/A","8","N/A","0.6","N/A","-46.875","N/A","2750","N/A","34.05","N/A","79","N/A","47","N/A","8.25","N/A"
"5","773","12","N/A","8","N/A","0.6","N/A","-51.875","N/A","2750","N/A","34.05","N/A","79","N/A","47","N/A","8.25","N/A"
"5","774","12","N/A","8","N/A","0.6","N/A","-56.875","N/A","2750","N/A","34.05","N/A","79","N/A","47","N/A","8.25","N/A"
"5","775","12","N/A","8","N/A","0.6","N/A","-61.875","N/A","2750","N/A","34.05","N/A","79","N/A","47","N/A","8.25","N/A"
"5","776","12","N/A","8","N/A","0.6","N/A","-66.875","N/A","2750","N/A","34.05","N/A","79","N/A","47","N/A","8.25","N/A"
"5","777","12","N/A","8","N/A","0.6","N/A","-71.875","N/A","2750","N/A","34.05","N/A","79","N/A","47","N/A","8.25","N/A"
"5","778","12","N/A","8","N/A","0.6","N/A","-76.875","N/A","2750","N/A","34.05","N/A","79","N/A","47","N/A","8.25","N/A"
"5","779","12","N/A","8","N/A","0.6","N/A","-81.875","N/A","2750","N/A","34.05","N/A","79","N/A","47","N/A","8.25","N/A"
"5","780","12","N/A","8","N/A","0.6","N/A","-86.875","N/A","2750","N/A","34.05","N/A","79","N/A","47","N/A","8.25","N/A"
"5","781","12","N/A","8","N/A","0.6","N/A","-91.875","N/A","2750","N/A","34.05","N/A","79","N/A","47","N/A","8.25","N/A"
"5","782","12","N/A","8","N/A","0.6","N/A","-96.875","N/A","2750","N/A","34.05","N/A","79","N/A","47","N/A","8.25","N/A"
"5","783","12","N/A","8","N/A","0.6","N/A","-101.875","N/A","2750","N/A","34.05","N/A","79","N/A","47","N/A","8.25","N/A"
"5","784","12","N/A","8","N/A","0.6","N/A","-106.875","N/A","2750","N/A","34.05","N/A","79","N/A","47","N/A","8.25","N/A"
"5","785","12","N/A","8","N/A","0.6","N/A","-111.875","N/A","2750","N/A","34.05","N/A","79","N/A","47","N/A","8.25","N/A"
"5","786","12","N/A","8","N/A","0.6","N/A","-116.875","N/A","2750","N/A","34.05","N/A","79","N/A","47","N/A","8.25","N/A"
"5","787","12","N/A","8","N/A","0.6","N/A","-121.875","N/A","2750","N/A","34.05","N/A","79","N/A","47","N/A","8.25","N/A"
"5","788","12","N/A","8","N/A","0.6","N/A","-126.875","N/A","2750","N/A","34.05","N/A","79","N/A","47","N/A","8.25","N/A"
"5","789","12","N/A","8","N/A","0.6","N/A","-131.875","N/A","2750","N/A","34.05","N/A","79","N/A","47","N/A","8.25","N/A"
"5","790","12","N/A","8","N/A","0.6","N/A","-136.875","N/A","2750","N/A","34.05","N/A","79","N/A","47","N/A","8.25","N/A"
"5","791","12","N/A","8","N/A","0.6","N/A","-141.875","N/A","2750","N/A","34.05","N/A","79","N/A","47","N/A","8.25","N/A"
"5","792","12","N/A","8","N/A","0.6","N/A","-146.875","N/A","2750","N/A","34.05","N/A","79","N/A","47","N/A","8.25","N/A"
"5","793","12","N/A","8","N/A","0.6","N/A","-151.875","N/A","2750","N/A","34.05","N/A","79","N/A","47","N/A","8.25","N/A"
"5","794","12","N/A","8","N/A","0.6","N/A","-156.875","N/A","2750","N/A","34.05","N/A","79","N/A","47","N/A","8.25","N/A"
"5","795","12","N/A","8","N/A","0.6","N/A","-161.875","N/A","2750","N/A","34.05","N/A","79","N/A","47","N/A","8.25","N/A"
"5","796","12","N/A","8","N/A","0.6","N/A","-166.875","N/A","2750","N/A","34.05","N/A","79","N/A","47","N/A","8.25","N/A"
"5","797","12","N/A","8","N/A","0.6","N/A","-171.875","N/A","2750","N/A","34.05","N/A","79","N/A","47","N/A","8.25","N/A"
"5","798","12","N/A","8","N/A","0.6","N/A","-176.875","N/A","2750","N/A","34.05","N/A","79","N/A","47","N/A","8.25","N/A"
"5","799","12","N/A","8","N/A","0.6","N/A","-181.875","N/A","2750","N/A","34.05","N/A","79","N/A","47","N/A","8.25","N/A"
"5","800","12","N/A","8","N/A","0.6","N/A","-186.875","N/A","2750","N/A","34.05","N/A","79","N/A","47","N/A","8.25","N/A"
"5","801","12","N/A","8","N/A","0.6","N/A","16.458333333333332","N/A","2958.3333333333335","N/A","34.05","N/A","79","N/A","47","N/A","8.25","N/A"
"5","802","12","N/A","8","N/A","0.6","N/A","11.458333333333334","N/A","2958.3333333333335","N/A","34.05","N/A","79","N/A","47","N/A","8.25","N/A"
"5","803","12","N/A","8","N/A","0.6","N/A","6.458333333333333","N/A","2958.3333333333335","N/A","34.05","N/A","79","N/A","47","N/A","8.25","N/A"
"5","804","12","N/A","8","N/A","0.6","N/A","1.4583333333333333","N/A","2958.3333333333335","N/A","34.05","N/A","79","N/A","47","N/A","8.25","N/A"
"5","805","12","N/A","8","N/A","0.6","N/A","-3.5416666666666665","N/A","2958.3333333333335","N/A","34.05","N/A","79","N/A","47","N/A","8.25","N/A"
"5","806","12","N/A","8","N/A","0.6","N/A","-8.541666666666666","N/A","2958.3333333333335","N/A","34.05","N/A","79","N/A","47","N/A","8.25","N/A"
"5","807","11","N/A","9","N/A","0.55","N/A","-14.318181818181818","N/A","2954.5454545454545","N/A","34.05","N/A","72","N/A","54","N/A","8.272727272727273","N/A"
"5","808","11","N/A","9","N/A","0.55","N/A","-19.318181818181817","N/A","2954.5454545454545","N/A","34.05","N/A","72","N/A","54","N/A","8.272727272727273","N/A"
"5","809","11","N/A","9","N/A","0.55","N/A","-24.318181818181817","N/A","2954.5454545454545","N/A","34.05","N/A","72","N/A","54","N/A","8.272727272727273","N/A"
"5","810","11","N/A","9","N/A","0.55","N/A","-29.318181818181817","N/A","2954.5454545454545","N/A","34.05","N/A","72","N/A","54","N/A","8.272727272727273","N/A"
"5","811","11","N/A","9","N/A","0.55","N/A","-34.31818181818182","N/A","2954.5454545454545","N/A","34.05","N/A","72","N/A","54","N/A","8.272727272727273","N/A"
"5","812","11","N/A","9","N/A","0.55","N/A","-39.31818181818182","N/A","2954.5454545454545","N/A","34.05","N/A","72","N/A","54","N/A","8.272727272727273","N/A"
"5","813","10","N/A","10","N/A","0.5","N/A","-48.25","N/A","2950","N/A","34.05","N/A","62","N/A","64","N/A","8.1","N/A"
"5","814","10","N/A","10","N/A","0.5","N/A","-53.25","N/A","2950","N/A","34.05","N/A","62","N/A","64","N/A","8.1","N/A"
"5","815","10","N/A","10","N/A","0.5","N/A","-58.25","N/A","2950","N/A","34.05","N/A","62","N/A","64","N/A","8.1","N/A"
"5","816","10","N/A","10","N/A","0.5","N/A","-63.25","N/A","2950","N/A","34.05","N/A","62","N/A","64","N/A","8.1","N/A"
"5","817","10","N/A","10","N/A","0.5","N/A","-68.25","N/A","2950","N/A","34.05","N/A","62","N/A","64","N/A","8.1","N/A"
"5","818","10","N/A","10","N/A","0.5","N/A","-73.25","N/A","2950","N/A","34.05","N/A","62","N/A","64","N/A","8.1","N/A"
"5","819","9","N/A","11","N/A","0.45","N/A","-86.38888888888889","N/A","2944.4444444444443","N/A","34.05","N/A","58","N/A","68","N/A","8.11111111111111","N/A"
"5","820","9","N/A","11","N/A","0.45","N/A","-91.38888888888889","N/A","2944.4444444444443","N/A","34.05","N/A","58","N/A","68","N/A","8.11111111111111","N/A"
"5","821","9","N/A","11","N/A","0.45","N/A","-96.38888888888889","N/A","2944.4444444444443","N/A","34.05","N/A","58","N/A","68","N/A","8.11111111111111","N/A"
"5","822","9","N/A","11","N/A","0.45","N/A","-101.38888888888889","N/A","2944.4444444444443","N/A","34.05","N/A","58","N/A","68","N/A","8.11111111111111","N/A"
"5","823","9","N/A","11","N/A","0.45","N/A","-106.38888888888889","N/A","2944.4444444444443","N/A","34.05","N/A","58","N/A","68","N/A","8.11111111111111","N/A"
"5","824","9","N/A","11","N/A","0.45","N/A","-111.38888888888889","N/A","2944.4444444444443","N/A","34.05","N/A","58","N/A","68","N/A","8.11111111111111","N/A"
"5","825","9","N/A","11","N/A","0.45","N/A","-116.38888888888889","N/A","2944.4444444444443","N/A","34.05","N/A","58","N/A","68","N/A","8.11111111111111","N/A"
"5","826","9","N/A","11","N/A","0.45","N/A","-121.38888888888889","N/A","2944.4444444444443","N/A","34.05","N/A","58","N/A","68","N/A","8.11111111111111","N/A"
"5","827","9","N/A","11","N/A","0.45","N/A","-126.38888888888889","N/A","2944.4444444444443","N/A","34.05","N/A","58","N/A","68","N/A","8.11111111111111","N/A"
"5","828","9","N/A","11","N/A","0.45","N/A","-131.38888888888889","N/A","2944.4444444444443","N/A","34.05","N/A","58","N/A","68","N/A","8.11111111111111","N/A"
"5","829","8","N/A","12","N/A","0.4","N/A","-153.125","N/A","2937.5","N/A","34.05","N/A","48","N/A","78","N/A","8","N/A"
"5","830","8","N/A","12","N/A","0.4","N/A","-158.125","N/A","2937.5","N/A","34.05","N/A","48","N/A","78","N/A","8.125","N/A"
"5","831","7","N/A","13","N/A","0.35","N/A","-185.71428571428572","N/A","2928.5714285714284","N/A","34.05","N/A","41","N/A","85","N/A","8","N/A"
"5","832","7","N/A","13","N/A","0.35","N/A","-190.71428571428572","N/A","2928.5714285714284","N/A","34.05","N/A","41","N/A","85","N/A","8","N/A"
"5","833","7","N/A","13","N/A","0.35","N/A","-195.71428571428572","N/A","2928.5714285714284","N/A","34.05","N/A","41","N/A","85","N/A","8","N/A"
"5","834","7","N/A","13","N/A","0.35","N/A","-200.71428571428572","N/A","2928.5714285714284","N/A","34.05","N/A","41","N/A","85","N/A","8","N/A"
"5","835","7","N/A","13","N/A","0.35","N/A","-205.71428571428572","N/A","2928.5714285714284","N/A","34.05","N/A","41","N/A","85","N/A","8","N/A"
"5","836","7","N/A","13","N/A","0.35","N/A","-210.71428571428572","N/A","2928.5714285714284","N/A","34.05","N/A","41","N/A","85","N/A","8","N/A"
"5","837","7","N/A","13","N/A","0.35","N/A","-215.71428571428572","N/A","2928.5714285714284","N/A","34.05","N/A","41","N/A","85","N/A","8","N/A"
"5","838","7","N/A","13","N/A","0.35","N/A","-220.71428571428572","N/A","2928.5714285714284","N/A","34.05","N/A","41","N/A","85","N/A","8","N/A"
"5","839","7","N/A","13","N/A","0.35","N/A","-225.71428571428572","N/A","2928.5714285714284","N/A","34.05","N/A","41","N/A","85","N/A","8","N/A"
"5","840","7","N/A","13","N/A","0.35","N/A","-230.71428571428572","N/A","2928.5714285714284","N/A","34.05","N/A","41","N/A","85","N/A","8","N/A"
"5","841","7","N/A","13","N/A","0.35","N/A","-235.71428571428572","N/A","2928.5714285714284","N/A","34.05","N/A","41","N/A","85","N/A","8","N/A"
"5","842","7","N/A","13","N/A","0.35","N/A","-240.71428571428572","N/A","2928.5714285714284","N/A","34.05","N/A","41","N/A","85","N/A","8","N/A"
"5","843","7","N/A","13","N/A","0.35","N/A","-245.71428571428572","N/A","2928.5714285714284","N/A","34.05","N/A","41","N/A","85","N/A","8","N/A"
"5","844","7","N/A","13","N/A","0.35","N/A","-250.71428571428572","N/A","2928.5714285714284","N/A","34.05","N/A","41","N/A","85","N/A","8","N/A"
"5","845","7","N/A","13","N/A","0.35","N/A","-255.71428571428572","N/A","2928.5714285714284","N/A","34.05","N/A","41","N/A","85","N/A","8","N/A"
"5","846","7","N/A","13","N/A","0.35","N/A","-260.7142857142857","N/A","2928.5714285714284","N/A","34.05","N/A","41","N/A","85","N/A","8","N/A"
"5","847","7","N/A","13","N/A","0.35","N/A","-265.7142857142857","N/A","2928.5714285714284","N/A","34.05","N/A","41","N/A","85","N/A","8","N/A"
"5","848","7","N/A","13","N/A","0.35","N/A","-270.7142857142857","N/A","2928.5714285714284","N/A","34.05","N/A","41","N/A","85","N/A","8","N/A"
"5","849","7","N/A","13","N/A","0.35","N/A","-275.7142857142857","N/A","2928.5714285714284","N/A","34.05","N/A","41","N/A","85","N/A","8","N/A"
"5","850","7","N/A","13","N/A","0.35","N/A","-280.7142857142857","N/A","2928.5714285714284","N/A","34.05","N/A","41","N/A","85","N/A","8","N/A"
"5","851","7","N/A","13","N/A","0.35","N/A","-285.7142857142857","N/A","2928.5714285714284","N/A","34.05","N/A","41","N/A","85","N/A","8","N/A"
"5","852","7","N/A","13","N/A","0.35","N/A","-219.28571428571428","N/A","3000","N/A","34.05","N/A","41","N/A","85","N/A","8","N/A"
"5","853","7","N/A","13","N/A","0.35","N/A","-224.28571428571428","N/A","3000","N/A","34.05","N/A","41","N/A","85","N/A","8","N/A"
"5","854","7","N/A","13","N/A","0.35","N/A","-229.28571428571428","N/A","3000","N/A","34.05","N/A","41","N/A","85","N/A","8","N/A"
"5","855","7","N/A","13","N/A","0.35","N/A","-234.28571428571428","N/A","3000","N/A","34.05","N/A","41","N/A","85","N/A","8","N/A"
"5","856","7","N/A","13","N/A","0.35","N/A","-239.28571428571428","N/A","3000","N/A","34.05","N/A","41","N/A","85","N/A","8","N/A"
"5","857","7","N/A","13","N/A","0.35","N/A","-244.28571428571428","N/A","3000","N/A","34.05","N/A","41","N/A","85","N/A","8","N/A"
"5","858","7","N/A","13","N/A","0.35","N/A","-249.28571428571428","N/A","3000","N/A","34.05","N/A","41","N/A","85","N/A","8","N/A"
"5","859","7","N/A","13","N/A","0.35","N/A","-254.28571428571428","N/A","3000","N/A","34.05","N/A","41","N/A","85","N/A","8","N/A"
"5","860","7","N/A","13","N/A","0.35","N/A","-259.2857142857143","N/A","3000","N/A","34.05","N/A","41","N/A","85","N/A","8","N/A"
"5","861","7","N/A","13","N/A","0.35","N/A","-264.2857142857143","N/A","3000","N/A","34.05","N/A","41","N/A","85","N/A","8","N/A"
"5","862","7","N/A","13","N/A","0.35","N/A","-269.2857142857143","N/A","3000","N/A","34.05","N/A","41","N/A","85","N/A","8","N/A"
"5","863","7","N/A","13","N/A","0.35","N/A","-274.2857142857143","N/A","3000","N/A","34.05","N/A","41","N/A","85","N/A","8","N/A"
"5","864","7","N/A","13","N/A","0.35","N/A","-279.2857142857143","N/A","3000","N/A","34.05","N/A","41","N/A","85","N/A","8","N/A"
"5","865","7","N/A","13","N/A","0.35","N/A","-284.2857142857143","N/A","3000","N/A","34.05","N/A","41","N/A","85","N/A","8","N/A"
"5","866","7","N/A","13","N/A","0.35","N/A","-289.2857142857143","N/A","3000","N/A","34.05","N/A","41","N/A","85","N/A","8","N/A"
"5","867","7","N/A","13","N/A","0.35","N/A","-294.2857142857143","N/A","3000","N/A","34.05","N/A","41","N/A","85","N/A","8","N/A"
"5","868","7","N/A","13","N/A","0.35","N/A","-299.2857142857143","N/A","3000","N/A","34.05","N/A","41","N/A","85","N/A","8","N/A"
"5","869","7","N/A","13","N/A","0.35","N/A","-304.2857142857143","N/A","3000","N/A","34.05","N/A","41","N/A","85","N/A","8","N/A"
"5","870","7","N/A","13","N/A","0.35","N/A","-309.2857142857143","N/A","3000","N/A","34.05","N/A","41","N/A","85","N/A","8","N/A"
"5","871","7","N/A","13","N/A","0.35","N/A","-314.2857142857143","N/A","3000","N/A","34.05","N/A","41","N/A","85","N/A","8","N/A"
"5","872","7","N/A","13","N/A","0.35","N/A","-319.2857142857143","N/A","3000","N/A","34.05","N/A","41","N/A","85","N/A","8","N/A"
"5","873","7","N/A","13","N/A","0.35","N/A","-324.2857142857143","N/A","3000","N/A","34.05","N/A","41","N/A","85","N/A","8","N/A"
"5","874","7","N/A","13","N/A","0.35","N/A","-329.2857142857143","N/A","3000","N/A","34.05","N/A","41","N/A","85","N/A","8","N/A"
"5","875","7","N/A","13","N/A","0.35","N/A","-334.2857142857143","N/A","3000","N/A","34.05","N/A","41","N/A","85","N/A","8","N/A"
"5","876","7","N/A","13","N/A","0.35","N/A","-339.2857142857143","N/A","3000","N/A","34.05","N/A","41","N/A","85","N/A","8","N/A"
"5","877","7","N/A","13","N/A","0.35","N/A","-344.2857142857143","N/A","3000","N/A","34.05","N/A","41","N/A","85","N/A","8","N/A"
"5","878","7","N/A","13","N/A","0.35","N/A","-349.2857142857143","N/A","3000","N/A","34.05","N/A","41","N/A","85","N/A","8","N/A"
"5","879","7","N/A","13","N/A","0.35","N/A","-354.2857142857143","N/A","3000","N/A","34.05","N/A","41","N/A","85","N/A","8","N/A"
"5","880","7","N/A","13","N/A","0.35","N/A","-359.2857142857143","N/A","3000","N/A","34.05","N/A","41","N/A","85","N/A","8","N/A"
"5","881","7","N/A","13","N/A","0.35","N/A","-364.2857142857143","N/A","3000","N/A","34.05","N/A","41","N/A","85","N/A","8","N/A"
"5","882","7","N/A","13","N/A","0.35","N/A","-369.2857142857143","N/A","3000","N/A","34.05","N/A","41","N/A","85","N/A","8","N/A"
"5","883","7","N/A","13","N/A","0.35","N/A","-374.2857142857143","N/A","3000","N/A","34.05","N/A","41","N/A","85","N/A","8","N/A"
"5","884","7","N/A","13","N/A","0.35","N/A","-379.2857142857143","N/A","3000","N/A","34.05","N/A","41","N/A","85","N/A","8","N/A"
"5","885","7","N/A","13","N/A","0.35","N/A","-384.2857142857143","N/A","3000","N/A","34.05","N/A","41","N/A","85","N/A","8","N/A"
"5","886","7","N/A","13","N/A","0.35","N/A","-389.2857142857143","N/A","3000","N/A","34.05","N/A","41","N/A","85","N/A","8","N/A"
"5","887","7","N/A","13","N/A","0.35","N/A","-394.2857142857143","N/A","3000","N/A","34.05","N/A","41","N/A","85","N/A","8","N/A"
"5","888","7","N/A","13","N/A","0.35","N/A","-399.2857142857143","N/A","3000","N/A","34.05","N/A","41","N/A","85","N/A","8","N/A"
"5","889","7","N/A","13","N/A","0.35","N/A","-404.2857142857143","N/A","3000","N/A","34.05","N/A","41","N/A","85","N/A","8","N/A"
"5","890","7","N/A","13","N/A","0.35","N/A","-409.2857142857143","N/A","3000","N/A","34.05","N/A","41","N/A","85","N/A","8","N/A"
"5","891","7","N/A","13","N/A","0.35","N/A","-414.2857142857143","N/A","3000","N/A","34.05","N/A","41","N/A","85","N/A","8","N/A"
"5","892","7","N/A","13","N/A","0.35","N/A","-419.2857142857143","N/A","3000","N/A","34.05","N/A","41","N/A","85","N/A","8","N/A"
"5","893","7","N/A","13","N/A","0.35","N/A","-424.2857142857143","N/A","3000","N/A","34.05","N/A","41","N/A","85","N/A","8","N/A"
"5","894","7","N/A","13","N/A","0.35","N/A","-429.2857142857143","N/A","3000","N/A","34.05","N/A","41","N/A","85","N/A","8","N/A"
"5","895","7","N/A","13","N/A","0.35","N/A","-434.2857142857143","N/A","3000","N/A","34.05","N/A","41","N/A","85","N/A","8","N/A"
"5","896","7","N/A","13","N/A","0.35","N/A","-439.2857142857143","N/A","3000","N/A","34.05","N/A","41","N/A","85","N/A","8","N/A"
"5","897","7","N/A","13","N/A","0.35","N/A","-444.2857142857143","N/A","3000","N/A","34.05","N/A","41","N/A","85","N/A","8","N/A"
"5","898","7","N/A","13","N/A","0.35","N/A","-449.2857142857143","N/A","3000","N/A","34.05","N/A","41","N/A","85","N/A","8","N/A"
"5","899","7","N/A","13","N/A","0.35","N/A","-454.2857142857143","N/A","3000","N/A","34.05","N/A","41","N/A","85","N/A","8","N/A"
"5","900","7","N/A","13","N/A","0.35","N/A","-459.2857142857143","N/A","3000","N/A","34.05","N/A","41","N/A","85","N/A","8","N/A"
"5","901","6","N/A","14","N/A","0.3","N/A","-207.5","N/A","3250","N/A","34.05","N/A","38","N/A","88","N/A","8.166666666666666","N/A"
"5","902","6","N/A","14","N/A","0.3","N/A","-212.5","N/A","3250","N/A","34.05","N/A","38","N/A","88","N/A","8.166666666666666","N/A"
"5","903","6","N/A","14","N/A","0.3","N/A","-217.5","N/A","3250","N/A","34.05","N/A","38","N/A","88","N/A","8.166666666666666","N/A"
"5","904","6","N/A","14","N/A","0.3","N/A","-222.5","N/A","3250","N/A","34.05","N/A","38","N/A","88","N/A","8.166666666666666","N/A"
"5","905","6","N/A","14","N/A","0.3","N/A","-227.5","N/A","3250","N/A","34.05","N/A","38","N/A","88","N/A","8.166666666666666","N/A"
"5","906","6","N/A","14","N/A","0.3","N/A","-232.5","N/A","3250","N/A","34.05","N/A","38","N/A","88","N/A","8.166666666666666","N/A"
"5","907","6","N/A","14","N/A","0.3","N/A","-237.5","N/A","3250","N/A","34.05","N/A","38","N/A","88","N/A","8.166666666666666","N/A"
"5","908","6","N/A","14","N/A","0.3","N/A","-242.5","N/A","3250","N/A","34.05","N/A","38","N/A","88","N/A","8.166666666666666","N/A"
"5","909","6","N/A","14","N/A","0.3","N/A","-247.5","N/A","3250","N/A","34.05","N/A","38","N/A","88","N/A","8.166666666666666","N/A"
"5","910","6","N/A","14","N/A","0.3","N/A","-252.5","N/A","3250","N/A","34.05","N/A","38","N/A","88","N/A","8.166666666666666","N/A"
"5","911","6","N/A","14","N/A","0.3","N/A","-257.5","N/A","3250","N/A","34.05","N/A","38","N/A","88","N/A","8.166666666666666","N/A"
"5","912","6","N/A","14","N/A","0.3","N/A","-262.5","N/A","3250","N/A","34.05","N/A","38","N/A","88","N/A","8.166666666666666","N/A"
"5","913","6","N/A","14","N/A","0.3","N/A","-267.5","N/A","3250","N/A","34.05","N/A","38","N/A","88","N/A","8.166666666666666","N/A"
"5","914","6","N/A","14","N/A","0.3","N/A","-272.5","N/A","3250","N/A","34.05","N/A","38","N/A","88","N/A","8.166666666666666","N/A"
"5","915","6","N/A","14","N/A","0.3","N/A","-277.5","N/A","3250","N/A","34.05","N/A","38","N/A","88","N/A","8.166666666666666","N/A"
"5","916","6","N/A","14","N/A","0.3","N/A","-282.5","N/A","3250","N/A","34.05","N/A","38","N/A","88","N/A","8.166666666666666","N/A"
"5","917","6","N/A","14","N/A","0.3","N/A","-287.5","N/A","3250","N/A","34.05","N/A","38","N/A","88","N/A","8.166666666666666","N/A"
"5","918","6","N/A","14","N/A","0.3","N/A","-292.5","N/A","3250","N/A","34.05","N/A","38","N/A","88","N/A","8.166666666666666","N/A"
"5","919","6","N/A","14","N/A","0.3","N/A","-297.5","N/A","3250","N/A","34.05","N/A","38","N/A","88","N/A","8.166666666666666","N/A"
"5","920","6","N/A","14","N/A","0.3","N/A","-302.5","N/A","3250","N/A","34.05","N/A","38","N/A","88","N/A","8.166666666666666","N/A"
"5","921","6","N/A","14","N/A","0.3","N/A","-307.5","N/A","3250","N/A","34.05","N/A","38","N/A","88","N/A","8.166666666666666","N/A"
"5","922","6","N/A","14","N/A","0.3","N/A","-312.5","N/A","3250","N/A","34.05","N/A","38","N/A","88","N/A","8.166666666666666","N/A"
"5","923","6","N/A","14","N/A","0.3","N/A","-317.5","N/A","3250","N/A","34.05","N/A","38","N/A","88","N/A","8.166666666666666","N/A"
"5","924","6","N/A","14","N/A","0.3","N/A","-322.5","N/A","3250","N/A","34.05","N/A","38","N/A","88","N/A","8.166666666666666","N/A"
"5","925","6","N/A","14","N/A","0.3","N/A","-327.5","N/A","3250","N/A","34.05","N/A","38","N/A","88","N/A","8.166666666666666","N/A"
"5","926","6","N/A","14","N/A","0.3","N/A","-332.5","N/A","3250","N/A","34.05","N/A","38","N/A","88","N/A","8.166666666666666","N/A"
"5","927","6","N/A","14","N/A","0.3","N/A","-337.5","N/A","3250","N/A","34.05","N/A","38","N/A","88","N/A","8.166666666666666","N/A"
"5","928","6","N/A","14","N/A","0.3","N/A","-342.5","N/A","3250","N/A","34.05","N/A","38","N/A","88","N/A","8.166666666666666","N/A"
"5","929","6","N/A","14","N/A","0.3","N/A","-347.5","N/A","3250","N/A","34.05","N/A","38","N/A","88","N/A","8.166666666666666","N/A"
"5","930","6","N/A","14","N/A","0.3","N/A","-352.5","N/A","3250","N/A","34.05","N/A","38","N/A","88","N/A","8.166666666666666","N/A"
"5","931","6","N/A","14","N/A","0.3","N/A","-357.5","N/A","3250","N/A","34.05","N/A","38","N/A","88","N/A","8.166666666666666","N/A"
"5","932","6","N/A","14","N/A","0.3","N/A","-362.5","N/A","3250","N/A","34.05","N/A","38","N/A","88","N/A","8.166666666666666","N/A"
"5","933","6","N/A","14","N/A","0.3","N/A","-367.5","N/A","3250","N/A","34.05","N/A","38","N/A","88","N/A","8.166666666666666","N/A"
"5","934","6","N/A","14","N/A","0.3","N/A","-372.5","N/A","3250","N/A","34.05","N/A","38","N/A","88","N/A","8.166666666666666","N/A"
"5","935","6","N/A","14","N/A","0.3","N/A","-377.5","N/A","3250","N/A","34.05","N/A","38","N/A","88","N/A","8.166666666666666","N/A"
"5","936","6","N/A","14","N/A","0.3","N/A","-382.5","N/A","3250","N/A","34.05","N/A","38","N/A","88","N/A","8.166666666666666","N/A"
"5","937","6","N/A","14","N/A","0.3","N/A","-387.5","N/A","3250","N/A","34.05","N/A","38","N/A","88","N/A","8.166666666666666","N/A"
"5","938","6","N/A","14","N/A","0.3","N/A","-392.5","N/A","3250","N/A","34.05","N/A","38","N/A","88","N/A","8.166666666666666","N/A"
"5","939","6","N/A","14","N/A","0.3","N/A","-397.5","N/A","3250","N/A","34.05","N/A","38","N/A","88","N/A","8.166666666666666","N/A"
"5","940","6","N/A","14","N/A","0.3","N/A","-402.5","N/A","3250","N/A","34.05","N/A","38","N/A","88","N/A","8.166666666666666","N/A"
"5","941","6","N/A","14","N/A","0.3","N/A","-407.5","N/A","3250","N/A","34.05","N/A","38","N/A","88","N/A","8.166666666666666","N/A"
"5","942","6","N/A","14","N/A","0.3","N/A","-412.5","N/A","3250","N/A","34.05","N/A","38","N/A","88","N/A","8.166666666666666","N/A"
"5","943","6","N/A","14","N/A","0.3","N/A","-417.5","N/A","3250","N/A","34.05","N/A","38","N/A","88","N/A","8.166666666666666","N/A"
"5","944","6","N/A","14","N/A","0.3","N/A","-422.5","N/A","3250","N/A","34.05","N/A","38","N/A","88","N/A","8.166666666666666","N/A"
"5","945","6","N/A","14","N/A","0.3","N/A","-427.5","N/A","3250","N/A","34.05","N/A","38","N/A","88","N/A","8.166666666666666","N/A"
"5","946","6","N/A","14","N/A","0.3","N/A","-432.5","N/A","3250","N/A","34.05","N/A","38","N/A","88","N/A","8.166666666666666","N/A"
"5","947","6","N/A","14","N/A","0.3","N/A","-437.5","N/A","3250","N/A","34.05","N/A","38","N/A","88","N/A","8.166666666666666","N/A"
"5","948","6","N/A","14","N/A","0.3","N/A","-442.5","N/A","3250","N/A","34.05","N/A","38","N/A","88","N/A","8.166666666666666","N/A"
"5","949","6","N/A","14","N/A","0.3","N/A","-447.5","N/A","3250","N/A","34.05","N/A","38","N/A","88","N/A","8.166666666666666","N/A"
"5","950","6","N/A","14","N/A","0.3","N/A","-452.5","N/A","3250","N/A","34.05","N/A","38","N/A","88","N/A","8.166666666666666","N/A"
"5","951","6","N/A","14","N/A","0.3","N/A","-457.5","N/A","3250","N/A","34.05","N/A","38","N/A","88","N/A","8.166666666666666","N/A"
"5","952","6","N/A","14","N/A","0.3","N/A","-379.1666666666667","N/A","3333.3333333333335","N/A","34.05","N/A","38","N/A","88","N/A","8.166666666666666","N/A"
"5","953","6","N/A","14","N/A","0.3","N/A","-384.1666666666667","N/A","3333.3333333333335","N/A","34.05","N/A","38","N/A","88","N/A","8.166666666666666","N/A"
"5","954","6","N/A","14","N/A","0.3","N/A","-389.1666666666667","N/A","3333.3333333333335","N/A","34.05","N/A","38","N/A","88","N/A","8.166666666666666","N/A"
"5","955","6","N/A","14","N/A","0.3","N/A","-394.1666666666667","N/A","3333.3333333333335","N/A","34.05","N/A","38","N/A","88","N/A","8.166666666666666","N/A"
"5","956","6","N/A","14","N/A","0.3","N/A","-399.1666666666667","N/A","3333.3333333333335","N/A","34.05","N/A","38","N/A","88","N/A","8.166666666666666","N/A"
"5","957","6","N/A","14","N/A","0.3","N/A","-404.1666666666667","N/A","3333.3333333333335","N/A","34.05","N/A","38","N/A","88","N/A","8.166666666666666","N/A"
"5","958","6","N/A","14","N/A","0.3","N/A","-409.1666666666667","N/A","3333.3333333333335","N/A","34.05","N/A","38","N/A","88","N/A","8.166666666666666","N/A"
"5","959","6","N/A","14","N/A","0.3","N/A","-414.1666666666667","N/A","3333.3333333333335","N/A","34.05","N/A","38","N/A","88","N/A","8.166666666666666","N/A"
"5","960","6","N/A","14","N/A","0.3","N/A","-419.1666666666667","N/A","3333.3333333333335","N/A","34.05","N/A","38","N/A","88","N/A","8.166666666666666","N/A"
"5","961","6","N/A","14","N/A","0.3","N/A","-424.1666666666667","N/A","3333.3333333333335","N/A","34.05","N/A","38","N/A","88","N/A","8.166666666666666","N/A"
"5","962","6","N/A","14","N/A","0.3","N/A","-429.1666666666667","N/A","3333.3333333333335","N/A","34.05","N/A","38","N/A","88","N/A","8.166666666666666","N/A"
"5","963","6","N/A","14","N/A","0.3","N/A","-434.1666666666667","N/A","3333.3333333333335","N/A","34.05","N/A","38","N/A","88","N/A","8.166666666666666","N/A"
"5","964","6","N/A","14","N/A","0.3","N/A","-439.1666666666667","N/A","3333.3333333333335","N/A","34.05","N/A","38","N/A","88","N/A","8.166666666666666","N/A"
"5","965","6","N/A","14","N/A","0.3","N/A","-444.1666666666667","N/A","3333.3333333333335","N/A","34.05","N/A","38","N/A","88","N/A","8.166666666666666","N/A"
"5","966","6","N/A","14","N/A","0.3","N/A","-449.1666666666667","N/A","3333.3333333333335","N/A","34.05","N/A","38","N/A","88","N/A","8.166666666666666","N/A"
"5","967","6","N/A","14","N/A","0.3","N/A","-454.1666666666667","N/A","3333.3333333333335","N/A","34.05","N/A","38","N/A","88","N/A","8.166666666666666","N/A"
"5","968","6","N/A","14","N/A","0.3","N/A","-459.1666666666667","N/A","3333.3333333333335","N/A","34.05","N/A","38","N/A","88","N/A","8.166666666666666","N/A"
"5","969","6","N/A","14","N/A","0.3","N/A","-464.1666666666667","N/A","3333.3333333333335","N/A","34.05","N/A","38","N/A","88","N/A","8.166666666666666","N/A"
"5","970","6","N/A","14","N/A","0.3","N/A","-469.1666666666667","N/A","3333.3333333333335","N/A","34.05","N/A","38","N/A","88","N/A","8.166666666666666","N/A"
"5","971","6","N/A","14","N/A","0.3","N/A","-474.1666666666667","N/A","3333.3333333333335","N/A","34.05","N/A","38","N/A","88","N/A","8.166666666666666","N/A"
"5","972","6","N/A","14","N/A","0.3","N/A","-479.1666666666667","N/A","3333.3333333333335","N/A","34.05","N/A","38","N/A","88","N/A","8.166666666666666","N/A"
"5","973","6","N/A","14","N/A","0.3","N/A","-484.1666666666667","N/A","3333.3333333333335","N/A","34.05","N/A","38","N/A","88","N/A","8.166666666666666","N/A"
"5","974","6","N/A","14","N/A","0.3","N/A","-489.1666666666667","N/A","3333.3333333333335","N/A","34.05","N/A","41","N/A","88","N/A","8.333333333333334","N/A"
"5","975","6","N/A","14","N/A","0.3","N/A","-494.1666666666667","N/A","3333.3333333333335","N/A","34.05","N/A","41","N/A","88","N/A","8.333333333333334","N/A"
"5","976","6","N/A","14","N/A","0.3","N/A","-499.1666666666667","N/A","3333.3333333333335","N/A","34.05","N/A","41","N/A","88","N/A","8.333333333333334","N/A"
"5","977","6","N/A","14","N/A","0.3","N/A","-504.1666666666667","N/A","3333.3333333333335","N/A","34.05","N/A","41","N/A","88","N/A","8.333333333333334","N/A"
"5","978","6","N/A","14","N/A","0.3","N/A","-509.1666666666667","N/A","3333.3333333333335","N/A","34.05","N/A","41","N/A","88","N/A","8.333333333333334","N/A"
"5","979","6","N/A","14","N/A","0.3","N/A","-514.1666666666666","N/A","3333.3333333333335","N/A","34.05","N/A","41","N/A","88","N/A","8.333333333333334","N/A"
"5","980","6","N/A","14","N/A","0.3","N/A","-519.1666666666666","N/A","3333.3333333333335","N/A","34.05","N/A","41","N/A","88","N/A","8.333333333333334","N/A"
"5","981","6","N/A","14","N/A","0.3","N/A","-524.1666666666666","N/A","3333.3333333333335","N/A","34.05","N/A","41","N/A","88","N/A","8.333333333333334","N/A"
"5","982","6","N/A","14","N/A","0.3","N/A","-529.1666666666666","N/A","3333.3333333333335","N/A","34.05","N/A","41","N/A","88","N/A","8.333333333333334","N/A"
"5","983","6","N/A","14","N/A","0.3","N/A","-534.1666666666666","N/A","3333.3333333333335","N/A","34.05","N/A","41","N/A","88","N/A","8.333333333333334","N/A"
"5","984","6","N/A","14","N/A","0.3","N/A","-539.1666666666666","N/A","3333.3333333333335","N/A","34.05","N/A","41","N/A","88","N/A","8.333333333333334","N/A"
"5","985","6","N/A","14","N/A","0.3","N/A","-544.1666666666666","N/A","3333.3333333333335","N/A","34.05","N/A","41","N/A","88","N/A","8.333333333333334","N/A"
"5","986","6","N/A","14","N/A","0.3","N/A","-549.1666666666666","N/A","3333.3333333333335","N/A","34.05","N/A","41","N/A","88","N/A","8.333333333333334","N/A"
"5","987","6","N/A","14","N/A","0.3","N/A","-554.1666666666666","N/A","3333.3333333333335","N/A","34.05","N/A","41","N/A","88","N/A","8.333333333333334","N/A"
"5","988","6","N/A","14","N/A","0.3","N/A","-559.1666666666666","N/A","3333.3333333333335","N/A","34.05","N/A","41","N/A","88","N/A","8.333333333333334","N/A"
"5","989","6","N/A","14","N/A","0.3","N/A","-564.1666666666666","N/A","3333.3333333333335","N/A","34.05","N/A","41","N/A","88","N/A","8.333333333333334","N/A"
"5","990","6","N/A","14","N/A","0.3","N/A","-569.1666666666666","N/A","3333.3333333333335","N/A","34.05","N/A","41","N/A","88","N/A","8.333333333333334","N/A"
"5","991","6","N/A","14","N/A","0.3","N/A","-574.1666666666666","N/A","3333.3333333333335","N/A","34.05","N/A","41","N/A","88","N/A","8.333333333333334","N/A"
"5","992","6","N/A","14","N/A","0.3","N/A","-579.1666666666666","N/A","3333.3333333333335","N/A","34.05","N/A","41","N/A","88","N/A","8.333333333333334","N/A"
"5","993","6","N/A","14","N/A","0.3","N/A","-584.1666666666666","N/A","3333.3333333333335","N/A","34.05","N/A","41","N/A","88","N/A","8.333333333333334","N/A"
"5","994","6","N/A","14","N/A","0.3","N/A","-589.1666666666666","N/A","3333.3333333333335","N/A","34.05","N/A","41","N/A","88","N/A","8.333333333333334","N/A"
"5","995","6","N/A","14","N/A","0.3","N/A","-594.1666666666666","N/A","3333.3333333333335","N/A","34.05","N/A","41","N/A","88","N/A","8.333333333333334","N/A"
"5","996","6","N/A","14","N/A","0.3","N/A","-599.1666666666666","N/A","3333.3333333333335","N/A","34.05","N/A","41","N/A","88","N/A","8.333333333333334","N/A"
"5","997","6","N/A","14","N/A","0.3","N/A","-604.1666666666666","N/A","3333.3333333333335","N/A","34.05","N/A","41","N/A","88","N/A","8.333333333333334","N/A"
"5","998","6","N/A","14","N/A","0.3","N/A","-609.1666666666666","N/A","3333.3333333333335","N/A","34.05","N/A","41","N/A","88","N/A","8.333333333333334","N/A"
"5","999","6","N/A","14","N/A","0.3","N/A","-614.1666666666666","N/A","3333.3333333333335","N/A","34.05","N/A","41","N/A","88","N/A","8.333333333333334","N/A"
"5","1000","6","N/A","14","N/A","0.3","N/A","-619.1666666666666","N/A","3333.3333333333335","N/A","34.05","N/A","41","N/A","88","N/A","8.333333333333334","N/A"
"10","0","20","N/A","0","N/A","1","N/A","1000","N/A","0","N/A","669.75","N/A","26","N/A","0","N/A","3.95","N/A"
"10","1","20","N/A","0","N/A","1","N/A","1024.125","N/A","0","N/A","556","N/A","26","N/A","0","N/A","3.95","N/A"
"10","2","20","N/A","0","N/A","1","N/A","1045.625","N/A","0","N/A","451","N/A","27","N/A","0","N/A","4","N/A"
"10","3","20","N/A","0","N/A","1","N/A","1067.5","N/A","0","N/A","344.75","N/A","31","N/A","0","N/A","4.05","N/A"
"10","4","20","N/A","0","N/A","1","N/A","1083.375","N/A","0","N/A","258.5","N/A","31","N/A","0","N/A","4.05","N/A"
"10","5","20","N/A","0","N/A","1","N/A","1092.5","N/A","0","N/A","194.75","N/A","35","N/A","0","N/A","4.1","N/A"
"10","6","20","N/A","0","N/A","1","N/A","1099.75","N/A","0","N/A","137.25","N/A","35","N/A","0","N/A","4.15","N/A"
"10","7","20","N/A","0","N/A","1","N/A","1104","N/A","0","N/A","89.75","N/A","35","N/A","0","N/A","4.2","N/A"
"10","8","20","N/A","0","N/A","1","N/A","1104.5","N/A","0","N/A","54.75","N/A","35","N/A","0","N/A","4.2","N/A"
"10","9","20","N/A","0","N/A","1","N/A","1096","N/A","0","N/A","49.75","N/A","35","N/A","0","N/A","4.25","N/A"
"10","10","20","N/A","0","N/A","1","N/A","1086","N/A","0","N/A","49.75","N/A","35","N/A","0","N/A","4.25","N/A"
"10","11","20","N/A","0","N/A","1","N/A","1076","N/A","0","N/A","49.75","N/A","35","N/A","0","N/A","4.25","N/A"
"10","12","20","N/A","0","N/A","1","N/A","1066","N/A","0","N/A","49.75","N/A","35","N/A","0","N/A","4.25","N/A"
"10","13","20","N/A","0","N/A","1","N/A","1056","N/A","0","N/A","49.75","N/A","35","N/A","0","N/A","4.3","N/A"
"10","14","20","N/A","0","N/A","1","N/A","1046","N/A","0","N/A","49.75","N/A","35","N/A","0","N/A","4.3","N/A"
"10","15","20","N/A","0","N/A","1","N/A","1036","N/A","0","N/A","49.75","N/A","35","N/A","0","N/A","4.3","N/A"
"10","16","20","N/A","0","N/A","1","N/A","1026","N/A","0","N/A","49.75","N/A","35","N/A","0","N/A","4.3","N/A"
"10","17","20","N/A","0","N/A","1","N/A","1016","N/A","0","N/A","49.75","N/A","35","N/A","0","N/A","4.3","N/A"
"10","18","20","N/A","0","N/A","1","N/A","1006","N/A","0","N/A","49.75","N/A","35","N/A","0","N/A","4.35","N/A"
"10","19","20","N/A","0","N/A","1","N/A","996","N/A","0","N/A","49.75","N/A","35","N/A","0","N/A","4.35","N/A"
"10","20","20","N/A","0","N/A","1","N/A","986","N/A","0","N/A","49.75","N/A","35","N/A","0","N/A","4.35","N/A"
"10","21","20","N/A","0","N/A","1","N/A","976","N/A","0","N/A","49.75","N/A","35","N/A","0","N/A","4.35","N/A"
"10","22","20","N/A","0","N/A","1","N/A","966","N/A","0","N/A","49.75","N/A","35","N/A","0","N/A","4.35","N/A"
"10","23","20","N/A","0","N/A","1","N/A","956","N/A","0","N/A","49.75","N/A","35","N/A","0","N/A","4.35","N/A"
"10","24","20","N/A","0","N/A","1","N/A","946","N/A","0","N/A","49.75","N/A","35","N/A","0","N/A","4.35","N/A"
"10","25","20","N/A","0","N/A","1","N/A","936","N/A","0","N/A","49.75","N/A","35","N/A","0","N/A","4.35","N/A"
"10","26","20","N/A","0","N/A","1","N/A","926","N/A","0","N/A","49.75","N/A","40","N/A","0","N/A","4.4","N/A"
"10","27","20","N/A","0","N/A","1","N/A","916","N/A","0","N/A","49.75","N/A","40","N/A","0","N/A","4.4","N/A"
"10","28","20","N/A","0","N/A","1","N/A","906","N/A","0","N/A","49.75","N/A","44","N/A","0","N/A","4.45","N/A"
"10","29","20","N/A","0","N/A","1","N/A","896","N/A","0","N/A","49.75","N/A","44","N/A","0","N/A","4.45","N/A"
"10","30","20","N/A","0","N/A","1","N/A","886","N/A","0","N/A","49.75","N/A","44","N/A","0","N/A","4.45","N/A"
"10","31","20","N/A","0","N/A","1","N/A","876","N/A","0","N/A","49.75","N/A","44","N/A","0","N/A","4.45","N/A"
"10","32","20","N/A","0","N/A","1","N/A","866","N/A","0","N/A","49.75","N/A","44","N/A","0","N/A","4.45","N/A"
"10","33","20","N/A","0","N/A","1","N/A","856","N/A","0","N/A","49.75","N/A","44","N/A","0","N/A","4.45","N/A"
"10","34","20","N/A","0","N/A","1","N/A","846","N/A","0","N/A","49.75","N/A","44","N/A","0","N/A","4.45","N/A"
"10","35","20","N/A","0","N/A","1","N/A","836","N/A","0","N/A","49.75","N/A","44","N/A","0","N/A","4.45","N/A"
"10","36","20","N/A","0","N/A","1","N/A","826","N/A","0","N/A","49.75","N/A","44","N/A","0","N/A","4.45","N/A"
"10","37","20","N/A","0","N/A","1","N/A","816","N/A","0","N/A","49.75","N/A","44","N/A","0","N/A","4.45","N/A"
"10","38","20","N/A","0","N/A","1","N/A","806","N/A","0","N/A","49.75","N/A","44","N/A","0","N/A","4.45","N/A"
"10","39","20","N/A","0","N/A","1","N/A","796","N/A","0","N/A","49.75","N/A","44","N/A","0","N/A","4.45","N/A"
"10","40","20","N/A","0","N/A","1","N/A","786","N/A","0","N/A","49.75","N/A","44","N/A","0","N/A","4.45","N/A"
"10","41","20","N/A","0","N/A","1","N/A","776","N/A","0","N/A","49.75","N/A","44","N/A","0","N/A","4.45","N/A"
"10","42","20","N/A","0","N/A","1","N/A","766","N/A","0","N/A","49.75","N/A","44","N/A","0","N/A","4.5","N/A"
"10","43","20","N/A","0","N/A","1","N/A","756","N/A","0","N/A","49.75","N/A","44","N/A","0","N/A","4.5","N/A"
"10","44","20","N/A","0","N/A","1","N/A","746","N/A","0","N/A","49.75","N/A","44","N/A","0","N/A","4.5","N/A"
"10","45","20","N/A","0","N/A","1","N/A","736","N/A","0","N/A","49.75","N/A","44","N/A","0","N/A","4.5","N/A"
"10","46","20","N/A","0","N/A","1","N/A","726","N/A","0","N/A","49.75","N/A","44","N/A","0","N/A","4.55","N/A"
"10","47","20","N/A","0","N/A","1","N/A","716","N/A","0","N/A","49.75","N/A","44","N/A","0","N/A","4.55","N/A"
"10","48","20","N/A","0","N/A","1","N/A","706","N/A","0","N/A","49.75","N/A","44","N/A","0","N/A","4.55","N/A"
"10","49","20","N/A","0","N/A","1","N/A","696","N/A","0","N/A","49.75","N/A","44","N/A","0","N/A","4.55","N/A"
"10","50","20","N/A","0","N/A","1","N/A","686","N/A","0","N/A","49.75","N/A","44","N/A","0","N/A","4.6","N/A"
"10","51","20","N/A","0","N/A","1","N/A","676","N/A","0","N/A","49.75","N/A","44","N/A","0","N/A","4.6","N/A"
"10","52","20","N/A","0","N/A","1","N/A","666","N/A","0","N/A","49.75","N/A","44","N/A","0","N/A","4.6","N/A"
"10","53","20","N/A","0","N/A","1","N/A","656","N/A","0","N/A","49.75","N/A","44","N/A","0","N/A","4.6","N/A"
"10","54","20","N/A","0","N/A","1","N/A","646","N/A","0","N/A","49.75","N/A","44","N/A","0","N/A","4.6","N/A"
"10","55","20","N/A","0","N/A","1","N/A","636","N/A","0","N/A","49.75","N/A","45","N/A","0","N/A","4.65","N/A"
"10","56","20","N/A","0","N/A","1","N/A","626","N/A","0","N/A","49.75","N/A","45","N/A","0","N/A","4.65","N/A"
"10","57","20","N/A","0","N/A","1","N/A","616","N/A","0","N/A","49.75","N/A","46","N/A","0","N/A","4.7","N/A"
"10","58","20","N/A","0","N/A","1","N/A","606","N/A","0","N/A","49.75","N/A","46","N/A","0","N/A","4.7","N/A"
"10","59","20","N/A","0","N/A","1","N/A","596","N/A","0","N/A","49.75","N/A","46","N/A","0","N/A","4.7","N/A"
"10","60","20","N/A","0","N/A","1","N/A","586","N/A","0","N/A","49.75","N/A","46","N/A","0","N/A","4.7","N/A"
"10","61","20","N/A","0","N/A","1","N/A","576","N/A","0","N/A","49.75","N/A","46","N/A","0","N/A","4.7","N/A"
"10","62","20","N/A","0","N/A","1","N/A","566","N/A","0","N/A","49.75","N/A","46","N/A","0","N/A","4.7","N/A"
"10","63","20","N/A","0","N/A","1","N/A","556","N/A","0","N/A","49.75","N/A","46","N/A","0","N/A","4.7","N/A"
"10","64","20","N/A","0","N/A","1","N/A","546","N/A","0","N/A","49.75","N/A","46","N/A","0","N/A","4.7","N/A"
"10","65","20","N/A","0","N/A","1","N/A","536","N/A","0","N/A","49.75","N/A","46","N/A","0","N/A","4.7","N/A"
"10","66","20","N/A","0","N/A","1","N/A","526","N/A","0","N/A","49.75","N/A","46","N/A","0","N/A","4.75","N/A"
"10","67","20","N/A","0","N/A","1","N/A","516","N/A","0","N/A","49.75","N/A","46","N/A","0","N/A","4.75","N/A"
"10","68","20","N/A","0","N/A","1","N/A","506","N/A","0","N/A","49.75","N/A","46","N/A","0","N/A","4.8","N/A"
"10","69","20","N/A","0","N/A","1","N/A","496","N/A","0","N/A","49.75","N/A","46","N/A","0","N/A","4.8","N/A"
"10","70","20","N/A","0","N/A","1","N/A","486","N/A","0","N/A","49.75","N/A","46","N/A","0","N/A","4.8","N/A"
"10","71","20","N/A","0","N/A","1","N/A","476","N/A","0","N/A","49.75","N/A","46","N/A","0","N/A","4.8","N/A"
"10","72","20","N/A","0","N/A","1","N/A","466","N/A","0","N/A","49.75","N/A","46","N/A","0","N/A","4.8","N/A"
"10","73","20","N/A","0","N/A","1","N/A","456","N/A","0","N/A","49.75","N/A","46","N/A","0","N/A","4.8","N/A"
"10","74","20","N/A","0","N/A","1","N/A","446","N/A","0","N/A","49.75","N/A","46","N/A","0","N/A","4.8","N/A"
"10","75","20","N/A","0","N/A","1","N/A","436","N/A","0","N/A","49.75","N/A","46","N/A","0","N/A","4.8","N/A"
"10","76","20","N/A","0","N/A","1","N/A","426","N/A","0","N/A","49.75","N/A","46","N/A","0","N/A","4.85","N/A"
"10","77","20","N/A","0","N/A","1","N/A","416","N/A","0","N/A","49.75","N/A","46","N/A","0","N/A","4.85","N/A"
"10","78","20","N/A","0","N/A","1","N/A","406","N/A","0","N/A","49.75","N/A","46","N/A","0","N/A","4.85","N/A"
"10","79","20","N/A","0","N/A","1","N/A","396","N/A","0","N/A","49.75","N/A","46","N/A","0","N/A","4.85","N/A"
"10","80","20","N/A","0","N/A","1","N/A","386","N/A","0","N/A","49.75","N/A","46","N/A","0","N/A","4.9","N/A"
"10","81","20","N/A","0","N/A","1","N/A","376","N/A","0","N/A","49.75","N/A","46","N/A","0","N/A","4.95","N/A"
"10","82","20","N/A","0","N/A","1","N/A","366","N/A","0","N/A","49.75","N/A","46","N/A","0","N/A","4.95","N/A"
"10","83","20","N/A","0","N/A","1","N/A","356","N/A","0","N/A","49.75","N/A","46","N/A","0","N/A","4.95","N/A"
"10","84","20","N/A","0","N/A","1","N/A","346","N/A","0","N/A","49.75","N/A","46","N/A","0","N/A","4.95","N/A"
"10","85","20","N/A","0","N/A","1","N/A","336","N/A","0","N/A","49.75","N/A","46","N/A","0","N/A","4.95","N/A"
"10","86","20","N/A","0","N/A","1","N/A","326","N/A","0","N/A","49.75","N/A","46","N/A","0","N/A","4.95","N/A"
"10","87","20","N/A","0","N/A","1","N/A","316","N/A","0","N/A","49.75","N/A","46","N/A","0","N/A","4.95","N/A"
"10","88","20","N/A","0","N/A","1","N/A","306","N/A","0","N/A","49.75","N/A","46","N/A","0","N/A","4.95","N/A"
"10","89","20","N/A","0","N/A","1","N/A","296","N/A","0","N/A","49.75","N/A","46","N/A","0","N/A","5","N/A"
"10","90","20","N/A","0","N/A","1","N/A","286","N/A","0","N/A","49.75","N/A","46","N/A","0","N/A","5.05","N/A"
"10","91","20","N/A","0","N/A","1","N/A","276","N/A","0","N/A","49.75","N/A","46","N/A","0","N/A","5.05","N/A"
"10","92","20","N/A","0","N/A","1","N/A","266","N/A","0","N/A","49.75","N/A","46","N/A","0","N/A","5.05","N/A"
"10","93","20","N/A","0","N/A","1","N/A","256","N/A","0","N/A","49.75","N/A","46","N/A","0","N/A","5.05","N/A"
"10","94","20","N/A","0","N/A","1","N/A","246","N/A","0","N/A","49.75","N/A","46","N/A","0","N/A","5.05","N/A"
"10","95","20","N/A","0","N/A","1","N/A","236","N/A","0","N/A","49.75","N/A","46","N/A","0","N/A","5.05","N/A"
"10","96","20","N/A","0","N/A","1","N/A","226","N/A","0","N/A","49.75","N/A","46","N/A","0","N/A","5.05","N/A"
"10","97","20","N/A","0","N/A","1","N/A","216","N/A","0","N/A","49.75","N/A","46","N/A","0","N/A","5.05","N/A"
"10","98","20","N/A","0","N/A","1","N/A","206","N/A","0","N/A","49.75","N/A","46","N/A","0","N/A","5.1","N/A"
"10","99","20","N/A","0","N/A","1","N/A","196","N/A","0","N/A","49.75","N/A","46","N/A","0","N/A","5.2","N/A"
"10","100","20","N/A","0","N/A","1","N/A","186","N/A","0","N/A","49.75","N/A","50","N/A","0","N/A","5.25","N/A"
"10","101","20","N/A","0","N/A","1","N/A","351","N/A","175","N/A","49.75","N/A","50","N/A","0","N/A","5.25","N/A"
"10","102","20","N/A","0","N/A","1","N/A","391","N/A","225","N/A","49.75","N/A","50","N/A","0","N/A","5.3","N/A"
"10","103","20","N/A","0","N/A","1","N/A","406","N/A","250","N/A","49.75","N/A","50","N/A","0","N/A","5.3","N/A"
"10","104","20","N/A","0","N/A","1","N/A","421","N/A","275","N/A","49.75","N/A","50","N/A","0","N/A","5.3","N/A"
"10","105","20","N/A","0","N/A","1","N/A","436","N/A","300","N/A","49.75","N/A","50","N/A","0","N/A","5.3","N/A"
"10","106","20","N/A","0","N/A","1","N/A","426","N/A","300","N/A","49.75","N/A","50","N/A","0","N/A","5.3","N/A"
"10","107","20","N/A","0","N/A","1","N/A","416","N/A","300","N/A","49.75","N/A","50","N/A","0","N/A","5.3","N/A"
"10","108","20","N/A","0","N/A","1","N/A","406","N/A","300","N/A","49.75","N/A","50","N/A","0","N/A","5.3","N/A"
"10","109","20","N/A","0","N/A","1","N/A","396","N/A","300","N/A","49.75","N/A","50","N/A","0","N/A","5.3","N/A"
"10","110","20","N/A","0","N/A","1","N/A","386","N/A","300","N/A","49.75","N/A","50","N/A","0","N/A","5.3","N/A"
"10","111","20","N/A","0","N/A","1","N/A","376","N/A","300","N/A","49.75","N/A","50","N/A","0","N/A","5.3","N/A"
"10","112","20","N/A","0","N/A","1","N/A","366","N/A","300","N/A","49.75","N/A","51","N/A","0","N/A","5.35","N/A"
"10","113","20","N/A","0","N/A","1","N/A","356","N/A","300","N/A","49.75","N/A","51","N/A","0","N/A","5.35","N/A"
"10","114","20","N/A","0","N/A","1","N/A","346","N/A","300","N/A","49.75","N/A","51","N/A","0","N/A","5.35","N/A"
"10","115","20","N/A","0","N/A","1","N/A","336","N/A","300","N/A","49.75","N/A","51","N/A","0","N/A","5.35","N/A"
"10","116","20","N/A","0","N/A","1","N/A","326","N/A","300","N/A","49.75","N/A","51","N/A","0","N/A","5.35","N/A"
"10","117","20","N/A","0","N/A","1","N/A","341","N/A","325","N/A","49.75","N/A","51","N/A","0","N/A","5.35","N/A"
"10","118","20","N/A","0","N/A","1","N/A","356","N/A","350","N/A","49.75","N/A","51","N/A","0","N/A","5.35","N/A"
"10","119","20","N/A","0","N/A","1","N/A","371","N/A","375","N/A","49.75","N/A","51","N/A","0","N/A","5.35","N/A"
"10","120","20","N/A","0","N/A","1","N/A","361","N/A","375","N/A","49.75","N/A","51","N/A","0","N/A","5.35","N/A"
"10","121","20","N/A","0","N/A","1","N/A","351","N/A","375","N/A","49.75","N/A","51","N/A","0","N/A","5.35","N/A"
"10","122","20","N/A","0","N/A","1","N/A","341","N/A","375","N/A","49.75","N/A","51","N/A","0","N/A","5.35","N/A"
"10","123","20","N/A","0","N/A","1","N/A","331","N/A","375","N/A","49.75","N/A","56","N/A","0","N/A","5.4","N/A"
"10","124","20","N/A","0","N/A","1","N/A","321","N/A","375","N/A","49.75","N/A","56","N/A","0","N/A","5.4","N/A"
"10","125","20","N/A","0","N/A","1","N/A","311","N/A","375","N/A","49.75","N/A","56","N/A","0","N/A","5.4","N/A"
"10","126","20","N/A","0","N/A","1","N/A","301","N/A","375","N/A","49.75","N/A","56","N/A","0","N/A","5.4","N/A"
"10","127","20","N/A","0","N/A","1","N/A","291","N/A","375","N/A","49.75","N/A","56","N/A","0","N/A","5.4","N/A"
"10","128","20","N/A","0","N/A","1","N/A","281","N/A","375","N/A","49.75","N/A","56","N/A","0","N/A","5.4","N/A"
"10","129","20","N/A","0","N/A","1","N/A","271","N/A","375","N/A","49.75","N/A","56","N/A","0","N/A","5.4","N/A"
"10","130","20","N/A","0","N/A","1","N/A","261","N/A","375","N/A","49.75","N/A","56","N/A","0","N/A","5.4","N/A"
"10","131","20","N/A","0","N/A","1","N/A","251","N/A","375","N/A","49.75","N/A","56","N/A","0","N/A","5.4","N/A"
"10","132","20","N/A","0","N/A","1","N/A","241","N/A","375","N/A","49.75","N/A","56","N/A","0","N/A","5.4","N/A"
"10","133","20","N/A","0","N/A","1","N/A","231","N/A","375","N/A","49.75","N/A","56","N/A","0","N/A","5.4","N/A"
"10","134","20","N/A","0","N/A","1","N/A","221","N/A","375","N/A","49.75","N/A","56","N/A","0","N/A","5.4","N/A"
"10","135","20","N/A","0","N/A","1","N/A","211","N/A","375","N/A","49.75","N/A","56","N/A","0","N/A","5.4","N/A"
"10","136","20","N/A","0","N/A","1","N/A","201","N/A","375","N/A","49.75","N/A","56","N/A","0","N/A","5.4","N/A"
"10","137","20","N/A","0","N/A","1","N/A","191","N/A","375","N/A","49.75","N/A","56","N/A","0","N/A","5.4","N/A"
"10","138","20","N/A","0","N/A","1","N/A","181","N/A","375","N/A","49.75","N/A","56","N/A","0","N/A","5.4","N/A"
"10","139","20","N/A","0","N/A","1","N/A","171","N/A","375","N/A","49.75","N/A","56","N/A","0","N/A","5.4","N/A"
"10","140","20","N/A","0","N/A","1","N/A","161","N/A","375","N/A","49.75","N/A","56","N/A","0","N/A","5.4","N/A"
"10","141","20","N/A","0","N/A","1","N/A","176","N/A","400","N/A","49.75","N/A","56","N/A","0","N/A","5.4","N/A"
"10","142","20","N/A","0","N/A","1","N/A","166","N/A","400","N/A","49.75","N/A","56","N/A","0","N/A","5.4","N/A"
"10","143","20","N/A","0","N/A","1","N/A","156","N/A","400","N/A","49.75","N/A","56","N/A","0","N/A","5.45","N/A"
"10","144","20","N/A","0","N/A","1","N/A","171","N/A","425","N/A","49.75","N/A","56","N/A","0","N/A","5.45","N/A"
"10","145","20","N/A","0","N/A","1","N/A","161","N/A","425","N/A","49.75","N/A","56","N/A","0","N/A","5.5","N/A"
"10","146","20","N/A","0","N/A","1","N/A","151","N/A","425","N/A","49.75","N/A","56","N/A","0","N/A","5.5","N/A"
"10","147","20","N/A","0","N/A","1","N/A","141","N/A","425","N/A","49.75","N/A","56","N/A","0","N/A","5.5","N/A"
"10","148","20","N/A","0","N/A","1","N/A","131","N/A","425","N/A","49.75","N/A","56","N/A","0","N/A","5.5","N/A"
"10","149","20","N/A","0","N/A","1","N/A","121","N/A","425","N/A","49.75","N/A","56","N/A","0","N/A","5.5","N/A"
"10","150","20","N/A","0","N/A","1","N/A","111","N/A","425","N/A","49.75","N/A","56","N/A","0","N/A","5.5","N/A"
"10","151","20","N/A","0","N/A","1","N/A","251","N/A","575","N/A","49.75","N/A","56","N/A","0","N/A","5.5","N/A"
"10","152","20","N/A","0","N/A","1","N/A","291","N/A","625","N/A","49.75","N/A","56","N/A","0","N/A","5.5","N/A"
"10","153","20","N/A","0","N/A","1","N/A","306","N/A","650","N/A","49.75","N/A","56","N/A","0","N/A","5.5","N/A"
"10","154","20","N/A","0","N/A","1","N/A","321","N/A","675","N/A","49.75","N/A","56","N/A","0","N/A","5.5","N/A"
"10","155","20","N/A","0","N/A","1","N/A","311","N/A","675","N/A","49.75","N/A","56","N/A","0","N/A","5.5","N/A"
"10","156","20","N/A","0","N/A","1","N/A","301","N/A","675","N/A","49.75","N/A","56","N/A","0","N/A","5.5","N/A"
"10","157","20","N/A","0","N/A","1","N/A","341","N/A","725","N/A","49.75","N/A","60","N/A","0","N/A","5.55","N/A"
"10","158","20","N/A","0","N/A","1","N/A","331","N/A","725","N/A","49.75","N/A","60","N/A","0","N/A","5.55","N/A"
"10","159","20","N/A","0","N/A","1","N/A","321","N/A","725","N/A","49.75","N/A","60","N/A","0","N/A","5.55","N/A"
"10","160","20","N/A","0","N/A","1","N/A","311","N/A","725","N/A","49.75","N/A","60","N/A","0","N/A","5.55","N/A"
"10","161","20","N/A","0","N/A","1","N/A","301","N/A","725","N/A","49.75","N/A","60","N/A","0","N/A","5.6","N/A"
"10","162","20","N/A","0","N/A","1","N/A","291","N/A","725","N/A","49.75","N/A","60","N/A","0","N/A","5.6","N/A"
"10","163","20","N/A","0","N/A","1","N/A","281","N/A","725","N/A","49.75","N/A","60","N/A","0","N/A","5.6","N/A"
"10","164","20","N/A","0","N/A","1","N/A","271","N/A","725","N/A","49.75","N/A","60","N/A","0","N/A","5.6","N/A"
"10","165","20","N/A","0","N/A","1","N/A","261","N/A","725","N/A","49.75","N/A","60","N/A","0","N/A","5.6","N/A"
"10","166","20","N/A","0","N/A","1","N/A","276","N/A","750","N/A","49.75","N/A","60","N/A","0","N/A","5.65","N/A"
"10","167","20","N/A","0","N/A","1","N/A","266","N/A","750","N/A","49.75","N/A","60","N/A","0","N/A","5.65","N/A"
"10","168","20","N/A","0","N/A","1","N/A","256","N/A","750","N/A","49.75","N/A","60","N/A","0","N/A","5.65","N/A"
"10","169","20","N/A","0","N/A","1","N/A","271","N/A","775","N/A","49.75","N/A","60","N/A","0","N/A","5.65","N/A"
"10","170","20","N/A","0","N/A","1","N/A","261","N/A","775","N/A","49.75","N/A","60","N/A","0","N/A","5.65","N/A"
"10","171","20","N/A","0","N/A","1","N/A","276","N/A","800","N/A","49.75","N/A","60","N/A","0","N/A","5.65","N/A"
"10","172","20","N/A","0","N/A","1","N/A","266","N/A","800","N/A","49.75","N/A","64","N/A","0","N/A","5.7","N/A"
"10","173","20","N/A","0","N/A","1","N/A","256","N/A","800","N/A","49.75","N/A","64","N/A","0","N/A","5.7","N/A"
"10","174","20","N/A","0","N/A","1","N/A","246","N/A","800","N/A","49.75","N/A","64","N/A","0","N/A","5.7","N/A"
"10","175","20","N/A","0","N/A","1","N/A","236","N/A","800","N/A","49.75","N/A","64","N/A","0","N/A","5.7","N/A"
"10","176","20","N/A","0","N/A","1","N/A","251","N/A","825","N/A","49.75","N/A","64","N/A","0","N/A","5.7","N/A"
"10","177","20","N/A","0","N/A","1","N/A","241","N/A","825","N/A","49.75","N/A","64","N/A","0","N/A","5.7","N/A"
"10","178","20","N/A","0","N/A","1","N/A","231","N/A","825","N/A","49.75","N/A","64","N/A","0","N/A","5.7","N/A"
"10","179","20","N/A","0","N/A","1","N/A","221","N/A","825","N/A","49.75","N/A","64","N/A","0","N/A","5.7","N/A"
"10","180","20","N/A","0","N/A","1","N/A","211","N/A","825","N/A","49.75","N/A","64","N/A","0","N/A","5.7","N/A"
"10","181","20","N/A","0","N/A","1","N/A","201","N/A","825","N/A","49.75","N/A","64","N/A","0","N/A","5.75","N/A"
"10","182","20","N/A","0","N/A","1","N/A","191","N/A","825","N/A","49.75","N/A","64","N/A","0","N/A","5.75","N/A"
"10","183","20","N/A","0","N/A","1","N/A","181","N/A","825","N/A","49.75","N/A","64","N/A","0","N/A","5.75","N/A"
"10","184","20","N/A","0","N/A","1","N/A","171","N/A","825","N/A","49.75","N/A","64","N/A","0","N/A","5.75","N/A"
"10","185","20","N/A","0","N/A","1","N/A","161","N/A","825","N/A","49.75","N/A","64","N/A","0","N/A","5.75","N/A"
"10","186","20","N/A","0","N/A","1","N/A","151","N/A","825","N/A","49.75","N/A","64","N/A","0","N/A","5.75","N/A"
"10","187","20","N/A","0","N/A","1","N/A","141","N/A","825","N/A","49.75","N/A","68","N/A","0","N/A","5.9","N/A"
"10","188","20","N/A","0","N/A","1","N/A","156","N/A","850","N/A","49.75","N/A","68","N/A","0","N/A","5.9","N/A"
"10","189","20","N/A","0","N/A","1","N/A","146","N/A","850","N/A","49.75","N/A","73","N/A","0","N/A","5.95","N/A"
"10","190","20","N/A","0","N/A","1","N/A","136","N/A","850","N/A","49.75","N/A","73","N/A","0","N/A","5.95","N/A"
"10","191","20","N/A","0","N/A","1","N/A","126","N/A","850","N/A","49.75","N/A","73","N/A","0","N/A","5.95","N/A"
"10","192","20","N/A","0","N/A","1","N/A","141","N/A","875","N/A","49.75","N/A","73","N/A","0","N/A","5.95","N/A"
"10","193","20","N/A","0","N/A","1","N/A","131","N/A","875","N/A","49.75","N/A","73","N/A","0","N/A","5.95","N/A"
"10","194","20","N/A","0","N/A","1","N/A","146","N/A","900","N/A","49.75","N/A","73","N/A","0","N/A","6","N/A"
"10","195","20","N/A","0","N/A","1","N/A","136","N/A","900","N/A","49.75","N/A","73","N/A","0","N/A","6","N/A"
"10","196","20","N/A","0","N/A","1","N/A","126","N/A","900","N/A","49.75","N/A","73","N/A","0","N/A","6","N/A"
"10","197","20","N/A","0","N/A","1","N/A","116","N/A","900","N/A","49.75","N/A","73","N/A","0","N/A","6","N/A"
"10","198","20","N/A","0","N/A","1","N/A","106","N/A","900","N/A","49.75","N/A","73","N/A","0","N/A","6","N/A"
"10","199","20","N/A","0","N/A","1","N/A","96","N/A","900","N/A","49.75","N/A","73","N/A","0","N/A","6","N/A"
"10","200","20","N/A","0","N/A","1","N/A","86","N/A","900","N/A","49.75","N/A","73","N/A","0","N/A","6","N/A"
"10","201","20","N/A","0","N/A","1","N/A","226","N/A","1050","N/A","49.75","N/A","73","N/A","0","N/A","6","N/A"
"10","202","20","N/A","0","N/A","1","N/A","241","N/A","1075","N/A","49.75","N/A","73","N/A","0","N/A","6","N/A"
"10","203","20","N/A","0","N/A","1","N/A","306","N/A","1150","N/A","49.75","N/A","73","N/A","0","N/A","6","N/A"
"10","204","20","N/A","0","N/A","1","N/A","321","N/A","1175","N/A","49.75","N/A","73","N/A","0","N/A","6","N/A"
"10","205","20","N/A","0","N/A","1","N/A","336","N/A","1200","N/A","49.75","N/A","74","N/A","0","N/A","6.05","N/A"
"10","206","20","N/A","0","N/A","1","N/A","326","N/A","1200","N/A","49.75","N/A","74","N/A","0","N/A","6.05","N/A"
"10","207","20","N/A","0","N/A","1","N/A","316","N/A","1200","N/A","49.75","N/A","74","N/A","0","N/A","6.05","N/A"
"10","208","20","N/A","0","N/A","1","N/A","306","N/A","1200","N/A","49.75","N/A","74","N/A","0","N/A","6.05","N/A"
"10","209","20","N/A","0","N/A","1","N/A","296","N/A","1200","N/A","49.75","N/A","74","N/A","0","N/A","6.05","N/A"
"10","210","20","N/A","0","N/A","1","N/A","286","N/A","1200","N/A","49.75","N/A","74","N/A","0","N/A","6.05","N/A"
"10","211","20","N/A","0","N/A","1","N/A","276","N/A","1200","N/A","49.75","N/A","74","N/A","0","N/A","6.05","N/A"
"10","212","20","N/A","0","N/A","1","N/A","266","N/A","1200","N/A","49.75","N/A","74","N/A","0","N/A","6.05","N/A"
"10","213","20","N/A","0","N/A","1","N/A","256","N/A","1200","N/A","49.75","N/A","74","N/A","0","N/A","6.05","N/A"
"10","214","20","N/A","0","N/A","1","N/A","271","N/A","1225","N/A","49.75","N/A","74","N/A","0","N/A","6.05","N/A"
"10","215","20","N/A","0","N/A","1","N/A","286","N/A","1250","N/A","49.75","N/A","74","N/A","0","N/A","6.05","N/A"
"10","216","20","N/A","0","N/A","1","N/A","276","N/A","1250","N/A","49.75","N/A","74","N/A","0","N/A","6.05","N/A"
"10","217","20","N/A","0","N/A","1","N/A","266","N/A","1250","N/A","49.75","N/A","74","N/A","0","N/A","6.05","N/A"
"10","218","20","N/A","0","N/A","1","N/A","256","N/A","1250","N/A","49.75","N/A","74","N/A","0","N/A","6.05","N/A"
"10","219","20","N/A","0","N/A","1","N/A","271","N/A","1275","N/A","49.75","N/A","74","N/A","0","N/A","6.05","N/A"
"10","220","20","N/A","0","N/A","1","N/A","286","N/A","1300","N/A","49.75","N/A","75","N/A","0","N/A","6.1","N/A"
"10","221","20","N/A","0","N/A","1","N/A","276","N/A","1300","N/A","49.75","N/A","75","N/A","0","N/A","6.1","N/A"
"10","222","20","N/A","0","N/A","1","N/A","266","N/A","1300","N/A","49.75","N/A","75","N/A","0","N/A","6.15","N/A"
"10","223","20","N/A","0","N/A","1","N/A","256","N/A","1300","N/A","49.75","N/A","75","N/A","0","N/A","6.15","N/A"
"10","224","20","N/A","0","N/A","1","N/A","246","N/A","1300","N/A","49.75","N/A","75","N/A","0","N/A","6.15","N/A"
"10","225","20","N/A","0","N/A","1","N/A","236","N/A","1300","N/A","49.75","N/A","75","N/A","0","N/A","6.15","N/A"
"10","226","20","N/A","0","N/A","1","N/A","226","N/A","1300","N/A","49.75","N/A","75","N/A","0","N/A","6.15","N/A"
"10","227","20","N/A","0","N/A","1","N/A","216","N/A","1300","N/A","49.75","N/A","75","N/A","0","N/A","6.15","N/A"
"10","228","20","N/A","0","N/A","1","N/A","231","N/A","1325","N/A","49.75","N/A","75","N/A","0","N/A","6.15","N/A"
"10","229","20","N/A","0","N/A","1","N/A","221","N/A","1325","N/A","49.75","N/A","75","N/A","0","N/A","6.15","N/A"
"10","230","20","N/A","0","N/A","1","N/A","211","N/A","1325","N/A","49.75","N/A","75","N/A","0","N/A","6.2","N/A"
"10","231","20","N/A","0","N/A","1","N/A","201","N/A","1325","N/A","49.75","N/A","75","N/A","0","N/A","6.2","N/A"
"10","232","20","N/A","0","N/A","1","N/A","191","N/A","1325","N/A","49.75","N/A","75","N/A","0","N/A","6.2","N/A"
"10","233","20","N/A","0","N/A","1","N/A","181","N/A","1325","N/A","49.75","N/A","75","N/A","0","N/A","6.2","N/A"
"10","234","20","N/A","0","N/A","1","N/A","171","N/A","1325","N/A","49.75","N/A","75","N/A","0","N/A","6.2","N/A"
"10","235","20","N/A","0","N/A","1","N/A","161","N/A","1325","N/A","49.75","N/A","75","N/A","0","N/A","6.2","N/A"
"10","236","20","N/A","0","N/A","1","N/A","151","N/A","1325","N/A","49.75","N/A","75","N/A","0","N/A","6.2","N/A"
"10","237","20","N/A","0","N/A","1","N/A","141","N/A","1325","N/A","49.75","N/A","75","N/A","0","N/A","6.2","N/A"
"10","238","20","N/A","0","N/A","1","N/A","156","N/A","1350","N/A","49.75","N/A","75","N/A","0","N/A","6.2","N/A"
"10","239","20","N/A","0","N/A","1","N/A","146","N/A","1350","N/A","49.75","N/A","75","N/A","0","N/A","6.2","N/A"
"10","240","20","N/A","0","N/A","1","N/A","136","N/A","1350","N/A","49.75","N/A","75","N/A","0","N/A","6.2","N/A"
"10","241","20","N/A","0","N/A","1","N/A","126","N/A","1350","N/A","49.75","N/A","75","N/A","0","N/A","6.2","N/A"
"10","242","20","N/A","0","N/A","1","N/A","116","N/A","1350","N/A","49.75","N/A","75","N/A","0","N/A","6.2","N/A"
"10","243","20","N/A","0","N/A","1","N/A","106","N/A","1350","N/A","49.75","N/A","75","N/A","0","N/A","6.2","N/A"
"10","244","20","N/A","0","N/A","1","N/A","96","N/A","1350","N/A","49.75","N/A","75","N/A","0","N/A","6.2","N/A"
"10","245","20","N/A","0","N/A","1","N/A","111","N/A","1375","N/A","49.75","N/A","75","N/A","0","N/A","6.2","N/A"
"10","246","20","N/A","0","N/A","1","N/A","101","N/A","1375","N/A","49.75","N/A","75","N/A","0","N/A","6.2","N/A"
"10","247","20","N/A","0","N/A","1","N/A","91","N/A","1375","N/A","49.75","N/A","75","N/A","0","N/A","6.2","N/A"
"10","248","20","N/A","0","N/A","1","N/A","81","N/A","1375","N/A","49.75","N/A","75","N/A","0","N/A","6.2","N/A"
"10","249","20","N/A","0","N/A","1","N/A","71","N/A","1375","N/A","49.75","N/A","75","N/A","0","N/A","6.2","N/A"
"10","250","20","N/A","0","N/A","1","N/A","61","N/A","1375","N/A","49.75","N/A","75","N/A","0","N/A","6.2","N/A"
"10","251","20","N/A","0","N/A","1","N/A","226","N/A","1550","N/A","49.75","N/A","75","N/A","0","N/A","6.2","N/A"
"10","252","20","N/A","0","N/A","1","N/A","266","N/A","1600","N/A","49.75","N/A","75","N/A","0","N/A","6.2","N/A"
"10","253","20","N/A","0","N/A","1","N/A","256","N/A","1600","N/A","49.75","N/A","75","N/A","0","N/A","6.2","N/A"
"10","254","20","N/A","0","N/A","1","N/A","296","N/A","1650","N/A","49.75","N/A","75","N/A","0","N/A","6.2","N/A"
"10","255","20","N/A","0","N/A","1","N/A","286","N/A","1650","N/A","49.75","N/A","75","N/A","0","N/A","6.2","N/A"
"10","256","20","N/A","0","N/A","1","N/A","276","N/A","1650","N/A","49.75","N/A","75","N/A","0","N/A","6.2","N/A"
"10","257","20","N/A","0","N/A","1","N/A","266","N/A","1650","N/A","49.75","N/A","75","N/A","0","N/A","6.2","N/A"
"10","258","20","N/A","0","N/A","1","N/A","256","N/A","1650","N/A","49.75","N/A","75","N/A","0","N/A","6.2","N/A"
"10","259","20","N/A","0","N/A","1","N/A","246","N/A","1650","N/A","49.75","N/A","75","N/A","0","N/A","6.2","N/A"
"10","260","20","N/A","0","N/A","1","N/A","261","N/A","1675","N/A","49.75","N/A","75","N/A","0","N/A","6.2","N/A"
"10","261","20","N/A","0","N/A","1","N/A","251","N/A","1675","N/A","49.75","N/A","75","N/A","0","N/A","6.25","N/A"
"10","262","20","N/A","0","N/A","1","N/A","241","N/A","1675","N/A","49.75","N/A","75","N/A","0","N/A","6.25","N/A"
"10","263","20","N/A","0","N/A","1","N/A","231","N/A","1675","N/A","49.75","N/A","75","N/A","0","N/A","6.25","N/A"
"10","264","20","N/A","0","N/A","1","N/A","221","N/A","1675","N/A","49.75","N/A","75","N/A","0","N/A","6.25","N/A"
"10","265","20","N/A","0","N/A","1","N/A","236","N/A","1700","N/A","49.75","N/A","75","N/A","0","N/A","6.25","N/A"
"10","266","20","N/A","0","N/A","1","N/A","251","N/A","1725","N/A","49.75","N/A","75","N/A","0","N/A","6.25","N/A"
"10","267","20","N/A","0","N/A","1","N/A","266","N/A","1750","N/A","49.75","N/A","75","N/A","0","N/A","6.25","N/A"
"10","268","20","N/A","0","N/A","1","N/A","256","N/A","1750","N/A","49.75","N/A","75","N/A","0","N/A","6.3","N/A"
"10","269","20","N/A","0","N/A","1","N/A","246","N/A","1750","N/A","49.75","N/A","75","N/A","0","N/A","6.3","N/A"
"10","270","20","N/A","0","N/A","1","N/A","236","N/A","1750","N/A","49.75","N/A","75","N/A","0","N/A","6.3","N/A"
"10","271","20","N/A","0","N/A","1","N/A","251","N/A","1775","N/A","49.75","N/A","75","N/A","0","N/A","6.3","N/A"
"10","272","20","N/A","0","N/A","1","N/A","266","N/A","1800","N/A","49.75","N/A","75","N/A","0","N/A","6.3","N/A"
"10","273","20","N/A","0","N/A","1","N/A","256","N/A","1800","N/A","49.75","N/A","75","N/A","0","N/A","6.3","N/A"
"10","274","20","N/A","0","N/A","1","N/A","246","N/A","1800","N/A","49.75","N/A","75","N/A","0","N/A","6.3","N/A"
"10","275","20","N/A","0","N/A","1","N/A","236","N/A","1800","N/A","49.75","N/A","75","N/A","0","N/A","6.3","N/A"
"10","276","20","N/A","0","N/A","1","N/A","226","N/A","1800","N/A","49.75","N/A","75","N/A","0","N/A","6.3","N/A"
"10","277","20","N/A","0","N/A","1","N/A","241","N/A","1825","N/A","49.75","N/A","75","N/A","0","N/A","6.3","N/A"
"10","278","20","N/A","0","N/A","1","N/A","231","N/A","1825","N/A","49.75","N/A","75","N/A","0","N/A","6.3","N/A"
"10","279","20","N/A","0","N/A","1","N/A","221","N/A","1825","N/A","49.75","N/A","75","N/A","0","N/A","6.3","N/A"
"10","280","20","N/A","0","N/A","1","N/A","211","N/A","1825","N/A","49.75","N/A","75","N/A","0","N/A","6.3","N/A"
"10","281","20","N/A","0","N/A","1","N/A","201","N/A","1825","N/A","49.75","N/A","75","N/A","0","N/A","6.3","N/A"
"10","282","20","N/A","0","N/A","1","N/A","191","N/A","1825","N/A","49.75","N/A","75","N/A","0","N/A","6.3","N/A"
"10","283","20","N/A","0","N/A","1","N/A","181","N/A","1825","N/A","49.75","N/A","75","N/A","0","N/A","6.3","N/A"
"10","284","20","N/A","0","N/A","1","N/A","171","N/A","1825","N/A","49.75","N/A","75","N/A","0","N/A","6.3","N/A"
"10","285","20","N/A","0","N/A","1","N/A","161","N/A","1825","N/A","49.75","N/A","79","N/A","0","N/A","6.35","N/A"
"10","286","20","N/A","0","N/A","1","N/A","151","N/A","1825","N/A","49.75","N/A","79","N/A","0","N/A","6.35","N/A"
"10","287","20","N/A","0","N/A","1","N/A","141","N/A","1825","N/A","49.75","N/A","79","N/A","0","N/A","6.35","N/A"
"10","288","20","N/A","0","N/A","1","N/A","156","N/A","1850","N/A","49.75","N/A","79","N/A","0","N/A","6.35","N/A"
"10","289","20","N/A","0","N/A","1","N/A","146","N/A","1850","N/A","49.75","N/A","79","N/A","0","N/A","6.35","N/A"
"10","290","20","N/A","0","N/A","1","N/A","136","N/A","1850","N/A","49.75","N/A","79","N/A","0","N/A","6.35","N/A"
"10","291","20","N/A","0","N/A","1","N/A","126","N/A","1850","N/A","49.75","N/A","79","N/A","0","N/A","6.35","N/A"
"10","292","20","N/A","0","N/A","1","N/A","116","N/A","1850","N/A","49.75","N/A","79","N/A","0","N/A","6.35","N/A"
"10","293","20","N/A","0","N/A","1","N/A","131","N/A","1875","N/A","49.75","N/A","79","N/A","0","N/A","6.35","N/A"
"10","294","20","N/A","0","N/A","1","N/A","121","N/A","1875","N/A","49.75","N/A","79","N/A","0","N/A","6.35","N/A"
"10","295","20","N/A","0","N/A","1","N/A","111","N/A","1875","N/A","49.75","N/A","79","N/A","0","N/A","6.35","N/A"
"10","296","20","N/A","0","N/A","1","N/A","101","N/A","1875","N/A","49.75","N/A","79","N/A","0","N/A","6.35","N/A"
"10","297","20","N/A","0","N/A","1","N/A","91","N/A","1875","N/A","49.75","N/A","79","N/A","0","N/A","6.35","N/A"
"10","298","20","N/A","0","N/A","1","N/A","81","N/A","1875","N/A","49.75","N/A","79","N/A","0","N/A","6.35","N/A"
"10","299","20","N/A","0","N/A","1","N/A","71","N/A","1875","N/A","49.75","N/A","79","N/A","0","N/A","6.35","N/A"
"10","300","20","N/A","0","N/A","1","N/A","61","N/A","1875","N/A","49.75","N/A","79","N/A","0","N/A","6.4","N/A"
"10","301","20","N/A","0","N/A","1","N/A","176","N/A","2000","N/A","49.75","N/A","79","N/A","0","N/A","6.4","N/A"
"10","302","20","N/A","0","N/A","1","N/A","216","N/A","2050","N/A","49.75","N/A","79","N/A","0","N/A","6.4","N/A"
"10","303","20","N/A","0","N/A","1","N/A","256","N/A","2100","N/A","49.75","N/A","79","N/A","0","N/A","6.4","N/A"
"10","304","20","N/A","0","N/A","1","N/A","296","N/A","2150","N/A","49.75","N/A","79","N/A","0","N/A","6.4","N/A"
"10","305","20","N/A","0","N/A","1","N/A","286","N/A","2150","N/A","49.75","N/A","79","N/A","0","N/A","6.4","N/A"
"10","306","20","N/A","0","N/A","1","N/A","276","N/A","2150","N/A","49.75","N/A","79","N/A","0","N/A","6.4","N/A"
"10","307","20","N/A","0","N/A","1","N/A","266","N/A","2150","N/A","49.75","N/A","79","N/A","0","N/A","6.4","N/A"
"10","308","20","N/A","0","N/A","1","N/A","256","N/A","2150","N/A","49.75","N/A","79","N/A","0","N/A","6.4","N/A"
"10","309","20","N/A","0","N/A","1","N/A","246","N/A","2150","N/A","49.75","N/A","79","N/A","0","N/A","6.4","N/A"
"10","310","20","N/A","0","N/A","1","N/A","261","N/A","2175","N/A","49.75","N/A","79","N/A","0","N/A","6.4","N/A"
"10","311","20","N/A","0","N/A","1","N/A","251","N/A","2175","N/A","49.75","N/A","79","N/A","0","N/A","6.4","N/A"
"10","312","20","N/A","0","N/A","1","N/A","241","N/A","2175","N/A","49.75","N/A","79","N/A","0","N/A","6.4","N/A"
"10","313","20","N/A","0","N/A","1","N/A","256","N/A","2200","N/A","49.75","N/A","79","N/A","0","N/A","6.4","N/A"
"10","314","20","N/A","0","N/A","1","N/A","246","N/A","2200","N/A","49.75","N/A","79","N/A","0","N/A","6.4","N/A"
"10","315","20","N/A","0","N/A","1","N/A","261","N/A","2225","N/A","49.75","N/A","79","N/A","0","N/A","6.4","N/A"
"10","316","20","N/A","0","N/A","1","N/A","251","N/A","2225","N/A","49.75","N/A","79","N/A","0","N/A","6.45","N/A"
"10","317","20","N/A","0","N/A","1","N/A","266","N/A","2250","N/A","49.75","N/A","79","N/A","0","N/A","6.45","N/A"
"10","318","20","N/A","0","N/A","1","N/A","256","N/A","2250","N/A","49.75","N/A","79","N/A","0","N/A","6.45","N/A"
"10","319","20","N/A","0","N/A","1","N/A","271","N/A","2275","N/A","49.75","N/A","79","N/A","0","N/A","6.45","N/A"
"10","320","20","N/A","0","N/A","1","N/A","261","N/A","2275","N/A","49.75","N/A","79","N/A","0","N/A","6.45","N/A"
"10","321","20","N/A","0","N/A","1","N/A","251","N/A","2275","N/A","49.75","N/A","79","N/A","0","N/A","6.45","N/A"
"10","322","20","N/A","0","N/A","1","N/A","241","N/A","2275","N/A","49.75","N/A","79","N/A","0","N/A","6.45","N/A"
"10","323","20","N/A","0","N/A","1","N/A","231","N/A","2275","N/A","49.75","N/A","79","N/A","0","N/A","6.45","N/A"
"10","324","20","N/A","0","N/A","1","N/A","221","N/A","2275","N/A","49.75","N/A","79","N/A","0","N/A","6.5","N/A"
"10","325","20","N/A","0","N/A","1","N/A","211","N/A","2275","N/A","49.75","N/A","79","N/A","0","N/A","6.5","N/A"
"10","326","20","N/A","0","N/A","1","N/A","201","N/A","2275","N/A","49.75","N/A","79","N/A","0","N/A","6.5","N/A"
"10","327","20","N/A","0","N/A","1","N/A","191","N/A","2275","N/A","49.75","N/A","79","N/A","0","N/A","6.5","N/A"
"10","328","20","N/A","0","N/A","1","N/A","206","N/A","2300","N/A","49.75","N/A","79","N/A","0","N/A","6.5","N/A"
"10","329","20","N/A","0","N/A","1","N/A","196","N/A","2300","N/A","49.75","N/A","79","N/A","0","N/A","6.5","N/A"
"10","330","20","N/A","0","N/A","1","N/A","186","N/A","2300","N/A","49.75","N/A","79","N/A","0","N/A","6.5","N/A"
"10","331","20","N/A","0","N/A","1","N/A","176","N/A","2300","N/A","49.75","N/A","79","N/A","0","N/A","6.5","N/A"
"10","332","20","N/A","0","N/A","1","N/A","166","N/A","2300","N/A","49.75","N/A","79","N/A","0","N/A","6.5","N/A"
"10","333","20","N/A","0","N/A","1","N/A","156","N/A","2300","N/A","49.75","N/A","79","N/A","0","N/A","6.5","N/A"
"10","334","20","N/A","0","N/A","1","N/A","146","N/A","2300","N/A","49.75","N/A","79","N/A","0","N/A","6.5","N/A"
"10","335","20","N/A","0","N/A","1","N/A","136","N/A","2300","N/A","49.75","N/A","79","N/A","0","N/A","6.5","N/A"
"10","336","20","N/A","0","N/A","1","N/A","126","N/A","2300","N/A","49.75","N/A","79","N/A","0","N/A","6.5","N/A"
"10","337","20","N/A","0","N/A","1","N/A","141","N/A","2325","N/A","49.75","N/A","79","N/A","0","N/A","6.5","N/A"
"10","338","20","N/A","0","N/A","1","N/A","131","N/A","2325","N/A","49.75","N/A","79","N/A","0","N/A","6.5","N/A"
"10","339","20","N/A","0","N/A","1","N/A","121","N/A","2325","N/A","49.75","N/A","79","N/A","0","N/A","6.5","N/A"
"10","340","20","N/A","0","N/A","1","N/A","111","N/A","2325","N/A","49.75","N/A","79","N/A","0","N/A","6.5","N/A"
"10","341","20","N/A","0","N/A","1","N/A","101","N/A","2325","N/A","49.75","N/A","79","N/A","0","N/A","6.5","N/A"
"10","342","20","N/A","0","N/A","1","N/A","91","N/A","2325","N/A","49.75","N/A","79","N/A","0","N/A","6.5","N/A"
"10","343","20","N/A","0","N/A","1","N/A","81","N/A","2325","N/A","49.75","N/A","79","N/A","0","N/A","6.5","N/A"
"10","344","20","N/A","0","N/A","1","N/A","71","N/A","2325","N/A","49.75","N/A","79","N/A","0","N/A","6.5","N/A"
"10","345","20","N/A","0","N/A","1","N/A","86","N/A","2350","N/A","49.75","N/A","79","N/A","0","N/A","6.5","N/A"
"10","346","20","N/A","0","N/A","1","N/A","76","N/A","2350","N/A","49.75","N/A","79","N/A","0","N/A","6.5","N/A"
"10","347","20","N/A","0","N/A","1","N/A","66","N/A","2350","N/A","49.75","N/A","79","N/A","0","N/A","6.5","N/A"
"10","348","20","N/A","0","N/A","1","N/A","56","N/A","2350","N/A","49.75","N/A","79","N/A","0","N/A","6.5","N/A"
"10","349","20","N/A","0","N/A","1","N/A","46","N/A","2350","N/A","49.75","N/A","79","N/A","0","N/A","6.5","N/A"
"10","350","20","N/A","0","N/A","1","N/A","36","N/A","2350","N/A","49.75","N/A","79","N/A","0","N/A","6.5","N/A"
"10","351","15","N/A","5","N/A","0.75","N/A","271.3333333333333","N/A","2533.3333333333335","N/A","49.75","N/A","64","N/A","15","N/A","6.466666666666667","N/A"
"10","352","15","N/A","5","N/A","0.75","N/A","261.3333333333333","N/A","2533.3333333333335","N/A","49.75","N/A","64","N/A","15","N/A","6.466666666666667","N/A"
"10","353","15","N/A","5","N/A","0.75","N/A","251.33333333333334","N/A","2533.3333333333335","N/A","49.75","N/A","64","N/A","15","N/A","6.466666666666667","N/A"
"10","354","14","N/A","6","N/A","0.7","N/A","259.2857142857143","N/A","2535.714285714286","N/A","49.75","N/A","59","N/A","20","N/A","6.428571428571429","N/A"
"10","355","14","N/A","6","N/A","0.7","N/A","249.28571428571428","N/A","2535.714285714286","N/A","49.75","N/A","59","N/A","20","N/A","6.428571428571429","N/A"
"10","356","14","N/A","6","N/A","0.7","N/A","239.28571428571428","N/A","2535.714285714286","N/A","49.75","N/A","59","N/A","20","N/A","6.428571428571429","N/A"
"10","357","14","N/A","6","N/A","0.7","N/A","229.28571428571428","N/A","2535.714285714286","N/A","49.75","N/A","59","N/A","20","N/A","6.428571428571429","N/A"
"10","358","14","N/A","6","N/A","0.7","N/A","219.28571428571428","N/A","2535.714285714286","N/A","49.75","N/A","59","N/A","20","N/A","6.428571428571429","N/A"
"10","359","14","N/A","6","N/A","0.7","N/A","209.28571428571428","N/A","2535.714285714286","N/A","49.75","N/A","59","N/A","20","N/A","6.428571428571429","N/A"
"10","360","14","N/A","6","N/A","0.7","N/A","199.28571428571428","N/A","2535.714285714286","N/A","49.75","N/A","59","N/A","20","N/A","6.428571428571429","N/A"
"10","361","14","N/A","6","N/A","0.7","N/A","189.28571428571428","N/A","2535.714285714286","N/A","49.75","N/A","59","N/A","20","N/A","6.428571428571429","N/A"
"10","362","14","N/A","6","N/A","0.7","N/A","179.28571428571428","N/A","2535.714285714286","N/A","49.75","N/A","59","N/A","20","N/A","6.428571428571429","N/A"
"10","363","14","N/A","6","N/A","0.7","N/A","205","N/A","2571.4285714285716","N/A","49.75","N/A","59","N/A","20","N/A","6.428571428571429","N/A"
"10","364","14","N/A","6","N/A","0.7","N/A","195","N/A","2571.4285714285716","N/A","49.75","N/A","59","N/A","20","N/A","6.5","N/A"
"10","365","14","N/A","6","N/A","0.7","N/A","220.71428571428572","N/A","2607.1428571428573","N/A","49.75","N/A","60","N/A","20","N/A","6.571428571428571","N/A"
"10","366","14","N/A","6","N/A","0.7","N/A","210.71428571428572","N/A","2607.1428571428573","N/A","49.75","N/A","60","N/A","20","N/A","6.571428571428571","N/A"
"10","367","14","N/A","6","N/A","0.7","N/A","200.71428571428572","N/A","2607.1428571428573","N/A","49.75","N/A","60","N/A","20","N/A","6.571428571428571","N/A"
"10","368","14","N/A","6","N/A","0.7","N/A","190.71428571428572","N/A","2607.1428571428573","N/A","49.75","N/A","60","N/A","20","N/A","6.571428571428571","N/A"
"10","369","13","N/A","7","N/A","0.65","N/A","195.3846153846154","N/A","2615.3846153846152","N/A","49.75","N/A","58","N/A","22","N/A","6.538461538461538","N/A"
"10","370","13","N/A","7","N/A","0.65","N/A","185.3846153846154","N/A","2615.3846153846152","N/A","49.75","N/A","58","N/A","22","N/A","6.538461538461538","N/A"
"10","371","13","N/A","7","N/A","0.65","N/A","175.3846153846154","N/A","2615.3846153846152","N/A","49.75","N/A","58","N/A","22","N/A","6.538461538461538","N/A"
"10","372","13","N/A","7","N/A","0.65","N/A","165.3846153846154","N/A","2615.3846153846152","N/A","49.75","N/A","58","N/A","22","N/A","6.538461538461538","N/A"
"10","373","13","N/A","7","N/A","0.65","N/A","155.3846153846154","N/A","2615.3846153846152","N/A","49.75","N/A","58","N/A","22","N/A","6.538461538461538","N/A"
"10","374","13","N/A","7","N/A","0.65","N/A","145.3846153846154","N/A","2615.3846153846152","N/A","49.75","N/A","58","N/A","22","N/A","6.538461538461538","N/A"
"10","375","13","N/A","7","N/A","0.65","N/A","173.84615384615384","N/A","2653.846153846154","N/A","49.75","N/A","58","N/A","22","N/A","6.538461538461538","N/A"
"10","376","13","N/A","7","N/A","0.65","N/A","163.84615384615384","N/A","2653.846153846154","N/A","49.75","N/A","58","N/A","22","N/A","6.538461538461538","N/A"
"10","377","13","N/A","7","N/A","0.65","N/A","153.84615384615384","N/A","2653.846153846154","N/A","49.75","N/A","58","N/A","22","N/A","6.538461538461538","N/A"
"10","378","13","N/A","7","N/A","0.65","N/A","182.30769230769232","N/A","2692.3076923076924","N/A","49.75","N/A","58","N/A","22","N/A","6.538461538461538","N/A"
"10","379","13","N/A","7","N/A","0.65","N/A","172.30769230769232","N/A","2692.3076923076924","N/A","49.75","N/A","58","N/A","22","N/A","6.538461538461538","N/A"
"10","380","13","N/A","7","N/A","0.65","N/A","162.30769230769232","N/A","2692.3076923076924","N/A","49.75","N/A","58","N/A","22","N/A","6.538461538461538","N/A"
"10","381","13","N/A","7","N/A","0.65","N/A","152.30769230769232","N/A","2692.3076923076924","N/A","49.75","N/A","58","N/A","22","N/A","6.538461538461538","N/A"
"10","382","13","N/A","7","N/A","0.65","N/A","142.30769230769232","N/A","2692.3076923076924","N/A","49.75","N/A","58","N/A","22","N/A","6.538461538461538","N/A"
"10","383","13","N/A","7","N/A","0.65","N/A","132.30769230769232","N/A","2692.3076923076924","N/A","49.75","N/A","58","N/A","22","N/A","6.538461538461538","N/A"
"10","384","12","N/A","8","N/A","0.6","N/A","133.33333333333334","N/A","2708.3333333333335","N/A","49.75","N/A","53","N/A","27","N/A","6.333333333333333","N/A"
"10","385","12","N/A","8","N/A","0.6","N/A","123.33333333333333","N/A","2708.3333333333335","N/A","49.75","N/A","53","N/A","27","N/A","6.333333333333333","N/A"
"10","386","12","N/A","8","N/A","0.6","N/A","113.33333333333333","N/A","2708.3333333333335","N/A","49.75","N/A","53","N/A","27","N/A","6.333333333333333","N/A"
"10","387","12","N/A","8","N/A","0.6","N/A","103.33333333333333","N/A","2708.3333333333335","N/A","49.75","N/A","53","N/A","27","N/A","6.333333333333333","N/A"
"10","388","12","N/A","8","N/A","0.6","N/A","93.33333333333333","N/A","2708.3333333333335","N/A","49.75","N/A","53","N/A","27","N/A","6.333333333333333","N/A"
"10","389","12","N/A","8","N/A","0.6","N/A","83.33333333333333","N/A","2708.3333333333335","N/A","49.75","N/A","53","N/A","27","N/A","6.333333333333333","N/A"
"10","390","12","N/A","8","N/A","0.6","N/A","73.33333333333333","N/A","2708.3333333333335","N/A","49.75","N/A","53","N/A","27","N/A","6.333333333333333","N/A"
"10","391","12","N/A","8","N/A","0.6","N/A","63.333333333333336","N/A","2708.3333333333335","N/A","49.75","N/A","53","N/A","27","N/A","6.333333333333333","N/A"
"10","392","12","N/A","8","N/A","0.6","N/A","95","N/A","2750","N/A","49.75","N/A","53","N/A","27","N/A","6.333333333333333","N/A"
"10","393","11","N/A","9","N/A","0.55","N/A","93.63636363636364","N/A","2772.7272727272725","N/A","49.75","N/A","44","N/A","36","N/A","6.090909090909091","N/A"
"10","394","11","N/A","9","N/A","0.55","N/A","83.63636363636364","N/A","2772.7272727272725","N/A","49.75","N/A","44","N/A","36","N/A","6.090909090909091","N/A"
"10","395","11","N/A","9","N/A","0.55","N/A","73.63636363636364","N/A","2772.7272727272725","N/A","49.75","N/A","44","N/A","36","N/A","6.090909090909091","N/A"
"10","396","11","N/A","9","N/A","0.55","N/A","63.63636363636363","N/A","2772.7272727272725","N/A","49.75","N/A","44","N/A","36","N/A","6.090909090909091","N/A"
"10","397","11","N/A","9","N/A","0.55","N/A","53.63636363636363","N/A","2772.7272727272725","N/A","49.75","N/A","44","N/A","36","N/A","6.090909090909091","N/A"
"10","398","11","N/A","9","N/A","0.55","N/A","43.63636363636363","N/A","2772.7272727272725","N/A","49.75","N/A","44","N/A","36","N/A","6.090909090909091","N/A"
"10","399","11","N/A","9","N/A","0.55","N/A","33.63636363636363","N/A","2772.7272727272725","N/A","49.75","N/A","44","N/A","36","N/A","6.090909090909091","N/A"
"10","400","11","N/A","9","N/A","0.55","N/A","23.636363636363637","N/A","2772.7272727272725","N/A","49.75","N/A","44","N/A","36","N/A","6.090909090909091","N/A"
"10","401","7","N/A","13","N/A","0.35","N/A","241.42857142857142","N/A","2857.1428571428573","N/A","49.75","N/A","39","N/A","41","N/A","7.142857142857143","N/A"
"10","402","7","N/A","13","N/A","0.35","N/A","231.42857142857142","N/A","2857.1428571428573","N/A","49.75","N/A","39","N/A","41","N/A","7.142857142857143","N/A"
"10","403","7","N/A","13","N/A","0.35","N/A","221.42857142857142","N/A","2857.1428571428573","N/A","49.75","N/A","39","N/A","41","N/A","7.142857142857143","N/A"
"10","404","7","N/A","13","N/A","0.35","N/A","211.42857142857142","N/A","2857.1428571428573","N/A","49.75","N/A","39","N/A","41","N/A","7.142857142857143","N/A"
"10","405","7","N/A","13","N/A","0.35","N/A","201.42857142857142","N/A","2857.1428571428573","N/A","49.75","N/A","39","N/A","41","N/A","7.142857142857143","N/A"
"10","406","7","N/A","13","N/A","0.35","N/A","191.42857142857142","N/A","2857.1428571428573","N/A","49.75","N/A","39","N/A","41","N/A","7.142857142857143","N/A"
"10","407","7","N/A","13","N/A","0.35","N/A","181.42857142857142","N/A","2857.1428571428573","N/A","49.75","N/A","39","N/A","41","N/A","7.142857142857143","N/A"
"10","408","7","N/A","13","N/A","0.35","N/A","171.42857142857142","N/A","2857.1428571428573","N/A","49.75","N/A","39","N/A","41","N/A","7.142857142857143","N/A"
"10","409","7","N/A","13","N/A","0.35","N/A","161.42857142857142","N/A","2857.1428571428573","N/A","49.75","N/A","39","N/A","41","N/A","7.142857142857143","N/A"
"10","410","7","N/A","13","N/A","0.35","N/A","151.42857142857142","N/A","2857.1428571428573","N/A","49.75","N/A","39","N/A","41","N/A","7.142857142857143","N/A"
"10","411","7","N/A","13","N/A","0.35","N/A","141.42857142857142","N/A","2857.1428571428573","N/A","49.75","N/A","39","N/A","41","N/A","7.142857142857143","N/A"
"10","412","7","N/A","13","N/A","0.35","N/A","131.42857142857142","N/A","2857.1428571428573","N/A","49.75","N/A","39","N/A","41","N/A","7.142857142857143","N/A"
"10","413","6","N/A","14","N/A","0.3","N/A","143.33333333333334","N/A","2833.3333333333335","N/A","49.75","N/A","30","N/A","50","N/A","7.166666666666667","N/A"
"10","414","6","N/A","14","N/A","0.3","N/A","133.33333333333334","N/A","2833.3333333333335","N/A","49.75","N/A","30","N/A","50","N/A","7.166666666666667","N/A"
"10","415","6","N/A","14","N/A","0.3","N/A","206.66666666666666","N/A","2916.6666666666665","N/A","49.75","N/A","30","N/A","50","N/A","7.166666666666667","N/A"
"10","416","6","N/A","14","N/A","0.3","N/A","196.66666666666666","N/A","2916.6666666666665","N/A","49.75","N/A","30","N/A","50","N/A","7.166666666666667","N/A"
"10","417","6","N/A","14","N/A","0.3","N/A","186.66666666666666","N/A","2916.6666666666665","N/A","49.75","N/A","30","N/A","50","N/A","7.166666666666667","N/A"
"10","418","6","N/A","14","N/A","0.3","N/A","176.66666666666666","N/A","2916.6666666666665","N/A","49.75","N/A","30","N/A","50","N/A","7.166666666666667","N/A"
"10","419","6","N/A","14","N/A","0.3","N/A","166.66666666666666","N/A","2916.6666666666665","N/A","49.75","N/A","30","N/A","50","N/A","7.166666666666667","N/A"
"10","420","6","N/A","14","N/A","0.3","N/A","156.66666666666666","N/A","2916.6666666666665","N/A","49.75","N/A","30","N/A","50","N/A","7.166666666666667","N/A"
"10","421","6","N/A","14","N/A","0.3","N/A","146.66666666666666","N/A","2916.6666666666665","N/A","49.75","N/A","30","N/A","50","N/A","7.166666666666667","N/A"
"10","422","6","N/A","14","N/A","0.3","N/A","136.66666666666666","N/A","2916.6666666666665","N/A","49.75","N/A","30","N/A","50","N/A","7.166666666666667","N/A"
"10","423","6","N/A","14","N/A","0.3","N/A","126.66666666666667","N/A","2916.6666666666665","N/A","49.75","N/A","30","N/A","50","N/A","7.166666666666667","N/A"
"10","424","6","N/A","14","N/A","0.3","N/A","116.66666666666667","N/A","2916.6666666666665","N/A","49.75","N/A","30","N/A","50","N/A","7.166666666666667","N/A"
"10","425","6","N/A","14","N/A","0.3","N/A","106.66666666666667","N/A","2916.6666666666665","N/A","49.75","N/A","30","N/A","50","N/A","7.166666666666667","N/A"
"10","426","5","N/A","15","N/A","0.25","N/A","118","N/A","3000","N/A","49.75","N/A","20","N/A","60","N/A","6.6","N/A"
"10","427","5","N/A","15","N/A","0.25","N/A","108","N/A","3000","N/A","49.75","N/A","20","N/A","60","N/A","6.6","N/A"
"10","428","5","N/A","15","N/A","0.25","N/A","98","N/A","3000","N/A","49.75","N/A","20","N/A","60","N/A","6.6","N/A"
"10","429","5","N/A","15","N/A","0.25","N/A","88","N/A","3000","N/A","49.75","N/A","20","N/A","60","N/A","6.6","N/A"
"10","430","5","N/A","15","N/A","0.25","N/A","78","N/A","3000","N/A","49.75","N/A","20","N/A","60","N/A","6.6","N/A"
"10","431","5","N/A","15","N/A","0.25","N/A","68","N/A","3000","N/A","49.75","N/A","20","N/A","60","N/A","6.6","N/A"
"10","432","5","N/A","15","N/A","0.25","N/A","58","N/A","3000","N/A","49.75","N/A","20","N/A","60","N/A","6.6","N/A"
"10","433","5","N/A","15","N/A","0.25","N/A","48","N/A","3000","N/A","49.75","N/A","20","N/A","60","N/A","6.6","N/A"
"10","434","5","N/A","15","N/A","0.25","N/A","38","N/A","3000","N/A","49.75","N/A","20","N/A","60","N/A","6.6","N/A"
"10","435","5","N/A","15","N/A","0.25","N/A","28","N/A","3000","N/A","49.75","N/A","20","N/A","60","N/A","6.6","N/A"
"10","436","5","N/A","15","N/A","0.25","N/A","18","N/A","3000","N/A","49.75","N/A","20","N/A","60","N/A","6.6","N/A"
"10","437","5","N/A","15","N/A","0.25","N/A","8","N/A","3000","N/A","49.75","N/A","20","N/A","60","N/A","6.6","N/A"
"10","438","4","N/A","16","N/A","0.2","N/A","155","N/A","3250","N/A","49.75","N/A","10","N/A","70","N/A","5.75","N/A"
"10","439","4","N/A","16","N/A","0.2","N/A","145","N/A","3250","N/A","49.75","N/A","10","N/A","70","N/A","5.75","N/A"
"10","440","4","N/A","16","N/A","0.2","N/A","135","N/A","3250","N/A","49.75","N/A","10","N/A","70","N/A","5.75","N/A"
"10","441","4","N/A","16","N/A","0.2","N/A","125","N/A","3250","N/A","49.75","N/A","10","N/A","70","N/A","5.75","N/A"
"10","442","4","N/A","16","N/A","0.2","N/A","115","N/A","3250","N/A","49.75","N/A","10","N/A","70","N/A","5.75","N/A"
"10","443","4","N/A","16","N/A","0.2","N/A","105","N/A","3250","N/A","49.75","N/A","10","N/A","70","N/A","5.75","N/A"
"10","444","4","N/A","16","N/A","0.2","N/A","95","N/A","3250","N/A","49.75","N/A","10","N/A","70","N/A","5.75","N/A"
"10","445","4","N/A","16","N/A","0.2","N/A","85","N/A","3250","N/A","49.75","N/A","10","N/A","70","N/A","5.75","N/A"
"10","446","4","N/A","16","N/A","0.2","N/A","75","N/A","3250","N/A","49.75","N/A","10","N/A","70","N/A","5.75","N/A"
"10","447","4","N/A","16","N/A","0.2","N/A","65","N/A","3250","N/A","49.75","N/A","10","N/A","70","N/A","5.75","N/A"
"10","448","4","N/A","16","N/A","0.2","N/A","55","N/A","3250","N/A","49.75","N/A","10","N/A","70","N/A","5.75","N/A"
"10","449","4","N/A","16","N/A","0.2","N/A","45","N/A","3250","N/A","49.75","N/A","10","N/A","70","N/A","5.75","N/A"
"10","450","4","N/A","16","N/A","0.2","N/A","35","N/A","3250","N/A","49.75","N/A","10","N/A","70","N/A","5.75","N/A"
"10","451","3","N/A","17","N/A","0.15","N/A","370","N/A","3500","N/A","49.75","N/A","10","N/A","70","N/A","6.333333333333333","N/A"
"10","452","3","N/A","17","N/A","0.15","N/A","360","N/A","3500","N/A","49.75","N/A","10","N/A","70","N/A","6.333333333333333","N/A"
"10","453","3","N/A","17","N/A","0.15","N/A","350","N/A","3500","N/A","49.75","N/A","10","N/A","70","N/A","6.333333333333333","N/A"
"10","454","3","N/A","17","N/A","0.15","N/A","340","N/A","3500","N/A","49.75","N/A","10","N/A","70","N/A","6.333333333333333","N/A"
"10","455","3","N/A","17","N/A","0.15","N/A","330","N/A","3500","N/A","49.75","N/A","10","N/A","70","N/A","6.333333333333333","N/A"
"10","456","3","N/A","17","N/A","0.15","N/A","320","N/A","3500","N/A","49.75","N/A","10","N/A","70","N/A","6.333333333333333","N/A"
"10","457","3","N/A","17","N/A","0.15","N/A","310","N/A","3500","N/A","49.75","N/A","10","N/A","70","N/A","6.333333333333333","N/A"
"10","458","3","N/A","17","N/A","0.15","N/A","300","N/A","3500","N/A","49.75","N/A","10","N/A","70","N/A","6.333333333333333","N/A"
"10","459","3","N/A","17","N/A","0.15","N/A","290","N/A","3500","N/A","49.75","N/A","10","N/A","70","N/A","6.333333333333333","N/A"
"10","460","3","N/A","17","N/A","0.15","N/A","280","N/A","3500","N/A","49.75","N/A","10","N/A","70","N/A","6.333333333333333","N/A"
"10","461","3","N/A","17","N/A","0.15","N/A","270","N/A","3500","N/A","49.75","N/A","10","N/A","70","N/A","6.333333333333333","N/A"
"10","462","3","N/A","17","N/A","0.15","N/A","260","N/A","3500","N/A","49.75","N/A","10","N/A","70","N/A","6.333333333333333","N/A"
"10","463","3","N/A","17","N/A","0.15","N/A","250","N/A","3500","N/A","49.75","N/A","10","N/A","70","N/A","6.333333333333333","N/A"
"10","464","3","N/A","17","N/A","0.15","N/A","240","N/A","3500","N/A","49.75","N/A","10","N/A","70","N/A","6.333333333333333","N/A"
"10","465","3","N/A","17","N/A","0.15","N/A","396.6666666666667","N/A","3666.6666666666665","N/A","49.75","N/A","10","N/A","70","N/A","6.333333333333333","N/A"
"10","466","3","N/A","17","N/A","0.15","N/A","386.6666666666667","N/A","3666.6666666666665","N/A","49.75","N/A","10","N/A","70","N/A","6.333333333333333","N/A"
"10","467","3","N/A","17","N/A","0.15","N/A","376.6666666666667","N/A","3666.6666666666665","N/A","49.75","N/A","10","N/A","70","N/A","6.333333333333333","N/A"
"10","468","3","N/A","17","N/A","0.15","N/A","366.6666666666667","N/A","3666.6666666666665","N/A","49.75","N/A","10","N/A","70","N/A","6.333333333333333","N/A"
"10","469","3","N/A","17","N/A","0.15","N/A","356.6666666666667","N/A","3666.6666666666665","N/A","49.75","N/A","10","N/A","70","N/A","6.333333333333333","N/A"
"10","470","3","N/A","17","N/A","0.15","N/A","346.6666666666667","N/A","3666.6666666666665","N/A","49.75","N/A","10","N/A","70","N/A","6.333333333333333","N/A"
"10","471","3","N/A","17","N/A","0.15","N/A","336.6666666666667","N/A","3666.6666666666665","N/A","49.75","N/A","10","N/A","70","N/A","6.333333333333333","N/A"
"10","472","3","N/A","17","N/A","0.15","N/A","326.6666666666667","N/A","3666.6666666666665","N/A","49.75","N/A","10","N/A","70","N/A","6.333333333333333","N/A"
"10","473","3","N/A","17","N/A","0.15","N/A","316.6666666666667","N/A","3666.6666666666665","N/A","49.75","N/A","10","N/A","70","N/A","6.333333333333333","N/A"
"10","474","3","N/A","17","N/A","0.15","N/A","306.6666666666667","N/A","3666.6666666666665","N/A","49.75","N/A","10","N/A","70","N/A","6.333333333333333","N/A"
"10","475","3","N/A","17","N/A","0.15","N/A","296.6666666666667","N/A","3666.6666666666665","N/A","49.75","N/A","10","N/A","70","N/A","6.333333333333333","N/A"
"10","476","3","N/A","17","N/A","0.15","N/A","286.6666666666667","N/A","3666.6666666666665","N/A","49.75","N/A","10","N/A","70","N/A","6.333333333333333","N/A"
"10","477","3","N/A","17","N/A","0.15","N/A","276.6666666666667","N/A","3666.6666666666665","N/A","49.75","N/A","10","N/A","70","N/A","6.333333333333333","N/A"
"10","478","3","N/A","17","N/A","0.15","N/A","266.6666666666667","N/A","3666.6666666666665","N/A","49.75","N/A","10","N/A","70","N/A","6.333333333333333","N/A"
"10","479","3","N/A","17","N/A","0.15","N/A","256.6666666666667","N/A","3666.6666666666665","N/A","49.75","N/A","10","N/A","70","N/A","6.333333333333333","N/A"
"10","480","3","N/A","17","N/A","0.15","N/A","246.66666666666666","N/A","3666.6666666666665","N/A","49.75","N/A","10","N/A","70","N/A","6.333333333333333","N/A"
"10","481","3","N/A","17","N/A","0.15","N/A","236.66666666666666","N/A","3666.6666666666665","N/A","49.75","N/A","10","N/A","70","N/A","6.333333333333333","N/A"
"10","482","3","N/A","17","N/A","0.15","N/A","226.66666666666666","N/A","3666.6666666666665","N/A","49.75","N/A","10","N/A","70","N/A","6.333333333333333","N/A"
"10","483","3","N/A","17","N/A","0.15","N/A","216.66666666666666","N/A","3666.6666666666665","N/A","49.75","N/A","10","N/A","70","N/A","6.333333333333333","N/A"
"10","484","3","N/A","17","N/A","0.15","N/A","206.66666666666666","N/A","3666.6666666666665","N/A","49.75","N/A","10","N/A","70","N/A","6.333333333333333","N/A"
"10","485","3","N/A","17","N/A","0.15","N/A","196.66666666666666","N/A","3666.6666666666665","N/A","49.75","N/A","10","N/A","70","N/A","6.333333333333333","N/A"
"10","486","3","N/A","17","N/A","0.15","N/A","186.66666666666666","N/A","3666.6666666666665","N/A","49.75","N/A","10","N/A","70","N/A","6.333333333333333","N/A"
"10","487","3","N/A","17","N/A","0.15","N/A","176.66666666666666","N/A","3666.6666666666665","N/A","49.75","N/A","10","N/A","70","N/A","6.333333333333333","N/A"
"10","488","3","N/A","17","N/A","0.15","N/A","166.66666666666666","N/A","3666.6666666666665","N/A","49.75","N/A","10","N/A","70","N/A","6.333333333333333","N/A"
"10","489","3","N/A","17","N/A","0.15","N/A","156.66666666666666","N/A","3666.6666666666665","N/A","49.75","N/A","10","N/A","70","N/A","6.333333333333333","N/A"
"10","490","3","N/A","17","N/A","0.15","N/A","146.66666666666666","N/A","3666.6666666666665","N/A","49.75","N/A","10","N/A","70","N/A","6.333333333333333","N/A"
"10","491","3","N/A","17","N/A","0.15","N/A","136.66666666666666","N/A","3666.6666666666665","N/A","49.75","N/A","10","N/A","70","N/A","6.333333333333333","N/A"
"10","492","3","N/A","17","N/A","0.15","N/A","126.66666666666667","N/A","3666.6666666666665","N/A","49.75","N/A","10","N/A","70","N/A","6.333333333333333","N/A"
"10","493","3","N/A","17","N/A","0.15","N/A","116.66666666666667","N/A","3666.6666666666665","N/A","49.75","N/A","10","N/A","70","N/A","6.333333333333333","N/A"
"10","494","3","N/A","17","N/A","0.15","N/A","106.66666666666667","N/A","3666.6666666666665","N/A","49.75","N/A","10","N/A","70","N/A","6.333333333333333","N/A"
"10","495","3","N/A","17","N/A","0.15","N/A","96.66666666666667","N/A","3666.6666666666665","N/A","49.75","N/A","10","N/A","70","N/A","6.333333333333333","N/A"
"10","496","3","N/A","17","N/A","0.15","N/A","86.66666666666667","N/A","3666.6666666666665","N/A","49.75","N/A","10","N/A","70","N/A","6.333333333333333","N/A"
"10","497","3","N/A","17","N/A","0.15","N/A","76.66666666666667","N/A","3666.6666666666665","N/A","49.75","N/A","10","N/A","70","N/A","6.333333333333333","N/A"
"10","498","3","N/A","17","N/A","0.15","N/A","66.66666666666667","N/A","3666.6666666666665","N/A","49.75","N/A","10","N/A","70","N/A","6.333333333333333","N/A"
"10","499","3","N/A","17","N/A","0.15","N/A","56.666666666666664","N/A","3666.6666666666665","N/A","49.75","N/A","10","N/A","70","N/A","6.333333333333333","N/A"
"10","500","3","N/A","17","N/A","0.15","N/A","46.666666666666664","N/A","3666.6666666666665","N/A","49.75","N/A","10","N/A","70","N/A","6.333333333333333","N/A"
"10","501","3","N/A","17","N/A","0.15","N/A","370","N/A","4000","N/A","49.75","N/A","10","N/A","70","N/A","6.333333333333333","N/A"
"10","502","3","N/A","17","N/A","0.15","N/A","360","N/A","4000","N/A","49.75","N/A","10","N/A","70","N/A","6.333333333333333","N/A"
"10","503","3","N/A","17","N/A","0.15","N/A","350","N/A","4000","N/A","49.75","N/A","10","N/A","70","N/A","6.333333333333333","N/A"
"10","504","3","N/A","17","N/A","0.15","N/A","340","N/A","4000","N/A","49.75","N/A","10","N/A","70","N/A","6.333333333333333","N/A"
"10","505","3","N/A","17","N/A","0.15","N/A","330","N/A","4000","N/A","49.75","N/A","10","N/A","70","N/A","6.333333333333333","N/A"
"10","506","3","N/A","17","N/A","0.15","N/A","320","N/A","4000","N/A","49.75","N/A","10","N/A","70","N/A","6.333333333333333","N/A"
"10","507","3","N/A","17","N/A","0.15","N/A","310","N/A","4000","N/A","49.75","N/A","10","N/A","70","N/A","6.333333333333333","N/A"
"10","508","3","N/A","17","N/A","0.15","N/A","300","N/A","4000","N/A","49.75","N/A","10","N/A","70","N/A","6.333333333333333","N/A"
"10","509","3","N/A","17","N/A","0.15","N/A","290","N/A","4000","N/A","49.75","N/A","10","N/A","70","N/A","6.333333333333333","N/A"
"10","510","3","N/A","17","N/A","0.15","N/A","280","N/A","4000","N/A","49.75","N/A","10","N/A","70","N/A","6.333333333333333","N/A"
"10","511","3","N/A","17","N/A","0.15","N/A","270","N/A","4000","N/A","49.75","N/A","10","N/A","70","N/A","6.333333333333333","N/A"
"10","512","3","N/A","17","N/A","0.15","N/A","260","N/A","4000","N/A","49.75","N/A","10","N/A","70","N/A","6.333333333333333","N/A"
"10","513","3","N/A","17","N/A","0.15","N/A","250","N/A","4000","N/A","49.75","N/A","10","N/A","70","N/A","6.333333333333333","N/A"
"10","514","3","N/A","17","N/A","0.15","N/A","240","N/A","4000","N/A","49.75","N/A","10","N/A","70","N/A","6.333333333333333","N/A"
"10","515","2","N/A","18","N/A","0.1","N/A","350","N/A","4500","N/A","49.75","N/A","0","N/A","80","N/A","4.5","N/A"
"10","516","2","N/A","18","N/A","0.1","N/A","340","N/A","4500","N/A","49.75","N/A","0","N/A","80","N/A","4.5","N/A"
"10","517","2","N/A","18","N/A","0.1","N/A","330","N/A","4500","N/A","49.75","N/A","0","N/A","80","N/A","4.5","N/A"
"10","518","2","N/A","18","N/A","0.1","N/A","320","N/A","4500","N/A","49.75","N/A","0","N/A","80","N/A","4.5","N/A"
"10","519","2","N/A","18","N/A","0.1","N/A","310","N/A","4500","N/A","49.75","N/A","0","N/A","80","N/A","4.5","N/A"
"10","520","2","N/A","18","N/A","0.1","N/A","300","N/A","4500","N/A","49.75","N/A","0","N/A","80","N/A","4.5","N/A"
"10","521","2","N/A","18","N/A","0.1","N/A","290","N/A","4500","N/A","49.75","N/A","0","N/A","80","N/A","4.5","N/A"
"10","522","2","N/A","18","N/A","0.1","N/A","280","N/A","4500","N/A","49.75","N/A","0","N/A","80","N/A","4.5","N/A"
"10","523","2","N/A","18","N/A","0.1","N/A","270","N/A","4500","N/A","49.75","N/A","0","N/A","80","N/A","4.5","N/A"
"10","524","2","N/A","18","N/A","0.1","N/A","260","N/A","4500","N/A","49.75","N/A","0","N/A","80","N/A","4.5","N/A"
"10","525","2","N/A","18","N/A","0.1","N/A","250","N/A","4500","N/A","49.75","N/A","0","N/A","80","N/A","4.5","N/A"
"10","526","2","N/A","18","N/A","0.1","N/A","240","N/A","4500","N/A","49.75","N/A","0","N/A","80","N/A","4.5","N/A"
"10","527","2","N/A","18","N/A","0.1","N/A","230","N/A","4500","N/A","49.75","N/A","0","N/A","80","N/A","4.5","N/A"
"10","528","2","N/A","18","N/A","0.1","N/A","220","N/A","4500","N/A","49.75","N/A","0","N/A","80","N/A","4.5","N/A"
"10","529","2","N/A","18","N/A","0.1","N/A","210","N/A","4500","N/A","49.75","N/A","0","N/A","80","N/A","4.5","N/A"
"10","530","2","N/A","18","N/A","0.1","N/A","200","N/A","4500","N/A","49.75","N/A","0","N/A","80","N/A","4.5","N/A"
"10","531","2","N/A","18","N/A","0.1","N/A","190","N/A","4500","N/A","49.75","N/A","0","N/A","80","N/A","4.5","N/A"
"10","532","2","N/A","18","N/A","0.1","N/A","180","N/A","4500","N/A","49.75","N/A","0","N/A","80","N/A","4.5","N/A"
"10","533","2","N/A","18","N/A","0.1","N/A","170","N/A","4500","N/A","49.75","N/A","0","N/A","80","N/A","5","N/A"
"10","534","2","N/A","18","N/A","0.1","N/A","160","N/A","4500","N/A","49.75","N/A","0","N/A","80","N/A","5","N/A"
"10","535","2","N/A","18","N/A","0.1","N/A","150","N/A","4500","N/A","49.75","N/A","0","N/A","80","N/A","5","N/A"
"10","536","2","N/A","18","N/A","0.1","N/A","140","N/A","4500","N/A","49.75","N/A","0","N/A","80","N/A","5","N/A"
"10","537","2","N/A","18","N/A","0.1","N/A","130","N/A","4500","N/A","49.75","N/A","0","N/A","80","N/A","5","N/A"
"10","538","2","N/A","18","N/A","0.1","N/A","120","N/A","4500","N/A","49.75","N/A","0","N/A","80","N/A","5","N/A"
"10","539","2","N/A","18","N/A","0.1","N/A","110","N/A","4500","N/A","49.75","N/A","0","N/A","80","N/A","5","N/A"
"10","540","2","N/A","18","N/A","0.1","N/A","100","N/A","4500","N/A","49.75","N/A","0","N/A","80","N/A","5","N/A"
"10","541","2","N/A","18","N/A","0.1","N/A","90","N/A","4500","N/A","49.75","N/A","0","N/A","80","N/A","5","N/A"
"10","542","2","N/A","18","N/A","0.1","N/A","80","N/A","4500","N/A","49.75","N/A","0","N/A","80","N/A","5","N/A"
"10","543","2","N/A","18","N/A","0.1","N/A","70","N/A","4500","N/A","49.75","N/A","0","N/A","80","N/A","5","N/A"
"10","544","2","N/A","18","N/A","0.1","N/A","60","N/A","4500","N/A","49.75","N/A","0","N/A","80","N/A","5","N/A"
"10","545","2","N/A","18","N/A","0.1","N/A","50","N/A","4500","N/A","49.75","N/A","0","N/A","80","N/A","5","N/A"
"10","546","2","N/A","18","N/A","0.1","N/A","40","N/A","4500","N/A","49.75","N/A","0","N/A","80","N/A","5","N/A"
"10","547","2","N/A","18","N/A","0.1","N/A","30","N/A","4500","N/A","49.75","N/A","0","N/A","80","N/A","5","N/A"
"10","548","2","N/A","18","N/A","0.1","N/A","20","N/A","4500","N/A","49.75","N/A","0","N/A","80","N/A","5","N/A"
"10","549","2","N/A","18","N/A","0.1","N/A","10","N/A","4500","N/A","49.75","N/A","0","N/A","80","N/A","5","N/A"
"10","550","2","N/A","18","N/A","0.1","N/A","0","N/A","4500","N/A","49.75","N/A","0","N/A","80","N/A","5","N/A"
"10","551","1","N/A","19","N/A","0.05","N/A","490","N/A","5000","N/A","49.75","N/A","0","N/A","80","N/A","4","N/A"
"10","552","1","N/A","19","N/A","0.05","N/A","480","N/A","5000","N/A","49.75","N/A","0","N/A","80","N/A","4","N/A"
"10","553","1","N/A","19","N/A","0.05","N/A","470","N/A","5000","N/A","49.75","N/A","0","N/A","80","N/A","4","N/A"
"10","554","1","N/A","19","N/A","0.05","N/A","460","N/A","5000","N/A","49.75","N/A","0","N/A","80","N/A","4","N/A"
"10","555","1","N/A","19","N/A","0.05","N/A","450","N/A","5000","N/A","49.75","N/A","0","N/A","80","N/A","4","N/A"
"10","556","1","N/A","19","N/A","0.05","N/A","440","N/A","5000","N/A","49.75","N/A","0","N/A","80","N/A","4","N/A"
"10","557","1","N/A","19","N/A","0.05","N/A","430","N/A","5000","N/A","49.75","N/A","0","N/A","80","N/A","4","N/A"
"10","558","1","N/A","19","N/A","0.05","N/A","420","N/A","5000","N/A","49.75","N/A","0","N/A","80","N/A","4","N/A"
"10","559","1","N/A","19","N/A","0.05","N/A","410","N/A","5000","N/A","49.75","N/A","0","N/A","80","N/A","4","N/A"
"10","560","1","N/A","19","N/A","0.05","N/A","400","N/A","5000","N/A","49.75","N/A","0","N/A","80","N/A","4","N/A"
"10","561","1","N/A","19","N/A","0.05","N/A","390","N/A","5000","N/A","49.75","N/A","0","N/A","80","N/A","4","N/A"
"10","562","1","N/A","19","N/A","0.05","N/A","380","N/A","5000","N/A","49.75","N/A","0","N/A","80","N/A","4","N/A"
"10","563","1","N/A","19","N/A","0.05","N/A","370","N/A","5000","N/A","49.75","N/A","0","N/A","80","N/A","4","N/A"
"10","564","1","N/A","19","N/A","0.05","N/A","360","N/A","5000","N/A","49.75","N/A","0","N/A","80","N/A","4","N/A"
"10","565","1","N/A","19","N/A","0.05","N/A","350","N/A","5000","N/A","49.75","N/A","0","N/A","80","N/A","4","N/A"
"10","566","1","N/A","19","N/A","0.05","N/A","340","N/A","5000","N/A","49.75","N/A","0","N/A","80","N/A","4","N/A"
"10","567","1","N/A","19","N/A","0.05","N/A","330","N/A","5000","N/A","49.75","N/A","0","N/A","80","N/A","4","N/A"
"10","568","1","N/A","19","N/A","0.05","N/A","320","N/A","5000","N/A","49.75","N/A","0","N/A","80","N/A","4","N/A"
"10","569","1","N/A","19","N/A","0.05","N/A","310","N/A","5000","N/A","49.75","N/A","0","N/A","80","N/A","4","N/A"
"10","570","1","N/A","19","N/A","0.05","N/A","300","N/A","5000","N/A","49.75","N/A","0","N/A","80","N/A","4","N/A"
"10","571","1","N/A","19","N/A","0.05","N/A","290","N/A","5000","N/A","49.75","N/A","0","N/A","80","N/A","4","N/A"
"10","572","1","N/A","19","N/A","0.05","N/A","280","N/A","5000","N/A","49.75","N/A","0","N/A","80","N/A","4","N/A"
"10","573","1","N/A","19","N/A","0.05","N/A","270","N/A","5000","N/A","49.75","N/A","0","N/A","80","N/A","4","N/A"
"10","574","1","N/A","19","N/A","0.05","N/A","260","N/A","5000","N/A","49.75","N/A","0","N/A","80","N/A","4","N/A"
"10","575","1","N/A","19","N/A","0.05","N/A","250","N/A","5000","N/A","49.75","N/A","0","N/A","80","N/A","4","N/A"
"10","576","1","N/A","19","N/A","0.05","N/A","240","N/A","5000","N/A","49.75","N/A","0","N/A","80","N/A","4","N/A"
"10","577","1","N/A","19","N/A","0.05","N/A","230","N/A","5000","N/A","49.75","N/A","0","N/A","80","N/A","4","N/A"
"10","578","1","N/A","19","N/A","0.05","N/A","220","N/A","5000","N/A","49.75","N/A","0","N/A","80","N/A","4","N/A"
"10","579","1","N/A","19","N/A","0.05","N/A","210","N/A","5000","N/A","49.75","N/A","0","N/A","80","N/A","4","N/A"
"10","580","1","N/A","19","N/A","0.05","N/A","200","N/A","5000","N/A","49.75","N/A","0","N/A","80","N/A","4","N/A"
"10","581","1","N/A","19","N/A","0.05","N/A","190","N/A","5000","N/A","49.75","N/A","0","N/A","80","N/A","4","N/A"
"10","582","1","N/A","19","N/A","0.05","N/A","180","N/A","5000","N/A","49.75","N/A","0","N/A","80","N/A","4","N/A"
"10","583","1","N/A","19","N/A","0.05","N/A","170","N/A","5000","N/A","49.75","N/A","0","N/A","80","N/A","4","N/A"
"10","584","1","N/A","19","N/A","0.05","N/A","160","N/A","5000","N/A","49.75","N/A","0","N/A","80","N/A","4","N/A"
"10","585","1","N/A","19","N/A","0.05","N/A","150","N/A","5000","N/A","49.75","N/A","0","N/A","80","N/A","4","N/A"
"10","586","1","N/A","19","N/A","0.05","N/A","140","N/A","5000","N/A","49.75","N/A","0","N/A","80","N/A","4","N/A"
"10","587","1","N/A","19","N/A","0.05","N/A","130","N/A","5000","N/A","49.75","N/A","0","N/A","80","N/A","4","N/A"
"10","588","1","N/A","19","N/A","0.05","N/A","120","N/A","5000","N/A","49.75","N/A","0","N/A","80","N/A","4","N/A"
"10","589","1","N/A","19","N/A","0.05","N/A","110","N/A","5000","N/A","49.75","N/A","0","N/A","80","N/A","4","N/A"
"10","590","1","N/A","19","N/A","0.05","N/A","100","N/A","5000","N/A","49.75","N/A","0","N/A","80","N/A","4","N/A"
"10","591","1","N/A","19","N/A","0.05","N/A","90","N/A","5000","N/A","49.75","N/A","0","N/A","80","N/A","4","N/A"
"10","592","1","N/A","19","N/A","0.05","N/A","80","N/A","5000","N/A","49.75","N/A","0","N/A","80","N/A","4","N/A"
"10","593","1","N/A","19","N/A","0.05","N/A","70","N/A","5000","N/A","49.75","N/A","0","N/A","80","N/A","4","N/A"
"10","594","1","N/A","19","N/A","0.05","N/A","60","N/A","5000","N/A","49.75","N/A","0","N/A","80","N/A","4","N/A"
"10","595","1","N/A","19","N/A","0.05","N/A","50","N/A","5000","N/A","49.75","N/A","0","N/A","80","N/A","4","N/A"
"10","596","1","N/A","19","N/A","0.05","N/A","40","N/A","5000","N/A","49.75","N/A","0","N/A","80","N/A","4","N/A"
"10","597","1","N/A","19","N/A","0.05","N/A","30","N/A","5000","N/A","49.75","N/A","0","N/A","80","N/A","4","N/A"
"10","598","1","N/A","19","N/A","0.05","N/A","20","N/A","5000","N/A","49.75","N/A","0","N/A","80","N/A","4","N/A"
"10","599","1","N/A","19","N/A","0.05","N/A","10","N/A","5000","N/A","49.75","N/A","0","N/A","80","N/A","4","N/A"
"10","600","1","N/A","19","N/A","0.05","N/A","0","N/A","5000","N/A","49.75","N/A","0","N/A","80","N/A","4","N/A"
"10","601","1","N/A","19","N/A","0.05","N/A","490","N/A","5500","N/A","49.75","N/A","0","N/A","80","N/A","4","N/A"
"10","602","1","N/A","19","N/A","0.05","N/A","480","N/A","5500","N/A","49.75","N/A","0","N/A","80","N/A","4","N/A"
"10","603","1","N/A","19","N/A","0.05","N/A","470","N/A","5500","N/A","49.75","N/A","0","N/A","80","N/A","4","N/A"
"10","604","1","N/A","19","N/A","0.05","N/A","460","N/A","5500","N/A","49.75","N/A","0","N/A","80","N/A","4","N/A"
"10","605","1","N/A","19","N/A","0.05","N/A","450","N/A","5500","N/A","49.75","N/A","0","N/A","80","N/A","4","N/A"
"10","606","1","N/A","19","N/A","0.05","N/A","440","N/A","5500","N/A","49.75","N/A","0","N/A","80","N/A","4","N/A"
"10","607","1","N/A","19","N/A","0.05","N/A","430","N/A","5500","N/A","49.75","N/A","0","N/A","80","N/A","4","N/A"
"10","608","1","N/A","19","N/A","0.05","N/A","420","N/A","5500","N/A","49.75","N/A","0","N/A","80","N/A","4","N/A"
"10","609","1","N/A","19","N/A","0.05","N/A","410","N/A","5500","N/A","49.75","N/A","0","N/A","80","N/A","4","N/A"
"10","610","1","N/A","19","N/A","0.05","N/A","400","N/A","5500","N/A","49.75","N/A","0","N/A","80","N/A","4","N/A"
"10","611","1","N/A","19","N/A","0.05","N/A","390","N/A","5500","N/A","49.75","N/A","0","N/A","80","N/A","4","N/A"
"10","612","1","N/A","19","N/A","0.05","N/A","380","N/A","5500","N/A","49.75","N/A","0","N/A","80","N/A","4","N/A"
"10","613","1","N/A","19","N/A","0.05","N/A","370","N/A","5500","N/A","49.75","N/A","0","N/A","80","N/A","4","N/A"
"10","614","1","N/A","19","N/A","0.05","N/A","360","N/A","5500","N/A","49.75","N/A","0","N/A","80","N/A","4","N/A"
"10","615","1","N/A","19","N/A","0.05","N/A","350","N/A","5500","N/A","49.75","N/A","0","N/A","80","N/A","4","N/A"
"10","616","1","N/A","19","N/A","0.05","N/A","340","N/A","5500","N/A","49.75","N/A","0","N/A","80","N/A","4","N/A"
"10","617","1","N/A","19","N/A","0.05","N/A","330","N/A","5500","N/A","49.75","N/A","0","N/A","80","N/A","4","N/A"
"10","618","1","N/A","19","N/A","0.05","N/A","320","N/A","5500","N/A","49.75","N/A","0","N/A","80","N/A","4","N/A"
"10","619","1","N/A","19","N/A","0.05","N/A","310","N/A","5500","N/A","49.75","N/A","0","N/A","80","N/A","4","N/A"
"10","620","1","N/A","19","N/A","0.05","N/A","300","N/A","5500","N/A","49.75","N/A","0","N/A","80","N/A","4","N/A"
"10","621","1","N/A","19","N/A","0.05","N/A","290","N/A","5500","N/A","49.75","N/A","0","N/A","80","N/A","4","N/A"
"10","622","1","N/A","19","N/A","0.05","N/A","280","N/A","5500","N/A","49.75","N/A","0","N/A","80","N/A","4","N/A"
"10","623","1","N/A","19","N/A","0.05","N/A","270","N/A","5500","N/A","49.75","N/A","0","N/A","80","N/A","4","N/A"
"10","624","1","N/A","19","N/A","0.05","N/A","260","N/A","5500","N/A","49.75","N/A","0","N/A","80","N/A","4","N/A"
"10","625","1","N/A","19","N/A","0.05","N/A","250","N/A","5500","N/A","49.75","N/A","0","N/A","80","N/A","4","N/A"
"10","626","1","N/A","19","N/A","0.05","N/A","240","N/A","5500","N/A","49.75","N/A","0","N/A","80","N/A","4","N/A"
"10","627","1","N/A","19","N/A","0.05","N/A","230","N/A","5500","N/A","49.75","N/A","0","N/A","80","N/A","4","N/A"
"10","628","1","N/A","19","N/A","0.05","N/A","220","N/A","5500","N/A","49.75","N/A","0","N/A","80","N/A","4","N/A"
"10","629","1","N/A","19","N/A","0.05","N/A","210","N/A","5500","N/A","49.75","N/A","0","N/A","80","N/A","4","N/A"
"10","630","1","N/A","19","N/A","0.05","N/A","200","N/A","5500","N/A","49.75","N/A","0","N/A","80","N/A","4","N/A"
"10","631","1","N/A","19","N/A","0.05","N/A","190","N/A","5500","N/A","49.75","N/A","0","N/A","80","N/A","4","N/A"
"10","632","1","N/A","19","N/A","0.05","N/A","180","N/A","5500","N/A","49.75","N/A","0","N/A","80","N/A","4","N/A"
"10","633","1","N/A","19","N/A","0.05","N/A","170","N/A","5500","N/A","49.75","N/A","0","N/A","80","N/A","4","N/A"
"10","634","1","N/A","19","N/A","0.05","N/A","160","N/A","5500","N/A","49.75","N/A","0","N/A","80","N/A","4","N/A"
"10","635","1","N/A","19","N/A","0.05","N/A","150","N/A","5500","N/A","49.75","N/A","0","N/A","80","N/A","4","N/A"
"10","636","1","N/A","19","N/A","0.05","N/A","140","N/A","5500","N/A","49.75","N/A","0","N/A","80","N/A","4","N/A"
"10","637","1","N/A","19","N/A","0.05","N/A","130","N/A","5500","N/A","49.75","N/A","0","N/A","80","N/A","4","N/A"
"10","638","1","N/A","19","N/A","0.05","N/A","120","N/A","5500","N/A","49.75","N/A","0","N/A","80","N/A","4","N/A"
"10","639","1","N/A","19","N/A","0.05","N/A","110","N/A","5500","N/A","49.75","N/A","0","N/A","80","N/A","4","N/A"
"10","640","1","N/A","19","N/A","0.05","N/A","100","N/A","5500","N/A","49.75","N/A","0","N/A","80","N/A","4","N/A"
"10","641","1","N/A","19","N/A","0.05","N/A","90","N/A","5500","N/A","49.75","N/A","0","N/A","80","N/A","4","N/A"
"10","642","1","N/A","19","N/A","0.05","N/A","80","N/A","5500","N/A","49.75","N/A","0","N/A","80","N/A","4","N/A"
"10","643","1","N/A","19","N/A","0.05","N/A","70","N/A","5500","N/A","49.75","N/A","0","N/A","80","N/A","4","N/A"
"10","644","1","N/A","19","N/A","0.05","N/A","60","N/A","5500","N/A","49.75","N/A","0","N/A","80","N/A","4","N/A"
"10","645","1","N/A","19","N/A","0.05","N/A","50","N/A","5500","N/A","49.75","N/A","0","N/A","80","N/A","4","N/A"
"10","646","1","N/A","19","N/A","0.05","N/A","40","N/A","5500","N/A","49.75","N/A","0","N/A","80","N/A","4","N/A"
"10","647","1","N/A","19","N/A","0.05","N/A","30","N/A","5500","N/A","49.75","N/A","0","N/A","80","N/A","4","N/A"
"10","648","1","N/A","19","N/A","0.05","N/A","20","N/A","5500","N/A","49.75","N/A","0","N/A","80","N/A","4","N/A"
"10","649","1","N/A","19","N/A","0.05","N/A","10","N/A","5500","N/A","49.75","N/A","4","N/A","80","N/A","5","N/A"
"10","650","1","N/A","19","N/A","0.05","N/A","0","N/A","5500","N/A","49.75","N/A","4","N/A","80","N/A","5","N/A"
"10","651","0","N/A","20","N/A","0","N/A","0","N/A","0","N/A","49.75","N/A","0","N/A","84","N/A","0","N/A"
"10","652","0","N/A","20","N/A","0","N/A","0","N/A","0","N/A","49.75","N/A","0","N/A","84","N/A","0","N/A"
"10","653","0","N/A","20","N/A","0","N/A","0","N/A","0","N/A","49.75","N/A","0","N/A","84","N/A","0","N/A"
"10","654","0","N/A","20","N/A","0","N/A","0","N/A","0","N/A","49.75","N/A","0","N/A","84","N/A","0","N/A"
"10","655","0","N/A","20","N/A","0","N/A","0","N/A","0","N/A","49.75","N/A","0","N/A","84","N/A","0","N/A"
"10","656","0","N/A","20","N/A","0","N/A","0","N/A","0","N/A","49.75","N/A","0","N/A","84","N/A","0","N/A"
"10","657","0","N/A","20","N/A","0","N/A","0","N/A","0","N/A","49.75","N/A","0","N/A","84","N/A","0","N/A"
"10","658","0","N/A","20","N/A","0","N/A","0","N/A","0","N/A","49.75","N/A","0","N/A","84","N/A","0","N/A"
"10","659","0","N/A","20","N/A","0","N/A","0","N/A","0","N/A","49.75","N/A","0","N/A","84","N/A","0","N/A"
"10","660","0","N/A","20","N/A","0","N/A","0","N/A","0","N/A","49.75","N/A","0","N/A","84","N/A","0","N/A"
"10","661","0","N/A","20","N/A","0","N/A","0","N/A","0","N/A","49.75","N/A","0","N/A","84","N/A","0","N/A"
"10","662","0","N/A","20","N/A","0","N/A","0","N/A","0","N/A","49.75","N/A","0","N/A","84","N/A","0","N/A"
"10","663","0","N/A","20","N/A","0","N/A","0","N/A","0","N/A","49.75","N/A","0","N/A","84","N/A","0","N/A"
"10","664","0","N/A","20","N/A","0","N/A","0","N/A","0","N/A","49.75","N/A","0","N/A","84","N/A","0","N/A"
"10","665","0","N/A","20","N/A","0","N/A","0","N/A","0","N/A","49.75","N/A","0","N/A","84","N/A","0","N/A"
"10","666","0","N/A","20","N/A","0","N/A","0","N/A","0","N/A","49.75","N/A","0","N/A","84","N/A","0","N/A"
"10","667","0","N/A","20","N/A","0","N/A","0","N/A","0","N/A","49.75","N/A","0","N/A","84","N/A","0","N/A"
"10","668","0","N/A","20","N/A","0","N/A","0","N/A","0","N/A","49.75","N/A","0","N/A","84","N/A","0","N/A"
"10","669","0","N/A","20","N/A","0","N/A","0","N/A","0","N/A","49.75","N/A","0","N/A","84","N/A","0","N/A"
"10","670","0","N/A","20","N/A","0","N/A","0","N/A","0","N/A","49.75","N/A","0","N/A","84","N/A","0","N/A"
"10","671","0","N/A","20","N/A","0","N/A","0","N/A","0","N/A","49.75","N/A","0","N/A","84","N/A","0","N/A"
"10","672","0","N/A","20","N/A","0","N/A","0","N/A","0","N/A","49.75","N/A","0","N/A","84","N/A","0","N/A"
"10","673","0","N/A","20","N/A","0","N/A","0","N/A","0","N/A","49.75","N/A","0","N/A","84","N/A","0","N/A"
"10","674","0","N/A","20","N/A","0","N/A","0","N/A","0","N/A","49.75","N/A","0","N/A","84","N/A","0","N/A"
"10","675","0","N/A","20","N/A","0","N/A","0","N/A","0","N/A","49.75","N/A","0","N/A","84","N/A","0","N/A"
"10","676","0","N/A","20","N/A","0","N/A","0","N/A","0","N/A","49.75","N/A","0","N/A","84","N/A","0","N/A"
"10","677","0","N/A","20","N/A","0","N/A","0","N/A","0","N/A","49.75","N/A","0","N/A","84","N/A","0","N/A"
"10","678","0","N/A","20","N/A","0","N/A","0","N/A","0","N/A","49.75","N/A","0","N/A","84","N/A","0","N/A"
"10","679","0","N/A","20","N/A","0","N/A","0","N/A","0","N/A","49.75","N/A","0","N/A","84","N/A","0","N/A"
"10","680","0","N/A","20","N/A","0","N/A","0","N/A","0","N/A","49.75","N/A","0","N/A","84","N/A","0","N/A"
"10","681","0","N/A","20","N/A","0","N/A","0","N/A","0","N/A","49.75","N/A","0","N/A","84","N/A","0","N/A"
"10","682","0","N/A","20","N/A","0","N/A","0","N/A","0","N/A","49.75","N/A","0","N/A","84","N/A","0","N/A"
"10","683","0","N/A","20","N/A","0","N/A","0","N/A","0","N/A","49.75","N/A","0","N/A","84","N/A","0","N/A"
"10","684","0","N/A","20","N/A","0","N/A","0","N/A","0","N/A","49.75","N/A","0","N/A","84","N/A","0","N/A"
"10","685","0","N/A","20","N/A","0","N/A","0","N/A","0","N/A","49.75","N/A","0","N/A","84","N/A","0","N/A"
"10","686","0","N/A","20","N/A","0","N/A","0","N/A","0","N/A","49.75","N/A","0","N/A","84","N/A","0","N/A"
"10","687","0","N/A","20","N/A","0","N/A","0","N/A","0","N/A","49.75","N/A","0","N/A","84","N/A","0","N/A"
"10","688","0","N/A","20","N/A","0","N/A","0","N/A","0","N/A","49.75","N/A","0","N/A","84","N/A","0","N/A"
"10","689","0","N/A","20","N/A","0","N/A","0","N/A","0","N/A","49.75","N/A","0","N/A","84","N/A","0","N/A"
"10","690","0","N/A","20","N/A","0","N/A","0","N/A","0","N/A","49.75","N/A","0","N/A","84","N/A","0","N/A"
"10","691","0","N/A","20","N/A","0","N/A","0","N/A","0","N/A","49.75","N/A","0","N/A","84","N/A","0","N/A"
"10","692","0","N/A","20","N/A","0","N/A","0","N/A","0","N/A","49.75","N/A","0","N/A","84","N/A","0","N/A"
"10","693","0","N/A","20","N/A","0","N/A","0","N/A","0","N/A","49.75","N/A","0","N/A","84","N/A","0","N/A"
"10","694","0","N/A","20","N/A","0","N/A","0","N/A","0","N/A","49.75","N/A","0","N/A","84","N/A","0","N/A"
"10","695","0","N/A","20","N/A","0","N/A","0","N/A","0","N/A","49.75","N/A","0","N/A","84","N/A","0","N/A"
"10","696","0","N/A","20","N/A","0","N/A","0","N/A","0","N/A","49.75","N/A","0","N/A","84","N/A","0","N/A"
"10","697","0","N/A","20","N/A","0","N/A","0","N/A","0","N/A","49.75","N/A","0","N/A","84","N/A","0","N/A"
"10","698","0","N/A","20","N/A","0","N/A","0","N/A","0","N/A","49.75","N/A","0","N/A","84","N/A","0","N/A"
"10","699","0","N/A","20","N/A","0","N/A","0","N/A","0","N/A","49.75","N/A","0","N/A","84","N/A","0","N/A"
"10","700","0","N/A","20","N/A","0","N/A","0","N/A","0","N/A","49.75","N/A","0","N/A","84","N/A","0","N/A"
"10","701","0","N/A","20","N/A","0","N/A","0","N/A","0","N/A","49.75","N/A","0","N/A","84","N/A","0","N/A"
"10","702","0","N/A","20","N/A","0","N/A","0","N/A","0","N/A","49.75","N/A","0","N/A","84","N/A","0","N/A"
"10","703","0","N/A","20","N/A","0","N/A","0","N/A","0","N/A","49.75","N/A","0","N/A","84","N/A","0","N/A"
"10","704","0","N/A","20","N/A","0","N/A","0","N/A","0","N/A","49.75","N/A","0","N/A","84","N/A","0","N/A"
"10","705","0","N/A","20","N/A","0","N/A","0","N/A","0","N/A","49.75","N/A","0","N/A","84","N/A","0","N/A"
"10","706","0","N/A","20","N/A","0","N/A","0","N/A","0","N/A","49.75","N/A","0","N/A","84","N/A","0","N/A"
"10","707","0","N/A","20","N/A","0","N/A","0","N/A","0","N/A","49.75","N/A","0","N/A","84","N/A","0","N/A"
"10","708","0","N/A","20","N/A","0","N/A","0","N/A","0","N/A","49.75","N/A","0","N/A","84","N/A","0","N/A"
"10","709","0","N/A","20","N/A","0","N/A","0","N/A","0","N/A","49.75","N/A","0","N/A","84","N/A","0","N/A"
"10","710","0","N/A","20","N/A","0","N/A","0","N/A","0","N/A","49.75","N/A","0","N/A","84","N/A","0","N/A"
"10","711","0","N/A","20","N/A","0","N/A","0","N/A","0","N/A","49.75","N/A","0","N/A","84","N/A","0","N/A"
"10","712","0","N/A","20","N/A","0","N/A","0","N/A","0","N/A","49.75","N/A","0","N/A","84","N/A","0","N/A"
"10","713","0","N/A","20","N/A","0","N/A","0","N/A","0","N/A","49.75","N/A","0","N/A","84","N/A","0","N/A"
"10","714","0","N/A","20","N/A","0","N/A","0","N/A","0","N/A","49.75","N/A","0","N/A","84","N/A","0","N/A"
"10","715","0","N/A","20","N/A","0","N/A","0","N/A","0","N/A","49.75","N/A","0","N/A","84","N/A","0","N/A"
"10","716","0","N/A","20","N/A","0","N/A","0","N/A","0","N/A","49.75","N/A","0","N/A","84","N/A","0","N/A"
"10","717","0","N/A","20","N/A","0","N/A","0","N/A","0","N/A","49.75","N/A","0","N/A","84","N/A","0","N/A"
"10","718","0","N/A","20","N/A","0","N/A","0","N/A","0","N/A","49.75","N/A","0","N/A","84","N/A","0","N/A"
"10","719","0","N/A","20","N/A","0","N/A","0","N/A","0","N/A","49.75","N/A","0","N/A","84","N/A","0","N/A"
"10","720","0","N/A","20","N/A","0","N/A","0","N/A","0","N/A","49.75","N/A","0","N/A","84","N/A","0","N/A"
"10","721","0","N/A","20","N/A","0","N/A","0","N/A","0","N/A","49.75","N/A","0","N/A","84","N/A","0","N/A"
"10","722","0","N/A","20","N/A","0","N/A","0","N/A","0","N/A","49.75","N/A","0","N/A","84","N/A","0","N/A"
"10","723","0","N/A","20","N/A","0","N/A","0","N/A","0","N/A","49.75","N/A","0","N/A","84","N/A","0","N/A"
"10","724","0","N/A","20","N/A","0","N/A","0","N/A","0","N/A","49.75","N/A","0","N/A","84","N/A","0","N/A"
"10","725","0","N/A","20","N/A","0","N/A","0","N/A","0","N/A","49.75","N/A","0","N/A","84","N/A","0","N/A"
"10","726","0","N/A","20","N/A","0","N/A","0","N/A","0","N/A","49.75","N/A","0","N/A","84","N/A","0","N/A"
"10","727","0","N/A","20","N/A","0","N/A","0","N/A","0","N/A","49.75","N/A","0","N/A","84","N/A","0","N/A"
"10","728","0","N/A","20","N/A","0","N/A","0","N/A","0","N/A","49.75","N/A","0","N/A","84","N/A","0","N/A"
"10","729","0","N/A","20","N/A","0","N/A","0","N/A","0","N/A","49.75","N/A","0","N/A","84","N/A","0","N/A"
"10","730","0","N/A","20","N/A","0","N/A","0","N/A","0","N/A","49.75","N/A","0","N/A","84","N/A","0","N/A"
"10","731","0","N/A","20","N/A","0","N/A","0","N/A","0","N/A","49.75","N/A","0","N/A","84","N/A","0","N/A"
"10","732","0","N/A","20","N/A","0","N/A","0","N/A","0","N/A","49.75","N/A","0","N/A","84","N/A","0","N/A"
"10","733","0","N/A","20","N/A","0","N/A","0","N/A","0","N/A","49.75","N/A","0","N/A","84","N/A","0","N/A"
"10","734","0","N/A","20","N/A","0","N/A","0","N/A","0","N/A","49.75","N/A","0","N/A","84","N/A","0","N/A"
"10","735","0","N/A","20","N/A","0","N/A","0","N/A","0","N/A","49.75","N/A","0","N/A","84","N/A","0","N/A"
"10","736","0","N/A","20","N/A","0","N/A","0","N/A","0","N/A","49.75","N/A","0","N/A","84","N/A","0","N/A"
"10","737","0","N/A","20","N/A","0","N/A","0","N/A","0","N/A","49.75","N/A","0","N/A","84","N/A","0","N/A"
"10","738","0","N/A","20","N/A","0","N/A","0","N/A","0","N/A","49.75","N/A","0","N/A","84","N/A","0","N/A"
"10","739","0","N/A","20","N/A","0","N/A","0","N/A","0","N/A","49.75","N/A","0","N/A","84","N/A","0","N/A"
"10","740","0","N/A","20","N/A","0","N/A","0","N/A","0","N/A","49.75","N/A","0","N/A","84","N/A","0","N/A"
"10","741","0","N/A","20","N/A","0","N/A","0","N/A","0","N/A","49.75","N/A","0","N/A","84","N/A","0","N/A"
"10","742","0","N/A","20","N/A","0","N/A","0","N/A","0","N/A","49.75","N/A","0","N/A","84","N/A","0","N/A"
"10","743","0","N/A","20","N/A","0","N/A","0","N/A","0","N/A","49.75","N/A","0","N/A","84","N/A","0","N/A"
"10","744","0","N/A","20","N/A","0","N/A","0","N/A","0","N/A","49.75","N/A","0","N/A","84","N/A","0","N/A"
"10","745","0","N/A","20","N/A","0","N/A","0","N/A","0","N/A","49.75","N/A","0","N/A","84","N/A","0","N/A"
"10","746","0","N/A","20","N/A","0","N/A","0","N/A","0","N/A","49.75","N/A","0","N/A","84","N/A","0","N/A"
"10","747","0","N/A","20","N/A","0","N/A","0","N/A","0","N/A","49.75","N/A","0","N/A","84","N/A","0","N/A"
"10","748","0","N/A","20","N/A","0","N/A","0","N/A","0","N/A","49.75","N/A","0","N/A","84","N/A","0","N/A"
"10","749","0","N/A","20","N/A","0","N/A","0","N/A","0","N/A","49.75","N/A","0","N/A","84","N/A","0","N/A"
"10","750","0","N/A","20","N/A","0","N/A","0","N/A","0","N/A","49.75","N/A","0","N/A","84","N/A","0","N/A"
"10","751","0","N/A","20","N/A","0","N/A","0","N/A","0","N/A","49.75","N/A","0","N/A","84","N/A","0","N/A"
"10","752","0","N/A","20","N/A","0","N/A","0","N/A","0","N/A","49.75","N/A","0","N/A","84","N/A","0","N/A"
"10","753","0","N/A","20","N/A","0","N/A","0","N/A","0","N/A","49.75","N/A","0","N/A","84","N/A","0","N/A"
"10","754","0","N/A","20","N/A","0","N/A","0","N/A","0","N/A","49.75","N/A","0","N/A","84","N/A","0","N/A"
"10","755","0","N/A","20","N/A","0","N/A","0","N/A","0","N/A","49.75","N/A","0","N/A","84","N/A","0","N/A"
"10","756","0","N/A","20","N/A","0","N/A","0","N/A","0","N/A","49.75","N/A","0","N/A","84","N/A","0","N/A"
"10","757","0","N/A","20","N/A","0","N/A","0","N/A","0","N/A","49.75","N/A","0","N/A","84","N/A","0","N/A"
"10","758","0","N/A","20","N/A","0","N/A","0","N/A","0","N/A","49.75","N/A","0","N/A","84","N/A","0","N/A"
"10","759","0","N/A","20","N/A","0","N/A","0","N/A","0","N/A","49.75","N/A","0","N/A","84","N/A","0","N/A"
"10","760","0","N/A","20","N/A","0","N/A","0","N/A","0","N/A","49.75","N/A","0","N/A","84","N/A","0","N/A"
"10","761","0","N/A","20","N/A","0","N/A","0","N/A","0","N/A","49.75","N/A","0","N/A","84","N/A","0","N/A"
"10","762","0","N/A","20","N/A","0","N/A","0","N/A","0","N/A","49.75","N/A","0","N/A","84","N/A","0","N/A"
"10","763","0","N/A","20","N/A","0","N/A","0","N/A","0","N/A","49.75","N/A","0","N/A","84","N/A","0","N/A"
"10","764","0","N/A","20","N/A","0","N/A","0","N/A","0","N/A","49.75","N/A","0","N/A","84","N/A","0","N/A"
"10","765","0","N/A","20","N/A","0","N/A","0","N/A","0","N/A","49.75","N/A","0","N/A","84","N/A","0","N/A"
"10","766","0","N/A","20","N/A","0","N/A","0","N/A","0","N/A","49.75","N/A","0","N/A","84","N/A","0","N/A"
"10","767","0","N/A","20","N/A","0","N/A","0","N/A","0","N/A","49.75","N/A","0","N/A","84","N/A","0","N/A"
"10","768","0","N/A","20","N/A","0","N/A","0","N/A","0","N/A","49.75","N/A","0","N/A","84","N/A","0","N/A"
"10","769","0","N/A","20","N/A","0","N/A","0","N/A","0","N/A","49.75","N/A","0","N/A","84","N/A","0","N/A"
"10","770","0","N/A","20","N/A","0","N/A","0","N/A","0","N/A","49.75","N/A","0","N/A","84","N/A","0","N/A"
"10","771","0","N/A","20","N/A","0","N/A","0","N/A","0","N/A","49.75","N/A","0","N/A","84","N/A","0","N/A"
"10","772","0","N/A","20","N/A","0","N/A","0","N/A","0","N/A","49.75","N/A","0","N/A","84","N/A","0","N/A"
"10","773","0","N/A","20","N/A","0","N/A","0","N/A","0","N/A","49.75","N/A","0","N/A","84","N/A","0","N/A"
"10","774","0","N/A","20","N/A","0","N/A","0","N/A","0","N/A","49.75","N/A","0","N/A","84","N/A","0","N/A"
"10","775","0","N/A","20","N/A","0","N/A","0","N/A","0","N/A","49.75","N/A","0","N/A","84","N/A","0","N/A"
"10","776","0","N/A","20","N/A","0","N/A","0","N/A","0","N/A","49.75","N/A","0","N/A","84","N/A","0","N/A"
"10","777","0","N/A","20","N/A","0","N/A","0","N/A","0","N/A","49.75","N/A","0","N/A","84","N/A","0","N/A"
"10","778","0","N/A","20","N/A","0","N/A","0","N/A","0","N/A","49.75","N/A","0","N/A","84","N/A","0","N/A"
"10","779","0","N/A","20","N/A","0","N/A","0","N/A","0","N/A","49.75","N/A","0","N/A","84","N/A","0","N/A"
"10","780","0","N/A","20","N/A","0","N/A","0","N/A","0","N/A","49.75","N/A","0","N/A","84","N/A","0","N/A"
"10","781","0","N/A","20","N/A","0","N/A","0","N/A","0","N/A","49.75","N/A","0","N/A","84","N/A","0","N/A"
"10","782","0","N/A","20","N/A","0","N/A","0","N/A","0","N/A","49.75","N/A","0","N/A","84","N/A","0","N/A"
"10","783","0","N/A","20","N/A","0","N/A","0","N/A","0","N/A","49.75","N/A","0","N/A","84","N/A","0","N/A"
"10","784","0","N/A","20","N/A","0","N/A","0","N/A","0","N/A","49.75","N/A","0","N/A","84","N/A","0","N/A"
"10","785","0","N/A","20","N/A","0","N/A","0","N/A","0","N/A","49.75","N/A","0","N/A","84","N/A","0","N/A"
"10","786","0","N/A","20","N/A","0","N/A","0","N/A","0","N/A","49.75","N/A","0","N/A","84","N/A","0","N/A"
"10","787","0","N/A","20","N/A","0","N/A","0","N/A","0","N/A","49.75","N/A","0","N/A","84","N/A","0","N/A"
"10","788","0","N/A","20","N/A","0","N/A","0","N/A","0","N/A","49.75","N/A","0","N/A","84","N/A","0","N/A"
"10","789","0","N/A","20","N/A","0","N/A","0","N/A","0","N/A","49.75","N/A","0","N/A","84","N/A","0","N/A"
"10","790","0","N/A","20","N/A","0","N/A","0","N/A","0","N/A","49.75","N/A","0","N/A","84","N/A","0","N/A"
"10","791","0","N/A","20","N/A","0","N/A","0","N/A","0","N/A","49.75","N/A","0","N/A","84","N/A","0","N/A"
"10","792","0","N/A","20","N/A","0","N/A","0","N/A","0","N/A","49.75","N/A","0","N/A","84","N/A","0","N/A"
"10","793","0","N/A","20","N/A","0","N/A","0","N/A","0","N/A","49.75","N/A","0","N/A","84","N/A","0","N/A"
"10","794","0","N/A","20","N/A","0","N/A","0","N/A","0","N/A","49.75","N/A","0","N/A","84","N/A","0","N/A"
"10","795","0","N/A","20","N/A","0","N/A","0","N/A","0","N/A","49.75","N/A","0","N/A","84","N/A","0","N/A"
"10","796","0","N/A","20","N/A","0","N/A","0","N/A","0","N/A","49.75","N/A","0","N/A","84","N/A","0","N/A"
"10","797","0","N/A","20","N/A","0","N/A","0","N/A","0","N/A","49.75","N/A","0","N/A","84","N/A","0","N/A"
"10","798","0","N/A","20","N/A","0","N/A","0","N/A","0","N/A","49.75","N/A","0","N/A","84","N/A","0","N/A"
"10","799","0","N/A","20","N/A","0","N/A","0","N/A","0","N/A","49.75","N/A","0","N/A","84","N/A","0","N/A"
"10","800","0","N/A","20","N/A","0","N/A","0","N/A","0","N/A","49.75","N/A","0","N/A","84","N/A","0","N/A"
"10","801","0","N/A","20","N/A","0","N/A","0","N/A","0","N/A","49.75","N/A","0","N/A","84","N/A","0","N/A"
"10","802","0","N/A","20","N/A","0","N/A","0","N/A","0","N/A","49.75","N/A","0","N/A","84","N/A","0","N/A"
"10","803","0","N/A","20","N/A","0","N/A","0","N/A","0","N/A","49.75","N/A","0","N/A","84","N/A","0","N/A"
"10","804","0","N/A","20","N/A","0","N/A","0","N/A","0","N/A","49.75","N/A","0","N/A","84","N/A","0","N/A"
"10","805","0","N/A","20","N/A","0","N/A","0","N/A","0","N/A","49.75","N/A","0","N/A","84","N/A","0","N/A"
"10","806","0","N/A","20","N/A","0","N/A","0","N/A","0","N/A","49.75","N/A","0","N/A","84","N/A","0","N/A"
"10","807","0","N/A","20","N/A","0","N/A","0","N/A","0","N/A","49.75","N/A","0","N/A","84","N/A","0","N/A"
"10","808","0","N/A","20","N/A","0","N/A","0","N/A","0","N/A","49.75","N/A","0","N/A","84","N/A","0","N/A"
"10","809","0","N/A","20","N/A","0","N/A","0","N/A","0","N/A","49.75","N/A","0","N/A","84","N/A","0","N/A"
"10","810","0","N/A","20","N/A","0","N/A","0","N/A","0","N/A","49.75","N/A","0","N/A","84","N/A","0","N/A"
"10","811","0","N/A","20","N/A","0","N/A","0","N/A","0","N/A","49.75","N/A","0","N/A","84","N/A","0","N/A"
"10","812","0","N/A","20","N/A","0","N/A","0","N/A","0","N/A","49.75","N/A","0","N/A","84","N/A","0","N/A"
"10","813","0","N/A","20","N/A","0","N/A","0","N/A","0","N/A","49.75","N/A","0","N/A","84","N/A","0","N/A"
"10","814","0","N/A","20","N/A","0","N/A","0","N/A","0","N/A","49.75","N/A","0","N/A","84","N/A","0","N/A"
"10","815","0","N/A","20","N/A","0","N/A","0","N/A","0","N/A","49.75","N/A","0","N/A","84","N/A","0","N/A"
"10","816","0","N/A","20","N/A","0","N/A","0","N/A","0","N/A","49.75","N/A","0","N/A","84","N/A","0","N/A"
"10","817","0","N/A","20","N/A","0","N/A","0","N/A","0","N/A","49.75","N/A","0","N/A","84","N/A","0","N/A"
"10","818","0","N/A","20","N/A","0","N/A","0","N/A","0","N/A","49.75","N/A","0","N/A","84","N/A","0","N/A"
"10","819","0","N/A","20","N/A","0","N/A","0","N/A","0","N/A","49.75","N/A","0","N/A","84","N/A","0","N/A"
"10","820","0","N/A","20","N/A","0","N/A","0","N/A","0","N/A","49.75","N/A","0","N/A","84","N/A","0","N/A"
"10","821","0","N/A","20","N/A","0","N/A","0","N/A","0","N/A","49.75","N/A","0","N/A","84","N/A","0","N/A"
"10","822","0","N/A","20","N/A","0","N/A","0","N/A","0","N/A","49.75","N/A","0","N/A","84","N/A","0","N/A"
"10","823","0","N/A","20","N/A","0","N/A","0","N/A","0","N/A","49.75","N/A","0","N/A","84","N/A","0","N/A"
"10","824","0","N/A","20","N/A","0","N/A","0","N/A","0","N/A","49.75","N/A","0","N/A","84","N/A","0","N/A"
"10","825","0","N/A","20","N/A","0","N/A","0","N/A","0","N/A","49.75","N/A","0","N/A","84","N/A","0","N/A"
"10","826","0","N/A","20","N/A","0","N/A","0","N/A","0","N/A","49.75","N/A","0","N/A","84","N/A","0","N/A"
"10","827","0","N/A","20","N/A","0","N/A","0","N/A","0","N/A","49.75","N/A","0","N/A","84","N/A","0","N/A"
"10","828","0","N/A","20","N/A","0","N/A","0","N/A","0","N/A","49.75","N/A","0","N/A","84","N/A","0","N/A"
"10","829","0","N/A","20","N/A","0","N/A","0","N/A","0","N/A","49.75","N/A","0","N/A","84","N/A","0","N/A"
"10","830","0","N/A","20","N/A","0","N/A","0","N/A","0","N/A","49.75","N/A","0","N/A","84","N/A","0","N/A"
"10","831","0","N/A","20","N/A","0","N/A","0","N/A","0","N/A","49.75","N/A","0","N/A","84","N/A","0","N/A"
"10","832","0","N/A","20","N/A","0","N/A","0","N/A","0","N/A","49.75","N/A","0","N/A","84","N/A","0","N/A"
"10","833","0","N/A","20","N/A","0","N/A","0","N/A","0","N/A","49.75","N/A","0","N/A","84","N/A","0","N/A"
"10","834","0","N/A","20","N/A","0","N/A","0","N/A","0","N/A","49.75","N/A","0","N/A","84","N/A","0","N/A"
"10","835","0","N/A","20","N/A","0","N/A","0","N/A","0","N/A","49.75","N/A","0","N/A","84","N/A","0","N/A"
"10","836","0","N/A","20","N/A","0","N/A","0","N/A","0","N/A","49.75","N/A","0","N/A","84","N/A","0","N/A"
"10","837","0","N/A","20","N/A","0","N/A","0","N/A","0","N/A","49.75","N/A","0","N/A","84","N/A","0","N/A"
"10","838","0","N/A","20","N/A","0","N/A","0","N/A","0","N/A","49.75","N/A","0","N/A","84","N/A","0","N/A"
"10","839","0","N/A","20","N/A","0","N/A","0","N/A","0","N/A","49.75","N/A","0","N/A","84","N/A","0","N/A"
"10","840","0","N/A","20","N/A","0","N/A","0","N/A","0","N/A","49.75","N/A","0","N/A","84","N/A","0","N/A"
"10","841","0","N/A","20","N/A","0","N/A","0","N/A","0","N/A","49.75","N/A","0","N/A","84","N/A","0","N/A"
"10","842","0","N/A","20","N/A","0","N/A","0","N/A","0","N/A","49.75","N/A","0","N/A","84","N/A","0","N/A"
"10","843","0","N/A","20","N/A","0","N/A","0","N/A","0","N/A","49.75","N/A","0","N/A","84","N/A","0","N/A"
"10","844","0","N/A","20","N/A","0","N/A","0","N/A","0","N/A","49.75","N/A","0","N/A","84","N/A","0","N/A"
"10","845","0","N/A","20","N/A","0","N/A","0","N/A","0","N/A","49.75","N/A","0","N/A","84","N/A","0","N/A"
"10","846","0","N/A","20","N/A","0","N/A","0","N/A","0","N/A","49.75","N/A","0","N/A","84","N/A","0","N/A"
"10","847","0","N/A","20","N/A","0","N/A","0","N/A","0","N/A","49.75","N/A","0","N/A","84","N/A","0","N/A"
"10","848","0","N/A","20","N/A","0","N/A","0","N/A","0","N/A","49.75","N/A","0","N/A","84","N/A","0","N/A"
"10","849","0","N/A","20","N/A","0","N/A","0","N/A","0","N/A","49.75","N/A","0","N/A","84","N/A","0","N/A"
"10","850","0","N/A","20","N/A","0","N/A","0","N/A","0","N/A","49.75","N/A","0","N/A","84","N/A","0","N/A"
"10","851","0","N/A","20","N/A","0","N/A","0","N/A","0","N/A","49.75","N/A","0","N/A","84","N/A","0","N/A"
"10","852","0","N/A","20","N/A","0","N/A","0","N/A","0","N/A","49.75","N/A","0","N/A","84","N/A","0","N/A"
"10","853","0","N/A","20","N/A","0","N/A","0","N/A","0","N/A","49.75","N/A","0","N/A","84","N/A","0","N/A"
"10","854","0","N/A","20","N/A","0","N/A","0","N/A","0","N/A","49.75","N/A","0","N/A","84","N/A","0","N/A"
"10","855","0","N/A","20","N/A","0","N/A","0","N/A","0","N/A","49.75","N/A","0","N/A","84","N/A","0","N/A"
"10","856","0","N/A","20","N/A","0","N/A","0","N/A","0","N/A","49.75","N/A","0","N/A","84","N/A","0","N/A"
"10","857","0","N/A","20","N/A","0","N/A","0","N/A","0","N/A","49.75","N/A","0","N/A","84","N/A","0","N/A"
"10","858","0","N/A","20","N/A","0","N/A","0","N/A","0","N/A","49.75","N/A","0","N/A","84","N/A","0","N/A"
"10","859","0","N/A","20","N/A","0","N/A","0","N/A","0","N/A","49.75","N/A","0","N/A","84","N/A","0","N/A"
"10","860","0","N/A","20","N/A","0","N/A","0","N/A","0","N/A","49.75","N/A","0","N/A","84","N/A","0","N/A"
"10","861","0","N/A","20","N/A","0","N/A","0","N/A","0","N/A","49.75","N/A","0","N/A","84","N/A","0","N/A"
"10","862","0","N/A","20","N/A","0","N/A","0","N/A","0","N/A","49.75","N/A","0","N/A","84","N/A","0","N/A"
"10","863","0","N/A","20","N/A","0","N/A","0","N/A","0","N/A","49.75","N/A","0","N/A","84","N/A","0","N/A"
"10","864","0","N/A","20","N/A","0","N/A","0","N/A","0","N/A","49.75","N/A","0","N/A","84","N/A","0","N/A"
"10","865","0","N/A","20","N/A","0","N/A","0","N/A","0","N/A","49.75","N/A","0","N/A","84","N/A","0","N/A"
"10","866","0","N/A","20","N/A","0","N/A","0","N/A","0","N/A","49.75","N/A","0","N/A","84","N/A","0","N/A"
"10","867","0","N/A","20","N/A","0","N/A","0","N/A","0","N/A","49.75","N/A","0","N/A","84","N/A","0","N/A"
"10","868","0","N/A","20","N/A","0","N/A","0","N/A","0","N/A","49.75","N/A","0","N/A","84","N/A","0","N/A"
"10","869","0","N/A","20","N/A","0","N/A","0","N/A","0","N/A","49.75","N/A","0","N/A","84","N/A","0","N/A"
"10","870","0","N/A","20","N/A","0","N/A","0","N/A","0","N/A","49.75","N/A","0","N/A","84","N/A","0","N/A"
"10","871","0","N/A","20","N/A","0","N/A","0","N/A","0","N/A","49.75","N/A","0","N/A","84","N/A","0","N/A"
"10","872","0","N/A","20","N/A","0","N/A","0","N/A","0","N/A","49.75","N/A","0","N/A","84","N/A","0","N/A"
"10","873","0","N/A","20","N/A","0","N/A","0","N/A","0","N/A","49.75","N/A","0","N/A","84","N/A","0","N/A"
"10","874","0","N/A","20","N/A","0","N/A","0","N/A","0","N/A","49.75","N/A","0","N/A","84","N/A","0","N/A"
"10","875","0","N/A","20","N/A","0","N/A","0","N/A","0","N/A","49.75","N/A","0","N/A","84","N/A","0","N/A"
"10","876","0","N/A","20","N/A","0","N/A","0","N/A","0","N/A","49.75","N/A","0","N/A","84","N/A","0","N/A"
"10","877","0","N/A","20","N/A","0","N/A","0","N/A","0","N/A","49.75","N/A","0","N/A","84","N/A","0","N/A"
"10","878","0","N/A","20","N/A","0","N/A","0","N/A","0","N/A","49.75","N/A","0","N/A","84","N/A","0","N/A"
"10","879","0","N/A","20","N/A","0","N/A","0","N/A","0","N/A","49.75","N/A","0","N/A","84","N/A","0","N/A"
"10","880","0","N/A","20","N/A","0","N/A","0","N/A","0","N/A","49.75","N/A","0","N/A","84","N/A","0","N/A"
"10","881","0","N/A","20","N/A","0","N/A","0","N/A","0","N/A","49.75","N/A","0","N/A","84","N/A","0","N/A"
"10","882","0","N/A","20","N/A","0","N/A","0","N/A","0","N/A","49.75","N/A","0","N/A","84","N/A","0","N/A"
"10","883","0","N/A","20","N/A","0","N/A","0","N/A","0","N/A","49.75","N/A","0","N/A","84","N/A","0","N/A"
"10","884","0","N/A","20","N/A","0","N/A","0","N/A","0","N/A","49.75","N/A","0","N/A","84","N/A","0","N/A"
"10","885","0","N/A","20","N/A","0","N/A","0","N/A","0","N/A","49.75","N/A","0","N/A","84","N/A","0","N/A"
"10","886","0","N/A","20","N/A","0","N/A","0","N/A","0","N/A","49.75","N/A","0","N/A","84","N/A","0","N/A"
"10","887","0","N/A","20","N/A","0","N/A","0","N/A","0","N/A","49.75","N/A","0","N/A","84","N/A","0","N/A"
"10","888","0","N/A","20","N/A","0","N/A","0","N/A","0","N/A","49.75","N/A","0","N/A","84","N/A","0","N/A"
"10","889","0","N/A","20","N/A","0","N/A","0","N/A","0","N/A","49.75","N/A","0","N/A","84","N/A","0","N/A"
"10","890","0","N/A","20","N/A","0","N/A","0","N/A","0","N/A","49.75","N/A","0","N/A","84","N/A","0","N/A"
"10","891","0","N/A","20","N/A","0","N/A","0","N/A","0","N/A","49.75","N/A","0","N/A","84","N/A","0","N/A"
"10","892","0","N/A","20","N/A","0","N/A","0","N/A","0","N/A","49.75","N/A","0","N/A","84","N/A","0","N/A"
"10","893","0","N/A","20","N/A","0","N/A","0","N/A","0","N/A","49.75","N/A","0","N/A","84","N/A","0","N/A"
"10","894","0","N/A","20","N/A","0","N/A","0","N/A","0","N/A","49.75","N/A","0","N/A","84","N/A","0","N/A"
"10","895","0","N/A","20","N/A","0","N/A","0","N/A","0","N/A","49.75","N/A","0","N/A","84","N/A","0","N/A"
"10","896","0","N/A","20","N/A","0","N/A","0","N/A","0","N/A","49.75","N/A","0","N/A","84","N/A","0","N/A"
"10","897","0","N/A","20","N/A","0","N/A","0","N/A","0","N/A","49.75","N/A","0","N/A","84","N/A","0","N/A"
"10","898","0","N/A","20","N/A","0","N/A","0","N/A","0","N/A","49.75","N/A","0","N/A","84","N/A","0","N/A"
"10","899","0","N/A","20","N/A","0","N/A","0","N/A","0","N/A","49.75","N/A","0","N/A","84","N/A","0","N/A"
"10","900","0","N/A","20","N/A","0","N/A","0","N/A","0","N/A","49.75","N/A","0","N/A","84","N/A","0","N/A"
"10","901","0","N/A","20","N/A","0","N/A","0","N/A","0","N/A","49.75","N/A","0","N/A","84","N/A","0","N/A"
"10","902","0","N/A","20","N/A","0","N/A","0","N/A","0","N/A","49.75","N/A","0","N/A","84","N/A","0","N/A"
"10","903","0","N/A","20","N/A","0","N/A","0","N/A","0","N/A","49.75","N/A","0","N/A","84","N/A","0","N/A"
"10","904","0","N/A","20","N/A","0","N/A","0","N/A","0","N/A","49.75","N/A","0","N/A","84","N/A","0","N/A"
"10","905","0","N/A","20","N/A","0","N/A","0","N/A","0","N/A","49.75","N/A","0","N/A","84","N/A","0","N/A"
"10","906","0","N/A","20","N/A","0","N/A","0","N/A","0","N/A","49.75","N/A","0","N/A","84","N/A","0","N/A"
"10","907","0","N/A","20","N/A","0","N/A","0","N/A","0","N/A","49.75","N/A","0","N/A","84","N/A","0","N/A"
"10","908","0","N/A","20","N/A","0","N/A","0","N/A","0","N/A","49.75","N/A","0","N/A","84","N/A","0","N/A"
"10","909","0","N/A","20","N/A","0","N/A","0","N/A","0","N/A","49.75","N/A","0","N/A","84","N/A","0","N/A"
"10","910","0","N/A","20","N/A","0","N/A","0","N/A","0","N/A","49.75","N/A","0","N/A","84","N/A","0","N/A"
"10","911","0","N/A","20","N/A","0","N/A","0","N/A","0","N/A","49.75","N/A","0","N/A","84","N/A","0","N/A"
"10","912","0","N/A","20","N/A","0","N/A","0","N/A","0","N/A","49.75","N/A","0","N/A","84","N/A","0","N/A"
"10","913","0","N/A","20","N/A","0","N/A","0","N/A","0","N/A","49.75","N/A","0","N/A","84","N/A","0","N/A"
"10","914","0","N/A","20","N/A","0","N/A","0","N/A","0","N/A","49.75","N/A","0","N/A","84","N/A","0","N/A"
"10","915","0","N/A","20","N/A","0","N/A","0","N/A","0","N/A","49.75","N/A","0","N/A","84","N/A","0","N/A"
"10","916","0","N/A","20","N/A","0","N/A","0","N/A","0","N/A","49.75","N/A","0","N/A","84","N/A","0","N/A"
"10","917","0","N/A","20","N/A","0","N/A","0","N/A","0","N/A","49.75","N/A","0","N/A","84","N/A","0","N/A"
"10","918","0","N/A","20","N/A","0","N/A","0","N/A","0","N/A","49.75","N/A","0","N/A","84","N/A","0","N/A"
"10","919","0","N/A","20","N/A","0","N/A","0","N/A","0","N/A","49.75","N/A","0","N/A","84","N/A","0","N/A"
"10","920","0","N/A","20","N/A","0","N/A","0","N/A","0","N/A","49.75","N/A","0","N/A","84","N/A","0","N/A"
"10","921","0","N/A","20","N/A","0","N/A","0","N/A","0","N/A","49.75","N/A","0","N/A","84","N/A","0","N/A"
"10","922","0","N/A","20","N/A","0","N/A","0","N/A","0","N/A","49.75","N/A","0","N/A","84","N/A","0","N/A"
"10","923","0","N/A","20","N/A","0","N/A","0","N/A","0","N/A","49.75","N/A","0","N/A","84","N/A","0","N/A"
"10","924","0","N/A","20","N/A","0","N/A","0","N/A","0","N/A","49.75","N/A","0","N/A","84","N/A","0","N/A"
"10","925","0","N/A","20","N/A","0","N/A","0","N/A","0","N/A","49.75","N/A","0","N/A","84","N/A","0","N/A"
"10","926","0","N/A","20","N/A","0","N/A","0","N/A","0","N/A","49.75","N/A","0","N/A","84","N/A","0","N/A"
"10","927","0","N/A","20","N/A","0","N/A","0","N/A","0","N/A","49.75","N/A","0","N/A","84","N/A","0","N/A"
"10","928","0","N/A","20","N/A","0","N/A","0","N/A","0","N/A","49.75","N/A","0","N/A","84","N/A","0","N/A"
"10","929","0","N/A","20","N/A","0","N/A","0","N/A","0","N/A","49.75","N/A","0","N/A","84","N/A","0","N/A"
"10","930","0","N/A","20","N/A","0","N/A","0","N/A","0","N/A","49.75","N/A","0","N/A","84","N/A","0","N/A"
"10","931","0","N/A","20","N/A","0","N/A","0","N/A","0","N/A","49.75","N/A","0","N/A","84","N/A","0","N/A"
"10","932","0","N/A","20","N/A","0","N/A","0","N/A","0","N/A","49.75","N/A","0","N/A","84","N/A","0","N/A"
"10","933","0","N/A","20","N/A","0","N/A","0","N/A","0","N/A","49.75","N/A","0","N/A","84","N/A","0","N/A"
"10","934","0","N/A","20","N/A","0","N/A","0","N/A","0","N/A","49.75","N/A","0","N/A","84","N/A","0","N/A"
"10","935","0","N/A","20","N/A","0","N/A","0","N/A","0","N/A","49.75","N/A","0","N/A","84","N/A","0","N/A"
"10","936","0","N/A","20","N/A","0","N/A","0","N/A","0","N/A","49.75","N/A","0","N/A","84","N/A","0","N/A"
"10","937","0","N/A","20","N/A","0","N/A","0","N/A","0","N/A","49.75","N/A","0","N/A","84","N/A","0","N/A"
"10","938","0","N/A","20","N/A","0","N/A","0","N/A","0","N/A","49.75","N/A","0","N/A","84","N/A","0","N/A"
"10","939","0","N/A","20","N/A","0","N/A","0","N/A","0","N/A","49.75","N/A","0","N/A","84","N/A","0","N/A"
"10","940","0","N/A","20","N/A","0","N/A","0","N/A","0","N/A","49.75","N/A","0","N/A","84","N/A","0","N/A"
"10","941","0","N/A","20","N/A","0","N/A","0","N/A","0","N/A","49.75","N/A","0","N/A","84","N/A","0","N/A"
"10","942","0","N/A","20","N/A","0","N/A","0","N/A","0","N/A","49.75","N/A","0","N/A","84","N/A","0","N/A"
"10","943","0","N/A","20","N/A","0","N/A","0","N/A","0","N/A","49.75","N/A","0","N/A","84","N/A","0","N/A"
"10","944","0","N/A","20","N/A","0","N/A","0","N/A","0","N/A","49.75","N/A","0","N/A","84","N/A","0","N/A"
"10","945","0","N/A","20","N/A","0","N/A","0","N/A","0","N/A","49.75","N/A","0","N/A","84","N/A","0","N/A"
"10","946","0","N/A","20","N/A","0","N/A","0","N/A","0","N/A","49.75","N/A","0","N/A","84","N/A","0","N/A"
"10","947","0","N/A","20","N/A","0","N/A","0","N/A","0","N/A","49.75","N/A","0","N/A","84","N/A","0","N/A"
"10","948","0","N/A","20","N/A","0","N/A","0","N/A","0","N/A","49.75","N/A","0","N/A","84","N/A","0","N/A"
"10","949","0","N/A","20","N/A","0","N/A","0","N/A","0","N/A","49.75","N/A","0","N/A","84","N/A","0","N/A"
"10","950","0","N/A","20","N/A","0","N/A","0","N/A","0","N/A","49.75","N/A","0","N/A","84","N/A","0","N/A"
"10","951","0","N/A","20","N/A","0","N/A","0","N/A","0","N/A","49.75","N/A","0","N/A","84","N/A","0","N/A"
"10","952","0","N/A","20","N/A","0","N/A","0","N/A","0","N/A","49.75","N/A","0","N/A","84","N/A","0","N/A"
"10","953","0","N/A","20","N/A","0","N/A","0","N/A","0","N/A","49.75","N/A","0","N/A","84","N/A","0","N/A"
"10","954","0","N/A","20","N/A","0","N/A","0","N/A","0","N/A","49.75","N/A","0","N/A","84","N/A","0","N/A"
"10","955","0","N/A","20","N/A","0","N/A","0","N/A","0","N/A","49.75","N/A","0","N/A","84","N/A","0","N/A"
"10","956","0","N/A","20","N/A","0","N/A","0","N/A","0","N/A","49.75","N/A","0","N/A","84","N/A","0","N/A"
"10","957","0","N/A","20","N/A","0","N/A","0","N/A","0","N/A","49.75","N/A","0","N/A","84","N/A","0","N/A"
"10","958","0","N/A","20","N/A","0","N/A","0","N/A","0","N/A","49.75","N/A","0","N/A","84","N/A","0","N/A"
"10","959","0","N/A","20","N/A","0","N/A","0","N/A","0","N/A","49.75","N/A","0","N/A","84","N/A","0","N/A"
"10","960","0","N/A","20","N/A","0","N/A","0","N/A","0","N/A","49.75","N/A","0","N/A","84","N/A","0","N/A"
"10","961","0","N/A","20","N/A","0","N/A","0","N/A","0","N/A","49.75","N/A","0","N/A","84","N/A","0","N/A"
"10","962","0","N/A","20","N/A","0","N/A","0","N/A","0","N/A","49.75","N/A","0","N/A","84","N/A","0","N/A"
"10","963","0","N/A","20","N/A","0","N/A","0","N/A","0","N/A","49.75","N/A","0","N/A","84","N/A","0","N/A"
"10","964","0","N/A","20","N/A","0","N/A","0","N/A","0","N/A","49.75","N/A","0","N/A","84","N/A","0","N/A"
"10","965","0","N/A","20","N/A","0","N/A","0","N/A","0","N/A","49.75","N/A","0","N/A","84","N/A","0","N/A"
"10","966","0","N/A","20","N/A","0","N/A","0","N/A","0","N/A","49.75","N/A","0","N/A","84","N/A","0","N/A"
"10","967","0","N/A","20","N/A","0","N/A","0","N/A","0","N/A","49.75","N/A","0","N/A","84","N/A","0","N/A"
"10","968","0","N/A","20","N/A","0","N/A","0","N/A","0","N/A","49.75","N/A","0","N/A","84","N/A","0","N/A"
"10","969","0","N/A","20","N/A","0","N/A","0","N/A","0","N/A","49.75","N/A","0","N/A","84","N/A","0","N/A"
"10","970","0","N/A","20","N/A","0","N/A","0","N/A","0","N/A","49.75","N/A","0","N/A","84","N/A","0","N/A"
"10","971","0","N/A","20","N/A","0","N/A","0","N/A","0","N/A","49.75","N/A","0","N/A","84","N/A","0","N/A"
"10","972","0","N/A","20","N/A","0","N/A","0","N/A","0","N/A","49.75","N/A","0","N/A","84","N/A","0","N/A"
"10","973","0","N/A","20","N/A","0","N/A","0","N/A","0","N/A","49.75","N/A","0","N/A","84","N/A","0","N/A"
"10","974","0","N/A","20","N/A","0","N/A","0","N/A","0","N/A","49.75","N/A","0","N/A","84","N/A","0","N/A"
"10","975","0","N/A","20","N/A","0","N/A","0","N/A","0","N/A","49.75","N/A","0","N/A","84","N/A","0","N/A"
"10","976","0","N/A","20","N/A","0","N/A","0","N/A","0","N/A","49.75","N/A","0","N/A","84","N/A","0","N/A"
"10","977","0","N/A","20","N/A","0","N/A","0","N/A","0","N/A","49.75","N/A","0","N/A","84","N/A","0","N/A"
"10","978","0","N/A","20","N/A","0","N/A","0","N/A","0","N/A","49.75","N/A","0","N/A","84","N/A","0","N/A"
"10","979","0","N/A","20","N/A","0","N/A","0","N/A","0","N/A","49.75","N/A","0","N/A","84","N/A","0","N/A"
"10","980","0","N/A","20","N/A","0","N/A","0","N/A","0","N/A","49.75","N/A","0","N/A","84","N/A","0","N/A"
"10","981","0","N/A","20","N/A","0","N/A","0","N/A","0","N/A","49.75","N/A","0","N/A","84","N/A","0","N/A"
"10","982","0","N/A","20","N/A","0","N/A","0","N/A","0","N/A","49.75","N/A","0","N/A","84","N/A","0","N/A"
"10","983","0","N/A","20","N/A","0","N/A","0","N/A","0","N/A","49.75","N/A","0","N/A","84","N/A","0","N/A"
"10","984","0","N/A","20","N/A","0","N/A","0","N/A","0","N/A","49.75","N/A","0","N/A","84","N/A","0","N/A"
"10","985","0","N/A","20","N/A","0","N/A","0","N/A","0","N/A","49.75","N/A","0","N/A","84","N/A","0","N/A"
"10","986","0","N/A","20","N/A","0","N/A","0","N/A","0","N/A","49.75","N/A","0","N/A","84","N/A","0","N/A"
"10","987","0","N/A","20","N/A","0","N/A","0","N/A","0","N/A","49.75","N/A","0","N/A","84","N/A","0","N/A"
"10","988","0","N/A","20","N/A","0","N/A","0","N/A","0","N/A","49.75","N/A","0","N/A","84","N/A","0","N/A"
"10","989","0","N/A","20","N/A","0","N/A","0","N/A","0","N/A","49.75","N/A","0","N/A","84","N/A","0","N/A"
"10","990","0","N/A","20","N/A","0","N/A","0","N/A","0","N/A","49.75","N/A","0","N/A","84","N/A","0","N/A"
"10","991","0","N/A","20","N/A","0","N/A","0","N/A","0","N/A","49.75","N/A","0","N/A","84","N/A","0","N/A"
"10","992","0","N/A","20","N/A","0","N/A","0","N/A","0","N/A","49.75","N/A","0","N/A","84","N/A","0","N/A"
"10","993","0","N/A","20","N/A","0","N/A","0","N/A","0","N/A","49.75","N/A","0","N/A","84","N/A","0","N/A"
"10","994","0","N/A","20","N/A","0","N/A","0","N/A","0","N/A","49.75","N/A","0","N/A","84","N/A","0","N/A"
"10","995","0","N/A","20","N/A","0","N/A","0","N/A","0","N/A","49.75","N/A","0","N/A","84","N/A","0","N/A"
"10","996","0","N/A","20","N/A","0","N/A","0","N/A","0","N/A","49.75","N/A","0","N/A","84","N/A","0","N/A"
"10","997","0","N/A","20","N/A","0","N/A","0","N/A","0","N/A","49.75","N/A","0","N/A","84","N/A","0","N/A"
"10","998","0","N/A","20","N/A","0","N/A","0","N/A","0","N/A","49.75","N/A","0","N/A","84","N/A","0","N/A"
"10","999","0","N/A","20","N/A","0","N/A","0","N/A","0","N/A","49.75","N/A","0","N/A","84","N/A","0","N/A"
"10","1000","0","N/A","20","N/A","0","N/A","0","N/A","0","N/A","49.75","N/A","0","N/A","84","N/A","0","N/A"
"20","0","20","N/A","0","N/A","1","N/A","1000","N/A","0","N/A","649.6","N/A","21","N/A","0","N/A","3.9","N/A"
"20","1","20","N/A","0","N/A","1","N/A","995","N/A","0","N/A","537.1","N/A","21","N/A","0","N/A","3.9","N/A"
"20","2","20","N/A","0","N/A","1","N/A","991.5","N/A","0","N/A","425.85","N/A","21","N/A","0","N/A","3.9","N/A"
"20","3","20","N/A","0","N/A","1","N/A","988","N/A","0","N/A","327.1","N/A","21","N/A","0","N/A","3.9","N/A"
"20","4","20","N/A","0","N/A","1","N/A","983","N/A","0","N/A","245.85","N/A","21","N/A","0","N/A","3.9","N/A"
"20","5","20","N/A","0","N/A","1","N/A","975","N/A","0","N/A","180.85","N/A","21","N/A","0","N/A","3.9","N/A"
"20","6","20","N/A","0","N/A","1","N/A","967","N/A","0","N/A","128.35","N/A","24","N/A","0","N/A","3.95","N/A"
"20","7","20","N/A","0","N/A","1","N/A","958.25","N/A","0","N/A","90.85","N/A","24","N/A","0","N/A","3.95","N/A"
"20","8","20","N/A","0","N/A","1","N/A","946.5","N/A","0","N/A","63.35","N/A","24","N/A","0","N/A","3.95","N/A"
"20","9","20","N/A","0","N/A","1","N/A","929.5","N/A","0","N/A","53.35","N/A","24","N/A","0","N/A","4","N/A"
"20","10","20","N/A","0","N/A","1","N/A","909.5","N/A","0","N/A","53.35","N/A","27","N/A","0","N/A","4.05","N/A"
"20","11","20","N/A","0","N/A","1","N/A","889.5","N/A","0","N/A","53.35","N/A","27","N/A","0","N/A","4.05","N/A"
"20","12","20","N/A","0","N/A","1","N/A","869.5","N/A","0","N/A","53.35","N/A","27","N/A","0","N/A","4.05","N/A"
"20","13","20","N/A","0","N/A","1","N/A","849.5","N/A","0","N/A","53.35","N/A","27","N/A","0","N/A","4.05","N/A"
"20","14","20","N/A","0","N/A","1","N/A","829.5","N/A","0","N/A","53.35","N/A","27","N/A","0","N/A","4.1","N/A"
"20","15","20","N/A","0","N/A","1","N/A","809.5","N/A","0","N/A","53.35","N/A","27","N/A","0","N/A","4.1","N/A"
"20","16","20","N/A","0","N/A","1","N/A","789.5","N/A","0","N/A","53.35","N/A","27","N/A","0","N/A","4.1","N/A"
"20","17","20","N/A","0","N/A","1","N/A","769.5","N/A","0","N/A","53.35","N/A","27","N/A","0","N/A","4.1","N/A"
"20","18","20","N/A","0","N/A","1","N/A","749.5","N/A","0","N/A","53.35","N/A","27","N/A","0","N/A","4.1","N/A"
"20","19","20","N/A","0","N/A","1","N/A","729.5","N/A","0","N/A","53.35","N/A","27","N/A","0","N/A","4.15","N/A"
"20","20","20","N/A","0","N/A","1","N/A","709.5","N/A","0","N/A","53.35","N/A","27","N/A","0","N/A","4.15","N/A"
"20","21","20","N/A","0","N/A","1","N/A","689.5","N/A","0","N/A","53.35","N/A","27","N/A","0","N/A","4.15","N/A"
"20","22","20","N/A","0","N/A","1","N/A","669.5","N/A","0","N/A","53.35","N/A","27","N/A","0","N/A","4.15","N/A"
"20","23","20","N/A","0","N/A","1","N/A","649.5","N/A","0","N/A","53.35","N/A","27","N/A","0","N/A","4.15","N/A"
"20","24","20","N/A","0","N/A","1","N/A","629.5","N/A","0","N/A","53.35","N/A","27","N/A","0","N/A","4.15","N/A"
"20","25","20","N/A","0","N/A","1","N/A","609.5","N/A","0","N/A","53.35","N/A","27","N/A","0","N/A","4.15","N/A"
"20","26","20","N/A","0","N/A","1","N/A","589.5","N/A","0","N/A","53.35","N/A","27","N/A","0","N/A","4.15","N/A"
"20","27","20","N/A","0","N/A","1","N/A","569.5","N/A","0","N/A","53.35","N/A","27","N/A","0","N/A","4.15","N/A"
"20","28","20","N/A","0","N/A","1","N/A","549.5","N/A","0","N/A","53.35","N/A","27","N/A","0","N/A","4.15","N/A"
"20","29","20","N/A","0","N/A","1","N/A","529.5","N/A","0","N/A","53.35","N/A","27","N/A","0","N/A","4.15","N/A"
"20","30","20","N/A","0","N/A","1","N/A","509.5","N/A","0","N/A","53.35","N/A","27","N/A","0","N/A","4.15","N/A"
"20","31","20","N/A","0","N/A","1","N/A","489.5","N/A","0","N/A","53.35","N/A","27","N/A","0","N/A","4.2","N/A"
"20","32","20","N/A","0","N/A","1","N/A","469.5","N/A","0","N/A","53.35","N/A","27","N/A","0","N/A","4.2","N/A"
"20","33","20","N/A","0","N/A","1","N/A","449.5","N/A","0","N/A","53.35","N/A","27","N/A","0","N/A","4.2","N/A"
"20","34","20","N/A","0","N/A","1","N/A","429.5","N/A","0","N/A","53.35","N/A","27","N/A","0","N/A","4.2","N/A"
"20","35","20","N/A","0","N/A","1","N/A","409.5","N/A","0","N/A","53.35","N/A","27","N/A","0","N/A","4.2","N/A"
"20","36","20","N/A","0","N/A","1","N/A","389.5","N/A","0","N/A","53.35","N/A","27","N/A","0","N/A","4.2","N/A"
"20","37","20","N/A","0","N/A","1","N/A","369.5","N/A","0","N/A","53.35","N/A","27","N/A","0","N/A","4.2","N/A"
"20","38","20","N/A","0","N/A","1","N/A","349.5","N/A","0","N/A","53.35","N/A","27","N/A","0","N/A","4.2","N/A"
"20","39","20","N/A","0","N/A","1","N/A","329.5","N/A","0","N/A","53.35","N/A","27","N/A","0","N/A","4.25","N/A"
"20","40","20","N/A","0","N/A","1","N/A","309.5","N/A","0","N/A","53.35","N/A","27","N/A","0","N/A","4.25","N/A"
"20","41","20","N/A","0","N/A","1","N/A","289.5","N/A","0","N/A","53.35","N/A","27","N/A","0","N/A","4.25","N/A"
"20","42","20","N/A","0","N/A","1","N/A","269.5","N/A","0","N/A","53.35","N/A","27","N/A","0","N/A","4.25","N/A"
"20","43","20","N/A","0","N/A","1","N/A","249.5","N/A","0","N/A","53.35","N/A","27","N/A","0","N/A","4.25","N/A"
"20","44","20","N/A","0","N/A","1","N/A","229.5","N/A","0","N/A","53.35","N/A","27","N/A","0","N/A","4.3","N/A"
"20","45","20","N/A","0","N/A","1","N/A","209.5","N/A","0","N/A","53.35","N/A","30","N/A","0","N/A","4.35","N/A"
"20","46","20","N/A","0","N/A","1","N/A","189.5","N/A","0","N/A","53.35","N/A","30","N/A","0","N/A","4.35","N/A"
"20","47","20","N/A","0","N/A","1","N/A","169.5","N/A","0","N/A","53.35","N/A","30","N/A","0","N/A","4.35","N/A"
"20","48","20","N/A","0","N/A","1","N/A","149.5","N/A","0","N/A","53.35","N/A","30","N/A","0","N/A","4.35","N/A"
"20","49","20","N/A","0","N/A","1","N/A","129.5","N/A","0","N/A","53.35","N/A","30","N/A","0","N/A","4.35","N/A"
"20","50","20","N/A","0","N/A","1","N/A","109.5","N/A","0","N/A","53.35","N/A","30","N/A","0","N/A","4.35","N/A"
"20","51","20","N/A","0","N/A","1","N/A","289.5","N/A","200","N/A","53.35","N/A","30","N/A","0","N/A","4.35","N/A"
"20","52","20","N/A","0","N/A","1","N/A","294.5","N/A","225","N/A","53.35","N/A","30","N/A","0","N/A","4.35","N/A"
"20","53","20","N/A","0","N/A","1","N/A","324.5","N/A","275","N/A","53.35","N/A","30","N/A","0","N/A","4.35","N/A"
"20","54","20","N/A","0","N/A","1","N/A","304.5","N/A","275","N/A","53.35","N/A","30","N/A","0","N/A","4.35","N/A"
"20","55","20","N/A","0","N/A","1","N/A","284.5","N/A","275","N/A","53.35","N/A","30","N/A","0","N/A","4.35","N/A"
"20","56","20","N/A","0","N/A","1","N/A","264.5","N/A","275","N/A","53.35","N/A","30","N/A","0","N/A","4.35","N/A"
"20","57","20","N/A","0","N/A","1","N/A","294.5","N/A","325","N/A","53.35","N/A","33","N/A","0","N/A","4.4","N/A"
"20","58","20","N/A","0","N/A","1","N/A","274.5","N/A","325","N/A","53.35","N/A","33","N/A","0","N/A","4.4","N/A"
"20","59","20","N/A","0","N/A","1","N/A","254.5","N/A","325","N/A","53.35","N/A","33","N/A","0","N/A","4.4","N/A"
"20","60","20","N/A","0","N/A","1","N/A","234.5","N/A","325","N/A","53.35","N/A","33","N/A","0","N/A","4.4","N/A"
"20","61","20","N/A","0","N/A","1","N/A","239.5","N/A","350","N/A","53.35","N/A","33","N/A","0","N/A","4.4","N/A"
"20","62","20","N/A","0","N/A","1","N/A","219.5","N/A","350","N/A","53.35","N/A","33","N/A","0","N/A","4.4","N/A"
"20","63","20","N/A","0","N/A","1","N/A","199.5","N/A","350","N/A","53.35","N/A","37","N/A","0","N/A","4.5","N/A"
"20","64","20","N/A","0","N/A","1","N/A","179.5","N/A","350","N/A","53.35","N/A","37","N/A","0","N/A","4.55","N/A"
"20","65","20","N/A","0","N/A","1","N/A","159.5","N/A","350","N/A","53.35","N/A","37","N/A","0","N/A","4.6","N/A"
"20","66","20","N/A","0","N/A","1","N/A","189.5","N/A","400","N/A","53.35","N/A","37","N/A","0","N/A","4.6","N/A"
"20","67","20","N/A","0","N/A","1","N/A","194.5","N/A","425","N/A","53.35","N/A","37","N/A","0","N/A","4.6","N/A"
"20","68","20","N/A","0","N/A","1","N/A","174.5","N/A","425","N/A","53.35","N/A","37","N/A","0","N/A","4.6","N/A"
"20","69","20","N/A","0","N/A","1","N/A","154.5","N/A","425","N/A","53.35","N/A","37","N/A","0","N/A","4.6","N/A"
"20","70","20","N/A","0","N/A","1","N/A","134.5","N/A","425","N/A","53.35","N/A","37","N/A","0","N/A","4.6","N/A"
"20","71","20","N/A","0","N/A","1","N/A","114.5","N/A","425","N/A","53.35","N/A","37","N/A","0","N/A","4.6","N/A"
"20","72","20","N/A","0","N/A","1","N/A","94.5","N/A","425","N/A","53.35","N/A","37","N/A","0","N/A","4.6","N/A"
"20","73","20","N/A","0","N/A","1","N/A","74.5","N/A","425","N/A","53.35","N/A","41","N/A","0","N/A","4.65","N/A"
"20","74","20","N/A","0","N/A","1","N/A","54.5","N/A","425","N/A","53.35","N/A","41","N/A","0","N/A","4.65","N/A"
"20","75","20","N/A","0","N/A","1","N/A","34.5","N/A","425","N/A","53.35","N/A","41","N/A","0","N/A","4.65","N/A"
"20","76","20","N/A","0","N/A","1","N/A","214.5","N/A","625","N/A","53.35","N/A","41","N/A","0","N/A","4.65","N/A"
"20","77","20","N/A","0","N/A","1","N/A","244.5","N/A","675","N/A","53.35","N/A","41","N/A","0","N/A","4.65","N/A"
"20","78","20","N/A","0","N/A","1","N/A","274.5","N/A","725","N/A","53.35","N/A","41","N/A","0","N/A","4.7","N/A"
"20","79","20","N/A","0","N/A","1","N/A","254.5","N/A","725","N/A","53.35","N/A","41","N/A","0","N/A","4.75","N/A"
"20","80","20","N/A","0","N/A","1","N/A","234.5","N/A","725","N/A","53.35","N/A","41","N/A","0","N/A","4.75","N/A"
"20","81","20","N/A","0","N/A","1","N/A","214.5","N/A","725","N/A","53.35","N/A","41","N/A","0","N/A","4.8","N/A"
"20","82","20","N/A","0","N/A","1","N/A","194.5","N/A","725","N/A","53.35","N/A","41","N/A","0","N/A","4.8","N/A"
"20","83","20","N/A","0","N/A","1","N/A","199.5","N/A","750","N/A","53.35","N/A","41","N/A","0","N/A","4.8","N/A"
"20","84","20","N/A","0","N/A","1","N/A","179.5","N/A","750","N/A","53.35","N/A","41","N/A","0","N/A","4.8","N/A"
"20","85","20","N/A","0","N/A","1","N/A","184.5","N/A","775","N/A","53.35","N/A","41","N/A","0","N/A","4.8","N/A"
"20","86","20","N/A","0","N/A","1","N/A","189.5","N/A","800","N/A","53.35","N/A","41","N/A","0","N/A","4.8","N/A"
"20","87","20","N/A","0","N/A","1","N/A","169.5","N/A","800","N/A","53.35","N/A","41","N/A","0","N/A","4.8","N/A"
"20","88","20","N/A","0","N/A","1","N/A","174.5","N/A","825","N/A","53.35","N/A","41","N/A","0","N/A","4.85","N/A"
"20","89","20","N/A","0","N/A","1","N/A","154.5","N/A","825","N/A","53.35","N/A","41","N/A","0","N/A","4.85","N/A"
"20","90","20","N/A","0","N/A","1","N/A","134.5","N/A","825","N/A","53.35","N/A","41","N/A","0","N/A","4.85","N/A"
"20","91","20","N/A","0","N/A","1","N/A","114.5","N/A","825","N/A","53.35","N/A","41","N/A","0","N/A","4.85","N/A"
"20","92","20","N/A","0","N/A","1","N/A","119.5","N/A","850","N/A","53.35","N/A","41","N/A","0","N/A","4.85","N/A"
"20","93","20","N/A","0","N/A","1","N/A","149.5","N/A","900","N/A","53.35","N/A","41","N/A","0","N/A","4.85","N/A"
"20","94","20","N/A","0","N/A","1","N/A","129.5","N/A","900","N/A","53.35","N/A","41","N/A","0","N/A","4.85","N/A"
"20","95","20","N/A","0","N/A","1","N/A","109.5","N/A","900","N/A","53.35","N/A","41","N/A","0","N/A","4.85","N/A"
"20","96","20","N/A","0","N/A","1","N/A","89.5","N/A","900","N/A","53.35","N/A","41","N/A","0","N/A","4.9","N/A"
"20","97","20","N/A","0","N/A","1","N/A","69.5","N/A","900","N/A","53.35","N/A","41","N/A","0","N/A","4.9","N/A"
"20","98","20","N/A","0","N/A","1","N/A","49.5","N/A","900","N/A","53.35","N/A","41","N/A","0","N/A","4.9","N/A"
"20","99","20","N/A","0","N/A","1","N/A","29.5","N/A","900","N/A","53.35","N/A","41","N/A","0","N/A","4.9","N/A"
"20","100","20","N/A","0","N/A","1","N/A","9.5","N/A","900","N/A","53.35","N/A","41","N/A","0","N/A","4.9","N/A"
"20","101","20","N/A","0","N/A","1","N/A","214.5","N/A","1125","N/A","53.35","N/A","41","N/A","0","N/A","4.9","N/A"
"20","102","20","N/A","0","N/A","1","N/A","219.5","N/A","1150","N/A","53.35","N/A","41","N/A","0","N/A","4.9","N/A"
"20","103","20","N/A","0","N/A","1","N/A","199.5","N/A","1150","N/A","53.35","N/A","45","N/A","0","N/A","5","N/A"
"20","104","20","N/A","0","N/A","1","N/A","204.5","N/A","1175","N/A","53.35","N/A","45","N/A","0","N/A","5","N/A"
"20","105","20","N/A","0","N/A","1","N/A","184.5","N/A","1175","N/A","53.35","N/A","45","N/A","0","N/A","5","N/A"
"20","106","20","N/A","0","N/A","1","N/A","164.5","N/A","1175","N/A","53.35","N/A","45","N/A","0","N/A","5.05","N/A"
"20","107","20","N/A","0","N/A","1","N/A","194.5","N/A","1225","N/A","53.35","N/A","45","N/A","0","N/A","5.05","N/A"
"20","108","20","N/A","0","N/A","1","N/A","174.5","N/A","1225","N/A","53.35","N/A","45","N/A","0","N/A","5.05","N/A"
"20","109","20","N/A","0","N/A","1","N/A","154.5","N/A","1225","N/A","53.35","N/A","45","N/A","0","N/A","5.05","N/A"
"20","110","20","N/A","0","N/A","1","N/A","134.5","N/A","1225","N/A","53.35","N/A","45","N/A","0","N/A","5.05","N/A"
"20","111","20","N/A","0","N/A","1","N/A","164.5","N/A","1275","N/A","53.35","N/A","45","N/A","0","N/A","5.05","N/A"
"20","112","20","N/A","0","N/A","1","N/A","144.5","N/A","1275","N/A","53.35","N/A","45","N/A","0","N/A","5.05","N/A"
"20","113","20","N/A","0","N/A","1","N/A","124.5","N/A","1275","N/A","53.35","N/A","45","N/A","0","N/A","5.05","N/A"
"20","114","20","N/A","0","N/A","1","N/A","104.5","N/A","1275","N/A","53.35","N/A","45","N/A","0","N/A","5.05","N/A"
"20","115","20","N/A","0","N/A","1","N/A","84.5","N/A","1275","N/A","53.35","N/A","45","N/A","0","N/A","5.05","N/A"
"20","116","20","N/A","0","N/A","1","N/A","64.5","N/A","1275","N/A","53.35","N/A","45","N/A","0","N/A","5.05","N/A"
"20","117","20","N/A","0","N/A","1","N/A","69.5","N/A","1300","N/A","53.35","N/A","45","N/A","0","N/A","5.05","N/A"
"20","118","20","N/A","0","N/A","1","N/A","49.5","N/A","1300","N/A","53.35","N/A","45","N/A","0","N/A","5.05","N/A"
"20","119","20","N/A","0","N/A","1","N/A","79.5","N/A","1350","N/A","53.35","N/A","45","N/A","0","N/A","5.05","N/A"
"20","120","20","N/A","0","N/A","1","N/A","59.5","N/A","1350","N/A","53.35","N/A","45","N/A","0","N/A","5.05","N/A"
"20","121","20","N/A","0","N/A","1","N/A","39.5","N/A","1350","N/A","53.35","N/A","45","N/A","0","N/A","5.05","N/A"
"20","122","20","N/A","0","N/A","1","N/A","19.5","N/A","1350","N/A","53.35","N/A","45","N/A","0","N/A","5.05","N/A"
"20","123","20","N/A","0","N/A","1","N/A","-0.5","N/A","1350","N/A","53.35","N/A","45","N/A","0","N/A","5.05","N/A"
"20","124","20","N/A","0","N/A","1","N/A","-20.5","N/A","1350","N/A","53.35","N/A","45","N/A","0","N/A","5.05","N/A"
"20","125","20","N/A","0","N/A","1","N/A","-40.5","N/A","1350","N/A","53.35","N/A","45","N/A","0","N/A","5.1","N/A"
"20","126","20","N/A","0","N/A","1","N/A","164.5","N/A","1575","N/A","53.35","N/A","48","N/A","0","N/A","5.2","N/A"
"20","127","20","N/A","0","N/A","1","N/A","194.5","N/A","1625","N/A","53.35","N/A","50","N/A","0","N/A","5.25","N/A"
"20","128","20","N/A","0","N/A","1","N/A","199.5","N/A","1650","N/A","53.35","N/A","50","N/A","0","N/A","5.25","N/A"
"20","129","20","N/A","0","N/A","1","N/A","179.5","N/A","1650","N/A","53.35","N/A","50","N/A","0","N/A","5.25","N/A"
"20","130","20","N/A","0","N/A","1","N/A","159.5","N/A","1650","N/A","53.35","N/A","50","N/A","0","N/A","5.25","N/A"
"20","131","20","N/A","0","N/A","1","N/A","139.5","N/A","1650","N/A","53.35","N/A","50","N/A","0","N/A","5.25","N/A"
"20","132","20","N/A","0","N/A","1","N/A","169.5","N/A","1700","N/A","53.35","N/A","50","N/A","0","N/A","5.3","N/A"
"20","133","20","N/A","0","N/A","1","N/A","149.5","N/A","1700","N/A","53.35","N/A","50","N/A","0","N/A","5.35","N/A"
"20","134","20","N/A","0","N/A","1","N/A","129.5","N/A","1700","N/A","53.35","N/A","50","N/A","0","N/A","5.35","N/A"
"20","135","20","N/A","0","N/A","1","N/A","109.5","N/A","1700","N/A","53.35","N/A","50","N/A","0","N/A","5.4","N/A"
"20","136","20","N/A","0","N/A","1","N/A","114.5","N/A","1725","N/A","53.35","N/A","50","N/A","0","N/A","5.45","N/A"
"20","137","20","N/A","0","N/A","1","N/A","94.5","N/A","1725","N/A","53.35","N/A","50","N/A","0","N/A","5.45","N/A"
"20","138","20","N/A","0","N/A","1","N/A","74.5","N/A","1725","N/A","53.35","N/A","50","N/A","0","N/A","5.45","N/A"
"20","139","20","N/A","0","N/A","1","N/A","54.5","N/A","1725","N/A","53.35","N/A","50","N/A","0","N/A","5.45","N/A"
"20","140","20","N/A","0","N/A","1","N/A","34.5","N/A","1725","N/A","53.35","N/A","50","N/A","0","N/A","5.45","N/A"
"20","141","20","N/A","0","N/A","1","N/A","39.5","N/A","1750","N/A","53.35","N/A","50","N/A","0","N/A","5.5","N/A"
"20","142","20","N/A","0","N/A","1","N/A","44.5","N/A","1775","N/A","53.35","N/A","50","N/A","0","N/A","5.5","N/A"
"20","143","20","N/A","0","N/A","1","N/A","24.5","N/A","1775","N/A","53.35","N/A","50","N/A","0","N/A","5.5","N/A"
"20","144","20","N/A","0","N/A","1","N/A","4.5","N/A","1775","N/A","53.35","N/A","50","N/A","0","N/A","5.5","N/A"
"20","145","20","N/A","0","N/A","1","N/A","9.5","N/A","1800","N/A","53.35","N/A","50","N/A","0","N/A","5.5","N/A"
"20","146","20","N/A","0","N/A","1","N/A","-10.5","N/A","1800","N/A","53.35","N/A","50","N/A","0","N/A","5.5","N/A"
"20","147","20","N/A","0","N/A","1","N/A","-30.5","N/A","1800","N/A","53.35","N/A","50","N/A","0","N/A","5.5","N/A"
"20","148","20","N/A","0","N/A","1","N/A","-50.5","N/A","1800","N/A","53.35","N/A","50","N/A","0","N/A","5.5","N/A"
"20","149","20","N/A","0","N/A","1","N/A","-70.5","N/A","1800","N/A","53.35","N/A","50","N/A","0","N/A","5.5","N/A"
"20","150","20","N/A","0","N/A","1","N/A","-90.5","N/A","1800","N/A","53.35","N/A","50","N/A","0","N/A","5.5","N/A"
"20","151","20","N/A","0","N/A","1","N/A","89.5","N/A","2000","N/A","53.35","N/A","50","N/A","0","N/A","5.5","N/A"
"20","152","20","N/A","0","N/A","1","N/A","144.5","N/A","2075","N/A","53.35","N/A","53","N/A","0","N/A","5.55","N/A"
"20","153","20","N/A","0","N/A","1","N/A","149.5","N/A","2100","N/A","53.35","N/A","53","N/A","0","N/A","5.55","N/A"
"20","154","20","N/A","0","N/A","1","N/A","129.5","N/A","2100","N/A","53.35","N/A","53","N/A","0","N/A","5.55","N/A"
"20","155","20","N/A","0","N/A","1","N/A","109.5","N/A","2100","N/A","53.35","N/A","53","N/A","0","N/A","5.6","N/A"
"20","156","20","N/A","0","N/A","1","N/A","89.5","N/A","2100","N/A","53.35","N/A","53","N/A","0","N/A","5.6","N/A"
"20","157","20","N/A","0","N/A","1","N/A","119.5","N/A","2150","N/A","53.35","N/A","54","N/A","0","N/A","5.65","N/A"
"20","158","20","N/A","0","N/A","1","N/A","124.5","N/A","2175","N/A","53.35","N/A","54","N/A","0","N/A","5.65","N/A"
"20","159","20","N/A","0","N/A","1","N/A","104.5","N/A","2175","N/A","53.35","N/A","54","N/A","0","N/A","5.65","N/A"
"20","160","20","N/A","0","N/A","1","N/A","84.5","N/A","2175","N/A","53.35","N/A","54","N/A","0","N/A","5.65","N/A"
"20","161","20","N/A","0","N/A","1","N/A","89.5","N/A","2200","N/A","53.35","N/A","54","N/A","0","N/A","5.65","N/A"
"20","162","20","N/A","0","N/A","1","N/A","94.5","N/A","2225","N/A","53.35","N/A","54","N/A","0","N/A","5.65","N/A"
"20","163","20","N/A","0","N/A","1","N/A","99.5","N/A","2250","N/A","53.35","N/A","54","N/A","0","N/A","5.65","N/A"
"20","164","20","N/A","0","N/A","1","N/A","104.5","N/A","2275","N/A","53.35","N/A","54","N/A","0","N/A","5.65","N/A"
"20","165","20","N/A","0","N/A","1","N/A","84.5","N/A","2275","N/A","53.35","N/A","54","N/A","0","N/A","5.65","N/A"
"20","166","20","N/A","0","N/A","1","N/A","64.5","N/A","2275","N/A","53.35","N/A","54","N/A","0","N/A","5.65","N/A"
"20","167","20","N/A","0","N/A","1","N/A","44.5","N/A","2275","N/A","53.35","N/A","54","N/A","0","N/A","5.65","N/A"
"20","168","20","N/A","0","N/A","1","N/A","49.5","N/A","2300","N/A","53.35","N/A","54","N/A","0","N/A","5.65","N/A"
"20","169","20","N/A","0","N/A","1","N/A","29.5","N/A","2300","N/A","53.35","N/A","57","N/A","0","N/A","5.75","N/A"
"20","170","20","N/A","0","N/A","1","N/A","9.5","N/A","2300","N/A","53.35","N/A","57","N/A","0","N/A","5.75","N/A"
"20","171","20","N/A","0","N/A","1","N/A","-10.5","N/A","2300","N/A","53.35","N/A","57","N/A","0","N/A","5.8","N/A"
"20","172","20","N/A","0","N/A","1","N/A","-5.5","N/A","2325","N/A","53.35","N/A","57","N/A","0","N/A","5.8","N/A"
"20","173","20","N/A","0","N/A","1","N/A","-25.5","N/A","2325","N/A","53.35","N/A","57","N/A","0","N/A","5.8","N/A"
"20","174","20","N/A","0","N/A","1","N/A","-45.5","N/A","2325","N/A","53.35","N/A","57","N/A","0","N/A","5.8","N/A"
"20","175","20","N/A","0","N/A","1","N/A","-65.5","N/A","2325","N/A","53.35","N/A","57","N/A","0","N/A","5.8","N/A"
"20","176","17","N/A","3","N/A","0.85","N/A","138.23529411764707","N/A","2529.4117647058824","N/A","53.35","N/A","54","N/A","3","N/A","5.882352941176471","N/A"
"20","177","17","N/A","3","N/A","0.85","N/A","118.23529411764706","N/A","2529.4117647058824","N/A","53.35","N/A","54","N/A","3","N/A","5.882352941176471","N/A"
"20","178","17","N/A","3","N/A","0.85","N/A","98.23529411764706","N/A","2529.4117647058824","N/A","53.35","N/A","54","N/A","3","N/A","5.882352941176471","N/A"
"20","179","17","N/A","3","N/A","0.85","N/A","78.23529411764706","N/A","2529.4117647058824","N/A","53.35","N/A","54","N/A","3","N/A","5.882352941176471","N/A"
"20","180","17","N/A","3","N/A","0.85","N/A","87.6470588235294","N/A","2558.823529411765","N/A","53.35","N/A","54","N/A","3","N/A","5.882352941176471","N/A"
"20","181","17","N/A","3","N/A","0.85","N/A","67.6470588235294","N/A","2558.823529411765","N/A","53.35","N/A","54","N/A","3","N/A","5.882352941176471","N/A"
"20","182","17","N/A","3","N/A","0.85","N/A","106.47058823529412","N/A","2617.6470588235293","N/A","53.35","N/A","57","N/A","3","N/A","6","N/A"
"20","183","17","N/A","3","N/A","0.85","N/A","86.47058823529412","N/A","2617.6470588235293","N/A","53.35","N/A","57","N/A","3","N/A","6","N/A"
"20","184","17","N/A","3","N/A","0.85","N/A","66.47058823529412","N/A","2617.6470588235293","N/A","53.35","N/A","59","N/A","3","N/A","6.0588235294117645","N/A"
"20","185","17","N/A","3","N/A","0.85","N/A","75.88235294117646","N/A","2647.0588235294117","N/A","53.35","N/A","62","N/A","3","N/A","6.117647058823529","N/A"
"20","186","17","N/A","3","N/A","0.85","N/A","85.29411764705883","N/A","2676.470588235294","N/A","53.35","N/A","62","N/A","3","N/A","6.117647058823529","N/A"
"20","187","17","N/A","3","N/A","0.85","N/A","65.29411764705883","N/A","2676.470588235294","N/A","53.35","N/A","62","N/A","3","N/A","6.117647058823529","N/A"
"20","188","17","N/A","3","N/A","0.85","N/A","45.294117647058826","N/A","2676.470588235294","N/A","53.35","N/A","62","N/A","3","N/A","6.117647058823529","N/A"
"20","189","16","N/A","4","N/A","0.8","N/A","27.5","N/A","2687.5","N/A","53.35","N/A","56","N/A","9","N/A","6.0625","N/A"
"20","190","16","N/A","4","N/A","0.8","N/A","7.5","N/A","2687.5","N/A","53.35","N/A","56","N/A","9","N/A","6.0625","N/A"
"20","191","16","N/A","4","N/A","0.8","N/A","-12.5","N/A","2687.5","N/A","53.35","N/A","56","N/A","9","N/A","6.0625","N/A"
"20","192","16","N/A","4","N/A","0.8","N/A","-1.25","N/A","2718.75","N/A","53.35","N/A","56","N/A","9","N/A","6.0625","N/A"
"20","193","16","N/A","4","N/A","0.8","N/A","-21.25","N/A","2718.75","N/A","53.35","N/A","56","N/A","9","N/A","6.0625","N/A"
"20","194","16","N/A","4","N/A","0.8","N/A","-41.25","N/A","2718.75","N/A","53.35","N/A","56","N/A","9","N/A","6.125","N/A"
"20","195","16","N/A","4","N/A","0.8","N/A","-61.25","N/A","2718.75","N/A","53.35","N/A","56","N/A","9","N/A","6.125","N/A"
"20","196","16","N/A","4","N/A","0.8","N/A","-81.25","N/A","2718.75","N/A","53.35","N/A","56","N/A","9","N/A","6.125","N/A"
"20","197","16","N/A","4","N/A","0.8","N/A","-101.25","N/A","2718.75","N/A","53.35","N/A","56","N/A","9","N/A","6.125","N/A"
"20","198","16","N/A","4","N/A","0.8","N/A","-121.25","N/A","2718.75","N/A","53.35","N/A","56","N/A","9","N/A","6.125","N/A"
"20","199","16","N/A","4","N/A","0.8","N/A","-141.25","N/A","2718.75","N/A","53.35","N/A","56","N/A","9","N/A","6.125","N/A"
"20","200","16","N/A","4","N/A","0.8","N/A","-161.25","N/A","2718.75","N/A","53.35","N/A","56","N/A","9","N/A","6.125","N/A"
"20","201","13","N/A","7","N/A","0.65","N/A","11.538461538461538","N/A","2923.076923076923","N/A","53.35","N/A","45","N/A","20","N/A","5.923076923076923","N/A"
"20","202","13","N/A","7","N/A","0.65","N/A","-8.461538461538462","N/A","2923.076923076923","N/A","53.35","N/A","45","N/A","20","N/A","5.923076923076923","N/A"
"20","203","13","N/A","7","N/A","0.65","N/A","-28.46153846153846","N/A","2923.076923076923","N/A","53.35","N/A","45","N/A","20","N/A","5.923076923076923","N/A"
"20","204","13","N/A","7","N/A","0.65","N/A","-48.46153846153846","N/A","2923.076923076923","N/A","53.35","N/A","45","N/A","20","N/A","5.923076923076923","N/A"
"20","205","13","N/A","7","N/A","0.65","N/A","-68.46153846153847","N/A","2923.076923076923","N/A","53.35","N/A","45","N/A","20","N/A","5.923076923076923","N/A"
"20","206","13","N/A","7","N/A","0.65","N/A","-88.46153846153847","N/A","2923.076923076923","N/A","53.35","N/A","45","N/A","20","N/A","5.923076923076923","N/A"
"20","207","12","N/A","8","N/A","0.6","N/A","-74.16666666666667","N/A","2958.3333333333335","N/A","53.35","N/A","35","N/A","30","N/A","5.666666666666667","N/A"
"20","208","12","N/A","8","N/A","0.6","N/A","-94.16666666666667","N/A","2958.3333333333335","N/A","53.35","N/A","35","N/A","30","N/A","5.666666666666667","N/A"
"20","209","12","N/A","8","N/A","0.6","N/A","-114.16666666666667","N/A","2958.3333333333335","N/A","53.35","N/A","35","N/A","30","N/A","5.666666666666667","N/A"
"20","210","11","N/A","9","N/A","0.55","N/A","-144.54545454545453","N/A","2954.5454545454545","N/A","53.35","N/A","29","N/A","36","N/A","5.454545454545454","N/A"
"20","211","11","N/A","9","N/A","0.55","N/A","-119.0909090909091","N/A","3000","N/A","53.35","N/A","29","N/A","36","N/A","5.454545454545454","N/A"
"20","212","11","N/A","9","N/A","0.55","N/A","-139.0909090909091","N/A","3000","N/A","53.35","N/A","33","N/A","36","N/A","5.545454545454546","N/A"
"20","213","11","N/A","9","N/A","0.55","N/A","-159.0909090909091","N/A","3000","N/A","53.35","N/A","33","N/A","36","N/A","5.545454545454546","N/A"
"20","214","11","N/A","9","N/A","0.55","N/A","-179.0909090909091","N/A","3000","N/A","53.35","N/A","33","N/A","36","N/A","5.545454545454546","N/A"
"20","215","11","N/A","9","N/A","0.55","N/A","-199.0909090909091","N/A","3000","N/A","53.35","N/A","33","N/A","36","N/A","5.545454545454546","N/A"
"20","216","11","N/A","9","N/A","0.55","N/A","-219.0909090909091","N/A","3000","N/A","53.35","N/A","33","N/A","36","N/A","5.545454545454546","N/A"
"20","217","11","N/A","9","N/A","0.55","N/A","-193.63636363636363","N/A","3045.4545454545455","N/A","53.35","N/A","33","N/A","36","N/A","5.545454545454546","N/A"
"20","218","11","N/A","9","N/A","0.55","N/A","-213.63636363636363","N/A","3045.4545454545455","N/A","53.35","N/A","33","N/A","36","N/A","5.545454545454546","N/A"
"20","219","11","N/A","9","N/A","0.55","N/A","-233.63636363636363","N/A","3045.4545454545455","N/A","53.35","N/A","33","N/A","36","N/A","5.545454545454546","N/A"
"20","220","11","N/A","9","N/A","0.55","N/A","-253.63636363636363","N/A","3045.4545454545455","N/A","53.35","N/A","33","N/A","36","N/A","5.545454545454546","N/A"
"20","221","11","N/A","9","N/A","0.55","N/A","-273.6363636363636","N/A","3045.4545454545455","N/A","53.35","N/A","33","N/A","36","N/A","5.545454545454546","N/A"
"20","222","11","N/A","9","N/A","0.55","N/A","-293.6363636363636","N/A","3045.4545454545455","N/A","53.35","N/A","33","N/A","36","N/A","5.545454545454546","N/A"
"20","223","11","N/A","9","N/A","0.55","N/A","-313.6363636363636","N/A","3045.4545454545455","N/A","53.35","N/A","33","N/A","36","N/A","5.545454545454546","N/A"
"20","224","11","N/A","9","N/A","0.55","N/A","-288.1818181818182","N/A","3090.909090909091","N/A","53.35","N/A","33","N/A","36","N/A","5.545454545454546","N/A"
"20","225","11","N/A","9","N/A","0.55","N/A","-308.1818181818182","N/A","3090.909090909091","N/A","53.35","N/A","33","N/A","36","N/A","5.545454545454546","N/A"
"20","226","11","N/A","9","N/A","0.55","N/A","-55.45454545454545","N/A","3363.6363636363635","N/A","53.35","N/A","33","N/A","36","N/A","5.545454545454546","N/A"
"20","227","11","N/A","9","N/A","0.55","N/A","-75.45454545454545","N/A","3363.6363636363635","N/A","53.35","N/A","33","N/A","36","N/A","5.545454545454546","N/A"
"20","228","11","N/A","9","N/A","0.55","N/A","-95.45454545454545","N/A","3363.6363636363635","N/A","53.35","N/A","33","N/A","36","N/A","5.545454545454546","N/A"
"20","229","11","N/A","9","N/A","0.55","N/A","-115.45454545454545","N/A","3363.6363636363635","N/A","53.35","N/A","33","N/A","36","N/A","5.545454545454546","N/A"
"20","230","11","N/A","9","N/A","0.55","N/A","-135.45454545454547","N/A","3363.6363636363635","N/A","53.35","N/A","33","N/A","36","N/A","5.545454545454546","N/A"
"20","231","11","N/A","9","N/A","0.55","N/A","-155.45454545454547","N/A","3363.6363636363635","N/A","53.35","N/A","33","N/A","36","N/A","5.545454545454546","N/A"
"20","232","11","N/A","9","N/A","0.55","N/A","-130","N/A","3409.090909090909","N/A","53.35","N/A","33","N/A","36","N/A","5.545454545454546","N/A"
"20","233","11","N/A","9","N/A","0.55","N/A","-150","N/A","3409.090909090909","N/A","53.35","N/A","33","N/A","36","N/A","5.545454545454546","N/A"
"20","234","11","N/A","9","N/A","0.55","N/A","-170","N/A","3409.090909090909","N/A","53.35","N/A","33","N/A","36","N/A","5.545454545454546","N/A"
"20","235","11","N/A","9","N/A","0.55","N/A","-190","N/A","3409.090909090909","N/A","53.35","N/A","33","N/A","36","N/A","5.545454545454546","N/A"
"20","236","11","N/A","9","N/A","0.55","N/A","-164.54545454545453","N/A","3454.5454545454545","N/A","53.35","N/A","33","N/A","36","N/A","5.545454545454546","N/A"
"20","237","11","N/A","9","N/A","0.55","N/A","-184.54545454545453","N/A","3454.5454545454545","N/A","53.35","N/A","34","N/A","36","N/A","5.636363636363637","N/A"
"20","238","11","N/A","9","N/A","0.55","N/A","-204.54545454545453","N/A","3454.5454545454545","N/A","53.35","N/A","34","N/A","36","N/A","5.636363636363637","N/A"
"20","239","11","N/A","9","N/A","0.55","N/A","-224.54545454545453","N/A","3454.5454545454545","N/A","53.35","N/A","34","N/A","36","N/A","5.636363636363637","N/A"
"20","240","11","N/A","9","N/A","0.55","N/A","-244.54545454545453","N/A","3454.5454545454545","N/A","53.35","N/A","34","N/A","36","N/A","5.636363636363637","N/A"
"20","241","11","N/A","9","N/A","0.55","N/A","-264.54545454545456","N/A","3454.5454545454545","N/A","53.35","N/A","34","N/A","36","N/A","5.636363636363637","N/A"
"20","242","10","N/A","10","N/A","0.5","N/A","-312","N/A","3450","N/A","53.35","N/A","31","N/A","39","N/A","5.6","N/A"
"20","243","10","N/A","10","N/A","0.5","N/A","-332","N/A","3450","N/A","53.35","N/A","31","N/A","39","N/A","5.6","N/A"
"20","244","10","N/A","10","N/A","0.5","N/A","-352","N/A","3450","N/A","53.35","N/A","31","N/A","39","N/A","5.6","N/A"
"20","245","10","N/A","10","N/A","0.5","N/A","-372","N/A","3450","N/A","53.35","N/A","31","N/A","39","N/A","5.6","N/A"
"20","246","10","N/A","10","N/A","0.5","N/A","-392","N/A","3450","N/A","53.35","N/A","31","N/A","39","N/A","5.6","N/A"
"20","247","10","N/A","10","N/A","0.5","N/A","-412","N/A","3450","N/A","53.35","N/A","31","N/A","39","N/A","5.6","N/A"
"20","248","10","N/A","10","N/A","0.5","N/A","-432","N/A","3450","N/A","53.35","N/A","31","N/A","39","N/A","5.6","N/A"
"20","249","10","N/A","10","N/A","0.5","N/A","-452","N/A","3450","N/A","53.35","N/A","31","N/A","39","N/A","5.6","N/A"
"20","250","9","N/A","11","N/A","0.45","N/A","-352.22222222222223","N/A","3611.1111111111113","N/A","53.35","N/A","21","N/A","49","N/A","5.222222222222222","N/A"
"20","251","8","N/A","12","N/A","0.4","N/A","-103.75","N/A","3875","N/A","53.35","N/A","18","N/A","52","N/A","5.25","N/A"
"20","252","8","N/A","12","N/A","0.4","N/A","-123.75","N/A","3875","N/A","53.35","N/A","18","N/A","52","N/A","5.375","N/A"
"20","253","8","N/A","12","N/A","0.4","N/A","-143.75","N/A","3875","N/A","53.35","N/A","18","N/A","52","N/A","5.375","N/A"
"20","254","8","N/A","12","N/A","0.4","N/A","-163.75","N/A","3875","N/A","53.35","N/A","18","N/A","52","N/A","5.375","N/A"
"20","255","8","N/A","12","N/A","0.4","N/A","-183.75","N/A","3875","N/A","53.35","N/A","18","N/A","52","N/A","5.375","N/A"
"20","256","8","N/A","12","N/A","0.4","N/A","-203.75","N/A","3875","N/A","53.35","N/A","18","N/A","52","N/A","5.375","N/A"
"20","257","8","N/A","12","N/A","0.4","N/A","-161.25","N/A","3937.5","N/A","53.35","N/A","18","N/A","52","N/A","5.375","N/A"
"20","258","8","N/A","12","N/A","0.4","N/A","-181.25","N/A","3937.5","N/A","53.35","N/A","18","N/A","52","N/A","5.375","N/A"
"20","259","8","N/A","12","N/A","0.4","N/A","-201.25","N/A","3937.5","N/A","53.35","N/A","18","N/A","52","N/A","5.375","N/A"
"20","260","8","N/A","12","N/A","0.4","N/A","-221.25","N/A","3937.5","N/A","53.35","N/A","18","N/A","52","N/A","5.375","N/A"
"20","261","8","N/A","12","N/A","0.4","N/A","-178.75","N/A","4000","N/A","53.35","N/A","18","N/A","52","N/A","5.375","N/A"
"20","262","8","N/A","12","N/A","0.4","N/A","-198.75","N/A","4000","N/A","53.35","N/A","18","N/A","52","N/A","5.375","N/A"
"20","263","8","N/A","12","N/A","0.4","N/A","-218.75","N/A","4000","N/A","53.35","N/A","18","N/A","52","N/A","5.375","N/A"
"20","264","8","N/A","12","N/A","0.4","N/A","-238.75","N/A","4000","N/A","53.35","N/A","18","N/A","52","N/A","5.375","N/A"
"20","265","8","N/A","12","N/A","0.4","N/A","-258.75","N/A","4000","N/A","53.35","N/A","18","N/A","52","N/A","5.375","N/A"
"20","266","8","N/A","12","N/A","0.4","N/A","-278.75","N/A","4000","N/A","53.35","N/A","18","N/A","52","N/A","5.375","N/A"
"20","267","8","N/A","12","N/A","0.4","N/A","-298.75","N/A","4000","N/A","53.35","N/A","18","N/A","52","N/A","5.375","N/A"
"20","268","8","N/A","12","N/A","0.4","N/A","-318.75","N/A","4000","N/A","53.35","N/A","18","N/A","52","N/A","5.375","N/A"
"20","269","8","N/A","12","N/A","0.4","N/A","-338.75","N/A","4000","N/A","53.35","N/A","18","N/A","52","N/A","5.375","N/A"
"20","270","8","N/A","12","N/A","0.4","N/A","-358.75","N/A","4000","N/A","53.35","N/A","18","N/A","52","N/A","5.375","N/A"
"20","271","8","N/A","12","N/A","0.4","N/A","-378.75","N/A","4000","N/A","53.35","N/A","18","N/A","52","N/A","5.375","N/A"
"20","272","8","N/A","12","N/A","0.4","N/A","-398.75","N/A","4000","N/A","53.35","N/A","18","N/A","52","N/A","5.375","N/A"
"20","273","8","N/A","12","N/A","0.4","N/A","-418.75","N/A","4000","N/A","53.35","N/A","18","N/A","52","N/A","5.375","N/A"
"20","274","8","N/A","12","N/A","0.4","N/A","-438.75","N/A","4000","N/A","53.35","N/A","18","N/A","52","N/A","5.375","N/A"
"20","275","8","N/A","12","N/A","0.4","N/A","-458.75","N/A","4000","N/A","53.35","N/A","18","N/A","52","N/A","5.375","N/A"
"20","276","8","N/A","12","N/A","0.4","N/A","-166.25","N/A","4312.5","N/A","53.35","N/A","18","N/A","52","N/A","5.375","N/A"
"20","277","8","N/A","12","N/A","0.4","N/A","-186.25","N/A","4312.5","N/A","53.35","N/A","18","N/A","52","N/A","5.375","N/A"
"20","278","8","N/A","12","N/A","0.4","N/A","-206.25","N/A","4312.5","N/A","53.35","N/A","18","N/A","52","N/A","5.375","N/A"
"20","279","8","N/A","12","N/A","0.4","N/A","-226.25","N/A","4312.5","N/A","53.35","N/A","18","N/A","52","N/A","5.375","N/A"
"20","280","8","N/A","12","N/A","0.4","N/A","-246.25","N/A","4312.5","N/A","53.35","N/A","18","N/A","52","N/A","5.375","N/A"
"20","281","8","N/A","12","N/A","0.4","N/A","-266.25","N/A","4312.5","N/A","53.35","N/A","18","N/A","52","N/A","5.375","N/A"
"20","282","7","N/A","13","N/A","0.35","N/A","-324.2857142857143","N/A","4285.714285714285","N/A","53.35","N/A","13","N/A","57","N/A","5.428571428571429","N/A"
"20","283","7","N/A","13","N/A","0.35","N/A","-344.2857142857143","N/A","4285.714285714285","N/A","53.35","N/A","13","N/A","57","N/A","5.428571428571429","N/A"
"20","284","7","N/A","13","N/A","0.35","N/A","-364.2857142857143","N/A","4285.714285714285","N/A","53.35","N/A","13","N/A","57","N/A","5.428571428571429","N/A"
"20","285","7","N/A","13","N/A","0.35","N/A","-384.2857142857143","N/A","4285.714285714285","N/A","53.35","N/A","13","N/A","57","N/A","5.428571428571429","N/A"
"20","286","7","N/A","13","N/A","0.35","N/A","-332.85714285714283","N/A","4357.142857142857","N/A","53.35","N/A","13","N/A","57","N/A","5.428571428571429","N/A"
"20","287","7","N/A","13","N/A","0.35","N/A","-352.85714285714283","N/A","4357.142857142857","N/A","53.35","N/A","13","N/A","57","N/A","5.428571428571429","N/A"
"20","288","7","N/A","13","N/A","0.35","N/A","-372.85714285714283","N/A","4357.142857142857","N/A","53.35","N/A","13","N/A","57","N/A","5.428571428571429","N/A"
"20","289","7","N/A","13","N/A","0.35","N/A","-392.85714285714283","N/A","4357.142857142857","N/A","53.35","N/A","13","N/A","57","N/A","5.428571428571429","N/A"
"20","290","7","N/A","13","N/A","0.35","N/A","-412.85714285714283","N/A","4357.142857142857","N/A","53.35","N/A","13","N/A","57","N/A","5.428571428571429","N/A"
"20","291","7","N/A","13","N/A","0.35","N/A","-432.85714285714283","N/A","4357.142857142857","N/A","53.35","N/A","13","N/A","57","N/A","5.428571428571429","N/A"
"20","292","7","N/A","13","N/A","0.35","N/A","-452.85714285714283","N/A","4357.142857142857","N/A","53.35","N/A","13","N/A","57","N/A","5.428571428571429","N/A"
"20","293","7","N/A","13","N/A","0.35","N/A","-472.85714285714283","N/A","4357.142857142857","N/A","53.35","N/A","13","N/A","57","N/A","5.428571428571429","N/A"
"20","294","7","N/A","13","N/A","0.35","N/A","-492.85714285714283","N/A","4357.142857142857","N/A","53.35","N/A","13","N/A","57","N/A","5.428571428571429","N/A"
"20","295","7","N/A","13","N/A","0.35","N/A","-512.8571428571429","N/A","4357.142857142857","N/A","53.35","N/A","13","N/A","57","N/A","5.428571428571429","N/A"
"20","296","7","N/A","13","N/A","0.35","N/A","-532.8571428571429","N/A","4357.142857142857","N/A","53.35","N/A","13","N/A","57","N/A","5.428571428571429","N/A"
"20","297","7","N/A","13","N/A","0.35","N/A","-552.8571428571429","N/A","4357.142857142857","N/A","53.35","N/A","13","N/A","57","N/A","5.428571428571429","N/A"
"20","298","7","N/A","13","N/A","0.35","N/A","-572.8571428571429","N/A","4357.142857142857","N/A","53.35","N/A","16","N/A","57","N/A","5.571428571428571","N/A"
"20","299","7","N/A","13","N/A","0.35","N/A","-592.8571428571429","N/A","4357.142857142857","N/A","53.35","N/A","16","N/A","57","N/A","5.571428571428571","N/A"
"20","300","7","N/A","13","N/A","0.35","N/A","-612.8571428571429","N/A","4357.142857142857","N/A","53.35","N/A","16","N/A","57","N/A","5.571428571428571","N/A"
"20","301","7","N/A","13","N/A","0.35","N/A","-275.7142857142857","N/A","4714.285714285715","N/A","53.35","N/A","16","N/A","57","N/A","5.571428571428571","N/A"
"20","302","7","N/A","13","N/A","0.35","N/A","-295.7142857142857","N/A","4714.285714285715","N/A","53.35","N/A","16","N/A","57","N/A","5.571428571428571","N/A"
"20","303","7","N/A","13","N/A","0.35","N/A","-315.7142857142857","N/A","4714.285714285715","N/A","53.35","N/A","16","N/A","57","N/A","5.571428571428571","N/A"
"20","304","7","N/A","13","N/A","0.35","N/A","-335.7142857142857","N/A","4714.285714285715","N/A","53.35","N/A","16","N/A","57","N/A","5.571428571428571","N/A"
"20","305","7","N/A","13","N/A","0.35","N/A","-355.7142857142857","N/A","4714.285714285715","N/A","53.35","N/A","16","N/A","57","N/A","5.571428571428571","N/A"
"20","306","7","N/A","13","N/A","0.35","N/A","-375.7142857142857","N/A","4714.285714285715","N/A","53.35","N/A","19","N/A","57","N/A","5.714285714285714","N/A"
"20","307","7","N/A","13","N/A","0.35","N/A","-395.7142857142857","N/A","4714.285714285715","N/A","53.35","N/A","19","N/A","57","N/A","5.714285714285714","N/A"
"20","308","7","N/A","13","N/A","0.35","N/A","-415.7142857142857","N/A","4714.285714285715","N/A","53.35","N/A","19","N/A","57","N/A","5.714285714285714","N/A"
"20","309","7","N/A","13","N/A","0.35","N/A","-435.7142857142857","N/A","4714.285714285715","N/A","53.35","N/A","19","N/A","57","N/A","5.714285714285714","N/A"
"20","310","7","N/A","13","N/A","0.35","N/A","-455.7142857142857","N/A","4714.285714285715","N/A","53.35","N/A","19","N/A","57","N/A","5.714285714285714","N/A"
"20","311","7","N/A","13","N/A","0.35","N/A","-404.2857142857143","N/A","4785.714285714285","N/A","53.35","N/A","19","N/A","57","N/A","5.714285714285714","N/A"
"20","312","7","N/A","13","N/A","0.35","N/A","-424.2857142857143","N/A","4785.714285714285","N/A","53.35","N/A","19","N/A","57","N/A","5.714285714285714","N/A"
"20","313","7","N/A","13","N/A","0.35","N/A","-444.2857142857143","N/A","4785.714285714285","N/A","53.35","N/A","19","N/A","57","N/A","5.714285714285714","N/A"
"20","314","7","N/A","13","N/A","0.35","N/A","-464.2857142857143","N/A","4785.714285714285","N/A","53.35","N/A","19","N/A","57","N/A","5.714285714285714","N/A"
"20","315","7","N/A","13","N/A","0.35","N/A","-484.2857142857143","N/A","4785.714285714285","N/A","53.35","N/A","19","N/A","57","N/A","5.714285714285714","N/A"
"20","316","7","N/A","13","N/A","0.35","N/A","-504.2857142857143","N/A","4785.714285714285","N/A","53.35","N/A","19","N/A","57","N/A","5.714285714285714","N/A"
"20","317","7","N/A","13","N/A","0.35","N/A","-524.2857142857143","N/A","4785.714285714285","N/A","53.35","N/A","19","N/A","57","N/A","5.714285714285714","N/A"
"20","318","7","N/A","13","N/A","0.35","N/A","-544.2857142857143","N/A","4785.714285714285","N/A","53.35","N/A","19","N/A","57","N/A","5.714285714285714","N/A"
"20","319","7","N/A","13","N/A","0.35","N/A","-564.2857142857143","N/A","4785.714285714285","N/A","53.35","N/A","19","N/A","57","N/A","5.714285714285714","N/A"
"20","320","7","N/A","13","N/A","0.35","N/A","-584.2857142857143","N/A","4785.714285714285","N/A","53.35","N/A","19","N/A","57","N/A","5.714285714285714","N/A"
"20","321","7","N/A","13","N/A","0.35","N/A","-604.2857142857143","N/A","4785.714285714285","N/A","53.35","N/A","19","N/A","57","N/A","5.714285714285714","N/A"
"20","322","7","N/A","13","N/A","0.35","N/A","-624.2857142857143","N/A","4785.714285714285","N/A","53.35","N/A","19","N/A","57","N/A","5.714285714285714","N/A"
"20","323","7","N/A","13","N/A","0.35","N/A","-644.2857142857143","N/A","4785.714285714285","N/A","53.35","N/A","19","N/A","57","N/A","5.714285714285714","N/A"
"20","324","7","N/A","13","N/A","0.35","N/A","-664.2857142857143","N/A","4785.714285714285","N/A","53.35","N/A","19","N/A","57","N/A","5.714285714285714","N/A"
"20","325","7","N/A","13","N/A","0.35","N/A","-684.2857142857143","N/A","4785.714285714285","N/A","53.35","N/A","19","N/A","57","N/A","5.714285714285714","N/A"
"20","326","6","N/A","14","N/A","0.3","N/A","-485","N/A","5000","N/A","53.35","N/A","16","N/A","60","N/A","5.666666666666667","N/A"
"20","327","6","N/A","14","N/A","0.3","N/A","-505","N/A","5000","N/A","53.35","N/A","16","N/A","60","N/A","5.666666666666667","N/A"
"20","328","6","N/A","14","N/A","0.3","N/A","-525","N/A","5000","N/A","53.35","N/A","16","N/A","60","N/A","5.666666666666667","N/A"
"20","329","6","N/A","14","N/A","0.3","N/A","-545","N/A","5000","N/A","53.35","N/A","16","N/A","60","N/A","5.666666666666667","N/A"
"20","330","6","N/A","14","N/A","0.3","N/A","-565","N/A","5000","N/A","53.35","N/A","16","N/A","60","N/A","5.666666666666667","N/A"
"20","331","6","N/A","14","N/A","0.3","N/A","-585","N/A","5000","N/A","53.35","N/A","16","N/A","60","N/A","5.666666666666667","N/A"
"20","332","6","N/A","14","N/A","0.3","N/A","-605","N/A","5000","N/A","53.35","N/A","16","N/A","60","N/A","5.666666666666667","N/A"
"20","333","6","N/A","14","N/A","0.3","N/A","-625","N/A","5000","N/A","53.35","N/A","16","N/A","60","N/A","5.666666666666667","N/A"
"20","334","6","N/A","14","N/A","0.3","N/A","-645","N/A","5000","N/A","53.35","N/A","16","N/A","60","N/A","5.666666666666667","N/A"
"20","335","6","N/A","14","N/A","0.3","N/A","-665","N/A","5000","N/A","53.35","N/A","16","N/A","60","N/A","5.666666666666667","N/A"
"20","336","6","N/A","14","N/A","0.3","N/A","-601.6666666666666","N/A","5083.333333333333","N/A","53.35","N/A","16","N/A","60","N/A","5.666666666666667","N/A"
"20","337","6","N/A","14","N/A","0.3","N/A","-621.6666666666666","N/A","5083.333333333333","N/A","53.35","N/A","16","N/A","60","N/A","5.666666666666667","N/A"
"20","338","6","N/A","14","N/A","0.3","N/A","-641.6666666666666","N/A","5083.333333333333","N/A","53.35","N/A","16","N/A","60","N/A","5.666666666666667","N/A"
"20","339","6","N/A","14","N/A","0.3","N/A","-661.6666666666666","N/A","5083.333333333333","N/A","53.35","N/A","16","N/A","60","N/A","5.666666666666667","N/A"
"20","340","6","N/A","14","N/A","0.3","N/A","-681.6666666666666","N/A","5083.333333333333","N/A","53.35","N/A","16","N/A","60","N/A","5.666666666666667","N/A"
"20","341","6","N/A","14","N/A","0.3","N/A","-701.6666666666666","N/A","5083.333333333333","N/A","53.35","N/A","16","N/A","60","N/A","5.666666666666667","N/A"
"20","342","6","N/A","14","N/A","0.3","N/A","-721.6666666666666","N/A","5083.333333333333","N/A","53.35","N/A","16","N/A","60","N/A","5.666666666666667","N/A"
"20","343","6","N/A","14","N/A","0.3","N/A","-741.6666666666666","N/A","5083.333333333333","N/A","53.35","N/A","16","N/A","60","N/A","5.666666666666667","N/A"
"20","344","6","N/A","14","N/A","0.3","N/A","-761.6666666666666","N/A","5083.333333333333","N/A","53.35","N/A","16","N/A","60","N/A","5.666666666666667","N/A"
"20","345","6","N/A","14","N/A","0.3","N/A","-781.6666666666666","N/A","5083.333333333333","N/A","53.35","N/A","16","N/A","60","N/A","5.666666666666667","N/A"
"20","346","6","N/A","14","N/A","0.3","N/A","-801.6666666666666","N/A","5083.333333333333","N/A","53.35","N/A","16","N/A","60","N/A","5.666666666666667","N/A"
"20","347","6","N/A","14","N/A","0.3","N/A","-821.6666666666666","N/A","5083.333333333333","N/A","53.35","N/A","16","N/A","60","N/A","5.666666666666667","N/A"
"20","348","6","N/A","14","N/A","0.3","N/A","-841.6666666666666","N/A","5083.333333333333","N/A","53.35","N/A","16","N/A","60","N/A","5.666666666666667","N/A"
"20","349","6","N/A","14","N/A","0.3","N/A","-861.6666666666666","N/A","5083.333333333333","N/A","53.35","N/A","16","N/A","60","N/A","5.666666666666667","N/A"
"20","350","6","N/A","14","N/A","0.3","N/A","-881.6666666666666","N/A","5083.333333333333","N/A","53.35","N/A","16","N/A","60","N/A","5.666666666666667","N/A"
"20","351","6","N/A","14","N/A","0.3","N/A","-568.3333333333334","N/A","5416.666666666667","N/A","53.35","N/A","16","N/A","60","N/A","5.666666666666667","N/A"
"20","352","6","N/A","14","N/A","0.3","N/A","-588.3333333333334","N/A","5416.666666666667","N/A","53.35","N/A","16","N/A","60","N/A","5.666666666666667","N/A"
"20","353","6","N/A","14","N/A","0.3","N/A","-608.3333333333334","N/A","5416.666666666667","N/A","53.35","N/A","16","N/A","60","N/A","5.666666666666667","N/A"
"20","354","6","N/A","14","N/A","0.3","N/A","-628.3333333333334","N/A","5416.666666666667","N/A","53.35","N/A","16","N/A","60","N/A","5.666666666666667","N/A"
"20","355","6","N/A","14","N/A","0.3","N/A","-648.3333333333334","N/A","5416.666666666667","N/A","53.35","N/A","16","N/A","60","N/A","5.666666666666667","N/A"
"20","356","6","N/A","14","N/A","0.3","N/A","-668.3333333333334","N/A","5416.666666666667","N/A","53.35","N/A","16","N/A","60","N/A","5.666666666666667","N/A"
"20","357","6","N/A","14","N/A","0.3","N/A","-688.3333333333334","N/A","5416.666666666667","N/A","53.35","N/A","16","N/A","60","N/A","5.666666666666667","N/A"
"20","358","6","N/A","14","N/A","0.3","N/A","-708.3333333333334","N/A","5416.666666666667","N/A","53.35","N/A","16","N/A","60","N/A","5.833333333333333","N/A"
"20","359","6","N/A","14","N/A","0.3","N/A","-728.3333333333334","N/A","5416.666666666667","N/A","53.35","N/A","16","N/A","60","N/A","5.833333333333333","N/A"
"20","360","6","N/A","14","N/A","0.3","N/A","-748.3333333333334","N/A","5416.666666666667","N/A","53.35","N/A","16","N/A","60","N/A","5.833333333333333","N/A"
"20","361","6","N/A","14","N/A","0.3","N/A","-685","N/A","5500","N/A","53.35","N/A","16","N/A","60","N/A","5.833333333333333","N/A"
"20","362","6","N/A","14","N/A","0.3","N/A","-705","N/A","5500","N/A","53.35","N/A","16","N/A","60","N/A","5.833333333333333","N/A"
"20","363","6","N/A","14","N/A","0.3","N/A","-725","N/A","5500","N/A","53.35","N/A","16","N/A","60","N/A","5.833333333333333","N/A"
"20","364","6","N/A","14","N/A","0.3","N/A","-745","N/A","5500","N/A","53.35","N/A","16","N/A","60","N/A","5.833333333333333","N/A"
"20","365","6","N/A","14","N/A","0.3","N/A","-765","N/A","5500","N/A","53.35","N/A","16","N/A","60","N/A","5.833333333333333","N/A"
"20","366","6","N/A","14","N/A","0.3","N/A","-785","N/A","5500","N/A","53.35","N/A","16","N/A","60","N/A","5.833333333333333","N/A"
"20","367","6","N/A","14","N/A","0.3","N/A","-805","N/A","5500","N/A","53.35","N/A","16","N/A","60","N/A","5.833333333333333","N/A"
"20","368","6","N/A","14","N/A","0.3","N/A","-825","N/A","5500","N/A","53.35","N/A","16","N/A","60","N/A","5.833333333333333","N/A"
"20","369","6","N/A","14","N/A","0.3","N/A","-845","N/A","5500","N/A","53.35","N/A","16","N/A","60","N/A","5.833333333333333","N/A"
"20","370","6","N/A","14","N/A","0.3","N/A","-865","N/A","5500","N/A","53.35","N/A","16","N/A","60","N/A","5.833333333333333","N/A"
"20","371","6","N/A","14","N/A","0.3","N/A","-885","N/A","5500","N/A","53.35","N/A","16","N/A","60","N/A","5.833333333333333","N/A"
"20","372","6","N/A","14","N/A","0.3","N/A","-905","N/A","5500","N/A","53.35","N/A","16","N/A","60","N/A","5.833333333333333","N/A"
"20","373","6","N/A","14","N/A","0.3","N/A","-925","N/A","5500","N/A","53.35","N/A","16","N/A","60","N/A","5.833333333333333","N/A"
"20","374","6","N/A","14","N/A","0.3","N/A","-945","N/A","5500","N/A","53.35","N/A","16","N/A","60","N/A","5.833333333333333","N/A"
"20","375","6","N/A","14","N/A","0.3","N/A","-965","N/A","5500","N/A","53.35","N/A","16","N/A","60","N/A","5.833333333333333","N/A"
"20","376","6","N/A","14","N/A","0.3","N/A","-651.6666666666666","N/A","5833.333333333333","N/A","53.35","N/A","16","N/A","60","N/A","5.833333333333333","N/A"
"20","377","6","N/A","14","N/A","0.3","N/A","-671.6666666666666","N/A","5833.333333333333","N/A","53.35","N/A","16","N/A","60","N/A","5.833333333333333","N/A"
"20","378","6","N/A","14","N/A","0.3","N/A","-691.6666666666666","N/A","5833.333333333333","N/A","53.35","N/A","16","N/A","60","N/A","5.833333333333333","N/A"
"20","379","6","N/A","14","N/A","0.3","N/A","-711.6666666666666","N/A","5833.333333333333","N/A","53.35","N/A","16","N/A","60","N/A","5.833333333333333","N/A"
"20","380","6","N/A","14","N/A","0.3","N/A","-731.6666666666666","N/A","5833.333333333333","N/A","53.35","N/A","16","N/A","60","N/A","5.833333333333333","N/A"
"20","381","6","N/A","14","N/A","0.3","N/A","-751.6666666666666","N/A","5833.333333333333","N/A","53.35","N/A","16","N/A","60","N/A","5.833333333333333","N/A"
"20","382","6","N/A","14","N/A","0.3","N/A","-771.6666666666666","N/A","5833.333333333333","N/A","53.35","N/A","16","N/A","60","N/A","5.833333333333333","N/A"
"20","383","6","N/A","14","N/A","0.3","N/A","-791.6666666666666","N/A","5833.333333333333","N/A","53.35","N/A","16","N/A","60","N/A","5.833333333333333","N/A"
"20","384","6","N/A","14","N/A","0.3","N/A","-811.6666666666666","N/A","5833.333333333333","N/A","53.35","N/A","16","N/A","60","N/A","5.833333333333333","N/A"
"20","385","6","N/A","14","N/A","0.3","N/A","-831.6666666666666","N/A","5833.333333333333","N/A","53.35","N/A","16","N/A","60","N/A","5.833333333333333","N/A"
"20","386","6","N/A","14","N/A","0.3","N/A","-768.3333333333334","N/A","5916.666666666667","N/A","53.35","N/A","16","N/A","60","N/A","5.833333333333333","N/A"
"20","387","6","N/A","14","N/A","0.3","N/A","-788.3333333333334","N/A","5916.666666666667","N/A","53.35","N/A","16","N/A","60","N/A","5.833333333333333","N/A"
"20","388","6","N/A","14","N/A","0.3","N/A","-808.3333333333334","N/A","5916.666666666667","N/A","53.35","N/A","16","N/A","60","N/A","5.833333333333333","N/A"
"20","389","6","N/A","14","N/A","0.3","N/A","-828.3333333333334","N/A","5916.666666666667","N/A","53.35","N/A","16","N/A","60","N/A","5.833333333333333","N/A"
"20","390","6","N/A","14","N/A","0.3","N/A","-848.3333333333334","N/A","5916.666666666667","N/A","53.35","N/A","16","N/A","60","N/A","5.833333333333333","N/A"
"20","391","6","N/A","14","N/A","0.3","N/A","-868.3333333333334","N/A","5916.666666666667","N/A","53.35","N/A","16","N/A","60","N/A","5.833333333333333","N/A"
"20","392","6","N/A","14","N/A","0.3","N/A","-888.3333333333334","N/A","5916.666666666667","N/A","53.35","N/A","16","N/A","60","N/A","5.833333333333333","N/A"
"20","393","6","N/A","14","N/A","0.3","N/A","-908.3333333333334","N/A","5916.666666666667","N/A","53.35","N/A","16","N/A","60","N/A","5.833333333333333","N/A"
"20","394","6","N/A","14","N/A","0.3","N/A","-928.3333333333334","N/A","5916.666666666667","N/A","53.35","N/A","16","N/A","60","N/A","5.833333333333333","N/A"
"20","395","6","N/A","14","N/A","0.3","N/A","-948.3333333333334","N/A","5916.666666666667","N/A","53.35","N/A","16","N/A","60","N/A","5.833333333333333","N/A"
"20","396","6","N/A","14","N/A","0.3","N/A","-968.3333333333334","N/A","5916.666666666667","N/A","53.35","N/A","16","N/A","60","N/A","5.833333333333333","N/A"
"20","397","6","N/A","14","N/A","0.3","N/A","-988.3333333333334","N/A","5916.666666666667","N/A","53.35","N/A","16","N/A","60","N/A","5.833333333333333","N/A"
"20","398","6","N/A","14","N/A","0.3","N/A","-1008.3333333333334","N/A","5916.666666666667","N/A","53.35","N/A","16","N/A","60","N/A","5.833333333333333","N/A"
"20","399","6","N/A","14","N/A","0.3","N/A","-1028.3333333333333","N/A","5916.666666666667","N/A","53.35","N/A","16","N/A","60","N/A","5.833333333333333","N/A"
"20","400","6","N/A","14","N/A","0.3","N/A","-1048.3333333333333","N/A","5916.666666666667","N/A","53.35","N/A","16","N/A","60","N/A","5.833333333333333","N/A"
"20","401","6","N/A","14","N/A","0.3","N/A","-735","N/A","6250","N/A","53.35","N/A","16","N/A","60","N/A","5.833333333333333","N/A"
"20","402","6","N/A","14","N/A","0.3","N/A","-755","N/A","6250","N/A","53.35","N/A","16","N/A","60","N/A","5.833333333333333","N/A"
"20","403","6","N/A","14","N/A","0.3","N/A","-775","N/A","6250","N/A","53.35","N/A","16","N/A","60","N/A","5.833333333333333","N/A"
"20","404","6","N/A","14","N/A","0.3","N/A","-795","N/A","6250","N/A","53.35","N/A","16","N/A","60","N/A","5.833333333333333","N/A"
"20","405","6","N/A","14","N/A","0.3","N/A","-815","N/A","6250","N/A","53.35","N/A","16","N/A","60","N/A","5.833333333333333","N/A"
"20","406","6","N/A","14","N/A","0.3","N/A","-835","N/A","6250","N/A","53.35","N/A","16","N/A","60","N/A","5.833333333333333","N/A"
"20","407","6","N/A","14","N/A","0.3","N/A","-855","N/A","6250","N/A","53.35","N/A","16","N/A","60","N/A","5.833333333333333","N/A"
"20","408","6","N/A","14","N/A","0.3","N/A","-875","N/A","6250","N/A","53.35","N/A","16","N/A","60","N/A","5.833333333333333","N/A"
"20","409","6","N/A","14","N/A","0.3","N/A","-895","N/A","6250","N/A","53.35","N/A","16","N/A","60","N/A","5.833333333333333","N/A"
"20","410","6","N/A","14","N/A","0.3","N/A","-915","N/A","6250","N/A","53.35","N/A","16","N/A","60","N/A","6","N/A"
"20","411","6","N/A","14","N/A","0.3","N/A","-851.6666666666666","N/A","6333.333333333333","N/A","53.35","N/A","16","N/A","60","N/A","6","N/A"
"20","412","6","N/A","14","N/A","0.3","N/A","-871.6666666666666","N/A","6333.333333333333","N/A","53.35","N/A","16","N/A","60","N/A","6","N/A"
"20","413","6","N/A","14","N/A","0.3","N/A","-891.6666666666666","N/A","6333.333333333333","N/A","53.35","N/A","16","N/A","60","N/A","6","N/A"
"20","414","6","N/A","14","N/A","0.3","N/A","-911.6666666666666","N/A","6333.333333333333","N/A","53.35","N/A","16","N/A","60","N/A","6","N/A"
"20","415","6","N/A","14","N/A","0.3","N/A","-931.6666666666666","N/A","6333.333333333333","N/A","53.35","N/A","16","N/A","60","N/A","6","N/A"
"20","416","6","N/A","14","N/A","0.3","N/A","-951.6666666666666","N/A","6333.333333333333","N/A","53.35","N/A","16","N/A","60","N/A","6","N/A"
"20","417","6","N/A","14","N/A","0.3","N/A","-971.6666666666666","N/A","6333.333333333333","N/A","53.35","N/A","16","N/A","60","N/A","6","N/A"
"20","418","6","N/A","14","N/A","0.3","N/A","-991.6666666666666","N/A","6333.333333333333","N/A","53.35","N/A","16","N/A","60","N/A","6","N/A"
"20","419","6","N/A","14","N/A","0.3","N/A","-1011.6666666666666","N/A","6333.333333333333","N/A","53.35","N/A","16","N/A","60","N/A","6","N/A"
"20","420","6","N/A","14","N/A","0.3","N/A","-1031.6666666666667","N/A","6333.333333333333","N/A","53.35","N/A","16","N/A","60","N/A","6","N/A"
"20","421","6","N/A","14","N/A","0.3","N/A","-1051.6666666666667","N/A","6333.333333333333","N/A","53.35","N/A","16","N/A","60","N/A","6","N/A"
"20","422","6","N/A","14","N/A","0.3","N/A","-1071.6666666666667","N/A","6333.333333333333","N/A","53.35","N/A","16","N/A","60","N/A","6","N/A"
"20","423","6","N/A","14","N/A","0.3","N/A","-1091.6666666666667","N/A","6333.333333333333","N/A","53.35","N/A","16","N/A","60","N/A","6","N/A"
"20","424","6","N/A","14","N/A","0.3","N/A","-1111.6666666666667","N/A","6333.333333333333","N/A","53.35","N/A","16","N/A","60","N/A","6","N/A"
"20","425","6","N/A","14","N/A","0.3","N/A","-1131.6666666666667","N/A","6333.333333333333","N/A","53.35","N/A","16","N/A","60","N/A","6","N/A"
"20","426","6","N/A","14","N/A","0.3","N/A","-818.3333333333334","N/A","6666.666666666667","N/A","53.35","N/A","16","N/A","60","N/A","6","N/A"
"20","427","6","N/A","14","N/A","0.3","N/A","-838.3333333333334","N/A","6666.666666666667","N/A","53.35","N/A","16","N/A","60","N/A","6","N/A"
"20","428","6","N/A","14","N/A","0.3","N/A","-858.3333333333334","N/A","6666.666666666667","N/A","53.35","N/A","16","N/A","60","N/A","6","N/A"
"20","429","6","N/A","14","N/A","0.3","N/A","-878.3333333333334","N/A","6666.666666666667","N/A","53.35","N/A","16","N/A","60","N/A","6","N/A"
"20","430","6","N/A","14","N/A","0.3","N/A","-898.3333333333334","N/A","6666.666666666667","N/A","53.35","N/A","16","N/A","60","N/A","6","N/A"
"20","431","6","N/A","14","N/A","0.3","N/A","-918.3333333333334","N/A","6666.666666666667","N/A","53.35","N/A","16","N/A","60","N/A","6","N/A"
"20","432","6","N/A","14","N/A","0.3","N/A","-938.3333333333334","N/A","6666.666666666667","N/A","53.35","N/A","16","N/A","60","N/A","6","N/A"
"20","433","6","N/A","14","N/A","0.3","N/A","-958.3333333333334","N/A","6666.666666666667","N/A","53.35","N/A","16","N/A","60","N/A","6","N/A"
"20","434","6","N/A","14","N/A","0.3","N/A","-978.3333333333334","N/A","6666.666666666667","N/A","53.35","N/A","16","N/A","60","N/A","6","N/A"
"20","435","6","N/A","14","N/A","0.3","N/A","-998.3333333333334","N/A","6666.666666666667","N/A","53.35","N/A","16","N/A","60","N/A","6","N/A"
"20","436","6","N/A","14","N/A","0.3","N/A","-935","N/A","6750","N/A","53.35","N/A","16","N/A","60","N/A","6","N/A"
"20","437","6","N/A","14","N/A","0.3","N/A","-955","N/A","6750","N/A","53.35","N/A","16","N/A","60","N/A","6","N/A"
"20","438","6","N/A","14","N/A","0.3","N/A","-975","N/A","6750","N/A","53.35","N/A","16","N/A","60","N/A","6","N/A"
"20","439","6","N/A","14","N/A","0.3","N/A","-995","N/A","6750","N/A","53.35","N/A","16","N/A","60","N/A","6","N/A"
"20","440","6","N/A","14","N/A","0.3","N/A","-1015","N/A","6750","N/A","53.35","N/A","16","N/A","60","N/A","6","N/A"
"20","441","6","N/A","14","N/A","0.3","N/A","-1035","N/A","6750","N/A","53.35","N/A","16","N/A","60","N/A","6","N/A"
"20","442","6","N/A","14","N/A","0.3","N/A","-1055","N/A","6750","N/A","53.35","N/A","16","N/A","60","N/A","6","N/A"
"20","443","6","N/A","14","N/A","0.3","N/A","-1075","N/A","6750","N/A","53.35","N/A","16","N/A","60","N/A","6","N/A"
"20","444","6","N/A","14","N/A","0.3","N/A","-1095","N/A","6750","N/A","53.35","N/A","16","N/A","60","N/A","6","N/A"
"20","445","6","N/A","14","N/A","0.3","N/A","-1115","N/A","6750","N/A","53.35","N/A","16","N/A","60","N/A","6","N/A"
"20","446","6","N/A","14","N/A","0.3","N/A","-1135","N/A","6750","N/A","53.35","N/A","16","N/A","60","N/A","6","N/A"
"20","447","6","N/A","14","N/A","0.3","N/A","-1155","N/A","6750","N/A","53.35","N/A","16","N/A","60","N/A","6","N/A"
"20","448","6","N/A","14","N/A","0.3","N/A","-1175","N/A","6750","N/A","53.35","N/A","16","N/A","60","N/A","6","N/A"
"20","449","6","N/A","14","N/A","0.3","N/A","-1195","N/A","6750","N/A","53.35","N/A","16","N/A","60","N/A","6","N/A"
"20","450","6","N/A","14","N/A","0.3","N/A","-1215","N/A","6750","N/A","53.35","N/A","16","N/A","60","N/A","6","N/A"
"20","451","5","N/A","15","N/A","0.25","N/A","-1178","N/A","6800","N/A","53.35","N/A","16","N/A","60","N/A","6.6","N/A"
"20","452","5","N/A","15","N/A","0.25","N/A","-1198","N/A","6800","N/A","53.35","N/A","16","N/A","60","N/A","6.6","N/A"
"20","453","5","N/A","15","N/A","0.25","N/A","-1218","N/A","6800","N/A","53.35","N/A","16","N/A","60","N/A","6.6","N/A"
"20","454","5","N/A","15","N/A","0.25","N/A","-1238","N/A","6800","N/A","53.35","N/A","16","N/A","60","N/A","6.6","N/A"
"20","455","5","N/A","15","N/A","0.25","N/A","-1258","N/A","6800","N/A","53.35","N/A","16","N/A","60","N/A","6.6","N/A"
"20","456","5","N/A","15","N/A","0.25","N/A","-1278","N/A","6800","N/A","53.35","N/A","16","N/A","60","N/A","6.6","N/A"
"20","457","5","N/A","15","N/A","0.25","N/A","-1298","N/A","6800","N/A","53.35","N/A","16","N/A","60","N/A","6.6","N/A"
"20","458","5","N/A","15","N/A","0.25","N/A","-1318","N/A","6800","N/A","53.35","N/A","16","N/A","60","N/A","6.6","N/A"
"20","459","5","N/A","15","N/A","0.25","N/A","-1338","N/A","6800","N/A","53.35","N/A","16","N/A","60","N/A","6.6","N/A"
"20","460","5","N/A","15","N/A","0.25","N/A","-1358","N/A","6800","N/A","53.35","N/A","16","N/A","60","N/A","6.6","N/A"
"20","461","5","N/A","15","N/A","0.25","N/A","-1278","N/A","6900","N/A","53.35","N/A","16","N/A","60","N/A","6.6","N/A"
"20","462","5","N/A","15","N/A","0.25","N/A","-1298","N/A","6900","N/A","53.35","N/A","16","N/A","60","N/A","6.6","N/A"
"20","463","5","N/A","15","N/A","0.25","N/A","-1318","N/A","6900","N/A","53.35","N/A","16","N/A","60","N/A","6.6","N/A"
"20","464","5","N/A","15","N/A","0.25","N/A","-1338","N/A","6900","N/A","53.35","N/A","16","N/A","60","N/A","6.6","N/A"
"20","465","5","N/A","15","N/A","0.25","N/A","-1358","N/A","6900","N/A","53.35","N/A","16","N/A","60","N/A","6.6","N/A"
"20","466","5","N/A","15","N/A","0.25","N/A","-1378","N/A","6900","N/A","53.35","N/A","16","N/A","60","N/A","6.6","N/A"
"20","467","5","N/A","15","N/A","0.25","N/A","-1398","N/A","6900","N/A","53.35","N/A","16","N/A","60","N/A","6.6","N/A"
"20","468","5","N/A","15","N/A","0.25","N/A","-1418","N/A","6900","N/A","53.35","N/A","16","N/A","60","N/A","6.6","N/A"
"20","469","5","N/A","15","N/A","0.25","N/A","-1438","N/A","6900","N/A","53.35","N/A","16","N/A","60","N/A","6.6","N/A"
"20","470","5","N/A","15","N/A","0.25","N/A","-1458","N/A","6900","N/A","53.35","N/A","16","N/A","60","N/A","6.6","N/A"
"20","471","5","N/A","15","N/A","0.25","N/A","-1478","N/A","6900","N/A","53.35","N/A","16","N/A","60","N/A","6.6","N/A"
"20","472","5","N/A","15","N/A","0.25","N/A","-1498","N/A","6900","N/A","53.35","N/A","16","N/A","60","N/A","6.6","N/A"
"20","473","5","N/A","15","N/A","0.25","N/A","-1518","N/A","6900","N/A","53.35","N/A","16","N/A","60","N/A","6.6","N/A"
"20","474","5","N/A","15","N/A","0.25","N/A","-1538","N/A","6900","N/A","53.35","N/A","16","N/A","60","N/A","6.6","N/A"
"20","475","5","N/A","15","N/A","0.25","N/A","-1558","N/A","6900","N/A","53.35","N/A","16","N/A","60","N/A","6.6","N/A"
"20","476","4","N/A","16","N/A","0.2","N/A","-1717.5","N/A","6750","N/A","53.35","N/A","16","N/A","60","N/A","6.75","N/A"
"20","477","4","N/A","16","N/A","0.2","N/A","-1737.5","N/A","6750","N/A","53.35","N/A","16","N/A","60","N/A","6.75","N/A"
"20","478","4","N/A","16","N/A","0.2","N/A","-1757.5","N/A","6750","N/A","53.35","N/A","16","N/A","60","N/A","6.75","N/A"
"20","479","4","N/A","16","N/A","0.2","N/A","-1777.5","N/A","6750","N/A","53.35","N/A","16","N/A","60","N/A","6.75","N/A"
"20","480","4","N/A","16","N/A","0.2","N/A","-1797.5","N/A","6750","N/A","53.35","N/A","16","N/A","60","N/A","6.75","N/A"
"20","481","4","N/A","16","N/A","0.2","N/A","-1817.5","N/A","6750","N/A","53.35","N/A","16","N/A","60","N/A","6.75","N/A"
"20","482","4","N/A","16","N/A","0.2","N/A","-1837.5","N/A","6750","N/A","53.35","N/A","16","N/A","60","N/A","6.75","N/A"
"20","483","4","N/A","16","N/A","0.2","N/A","-1857.5","N/A","6750","N/A","53.35","N/A","16","N/A","60","N/A","6.75","N/A"
"20","484","4","N/A","16","N/A","0.2","N/A","-1877.5","N/A","6750","N/A","53.35","N/A","16","N/A","60","N/A","6.75","N/A"
"20","485","4","N/A","16","N/A","0.2","N/A","-1897.5","N/A","6750","N/A","53.35","N/A","16","N/A","60","N/A","6.75","N/A"
"20","486","4","N/A","16","N/A","0.2","N/A","-1792.5","N/A","6875","N/A","53.35","N/A","16","N/A","60","N/A","6.75","N/A"
"20","487","4","N/A","16","N/A","0.2","N/A","-1812.5","N/A","6875","N/A","53.35","N/A","16","N/A","60","N/A","6.75","N/A"
"20","488","4","N/A","16","N/A","0.2","N/A","-1832.5","N/A","6875","N/A","53.35","N/A","16","N/A","60","N/A","6.75","N/A"
"20","489","4","N/A","16","N/A","0.2","N/A","-1852.5","N/A","6875","N/A","53.35","N/A","16","N/A","60","N/A","6.75","N/A"
"20","490","4","N/A","16","N/A","0.2","N/A","-1872.5","N/A","6875","N/A","53.35","N/A","16","N/A","60","N/A","6.75","N/A"
"20","491","4","N/A","16","N/A","0.2","N/A","-1892.5","N/A","6875","N/A","53.35","N/A","16","N/A","60","N/A","6.75","N/A"
"20","492","4","N/A","16","N/A","0.2","N/A","-1912.5","N/A","6875","N/A","53.35","N/A","16","N/A","60","N/A","6.75","N/A"
"20","493","4","N/A","16","N/A","0.2","N/A","-1932.5","N/A","6875","N/A","53.35","N/A","16","N/A","60","N/A","6.75","N/A"
"20","494","4","N/A","16","N/A","0.2","N/A","-1952.5","N/A","6875","N/A","53.35","N/A","16","N/A","60","N/A","6.75","N/A"
"20","495","4","N/A","16","N/A","0.2","N/A","-1972.5","N/A","6875","N/A","53.35","N/A","16","N/A","60","N/A","6.75","N/A"
"20","496","4","N/A","16","N/A","0.2","N/A","-1992.5","N/A","6875","N/A","53.35","N/A","16","N/A","60","N/A","6.75","N/A"
"20","497","4","N/A","16","N/A","0.2","N/A","-2012.5","N/A","6875","N/A","53.35","N/A","16","N/A","60","N/A","6.75","N/A"
"20","498","4","N/A","16","N/A","0.2","N/A","-2032.5","N/A","6875","N/A","53.35","N/A","16","N/A","60","N/A","6.75","N/A"
"20","499","4","N/A","16","N/A","0.2","N/A","-2052.5","N/A","6875","N/A","53.35","N/A","16","N/A","60","N/A","6.75","N/A"
"20","500","4","N/A","16","N/A","0.2","N/A","-2072.5","N/A","6875","N/A","53.35","N/A","16","N/A","60","N/A","6.75","N/A"
"20","501","3","N/A","17","N/A","0.15","N/A","-2616.6666666666665","N/A","6333.333333333333","N/A","53.35","N/A","13","N/A","63","N/A","6.666666666666667","N/A"
"20","502","3","N/A","17","N/A","0.15","N/A","-2636.6666666666665","N/A","6333.333333333333","N/A","53.35","N/A","13","N/A","63","N/A","6.666666666666667","N/A"
"20","503","3","N/A","17","N/A","0.15","N/A","-2656.6666666666665","N/A","6333.333333333333","N/A","53.35","N/A","13","N/A","63","N/A","6.666666666666667","N/A"
"20","504","3","N/A","17","N/A","0.15","N/A","-2676.6666666666665","N/A","6333.333333333333","N/A","53.35","N/A","13","N/A","63","N/A","6.666666666666667","N/A"
"20","505","3","N/A","17","N/A","0.15","N/A","-2696.6666666666665","N/A","6333.333333333333","N/A","53.35","N/A","13","N/A","63","N/A","7","N/A"
"20","506","3","N/A","17","N/A","0.15","N/A","-2716.6666666666665","N/A","6333.333333333333","N/A","53.35","N/A","13","N/A","63","N/A","7","N/A"
"20","507","3","N/A","17","N/A","0.15","N/A","-2736.6666666666665","N/A","6333.333333333333","N/A","53.35","N/A","13","N/A","63","N/A","7","N/A"
"20","508","3","N/A","17","N/A","0.15","N/A","-2756.6666666666665","N/A","6333.333333333333","N/A","53.35","N/A","13","N/A","63","N/A","7","N/A"
"20","509","3","N/A","17","N/A","0.15","N/A","-2776.6666666666665","N/A","6333.333333333333","N/A","53.35","N/A","13","N/A","63","N/A","7","N/A"
"20","510","3","N/A","17","N/A","0.15","N/A","-2796.6666666666665","N/A","6333.333333333333","N/A","53.35","N/A","13","N/A","63","N/A","7","N/A"
"20","511","3","N/A","17","N/A","0.15","N/A","-2650","N/A","6500","N/A","53.35","N/A","13","N/A","63","N/A","7","N/A"
"20","512","3","N/A","17","N/A","0.15","N/A","-2670","N/A","6500","N/A","53.35","N/A","13","N/A","63","N/A","7","N/A"
"20","513","3","N/A","17","N/A","0.15","N/A","-2690","N/A","6500","N/A","53.35","N/A","13","N/A","63","N/A","7","N/A"
"20","514","3","N/A","17","N/A","0.15","N/A","-2710","N/A","6500","N/A","53.35","N/A","13","N/A","63","N/A","7","N/A"
"20","515","3","N/A","17","N/A","0.15","N/A","-2730","N/A","6500","N/A","53.35","N/A","13","N/A","63","N/A","7","N/A"
"20","516","3","N/A","17","N/A","0.15","N/A","-2750","N/A","6500","N/A","53.35","N/A","13","N/A","63","N/A","7","N/A"
"20","517","3","N/A","17","N/A","0.15","N/A","-2770","N/A","6500","N/A","53.35","N/A","13","N/A","63","N/A","7","N/A"
"20","518","3","N/A","17","N/A","0.15","N/A","-2790","N/A","6500","N/A","53.35","N/A","13","N/A","63","N/A","7","N/A"
"20","519","3","N/A","17","N/A","0.15","N/A","-2810","N/A","6500","N/A","53.35","N/A","13","N/A","63","N/A","7","N/A"
"20","520","3","N/A","17","N/A","0.15","N/A","-2830","N/A","6500","N/A","53.35","N/A","13","N/A","63","N/A","7","N/A"
"20","521","3","N/A","17","N/A","0.15","N/A","-2850","N/A","6500","N/A","53.35","N/A","13","N/A","63","N/A","7","N/A"
"20","522","3","N/A","17","N/A","0.15","N/A","-2870","N/A","6500","N/A","53.35","N/A","13","N/A","63","N/A","7","N/A"
"20","523","3","N/A","17","N/A","0.15","N/A","-2890","N/A","6500","N/A","53.35","N/A","13","N/A","63","N/A","7","N/A"
"20","524","3","N/A","17","N/A","0.15","N/A","-2910","N/A","6500","N/A","53.35","N/A","13","N/A","63","N/A","7","N/A"
"20","525","3","N/A","17","N/A","0.15","N/A","-2930","N/A","6500","N/A","53.35","N/A","13","N/A","63","N/A","7","N/A"
"20","526","2","N/A","18","N/A","0.1","N/A","-4165","N/A","5250","N/A","53.35","N/A","13","N/A","63","N/A","8","N/A"
"20","527","2","N/A","18","N/A","0.1","N/A","-4185","N/A","5250","N/A","53.35","N/A","13","N/A","63","N/A","8","N/A"
"20","528","2","N/A","18","N/A","0.1","N/A","-4205","N/A","5250","N/A","53.35","N/A","13","N/A","63","N/A","8","N/A"
"20","529","2","N/A","18","N/A","0.1","N/A","-4225","N/A","5250","N/A","53.35","N/A","13","N/A","63","N/A","8","N/A"
"20","530","2","N/A","18","N/A","0.1","N/A","-4245","N/A","5250","N/A","53.35","N/A","13","N/A","63","N/A","8","N/A"
"20","531","2","N/A","18","N/A","0.1","N/A","-4265","N/A","5250","N/A","53.35","N/A","13","N/A","63","N/A","8","N/A"
"20","532","2","N/A","18","N/A","0.1","N/A","-4285","N/A","5250","N/A","53.35","N/A","13","N/A","63","N/A","8","N/A"
"20","533","2","N/A","18","N/A","0.1","N/A","-4305","N/A","5250","N/A","53.35","N/A","13","N/A","63","N/A","8","N/A"
"20","534","2","N/A","18","N/A","0.1","N/A","-4325","N/A","5250","N/A","53.35","N/A","13","N/A","63","N/A","8","N/A"
"20","535","2","N/A","18","N/A","0.1","N/A","-4345","N/A","5250","N/A","53.35","N/A","13","N/A","63","N/A","8","N/A"
"20","536","2","N/A","18","N/A","0.1","N/A","-4115","N/A","5500","N/A","53.35","N/A","13","N/A","63","N/A","8","N/A"
"20","537","2","N/A","18","N/A","0.1","N/A","-4135","N/A","5500","N/A","53.35","N/A","13","N/A","63","N/A","8","N/A"
"20","538","2","N/A","18","N/A","0.1","N/A","-4155","N/A","5500","N/A","53.35","N/A","13","N/A","63","N/A","8","N/A"
"20","539","2","N/A","18","N/A","0.1","N/A","-4175","N/A","5500","N/A","53.35","N/A","13","N/A","63","N/A","8","N/A"
"20","540","2","N/A","18","N/A","0.1","N/A","-4195","N/A","5500","N/A","53.35","N/A","13","N/A","63","N/A","8","N/A"
"20","541","2","N/A","18","N/A","0.1","N/A","-4215","N/A","5500","N/A","53.35","N/A","13","N/A","63","N/A","8","N/A"
"20","542","2","N/A","18","N/A","0.1","N/A","-4235","N/A","5500","N/A","53.35","N/A","13","N/A","63","N/A","8","N/A"
"20","543","2","N/A","18","N/A","0.1","N/A","-4255","N/A","5500","N/A","53.35","N/A","13","N/A","63","N/A","8","N/A"
"20","544","2","N/A","18","N/A","0.1","N/A","-4275","N/A","5500","N/A","53.35","N/A","13","N/A","63","N/A","8","N/A"
"20","545","2","N/A","18","N/A","0.1","N/A","-4295","N/A","5500","N/A","53.35","N/A","13","N/A","63","N/A","8","N/A"
"20","546","2","N/A","18","N/A","0.1","N/A","-4315","N/A","5500","N/A","53.35","N/A","13","N/A","63","N/A","8","N/A"
"20","547","2","N/A","18","N/A","0.1","N/A","-4335","N/A","5500","N/A","53.35","N/A","13","N/A","63","N/A","8","N/A"
"20","548","2","N/A","18","N/A","0.1","N/A","-4355","N/A","5500","N/A","53.35","N/A","13","N/A","63","N/A","8","N/A"
"20","549","2","N/A","18","N/A","0.1","N/A","-4375","N/A","5500","N/A","53.35","N/A","13","N/A","63","N/A","8","N/A"
"20","550","2","N/A","18","N/A","0.1","N/A","-4395","N/A","5500","N/A","53.35","N/A","13","N/A","63","N/A","8","N/A"
"20","551","2","N/A","18","N/A","0.1","N/A","-4415","N/A","5500","N/A","53.35","N/A","13","N/A","63","N/A","8","N/A"
"20","552","2","N/A","18","N/A","0.1","N/A","-4435","N/A","5500","N/A","53.35","N/A","13","N/A","63","N/A","8","N/A"
"20","553","2","N/A","18","N/A","0.1","N/A","-4455","N/A","5500","N/A","53.35","N/A","13","N/A","63","N/A","8","N/A"
"20","554","2","N/A","18","N/A","0.1","N/A","-4475","N/A","5500","N/A","53.35","N/A","13","N/A","63","N/A","8","N/A"
"20","555","2","N/A","18","N/A","0.1","N/A","-4495","N/A","5500","N/A","53.35","N/A","13","N/A","63","N/A","8","N/A"
"20","556","2","N/A","18","N/A","0.1","N/A","-4515","N/A","5500","N/A","53.35","N/A","13","N/A","63","N/A","8","N/A"
"20","557","2","N/A","18","N/A","0.1","N/A","-4535","N/A","5500","N/A","53.35","N/A","17","N/A","63","N/A","8.5","N/A"
"20","558","2","N/A","18","N/A","0.1","N/A","-4555","N/A","5500","N/A","53.35","N/A","17","N/A","63","N/A","8.5","N/A"
"20","559","2","N/A","18","N/A","0.1","N/A","-4575","N/A","5500","N/A","53.35","N/A","17","N/A","63","N/A","8.5","N/A"
"20","560","2","N/A","18","N/A","0.1","N/A","-4595","N/A","5500","N/A","53.35","N/A","17","N/A","63","N/A","8.5","N/A"
"20","561","2","N/A","18","N/A","0.1","N/A","-4365","N/A","5750","N/A","53.35","N/A","17","N/A","63","N/A","8.5","N/A"
"20","562","2","N/A","18","N/A","0.1","N/A","-4385","N/A","5750","N/A","53.35","N/A","17","N/A","63","N/A","8.5","N/A"
"20","563","2","N/A","18","N/A","0.1","N/A","-4405","N/A","5750","N/A","53.35","N/A","17","N/A","63","N/A","8.5","N/A"
"20","564","2","N/A","18","N/A","0.1","N/A","-4425","N/A","5750","N/A","53.35","N/A","17","N/A","63","N/A","8.5","N/A"
"20","565","2","N/A","18","N/A","0.1","N/A","-4445","N/A","5750","N/A","53.35","N/A","17","N/A","63","N/A","8.5","N/A"
"20","566","2","N/A","18","N/A","0.1","N/A","-4465","N/A","5750","N/A","53.35","N/A","17","N/A","63","N/A","8.5","N/A"
"20","567","2","N/A","18","N/A","0.1","N/A","-4485","N/A","5750","N/A","53.35","N/A","17","N/A","63","N/A","8.5","N/A"
"20","568","2","N/A","18","N/A","0.1","N/A","-4505","N/A","5750","N/A","53.35","N/A","17","N/A","63","N/A","8.5","N/A"
"20","569","2","N/A","18","N/A","0.1","N/A","-4525","N/A","5750","N/A","53.35","N/A","17","N/A","63","N/A","8.5","N/A"
"20","570","2","N/A","18","N/A","0.1","N/A","-4545","N/A","5750","N/A","53.35","N/A","17","N/A","63","N/A","8.5","N/A"
"20","571","2","N/A","18","N/A","0.1","N/A","-4565","N/A","5750","N/A","53.35","N/A","17","N/A","63","N/A","8.5","N/A"
"20","572","2","N/A","18","N/A","0.1","N/A","-4585","N/A","5750","N/A","53.35","N/A","17","N/A","63","N/A","8.5","N/A"
"20","573","2","N/A","18","N/A","0.1","N/A","-4605","N/A","5750","N/A","53.35","N/A","17","N/A","63","N/A","8.5","N/A"
"20","574","2","N/A","18","N/A","0.1","N/A","-4625","N/A","5750","N/A","53.35","N/A","17","N/A","63","N/A","8.5","N/A"
"20","575","2","N/A","18","N/A","0.1","N/A","-4645","N/A","5750","N/A","53.35","N/A","17","N/A","63","N/A","8.5","N/A"
"20","576","2","N/A","18","N/A","0.1","N/A","-4665","N/A","5750","N/A","53.35","N/A","17","N/A","63","N/A","8.5","N/A"
"20","577","2","N/A","18","N/A","0.1","N/A","-4685","N/A","5750","N/A","53.35","N/A","17","N/A","63","N/A","8.5","N/A"
"20","578","2","N/A","18","N/A","0.1","N/A","-4705","N/A","5750","N/A","53.35","N/A","17","N/A","63","N/A","8.5","N/A"
"20","579","2","N/A","18","N/A","0.1","N/A","-4725","N/A","5750","N/A","53.35","N/A","17","N/A","63","N/A","8.5","N/A"
"20","580","2","N/A","18","N/A","0.1","N/A","-4745","N/A","5750","N/A","53.35","N/A","17","N/A","63","N/A","8.5","N/A"
"20","581","2","N/A","18","N/A","0.1","N/A","-4765","N/A","5750","N/A","53.35","N/A","17","N/A","63","N/A","8.5","N/A"
"20","582","2","N/A","18","N/A","0.1","N/A","-4785","N/A","5750","N/A","53.35","N/A","17","N/A","63","N/A","8.5","N/A"
"20","583","2","N/A","18","N/A","0.1","N/A","-4805","N/A","5750","N/A","53.35","N/A","17","N/A","63","N/A","8.5","N/A"
"20","584","2","N/A","18","N/A","0.1","N/A","-4825","N/A","5750","N/A","53.35","N/A","17","N/A","63","N/A","8.5","N/A"
"20","585","2","N/A","18","N/A","0.1","N/A","-4845","N/A","5750","N/A","53.35","N/A","17","N/A","63","N/A","8.5","N/A"
"20","586","2","N/A","18","N/A","0.1","N/A","-4615","N/A","6000","N/A","53.35","N/A","17","N/A","63","N/A","8.5","N/A"
"20","587","2","N/A","18","N/A","0.1","N/A","-4635","N/A","6000","N/A","53.35","N/A","17","N/A","63","N/A","8.5","N/A"
"20","588","2","N/A","18","N/A","0.1","N/A","-4655","N/A","6000","N/A","53.35","N/A","17","N/A","63","N/A","8.5","N/A"
"20","589","2","N/A","18","N/A","0.1","N/A","-4675","N/A","6000","N/A","53.35","N/A","17","N/A","63","N/A","8.5","N/A"
"20","590","2","N/A","18","N/A","0.1","N/A","-4695","N/A","6000","N/A","53.35","N/A","17","N/A","63","N/A","8.5","N/A"
"20","591","2","N/A","18","N/A","0.1","N/A","-4715","N/A","6000","N/A","53.35","N/A","17","N/A","63","N/A","8.5","N/A"
"20","592","2","N/A","18","N/A","0.1","N/A","-4735","N/A","6000","N/A","53.35","N/A","17","N/A","63","N/A","8.5","N/A"
"20","593","2","N/A","18","N/A","0.1","N/A","-4755","N/A","6000","N/A","53.35","N/A","17","N/A","63","N/A","8.5","N/A"
"20","594","2","N/A","18","N/A","0.1","N/A","-4775","N/A","6000","N/A","53.35","N/A","17","N/A","63","N/A","8.5","N/A"
"20","595","2","N/A","18","N/A","0.1","N/A","-4795","N/A","6000","N/A","53.35","N/A","17","N/A","63","N/A","8.5","N/A"
"20","596","2","N/A","18","N/A","0.1","N/A","-4815","N/A","6000","N/A","53.35","N/A","17","N/A","63","N/A","8.5","N/A"
"20","597","2","N/A","18","N/A","0.1","N/A","-4835","N/A","6000","N/A","53.35","N/A","17","N/A","63","N/A","8.5","N/A"
"20","598","2","N/A","18","N/A","0.1","N/A","-4855","N/A","6000","N/A","53.35","N/A","17","N/A","63","N/A","8.5","N/A"
"20","599","2","N/A","18","N/A","0.1","N/A","-4875","N/A","6000","N/A","53.35","N/A","17","N/A","63","N/A","8.5","N/A"
"20","600","2","N/A","18","N/A","0.1","N/A","-4895","N/A","6000","N/A","53.35","N/A","17","N/A","63","N/A","8.5","N/A"
"20","601","2","N/A","18","N/A","0.1","N/A","-4915","N/A","6000","N/A","53.35","N/A","17","N/A","63","N/A","8.5","N/A"
"20","602","2","N/A","18","N/A","0.1","N/A","-4935","N/A","6000","N/A","53.35","N/A","17","N/A","63","N/A","8.5","N/A"
"20","603","2","N/A","18","N/A","0.1","N/A","-4955","N/A","6000","N/A","53.35","N/A","17","N/A","63","N/A","8.5","N/A"
"20","604","2","N/A","18","N/A","0.1","N/A","-4975","N/A","6000","N/A","53.35","N/A","17","N/A","63","N/A","8.5","N/A"
"20","605","2","N/A","18","N/A","0.1","N/A","-4995","N/A","6000","N/A","53.35","N/A","17","N/A","63","N/A","8.5","N/A"
"20","606","2","N/A","18","N/A","0.1","N/A","-5015","N/A","6000","N/A","53.35","N/A","17","N/A","63","N/A","8.5","N/A"
"20","607","2","N/A","18","N/A","0.1","N/A","-5035","N/A","6000","N/A","53.35","N/A","17","N/A","63","N/A","8.5","N/A"
"20","608","2","N/A","18","N/A","0.1","N/A","-5055","N/A","6000","N/A","53.35","N/A","17","N/A","63","N/A","8.5","N/A"
"20","609","2","N/A","18","N/A","0.1","N/A","-5075","N/A","6000","N/A","53.35","N/A","17","N/A","63","N/A","8.5","N/A"
"20","610","2","N/A","18","N/A","0.1","N/A","-5095","N/A","6000","N/A","53.35","N/A","17","N/A","63","N/A","8.5","N/A"
"20","611","2","N/A","18","N/A","0.1","N/A","-4865","N/A","6250","N/A","53.35","N/A","17","N/A","63","N/A","8.5","N/A"
"20","612","2","N/A","18","N/A","0.1","N/A","-4885","N/A","6250","N/A","53.35","N/A","17","N/A","63","N/A","8.5","N/A"
"20","613","2","N/A","18","N/A","0.1","N/A","-4905","N/A","6250","N/A","53.35","N/A","17","N/A","63","N/A","8.5","N/A"
"20","614","2","N/A","18","N/A","0.1","N/A","-4675","N/A","6500","N/A","53.35","N/A","17","N/A","63","N/A","8.5","N/A"
"20","615","2","N/A","18","N/A","0.1","N/A","-4695","N/A","6500","N/A","53.35","N/A","17","N/A","63","N/A","8.5","N/A"
"20","616","2","N/A","18","N/A","0.1","N/A","-4715","N/A","6500","N/A","53.35","N/A","17","N/A","63","N/A","8.5","N/A"
"20","617","2","N/A","18","N/A","0.1","N/A","-4735","N/A","6500","N/A","53.35","N/A","17","N/A","63","N/A","8.5","N/A"
"20","618","2","N/A","18","N/A","0.1","N/A","-4755","N/A","6500","N/A","53.35","N/A","17","N/A","63","N/A","8.5","N/A"
"20","619","2","N/A","18","N/A","0.1","N/A","-4775","N/A","6500","N/A","53.35","N/A","17","N/A","63","N/A","8.5","N/A"
"20","620","2","N/A","18","N/A","0.1","N/A","-4795","N/A","6500","N/A","53.35","N/A","17","N/A","63","N/A","8.5","N/A"
"20","621","2","N/A","18","N/A","0.1","N/A","-4815","N/A","6500","N/A","53.35","N/A","17","N/A","63","N/A","8.5","N/A"
"20","622","2","N/A","18","N/A","0.1","N/A","-4835","N/A","6500","N/A","53.35","N/A","17","N/A","63","N/A","8.5","N/A"
"20","623","2","N/A","18","N/A","0.1","N/A","-4855","N/A","6500","N/A","53.35","N/A","17","N/A","63","N/A","8.5","N/A"
"20","624","2","N/A","18","N/A","0.1","N/A","-4875","N/A","6500","N/A","53.35","N/A","17","N/A","63","N/A","8.5","N/A"
"20","625","2","N/A","18","N/A","0.1","N/A","-4895","N/A","6500","N/A","53.35","N/A","17","N/A","63","N/A","8.5","N/A"
"20","626","2","N/A","18","N/A","0.1","N/A","-4915","N/A","6500","N/A","53.35","N/A","17","N/A","63","N/A","8.5","N/A"
"20","627","2","N/A","18","N/A","0.1","N/A","-4935","N/A","6500","N/A","53.35","N/A","17","N/A","63","N/A","8.5","N/A"
"20","628","2","N/A","18","N/A","0.1","N/A","-4955","N/A","6500","N/A","53.35","N/A","17","N/A","63","N/A","8.5","N/A"
"20","629","2","N/A","18","N/A","0.1","N/A","-4975","N/A","6500","N/A","53.35","N/A","17","N/A","63","N/A","8.5","N/A"
"20","630","2","N/A","18","N/A","0.1","N/A","-4995","N/A","6500","N/A","53.35","N/A","17","N/A","63","N/A","8.5","N/A"
"20","631","2","N/A","18","N/A","0.1","N/A","-5015","N/A","6500","N/A","53.35","N/A","17","N/A","63","N/A","8.5","N/A"
"20","632","2","N/A","18","N/A","0.1","N/A","-5035","N/A","6500","N/A","53.35","N/A","17","N/A","63","N/A","8.5","N/A"
"20","633","2","N/A","18","N/A","0.1","N/A","-5055","N/A","6500","N/A","53.35","N/A","17","N/A","63","N/A","8.5","N/A"
"20","634","2","N/A","18","N/A","0.1","N/A","-5075","N/A","6500","N/A","53.35","N/A","17","N/A","63","N/A","8.5","N/A"
"20","635","2","N/A","18","N/A","0.1","N/A","-5095","N/A","6500","N/A","53.35","N/A","17","N/A","63","N/A","8.5","N/A"
"20","636","2","N/A","18","N/A","0.1","N/A","-4865","N/A","6750","N/A","53.35","N/A","17","N/A","63","N/A","8.5","N/A"
"20","637","2","N/A","18","N/A","0.1","N/A","-4885","N/A","6750","N/A","53.35","N/A","17","N/A","63","N/A","8.5","N/A"
"20","638","2","N/A","18","N/A","0.1","N/A","-4905","N/A","6750","N/A","53.35","N/A","17","N/A","63","N/A","8.5","N/A"
"20","639","2","N/A","18","N/A","0.1","N/A","-4925","N/A","6750","N/A","53.35","N/A","17","N/A","63","N/A","8.5","N/A"
"20","640","2","N/A","18","N/A","0.1","N/A","-4945","N/A","6750","N/A","53.35","N/A","17","N/A","63","N/A","8.5","N/A"
"20","641","2","N/A","18","N/A","0.1","N/A","-4965","N/A","6750","N/A","53.35","N/A","17","N/A","63","N/A","8.5","N/A"
"20","642","2","N/A","18","N/A","0.1","N/A","-4985","N/A","6750","N/A","53.35","N/A","17","N/A","63","N/A","8.5","N/A"
"20","643","2","N/A","18","N/A","0.1","N/A","-5005","N/A","6750","N/A","53.35","N/A","17","N/A","63","N/A","8.5","N/A"
"20","644","2","N/A","18","N/A","0.1","N/A","-5025","N/A","6750","N/A","53.35","N/A","17","N/A","63","N/A","8.5","N/A"
"20","645","2","N/A","18","N/A","0.1","N/A","-5045","N/A","6750","N/A","53.35","N/A","17","N/A","63","N/A","8.5","N/A"
"20","646","2","N/A","18","N/A","0.1","N/A","-5065","N/A","6750","N/A","53.35","N/A","17","N/A","63","N/A","8.5","N/A"
"20","647","2","N/A","18","N/A","0.1","N/A","-5085","N/A","6750","N/A","53.35","N/A","17","N/A","63","N/A","8.5","N/A"
"20","648","2","N/A","18","N/A","0.1","N/A","-5105","N/A","6750","N/A","53.35","N/A","17","N/A","63","N/A","8.5","N/A"
"20","649","2","N/A","18","N/A","0.1","N/A","-5125","N/A","6750","N/A","53.35","N/A","17","N/A","63","N/A","8.5","N/A"
"20","650","2","N/A","18","N/A","0.1","N/A","-5145","N/A","6750","N/A","53.35","N/A","17","N/A","63","N/A","8.5","N/A"
"20","651","2","N/A","18","N/A","0.1","N/A","-5165","N/A","6750","N/A","53.35","N/A","17","N/A","63","N/A","8.5","N/A"
"20","652","2","N/A","18","N/A","0.1","N/A","-5185","N/A","6750","N/A","53.35","N/A","17","N/A","63","N/A","8.5","N/A"
"20","653","2","N/A","18","N/A","0.1","N/A","-5205","N/A","6750","N/A","53.35","N/A","17","N/A","63","N/A","8.5","N/A"
"20","654","2","N/A","18","N/A","0.1","N/A","-5225","N/A","6750","N/A","53.35","N/A","17","N/A","63","N/A","8.5","N/A"
"20","655","2","N/A","18","N/A","0.1","N/A","-5245","N/A","6750","N/A","53.35","N/A","17","N/A","63","N/A","8.5","N/A"
"20","656","2","N/A","18","N/A","0.1","N/A","-5265","N/A","6750","N/A","53.35","N/A","17","N/A","63","N/A","8.5","N/A"
"20","657","2","N/A","18","N/A","0.1","N/A","-5285","N/A","6750","N/A","53.35","N/A","17","N/A","63","N/A","8.5","N/A"
"20","658","2","N/A","18","N/A","0.1","N/A","-5305","N/A","6750","N/A","53.35","N/A","17","N/A","63","N/A","8.5","N/A"
"20","659","2","N/A","18","N/A","0.1","N/A","-5325","N/A","6750","N/A","53.35","N/A","17","N/A","63","N/A","8.5","N/A"
"20","660","2","N/A","18","N/A","0.1","N/A","-5345","N/A","6750","N/A","53.35","N/A","17","N/A","63","N/A","8.5","N/A"
"20","661","2","N/A","18","N/A","0.1","N/A","-5115","N/A","7000","N/A","53.35","N/A","17","N/A","63","N/A","8.5","N/A"
"20","662","2","N/A","18","N/A","0.1","N/A","-5135","N/A","7000","N/A","53.35","N/A","17","N/A","63","N/A","8.5","N/A"
"20","663","2","N/A","18","N/A","0.1","N/A","-5155","N/A","7000","N/A","53.35","N/A","17","N/A","63","N/A","8.5","N/A"
"20","664","2","N/A","18","N/A","0.1","N/A","-5175","N/A","7000","N/A","53.35","N/A","17","N/A","63","N/A","8.5","N/A"
"20","665","2","N/A","18","N/A","0.1","N/A","-5195","N/A","7000","N/A","53.35","N/A","17","N/A","63","N/A","8.5","N/A"
"20","666","2","N/A","18","N/A","0.1","N/A","-5215","N/A","7000","N/A","53.35","N/A","17","N/A","63","N/A","8.5","N/A"
"20","667","2","N/A","18","N/A","0.1","N/A","-5235","N/A","7000","N/A","53.35","N/A","17","N/A","63","N/A","8.5","N/A"
"20","668","2","N/A","18","N/A","0.1","N/A","-5255","N/A","7000","N/A","53.35","N/A","17","N/A","63","N/A","8.5","N/A"
"20","669","2","N/A","18","N/A","0.1","N/A","-5275","N/A","7000","N/A","53.35","N/A","17","N/A","63","N/A","8.5","N/A"
"20","670","2","N/A","18","N/A","0.1","N/A","-5295","N/A","7000","N/A","53.35","N/A","17","N/A","63","N/A","8.5","N/A"
"20","671","2","N/A","18","N/A","0.1","N/A","-5315","N/A","7000","N/A","53.35","N/A","17","N/A","63","N/A","8.5","N/A"
"20","672","2","N/A","18","N/A","0.1","N/A","-5335","N/A","7000","N/A","53.35","N/A","17","N/A","63","N/A","8.5","N/A"
"20","673","2","N/A","18","N/A","0.1","N/A","-5355","N/A","7000","N/A","53.35","N/A","17","N/A","63","N/A","8.5","N/A"
"20","674","2","N/A","18","N/A","0.1","N/A","-5375","N/A","7000","N/A","53.35","N/A","17","N/A","63","N/A","8.5","N/A"
"20","675","2","N/A","18","N/A","0.1","N/A","-5395","N/A","7000","N/A","53.35","N/A","17","N/A","63","N/A","8.5","N/A"
"20","676","2","N/A","18","N/A","0.1","N/A","-5415","N/A","7000","N/A","53.35","N/A","17","N/A","63","N/A","8.5","N/A"
"20","677","2","N/A","18","N/A","0.1","N/A","-5435","N/A","7000","N/A","53.35","N/A","17","N/A","63","N/A","8.5","N/A"
"20","678","2","N/A","18","N/A","0.1","N/A","-5455","N/A","7000","N/A","53.35","N/A","17","N/A","63","N/A","8.5","N/A"
"20","679","2","N/A","18","N/A","0.1","N/A","-5475","N/A","7000","N/A","53.35","N/A","17","N/A","63","N/A","8.5","N/A"
"20","680","2","N/A","18","N/A","0.1","N/A","-5495","N/A","7000","N/A","53.35","N/A","17","N/A","63","N/A","8.5","N/A"
"20","681","2","N/A","18","N/A","0.1","N/A","-5515","N/A","7000","N/A","53.35","N/A","17","N/A","63","N/A","8.5","N/A"
"20","682","2","N/A","18","N/A","0.1","N/A","-5535","N/A","7000","N/A","53.35","N/A","17","N/A","63","N/A","8.5","N/A"
"20","683","2","N/A","18","N/A","0.1","N/A","-5555","N/A","7000","N/A","53.35","N/A","17","N/A","63","N/A","8.5","N/A"
"20","684","2","N/A","18","N/A","0.1","N/A","-5575","N/A","7000","N/A","53.35","N/A","17","N/A","63","N/A","8.5","N/A"
"20","685","2","N/A","18","N/A","0.1","N/A","-5595","N/A","7000","N/A","53.35","N/A","17","N/A","63","N/A","8.5","N/A"
"20","686","2","N/A","18","N/A","0.1","N/A","-5365","N/A","7250","N/A","53.35","N/A","17","N/A","63","N/A","8.5","N/A"
"20","687","2","N/A","18","N/A","0.1","N/A","-5385","N/A","7250","N/A","53.35","N/A","17","N/A","63","N/A","8.5","N/A"
"20","688","2","N/A","18","N/A","0.1","N/A","-5405","N/A","7250","N/A","53.35","N/A","17","N/A","63","N/A","8.5","N/A"
"20","689","2","N/A","18","N/A","0.1","N/A","-5425","N/A","7250","N/A","53.35","N/A","17","N/A","63","N/A","8.5","N/A"
"20","690","2","N/A","18","N/A","0.1","N/A","-5445","N/A","7250","N/A","53.35","N/A","17","N/A","63","N/A","8.5","N/A"
"20","691","2","N/A","18","N/A","0.1","N/A","-5465","N/A","7250","N/A","53.35","N/A","17","N/A","63","N/A","8.5","N/A"
"20","692","2","N/A","18","N/A","0.1","N/A","-5485","N/A","7250","N/A","53.35","N/A","17","N/A","63","N/A","8.5","N/A"
"20","693","2","N/A","18","N/A","0.1","N/A","-5505","N/A","7250","N/A","53.35","N/A","17","N/A","63","N/A","8.5","N/A"
"20","694","2","N/A","18","N/A","0.1","N/A","-5525","N/A","7250","N/A","53.35","N/A","17","N/A","63","N/A","8.5","N/A"
"20","695","2","N/A","18","N/A","0.1","N/A","-5545","N/A","7250","N/A","53.35","N/A","17","N/A","63","N/A","8.5","N/A"
"20","696","2","N/A","18","N/A","0.1","N/A","-5565","N/A","7250","N/A","53.35","N/A","17","N/A","63","N/A","8.5","N/A"
"20","697","2","N/A","18","N/A","0.1","N/A","-5585","N/A","7250","N/A","53.35","N/A","17","N/A","63","N/A","8.5","N/A"
"20","698","2","N/A","18","N/A","0.1","N/A","-5605","N/A","7250","N/A","53.35","N/A","17","N/A","63","N/A","8.5","N/A"
"20","699","2","N/A","18","N/A","0.1","N/A","-5625","N/A","7250","N/A","53.35","N/A","17","N/A","63","N/A","8.5","N/A"
"20","700","2","N/A","18","N/A","0.1","N/A","-5645","N/A","7250","N/A","53.35","N/A","17","N/A","63","N/A","8.5","N/A"
"20","701","2","N/A","18","N/A","0.1","N/A","-5665","N/A","7250","N/A","53.35","N/A","17","N/A","63","N/A","8.5","N/A"
"20","702","2","N/A","18","N/A","0.1","N/A","-5685","N/A","7250","N/A","53.35","N/A","17","N/A","63","N/A","8.5","N/A"
"20","703","2","N/A","18","N/A","0.1","N/A","-5705","N/A","7250","N/A","53.35","N/A","17","N/A","63","N/A","8.5","N/A"
"20","704","2","N/A","18","N/A","0.1","N/A","-5725","N/A","7250","N/A","53.35","N/A","17","N/A","63","N/A","8.5","N/A"
"20","705","2","N/A","18","N/A","0.1","N/A","-5745","N/A","7250","N/A","53.35","N/A","17","N/A","63","N/A","8.5","N/A"
"20","706","2","N/A","18","N/A","0.1","N/A","-5765","N/A","7250","N/A","53.35","N/A","17","N/A","63","N/A","8.5","N/A"
"20","707","2","N/A","18","N/A","0.1","N/A","-5785","N/A","7250","N/A","53.35","N/A","17","N/A","63","N/A","8.5","N/A"
"20","708","2","N/A","18","N/A","0.1","N/A","-5805","N/A","7250","N/A","53.35","N/A","17","N/A","63","N/A","8.5","N/A"
"20","709","2","N/A","18","N/A","0.1","N/A","-5825","N/A","7250","N/A","53.35","N/A","17","N/A","63","N/A","8.5","N/A"
"20","710","2","N/A","18","N/A","0.1","N/A","-5845","N/A","7250","N/A","53.35","N/A","17","N/A","63","N/A","8.5","N/A"
"20","711","2","N/A","18","N/A","0.1","N/A","-5615","N/A","7500","N/A","53.35","N/A","17","N/A","63","N/A","8.5","N/A"
"20","712","2","N/A","18","N/A","0.1","N/A","-5635","N/A","7500","N/A","53.35","N/A","17","N/A","63","N/A","9","N/A"
"20","713","2","N/A","18","N/A","0.1","N/A","-5655","N/A","7500","N/A","53.35","N/A","17","N/A","63","N/A","9","N/A"
"20","714","2","N/A","18","N/A","0.1","N/A","-5675","N/A","7500","N/A","53.35","N/A","17","N/A","63","N/A","9","N/A"
"20","715","2","N/A","18","N/A","0.1","N/A","-5695","N/A","7500","N/A","53.35","N/A","17","N/A","63","N/A","9","N/A"
"20","716","2","N/A","18","N/A","0.1","N/A","-5715","N/A","7500","N/A","53.35","N/A","17","N/A","63","N/A","9","N/A"
"20","717","2","N/A","18","N/A","0.1","N/A","-5735","N/A","7500","N/A","53.35","N/A","17","N/A","63","N/A","9","N/A"
"20","718","2","N/A","18","N/A","0.1","N/A","-5755","N/A","7500","N/A","53.35","N/A","17","N/A","63","N/A","9","N/A"
"20","719","2","N/A","18","N/A","0.1","N/A","-5775","N/A","7500","N/A","53.35","N/A","17","N/A","63","N/A","9","N/A"
"20","720","2","N/A","18","N/A","0.1","N/A","-5795","N/A","7500","N/A","53.35","N/A","17","N/A","63","N/A","9","N/A"
"20","721","2","N/A","18","N/A","0.1","N/A","-5815","N/A","7500","N/A","53.35","N/A","17","N/A","63","N/A","9","N/A"
"20","722","2","N/A","18","N/A","0.1","N/A","-5835","N/A","7500","N/A","53.35","N/A","17","N/A","63","N/A","9","N/A"
"20","723","2","N/A","18","N/A","0.1","N/A","-5855","N/A","7500","N/A","53.35","N/A","17","N/A","63","N/A","9","N/A"
"20","724","2","N/A","18","N/A","0.1","N/A","-5875","N/A","7500","N/A","53.35","N/A","17","N/A","63","N/A","9","N/A"
"20","725","2","N/A","18","N/A","0.1","N/A","-5895","N/A","7500","N/A","53.35","N/A","17","N/A","63","N/A","9","N/A"
"20","726","2","N/A","18","N/A","0.1","N/A","-5915","N/A","7500","N/A","53.35","N/A","17","N/A","63","N/A","9","N/A"
"20","727","2","N/A","18","N/A","0.1","N/A","-5935","N/A","7500","N/A","53.35","N/A","17","N/A","63","N/A","9","N/A"
"20","728","2","N/A","18","N/A","0.1","N/A","-5955","N/A","7500","N/A","53.35","N/A","17","N/A","63","N/A","9","N/A"
"20","729","2","N/A","18","N/A","0.1","N/A","-5975","N/A","7500","N/A","53.35","N/A","17","N/A","63","N/A","9","N/A"
"20","730","2","N/A","18","N/A","0.1","N/A","-5995","N/A","7500","N/A","53.35","N/A","17","N/A","63","N/A","9","N/A"
"20","731","2","N/A","18","N/A","0.1","N/A","-6015","N/A","7500","N/A","53.35","N/A","17","N/A","63","N/A","9","N/A"
"20","732","2","N/A","18","N/A","0.1","N/A","-6035","N/A","7500","N/A","53.35","N/A","17","N/A","63","N/A","9","N/A"
"20","733","2","N/A","18","N/A","0.1","N/A","-6055","N/A","7500","N/A","53.35","N/A","17","N/A","63","N/A","9","N/A"
"20","734","2","N/A","18","N/A","0.1","N/A","-6075","N/A","7500","N/A","53.35","N/A","17","N/A","63","N/A","9","N/A"
"20","735","2","N/A","18","N/A","0.1","N/A","-6095","N/A","7500","N/A","53.35","N/A","17","N/A","63","N/A","9","N/A"
"20","736","2","N/A","18","N/A","0.1","N/A","-5865","N/A","7750","N/A","53.35","N/A","17","N/A","63","N/A","9","N/A"
"20","737","2","N/A","18","N/A","0.1","N/A","-5885","N/A","7750","N/A","53.35","N/A","17","N/A","63","N/A","9","N/A"
"20","738","2","N/A","18","N/A","0.1","N/A","-5905","N/A","7750","N/A","53.35","N/A","17","N/A","63","N/A","9","N/A"
"20","739","2","N/A","18","N/A","0.1","N/A","-5925","N/A","7750","N/A","53.35","N/A","17","N/A","63","N/A","9","N/A"
"20","740","2","N/A","18","N/A","0.1","N/A","-5945","N/A","7750","N/A","53.35","N/A","17","N/A","63","N/A","9","N/A"
"20","741","2","N/A","18","N/A","0.1","N/A","-5965","N/A","7750","N/A","53.35","N/A","17","N/A","63","N/A","9","N/A"
"20","742","2","N/A","18","N/A","0.1","N/A","-5985","N/A","7750","N/A","53.35","N/A","17","N/A","63","N/A","9","N/A"
"20","743","2","N/A","18","N/A","0.1","N/A","-6005","N/A","7750","N/A","53.35","N/A","17","N/A","63","N/A","9","N/A"
"20","744","2","N/A","18","N/A","0.1","N/A","-6025","N/A","7750","N/A","53.35","N/A","17","N/A","63","N/A","9","N/A"
"20","745","2","N/A","18","N/A","0.1","N/A","-6045","N/A","7750","N/A","53.35","N/A","17","N/A","63","N/A","9","N/A"
"20","746","2","N/A","18","N/A","0.1","N/A","-6065","N/A","7750","N/A","53.35","N/A","17","N/A","63","N/A","9","N/A"
"20","747","2","N/A","18","N/A","0.1","N/A","-6085","N/A","7750","N/A","53.35","N/A","17","N/A","63","N/A","9","N/A"
"20","748","2","N/A","18","N/A","0.1","N/A","-6105","N/A","7750","N/A","53.35","N/A","17","N/A","63","N/A","9","N/A"
"20","749","2","N/A","18","N/A","0.1","N/A","-6125","N/A","7750","N/A","53.35","N/A","17","N/A","63","N/A","9","N/A"
"20","750","2","N/A","18","N/A","0.1","N/A","-6145","N/A","7750","N/A","53.35","N/A","17","N/A","63","N/A","9","N/A"
"20","751","2","N/A","18","N/A","0.1","N/A","-6165","N/A","7750","N/A","53.35","N/A","17","N/A","63","N/A","9","N/A"
"20","752","2","N/A","18","N/A","0.1","N/A","-6185","N/A","7750","N/A","53.35","N/A","17","N/A","63","N/A","9","N/A"
"20","753","2","N/A","18","N/A","0.1","N/A","-6205","N/A","7750","N/A","53.35","N/A","17","N/A","63","N/A","9","N/A"
"20","754","2","N/A","18","N/A","0.1","N/A","-6225","N/A","7750","N/A","53.35","N/A","17","N/A","63","N/A","9","N/A"
"20","755","2","N/A","18","N/A","0.1","N/A","-6245","N/A","7750","N/A","53.35","N/A","17","N/A","63","N/A","9","N/A"
"20","756","2","N/A","18","N/A","0.1","N/A","-6265","N/A","7750","N/A","53.35","N/A","17","N/A","63","N/A","9","N/A"
"20","757","2","N/A","18","N/A","0.1","N/A","-6285","N/A","7750","N/A","53.35","N/A","17","N/A","63","N/A","9","N/A"
"20","758","2","N/A","18","N/A","0.1","N/A","-6305","N/A","7750","N/A","53.35","N/A","17","N/A","63","N/A","9","N/A"
"20","759","2","N/A","18","N/A","0.1","N/A","-6325","N/A","7750","N/A","53.35","N/A","17","N/A","63","N/A","9","N/A"
"20","760","2","N/A","18","N/A","0.1","N/A","-6345","N/A","7750","N/A","53.35","N/A","17","N/A","63","N/A","9","N/A"
"20","761","2","N/A","18","N/A","0.1","N/A","-6115","N/A","8000","N/A","53.35","N/A","17","N/A","63","N/A","9","N/A"
"20","762","2","N/A","18","N/A","0.1","N/A","-6135","N/A","8000","N/A","53.35","N/A","17","N/A","63","N/A","9","N/A"
"20","763","2","N/A","18","N/A","0.1","N/A","-6155","N/A","8000","N/A","53.35","N/A","17","N/A","63","N/A","9","N/A"
"20","764","2","N/A","18","N/A","0.1","N/A","-6175","N/A","8000","N/A","53.35","N/A","17","N/A","63","N/A","9","N/A"
"20","765","2","N/A","18","N/A","0.1","N/A","-6195","N/A","8000","N/A","53.35","N/A","17","N/A","63","N/A","9","N/A"
"20","766","2","N/A","18","N/A","0.1","N/A","-6215","N/A","8000","N/A","53.35","N/A","17","N/A","63","N/A","9","N/A"
"20","767","2","N/A","18","N/A","0.1","N/A","-6235","N/A","8000","N/A","53.35","N/A","17","N/A","63","N/A","9","N/A"
"20","768","2","N/A","18","N/A","0.1","N/A","-6255","N/A","8000","N/A","53.35","N/A","17","N/A","63","N/A","9","N/A"
"20","769","2","N/A","18","N/A","0.1","N/A","-6275","N/A","8000","N/A","53.35","N/A","17","N/A","63","N/A","9","N/A"
"20","770","2","N/A","18","N/A","0.1","N/A","-6295","N/A","8000","N/A","53.35","N/A","17","N/A","63","N/A","9","N/A"
"20","771","2","N/A","18","N/A","0.1","N/A","-6315","N/A","8000","N/A","53.35","N/A","17","N/A","63","N/A","9","N/A"
"20","772","2","N/A","18","N/A","0.1","N/A","-6335","N/A","8000","N/A","53.35","N/A","17","N/A","63","N/A","9","N/A"
"20","773","2","N/A","18","N/A","0.1","N/A","-6355","N/A","8000","N/A","53.35","N/A","17","N/A","63","N/A","9","N/A"
"20","774","2","N/A","18","N/A","0.1","N/A","-6375","N/A","8000","N/A","53.35","N/A","17","N/A","63","N/A","9","N/A"
"20","775","2","N/A","18","N/A","0.1","N/A","-6395","N/A","8000","N/A","53.35","N/A","17","N/A","63","N/A","9","N/A"
"20","776","2","N/A","18","N/A","0.1","N/A","-6415","N/A","8000","N/A","53.35","N/A","17","N/A","63","N/A","9","N/A"
"20","777","2","N/A","18","N/A","0.1","N/A","-6435","N/A","8000","N/A","53.35","N/A","17","N/A","63","N/A","9","N/A"
"20","778","2","N/A","18","N/A","0.1","N/A","-6455","N/A","8000","N/A","53.35","N/A","17","N/A","63","N/A","9","N/A"
"20","779","2","N/A","18","N/A","0.1","N/A","-6475","N/A","8000","N/A","53.35","N/A","17","N/A","63","N/A","9","N/A"
"20","780","2","N/A","18","N/A","0.1","N/A","-6495","N/A","8000","N/A","53.35","N/A","17","N/A","63","N/A","9","N/A"
"20","781","2","N/A","18","N/A","0.1","N/A","-6515","N/A","8000","N/A","53.35","N/A","17","N/A","63","N/A","9","N/A"
"20","782","2","N/A","18","N/A","0.1","N/A","-6535","N/A","8000","N/A","53.35","N/A","17","N/A","63","N/A","9","N/A"
"20","783","2","N/A","18","N/A","0.1","N/A","-6555","N/A","8000","N/A","53.35","N/A","17","N/A","63","N/A","9","N/A"
"20","784","2","N/A","18","N/A","0.1","N/A","-6575","N/A","8000","N/A","53.35","N/A","17","N/A","63","N/A","9","N/A"
"20","785","2","N/A","18","N/A","0.1","N/A","-6595","N/A","8000","N/A","53.35","N/A","17","N/A","63","N/A","9","N/A"
"20","786","2","N/A","18","N/A","0.1","N/A","-6365","N/A","8250","N/A","53.35","N/A","17","N/A","63","N/A","9","N/A"
"20","787","2","N/A","18","N/A","0.1","N/A","-6385","N/A","8250","N/A","53.35","N/A","17","N/A","63","N/A","9","N/A"
"20","788","2","N/A","18","N/A","0.1","N/A","-6405","N/A","8250","N/A","53.35","N/A","17","N/A","63","N/A","9","N/A"
"20","789","2","N/A","18","N/A","0.1","N/A","-6425","N/A","8250","N/A","53.35","N/A","17","N/A","63","N/A","9","N/A"
"20","790","2","N/A","18","N/A","0.1","N/A","-6445","N/A","8250","N/A","53.35","N/A","17","N/A","63","N/A","9","N/A"
"20","791","2","N/A","18","N/A","0.1","N/A","-6465","N/A","8250","N/A","53.35","N/A","17","N/A","63","N/A","9","N/A"
"20","792","2","N/A","18","N/A","0.1","N/A","-6485","N/A","8250","N/A","53.35","N/A","17","N/A","63","N/A","9","N/A"
"20","793","2","N/A","18","N/A","0.1","N/A","-6505","N/A","8250","N/A","53.35","N/A","17","N/A","63","N/A","9","N/A"
"20","794","2","N/A","18","N/A","0.1","N/A","-6525","N/A","8250","N/A","53.35","N/A","17","N/A","63","N/A","9","N/A"
"20","795","2","N/A","18","N/A","0.1","N/A","-6545","N/A","8250","N/A","53.35","N/A","17","N/A","63","N/A","9.5","N/A"
"20","796","2","N/A","18","N/A","0.1","N/A","-6565","N/A","8250","N/A","53.35","N/A","17","N/A","63","N/A","9.5","N/A"
"20","797","2","N/A","18","N/A","0.1","N/A","-6585","N/A","8250","N/A","53.35","N/A","17","N/A","63","N/A","9.5","N/A"
"20","798","2","N/A","18","N/A","0.1","N/A","-6605","N/A","8250","N/A","53.35","N/A","17","N/A","63","N/A","9.5","N/A"
"20","799","2","N/A","18","N/A","0.1","N/A","-6625","N/A","8250","N/A","53.35","N/A","17","N/A","63","N/A","9.5","N/A"
"20","800","2","N/A","18","N/A","0.1","N/A","-6645","N/A","8250","N/A","53.35","N/A","17","N/A","63","N/A","9.5","N/A"
"20","801","2","N/A","18","N/A","0.1","N/A","-6665","N/A","8250","N/A","53.35","N/A","17","N/A","63","N/A","9.5","N/A"
"20","802","2","N/A","18","N/A","0.1","N/A","-6685","N/A","8250","N/A","53.35","N/A","17","N/A","63","N/A","9.5","N/A"
"20","803","2","N/A","18","N/A","0.1","N/A","-6705","N/A","8250","N/A","53.35","N/A","17","N/A","63","N/A","9.5","N/A"
"20","804","2","N/A","18","N/A","0.1","N/A","-6725","N/A","8250","N/A","53.35","N/A","17","N/A","63","N/A","9.5","N/A"
"20","805","2","N/A","18","N/A","0.1","N/A","-6745","N/A","8250","N/A","53.35","N/A","17","N/A","63","N/A","9.5","N/A"
"20","806","2","N/A","18","N/A","0.1","N/A","-6765","N/A","8250","N/A","53.35","N/A","17","N/A","63","N/A","9.5","N/A"
"20","807","2","N/A","18","N/A","0.1","N/A","-6785","N/A","8250","N/A","53.35","N/A","17","N/A","63","N/A","9.5","N/A"
"20","808","2","N/A","18","N/A","0.1","N/A","-6805","N/A","8250","N/A","53.35","N/A","17","N/A","63","N/A","9.5","N/A"
"20","809","2","N/A","18","N/A","0.1","N/A","-6825","N/A","8250","N/A","53.35","N/A","17","N/A","63","N/A","9.5","N/A"
"20","810","2","N/A","18","N/A","0.1","N/A","-6845","N/A","8250","N/A","53.35","N/A","17","N/A","63","N/A","9.5","N/A"
"20","811","2","N/A","18","N/A","0.1","N/A","-6615","N/A","8500","N/A","53.35","N/A","17","N/A","63","N/A","9.5","N/A"
"20","812","2","N/A","18","N/A","0.1","N/A","-6635","N/A","8500","N/A","53.35","N/A","17","N/A","63","N/A","9.5","N/A"
"20","813","2","N/A","18","N/A","0.1","N/A","-6655","N/A","8500","N/A","53.35","N/A","17","N/A","63","N/A","9.5","N/A"
"20","814","2","N/A","18","N/A","0.1","N/A","-6675","N/A","8500","N/A","53.35","N/A","17","N/A","63","N/A","9.5","N/A"
"20","815","2","N/A","18","N/A","0.1","N/A","-6695","N/A","8500","N/A","53.35","N/A","17","N/A","63","N/A","9.5","N/A"
"20","816","2","N/A","18","N/A","0.1","N/A","-6715","N/A","8500","N/A","53.35","N/A","17","N/A","63","N/A","9.5","N/A"
"20","817","2","N/A","18","N/A","0.1","N/A","-6735","N/A","8500","N/A","53.35","N/A","17","N/A","63","N/A","9.5","N/A"
"20","818","2","N/A","18","N/A","0.1","N/A","-6755","N/A","8500","N/A","53.35","N/A","17","N/A","63","N/A","9.5","N/A"
"20","819","2","N/A","18","N/A","0.1","N/A","-6775","N/A","8500","N/A","53.35","N/A","17","N/A","63","N/A","9.5","N/A"
"20","820","2","N/A","18","N/A","0.1","N/A","-6795","N/A","8500","N/A","53.35","N/A","17","N/A","63","N/A","9.5","N/A"
"20","821","2","N/A","18","N/A","0.1","N/A","-6815","N/A","8500","N/A","53.35","N/A","17","N/A","63","N/A","9.5","N/A"
"20","822","2","N/A","18","N/A","0.1","N/A","-6835","N/A","8500","N/A","53.35","N/A","17","N/A","63","N/A","9.5","N/A"
"20","823","2","N/A","18","N/A","0.1","N/A","-6855","N/A","8500","N/A","53.35","N/A","17","N/A","63","N/A","9.5","N/A"
"20","824","2","N/A","18","N/A","0.1","N/A","-6875","N/A","8500","N/A","53.35","N/A","17","N/A","63","N/A","9.5","N/A"
"20","825","2","N/A","18","N/A","0.1","N/A","-6895","N/A","8500","N/A","53.35","N/A","17","N/A","63","N/A","9.5","N/A"
"20","826","2","N/A","18","N/A","0.1","N/A","-6915","N/A","8500","N/A","53.35","N/A","17","N/A","63","N/A","9.5","N/A"
"20","827","2","N/A","18","N/A","0.1","N/A","-6935","N/A","8500","N/A","53.35","N/A","17","N/A","63","N/A","9.5","N/A"
"20","828","2","N/A","18","N/A","0.1","N/A","-6955","N/A","8500","N/A","53.35","N/A","17","N/A","63","N/A","9.5","N/A"
"20","829","2","N/A","18","N/A","0.1","N/A","-6975","N/A","8500","N/A","53.35","N/A","17","N/A","63","N/A","9.5","N/A"
"20","830","2","N/A","18","N/A","0.1","N/A","-6995","N/A","8500","N/A","53.35","N/A","17","N/A","63","N/A","9.5","N/A"
"20","831","2","N/A","18","N/A","0.1","N/A","-7015","N/A","8500","N/A","53.35","N/A","17","N/A","63","N/A","9.5","N/A"
"20","832","2","N/A","18","N/A","0.1","N/A","-7035","N/A","8500","N/A","53.35","N/A","17","N/A","63","N/A","9.5","N/A"
"20","833","2","N/A","18","N/A","0.1","N/A","-7055","N/A","8500","N/A","53.35","N/A","17","N/A","63","N/A","9.5","N/A"
"20","834","2","N/A","18","N/A","0.1","N/A","-7075","N/A","8500","N/A","53.35","N/A","17","N/A","63","N/A","9.5","N/A"
"20","835","2","N/A","18","N/A","0.1","N/A","-7095","N/A","8500","N/A","53.35","N/A","17","N/A","63","N/A","9.5","N/A"
"20","836","2","N/A","18","N/A","0.1","N/A","-6865","N/A","8750","N/A","53.35","N/A","17","N/A","63","N/A","9.5","N/A"
"20","837","2","N/A","18","N/A","0.1","N/A","-6885","N/A","8750","N/A","53.35","N/A","17","N/A","63","N/A","9.5","N/A"
"20","838","2","N/A","18","N/A","0.1","N/A","-6905","N/A","8750","N/A","53.35","N/A","17","N/A","63","N/A","9.5","N/A"
"20","839","2","N/A","18","N/A","0.1","N/A","-6925","N/A","8750","N/A","53.35","N/A","17","N/A","63","N/A","9.5","N/A"
"20","840","2","N/A","18","N/A","0.1","N/A","-6945","N/A","8750","N/A","53.35","N/A","17","N/A","63","N/A","9.5","N/A"
"20","841","2","N/A","18","N/A","0.1","N/A","-6965","N/A","8750","N/A","53.35","N/A","17","N/A","63","N/A","9.5","N/A"
"20","842","2","N/A","18","N/A","0.1","N/A","-6985","N/A","8750","N/A","53.35","N/A","17","N/A","63","N/A","9.5","N/A"
"20","843","2","N/A","18","N/A","0.1","N/A","-7005","N/A","8750","N/A","53.35","N/A","17","N/A","63","N/A","9.5","N/A"
"20","844","2","N/A","18","N/A","0.1","N/A","-7025","N/A","8750","N/A","53.35","N/A","17","N/A","63","N/A","9.5","N/A"
"20","845","2","N/A","18","N/A","0.1","N/A","-7045","N/A","8750","N/A","53.35","N/A","17","N/A","63","N/A","9.5","N/A"
"20","846","2","N/A","18","N/A","0.1","N/A","-7065","N/A","8750","N/A","53.35","N/A","17","N/A","63","N/A","9.5","N/A"
"20","847","2","N/A","18","N/A","0.1","N/A","-7085","N/A","8750","N/A","53.35","N/A","17","N/A","63","N/A","9.5","N/A"
"20","848","2","N/A","18","N/A","0.1","N/A","-7105","N/A","8750","N/A","53.35","N/A","17","N/A","63","N/A","9.5","N/A"
"20","849","2","N/A","18","N/A","0.1","N/A","-7125","N/A","8750","N/A","53.35","N/A","17","N/A","63","N/A","9.5","N/A"
"20","850","2","N/A","18","N/A","0.1","N/A","-7145","N/A","8750","N/A","53.35","N/A","17","N/A","63","N/A","9.5","N/A"
"20","851","2","N/A","18","N/A","0.1","N/A","-7165","N/A","8750","N/A","53.35","N/A","17","N/A","63","N/A","9.5","N/A"
"20","852","2","N/A","18","N/A","0.1","N/A","-7185","N/A","8750","N/A","53.35","N/A","17","N/A","63","N/A","9.5","N/A"
"20","853","2","N/A","18","N/A","0.1","N/A","-7205","N/A","8750","N/A","53.35","N/A","17","N/A","63","N/A","9.5","N/A"
"20","854","2","N/A","18","N/A","0.1","N/A","-7225","N/A","8750","N/A","53.35","N/A","17","N/A","63","N/A","9.5","N/A"
"20","855","2","N/A","18","N/A","0.1","N/A","-7245","N/A","8750","N/A","53.35","N/A","17","N/A","63","N/A","9.5","N/A"
"20","856","2","N/A","18","N/A","0.1","N/A","-7265","N/A","8750","N/A","53.35","N/A","17","N/A","63","N/A","9.5","N/A"
"20","857","2","N/A","18","N/A","0.1","N/A","-7285","N/A","8750","N/A","53.35","N/A","17","N/A","63","N/A","9.5","N/A"
"20","858","2","N/A","18","N/A","0.1","N/A","-7305","N/A","8750","N/A","53.35","N/A","17","N/A","63","N/A","9.5","N/A"
"20","859","2","N/A","18","N/A","0.1","N/A","-7325","N/A","8750","N/A","53.35","N/A","17","N/A","63","N/A","9.5","N/A"
"20","860","2","N/A","18","N/A","0.1","N/A","-7345","N/A","8750","N/A","53.35","N/A","17","N/A","63","N/A","9.5","N/A"
"20","861","2","N/A","18","N/A","0.1","N/A","-7115","N/A","9000","N/A","53.35","N/A","17","N/A","63","N/A","9.5","N/A"
"20","862","2","N/A","18","N/A","0.1","N/A","-7135","N/A","9000","N/A","53.35","N/A","17","N/A","63","N/A","9.5","N/A"
"20","863","2","N/A","18","N/A","0.1","N/A","-7155","N/A","9000","N/A","53.35","N/A","17","N/A","63","N/A","9.5","N/A"
"20","864","2","N/A","18","N/A","0.1","N/A","-7175","N/A","9000","N/A","53.35","N/A","17","N/A","63","N/A","9.5","N/A"
"20","865","2","N/A","18","N/A","0.1","N/A","-7195","N/A","9000","N/A","53.35","N/A","17","N/A","63","N/A","9.5","N/A"
"20","866","2","N/A","18","N/A","0.1","N/A","-7215","N/A","9000","N/A","53.35","N/A","17","N/A","63","N/A","9.5","N/A"
"20","867","2","N/A","18","N/A","0.1","N/A","-7235","N/A","9000","N/A","53.35","N/A","17","N/A","63","N/A","9.5","N/A"
"20","868","2","N/A","18","N/A","0.1","N/A","-7255","N/A","9000","N/A","53.35","N/A","17","N/A","63","N/A","9.5","N/A"
"20","869","2","N/A","18","N/A","0.1","N/A","-7275","N/A","9000","N/A","53.35","N/A","17","N/A","63","N/A","9.5","N/A"
"20","870","2","N/A","18","N/A","0.1","N/A","-7295","N/A","9000","N/A","53.35","N/A","17","N/A","63","N/A","9.5","N/A"
"20","871","2","N/A","18","N/A","0.1","N/A","-7315","N/A","9000","N/A","53.35","N/A","17","N/A","63","N/A","9.5","N/A"
"20","872","2","N/A","18","N/A","0.1","N/A","-7335","N/A","9000","N/A","53.35","N/A","17","N/A","63","N/A","9.5","N/A"
"20","873","2","N/A","18","N/A","0.1","N/A","-7355","N/A","9000","N/A","53.35","N/A","17","N/A","63","N/A","9.5","N/A"
"20","874","2","N/A","18","N/A","0.1","N/A","-7375","N/A","9000","N/A","53.35","N/A","17","N/A","63","N/A","9.5","N/A"
"20","875","2","N/A","18","N/A","0.1","N/A","-7395","N/A","9000","N/A","53.35","N/A","17","N/A","63","N/A","9.5","N/A"
"20","876","2","N/A","18","N/A","0.1","N/A","-7415","N/A","9000","N/A","53.35","N/A","17","N/A","63","N/A","9.5","N/A"
"20","877","2","N/A","18","N/A","0.1","N/A","-7435","N/A","9000","N/A","53.35","N/A","17","N/A","63","N/A","9.5","N/A"
"20","878","2","N/A","18","N/A","0.1","N/A","-7455","N/A","9000","N/A","53.35","N/A","17","N/A","63","N/A","9.5","N/A"
"20","879","2","N/A","18","N/A","0.1","N/A","-7475","N/A","9000","N/A","53.35","N/A","17","N/A","63","N/A","9.5","N/A"
"20","880","2","N/A","18","N/A","0.1","N/A","-7495","N/A","9000","N/A","53.35","N/A","17","N/A","63","N/A","9.5","N/A"
"20","881","2","N/A","18","N/A","0.1","N/A","-7515","N/A","9000","N/A","53.35","N/A","17","N/A","63","N/A","9.5","N/A"
"20","882","2","N/A","18","N/A","0.1","N/A","-7535","N/A","9000","N/A","53.35","N/A","17","N/A","63","N/A","9.5","N/A"
"20","883","2","N/A","18","N/A","0.1","N/A","-7555","N/A","9000","N/A","53.35","N/A","17","N/A","63","N/A","9.5","N/A"
"20","884","2","N/A","18","N/A","0.1","N/A","-7575","N/A","9000","N/A","53.35","N/A","17","N/A","63","N/A","9.5","N/A"
"20","885","2","N/A","18","N/A","0.1","N/A","-7595","N/A","9000","N/A","53.35","N/A","17","N/A","63","N/A","9.5","N/A"
"20","886","2","N/A","18","N/A","0.1","N/A","-7365","N/A","9250","N/A","53.35","N/A","17","N/A","63","N/A","9.5","N/A"
"20","887","2","N/A","18","N/A","0.1","N/A","-7385","N/A","9250","N/A","53.35","N/A","17","N/A","63","N/A","9.5","N/A"
"20","888","2","N/A","18","N/A","0.1","N/A","-7405","N/A","9250","N/A","53.35","N/A","17","N/A","63","N/A","9.5","N/A"
"20","889","2","N/A","18","N/A","0.1","N/A","-7425","N/A","9250","N/A","53.35","N/A","17","N/A","63","N/A","9.5","N/A"
"20","890","2","N/A","18","N/A","0.1","N/A","-7445","N/A","9250","N/A","53.35","N/A","17","N/A","63","N/A","9.5","N/A"
"20","891","2","N/A","18","N/A","0.1","N/A","-7465","N/A","9250","N/A","53.35","N/A","17","N/A","63","N/A","9.5","N/A"
"20","892","2","N/A","18","N/A","0.1","N/A","-7485","N/A","9250","N/A","53.35","N/A","17","N/A","63","N/A","9.5","N/A"
"20","893","2","N/A","18","N/A","0.1","N/A","-7505","N/A","9250","N/A","53.35","N/A","17","N/A","63","N/A","9.5","N/A"
"20","894","2","N/A","18","N/A","0.1","N/A","-7525","N/A","9250","N/A","53.35","N/A","17","N/A","63","N/A","9.5","N/A"
"20","895","2","N/A","18","N/A","0.1","N/A","-7545","N/A","9250","N/A","53.35","N/A","17","N/A","63","N/A","9.5","N/A"
"20","896","2","N/A","18","N/A","0.1","N/A","-7565","N/A","9250","N/A","53.35","N/A","17","N/A","63","N/A","9.5","N/A"
"20","897","2","N/A","18","N/A","0.1","N/A","-7585","N/A","9250","N/A","53.35","N/A","17","N/A","63","N/A","9.5","N/A"
"20","898","2","N/A","18","N/A","0.1","N/A","-7605","N/A","9250","N/A","53.35","N/A","17","N/A","63","N/A","9.5","N/A"
"20","899","2","N/A","18","N/A","0.1","N/A","-7625","N/A","9250","N/A","53.35","N/A","17","N/A","63","N/A","9.5","N/A"
"20","900","2","N/A","18","N/A","0.1","N/A","-7645","N/A","9250","N/A","53.35","N/A","17","N/A","63","N/A","9.5","N/A"
"20","901","2","N/A","18","N/A","0.1","N/A","-7665","N/A","9250","N/A","53.35","N/A","17","N/A","63","N/A","9.5","N/A"
"20","902","2","N/A","18","N/A","0.1","N/A","-7685","N/A","9250","N/A","53.35","N/A","17","N/A","63","N/A","9.5","N/A"
"20","903","2","N/A","18","N/A","0.1","N/A","-7705","N/A","9250","N/A","53.35","N/A","17","N/A","63","N/A","9.5","N/A"
"20","904","2","N/A","18","N/A","0.1","N/A","-7725","N/A","9250","N/A","53.35","N/A","17","N/A","63","N/A","9.5","N/A"
"20","905","2","N/A","18","N/A","0.1","N/A","-7745","N/A","9250","N/A","53.35","N/A","17","N/A","63","N/A","9.5","N/A"
"20","906","2","N/A","18","N/A","0.1","N/A","-7765","N/A","9250","N/A","53.35","N/A","17","N/A","63","N/A","9.5","N/A"
"20","907","2","N/A","18","N/A","0.1","N/A","-7785","N/A","9250","N/A","53.35","N/A","17","N/A","63","N/A","9.5","N/A"
"20","908","2","N/A","18","N/A","0.1","N/A","-7805","N/A","9250","N/A","53.35","N/A","17","N/A","63","N/A","9.5","N/A"
"20","909","2","N/A","18","N/A","0.1","N/A","-7825","N/A","9250","N/A","53.35","N/A","17","N/A","63","N/A","9.5","N/A"
"20","910","2","N/A","18","N/A","0.1","N/A","-7845","N/A","9250","N/A","53.35","N/A","17","N/A","63","N/A","9.5","N/A"
"20","911","2","N/A","18","N/A","0.1","N/A","-7615","N/A","9500","N/A","53.35","N/A","17","N/A","63","N/A","9.5","N/A"
"20","912","2","N/A","18","N/A","0.1","N/A","-7635","N/A","9500","N/A","53.35","N/A","17","N/A","63","N/A","9.5","N/A"
"20","913","2","N/A","18","N/A","0.1","N/A","-7655","N/A","9500","N/A","53.35","N/A","17","N/A","63","N/A","9.5","N/A"
"20","914","2","N/A","18","N/A","0.1","N/A","-7675","N/A","9500","N/A","53.35","N/A","17","N/A","63","N/A","9.5","N/A"
"20","915","2","N/A","18","N/A","0.1","N/A","-7695","N/A","9500","N/A","53.35","N/A","17","N/A","63","N/A","9.5","N/A"
"20","916","2","N/A","18","N/A","0.1","N/A","-7715","N/A","9500","N/A","53.35","N/A","17","N/A","63","N/A","9.5","N/A"
"20","917","2","N/A","18","N/A","0.1","N/A","-7735","N/A","9500","N/A","53.35","N/A","17","N/A","63","N/A","9.5","N/A"
"20","918","2","N/A","18","N/A","0.1","N/A","-7755","N/A","9500","N/A","53.35","N/A","17","N/A","63","N/A","9.5","N/A"
"20","919","2","N/A","18","N/A","0.1","N/A","-7775","N/A","9500","N/A","53.35","N/A","17","N/A","63","N/A","9.5","N/A"
"20","920","2","N/A","18","N/A","0.1","N/A","-7795","N/A","9500","N/A","53.35","N/A","17","N/A","63","N/A","9.5","N/A"
"20","921","2","N/A","18","N/A","0.1","N/A","-7815","N/A","9500","N/A","53.35","N/A","17","N/A","63","N/A","9.5","N/A"
"20","922","2","N/A","18","N/A","0.1","N/A","-7835","N/A","9500","N/A","53.35","N/A","17","N/A","63","N/A","9.5","N/A"
"20","923","2","N/A","18","N/A","0.1","N/A","-7855","N/A","9500","N/A","53.35","N/A","17","N/A","63","N/A","9.5","N/A"
"20","924","2","N/A","18","N/A","0.1","N/A","-7875","N/A","9500","N/A","53.35","N/A","17","N/A","63","N/A","9.5","N/A"
"20","925","2","N/A","18","N/A","0.1","N/A","-7895","N/A","9500","N/A","53.35","N/A","17","N/A","63","N/A","9.5","N/A"
"20","926","2","N/A","18","N/A","0.1","N/A","-7915","N/A","9500","N/A","53.35","N/A","17","N/A","63","N/A","9.5","N/A"
"20","927","2","N/A","18","N/A","0.1","N/A","-7935","N/A","9500","N/A","53.35","N/A","17","N/A","63","N/A","9.5","N/A"
"20","928","2","N/A","18","N/A","0.1","N/A","-7955","N/A","9500","N/A","53.35","N/A","17","N/A","63","N/A","9.5","N/A"
"20","929","2","N/A","18","N/A","0.1","N/A","-7975","N/A","9500","N/A","53.35","N/A","17","N/A","63","N/A","9.5","N/A"
"20","930","2","N/A","18","N/A","0.1","N/A","-7995","N/A","9500","N/A","53.35","N/A","17","N/A","63","N/A","9.5","N/A"
"20","931","2","N/A","18","N/A","0.1","N/A","-8015","N/A","9500","N/A","53.35","N/A","17","N/A","63","N/A","9.5","N/A"
"20","932","2","N/A","18","N/A","0.1","N/A","-8035","N/A","9500","N/A","53.35","N/A","17","N/A","63","N/A","9.5","N/A"
"20","933","2","N/A","18","N/A","0.1","N/A","-8055","N/A","9500","N/A","53.35","N/A","17","N/A","63","N/A","9.5","N/A"
"20","934","2","N/A","18","N/A","0.1","N/A","-8075","N/A","9500","N/A","53.35","N/A","17","N/A","63","N/A","9.5","N/A"
"20","935","2","N/A","18","N/A","0.1","N/A","-8095","N/A","9500","N/A","53.35","N/A","17","N/A","63","N/A","9.5","N/A"
"20","936","2","N/A","18","N/A","0.1","N/A","-7865","N/A","9750","N/A","53.35","N/A","17","N/A","63","N/A","9.5","N/A"
"20","937","2","N/A","18","N/A","0.1","N/A","-7885","N/A","9750","N/A","53.35","N/A","17","N/A","63","N/A","9.5","N/A"
"20","938","2","N/A","18","N/A","0.1","N/A","-7905","N/A","9750","N/A","53.35","N/A","17","N/A","63","N/A","9.5","N/A"
"20","939","2","N/A","18","N/A","0.1","N/A","-7925","N/A","9750","N/A","53.35","N/A","17","N/A","63","N/A","9.5","N/A"
"20","940","2","N/A","18","N/A","0.1","N/A","-7945","N/A","9750","N/A","53.35","N/A","17","N/A","63","N/A","9.5","N/A"
"20","941","2","N/A","18","N/A","0.1","N/A","-7965","N/A","9750","N/A","53.35","N/A","17","N/A","63","N/A","9.5","N/A"
"20","942","2","N/A","18","N/A","0.1","N/A","-7985","N/A","9750","N/A","53.35","N/A","17","N/A","63","N/A","9.5","N/A"
"20","943","2","N/A","18","N/A","0.1","N/A","-8005","N/A","9750","N/A","53.35","N/A","17","N/A","63","N/A","9.5","N/A"
"20","944","2","N/A","18","N/A","0.1","N/A","-8025","N/A","9750","N/A","53.35","N/A","17","N/A","63","N/A","9.5","N/A"
"20","945","2","N/A","18","N/A","0.1","N/A","-8045","N/A","9750","N/A","53.35","N/A","17","N/A","63","N/A","9.5","N/A"
"20","946","2","N/A","18","N/A","0.1","N/A","-8065","N/A","9750","N/A","53.35","N/A","17","N/A","63","N/A","9.5","N/A"
"20","947","2","N/A","18","N/A","0.1","N/A","-8085","N/A","9750","N/A","53.35","N/A","17","N/A","63","N/A","9.5","N/A"
"20","948","2","N/A","18","N/A","0.1","N/A","-8105","N/A","9750","N/A","53.35","N/A","17","N/A","63","N/A","9.5","N/A"
"20","949","2","N/A","18","N/A","0.1","N/A","-8125","N/A","9750","N/A","53.35","N/A","17","N/A","63","N/A","9.5","N/A"
"20","950","2","N/A","18","N/A","0.1","N/A","-8145","N/A","9750","N/A","53.35","N/A","17","N/A","63","N/A","9.5","N/A"
"20","951","2","N/A","18","N/A","0.1","N/A","-8165","N/A","9750","N/A","53.35","N/A","17","N/A","63","N/A","9.5","N/A"
"20","952","2","N/A","18","N/A","0.1","N/A","-8185","N/A","9750","N/A","53.35","N/A","17","N/A","63","N/A","9.5","N/A"
"20","953","2","N/A","18","N/A","0.1","N/A","-8205","N/A","9750","N/A","53.35","N/A","17","N/A","63","N/A","9.5","N/A"
"20","954","2","N/A","18","N/A","0.1","N/A","-8225","N/A","9750","N/A","53.35","N/A","17","N/A","63","N/A","9.5","N/A"
"20","955","2","N/A","18","N/A","0.1","N/A","-8245","N/A","9750","N/A","53.35","N/A","17","N/A","63","N/A","9.5","N/A"
"20","956","2","N/A","18","N/A","0.1","N/A","-8265","N/A","9750","N/A","53.35","N/A","17","N/A","63","N/A","9.5","N/A"
"20","957","2","N/A","18","N/A","0.1","N/A","-8285","N/A","9750","N/A","53.35","N/A","17","N/A","63","N/A","9.5","N/A"
"20","958","2","N/A","18","N/A","0.1","N/A","-8305","N/A","9750","N/A","53.35","N/A","17","N/A","63","N/A","9.5","N/A"
"20","959","2","N/A","18","N/A","0.1","N/A","-8325","N/A","9750","N/A","53.35","N/A","17","N/A","63","N/A","9.5","N/A"
"20","960","2","N/A","18","N/A","0.1","N/A","-8345","N/A","9750","N/A","53.35","N/A","17","N/A","63","N/A","9.5","N/A"
"20","961","2","N/A","18","N/A","0.1","N/A","-8115","N/A","10000","N/A","53.35","N/A","17","N/A","63","N/A","9.5","N/A"
"20","962","2","N/A","18","N/A","0.1","N/A","-8135","N/A","10000","N/A","53.35","N/A","17","N/A","63","N/A","9.5","N/A"
"20","963","2","N/A","18","N/A","0.1","N/A","-8155","N/A","10000","N/A","53.35","N/A","17","N/A","63","N/A","9.5","N/A"
"20","964","2","N/A","18","N/A","0.1","N/A","-8175","N/A","10000","N/A","53.35","N/A","17","N/A","63","N/A","9.5","N/A"
"20","965","2","N/A","18","N/A","0.1","N/A","-8195","N/A","10000","N/A","53.35","N/A","17","N/A","63","N/A","9.5","N/A"
"20","966","2","N/A","18","N/A","0.1","N/A","-8215","N/A","10000","N/A","53.35","N/A","17","N/A","63","N/A","9.5","N/A"
"20","967","2","N/A","18","N/A","0.1","N/A","-8235","N/A","10000","N/A","53.35","N/A","17","N/A","63","N/A","9.5","N/A"
"20","968","2","N/A","18","N/A","0.1","N/A","-8255","N/A","10000","N/A","53.35","N/A","17","N/A","63","N/A","9.5","N/A"
"20","969","2","N/A","18","N/A","0.1","N/A","-8275","N/A","10000","N/A","53.35","N/A","17","N/A","63","N/A","9.5","N/A"
"20","970","2","N/A","18","N/A","0.1","N/A","-8295","N/A","10000","N/A","53.35","N/A","17","N/A","63","N/A","9.5","N/A"
"20","971","2","N/A","18","N/A","0.1","N/A","-8315","N/A","10000","N/A","53.35","N/A","17","N/A","63","N/A","9.5","N/A"
"20","972","2","N/A","18","N/A","0.1","N/A","-8335","N/A","10000","N/A","53.35","N/A","17","N/A","63","N/A","9.5","N/A"
"20","973","2","N/A","18","N/A","0.1","N/A","-8355","N/A","10000","N/A","53.35","N/A","17","N/A","63","N/A","9.5","N/A"
"20","974","2","N/A","18","N/A","0.1","N/A","-8375","N/A","10000","N/A","53.35","N/A","17","N/A","63","N/A","9.5","N/A"
"20","975","2","N/A","18","N/A","0.1","N/A","-8395","N/A","10000","N/A","53.35","N/A","17","N/A","63","N/A","9.5","N/A"
"20","976","2","N/A","18","N/A","0.1","N/A","-8415","N/A","10000","N/A","53.35","N/A","17","N/A","63","N/A","9.5","N/A"
"20","977","2","N/A","18","N/A","0.1","N/A","-8435","N/A","10000","N/A","53.35","N/A","17","N/A","63","N/A","9.5","N/A"
"20","978","2","N/A","18","N/A","0.1","N/A","-8455","N/A","10000","N/A","53.35","N/A","17","N/A","63","N/A","9.5","N/A"
"20","979","2","N/A","18","N/A","0.1","N/A","-8475","N/A","10000","N/A","53.35","N/A","17","N/A","63","N/A","9.5","N/A"
"20","980","2","N/A","18","N/A","0.1","N/A","-8495","N/A","10000","N/A","53.35","N/A","17","N/A","63","N/A","9.5","N/A"
"20","981","2","N/A","18","N/A","0.1","N/A","-8515","N/A","10000","N/A","53.35","N/A","17","N/A","63","N/A","9.5","N/A"
"20","982","2","N/A","18","N/A","0.1","N/A","-8535","N/A","10000","N/A","53.35","N/A","17","N/A","63","N/A","9.5","N/A"
"20","983","2","N/A","18","N/A","0.1","N/A","-8555","N/A","10000","N/A","53.35","N/A","17","N/A","63","N/A","9.5","N/A"
"20","984","2","N/A","18","N/A","0.1","N/A","-8575","N/A","10000","N/A","53.35","N/A","17","N/A","63","N/A","9.5","N/A"
"20","985","2","N/A","18","N/A","0.1","N/A","-8595","N/A","10000","N/A","53.35","N/A","17","N/A","63","N/A","9.5","N/A"
"20","986","2","N/A","18","N/A","0.1","N/A","-8365","N/A","10250","N/A","53.35","N/A","17","N/A","63","N/A","9.5","N/A"
"20","987","2","N/A","18","N/A","0.1","N/A","-8385","N/A","10250","N/A","53.35","N/A","17","N/A","63","N/A","9.5","N/A"
"20","988","2","N/A","18","N/A","0.1","N/A","-8405","N/A","10250","N/A","53.35","N/A","20","N/A","63","N/A","10","N/A"
"20","989","2","N/A","18","N/A","0.1","N/A","-8425","N/A","10250","N/A","53.35","N/A","20","N/A","63","N/A","10","N/A"
"20","990","2","N/A","18","N/A","0.1","N/A","-8445","N/A","10250","N/A","53.35","N/A","20","N/A","63","N/A","10","N/A"
"20","991","2","N/A","18","N/A","0.1","N/A","-8465","N/A","10250","N/A","53.35","N/A","20","N/A","63","N/A","10","N/A"
"20","992","2","N/A","18","N/A","0.1","N/A","-8485","N/A","10250","N/A","53.35","N/A","20","N/A","63","N/A","10","N/A"
"20","993","2","N/A","18","N/A","0.1","N/A","-8505","N/A","10250","N/A","53.35","N/A","20","N/A","63","N/A","10","N/A"
"20","994","2","N/A","18","N/A","0.1","N/A","-8525","N/A","10250","N/A","53.35","N/A","20","N/A","63","N/A","10","N/A"
"20","995","2","N/A","18","N/A","0.1","N/A","-8545","N/A","10250","N/A","53.35","N/A","20","N/A","63","N/A","10","N/A"
"20","996","2","N/A","18","N/A","0.1","N/A","-8565","N/A","10250","N/A","53.35","N/A","20","N/A","63","N/A","10","N/A"
"20","997","2","N/A","18","N/A","0.1","N/A","-8585","N/A","10250","N/A","53.35","N/A","20","N/A","63","N/A","10","N/A"
"20","998","2","N/A","18","N/A","0.1","N/A","-8605","N/A","10250","N/A","53.35","N/A","20","N/A","63","N/A","10","N/A"
"20","999","2","N/A","18","N/A","0.1","N/A","-8625","N/A","10250","N/A","53.35","N/A","20","N/A","63","N/A","10","N/A"
"20","1000","2","N/A","18","N/A","0.1","N/A","-8645","N/A","10250","N/A","53.35","N/A","20","N/A","63","N/A","10","N/A"
"30","0","20","N/A","0","N/A","1","N/A","1000","N/A","0","N/A","595.1","N/A","18","N/A","0","N/A","3.65","N/A"
"30","1","20","N/A","0","N/A","1","N/A","991.375","N/A","0","N/A","478.85","N/A","18","N/A","0","N/A","3.65","N/A"
"30","2","20","N/A","0","N/A","1","N/A","975.25","N/A","0","N/A","380.1","N/A","18","N/A","0","N/A","3.65","N/A"
"30","3","20","N/A","0","N/A","1","N/A","964","N/A","0","N/A","288.85","N/A","18","N/A","0","N/A","3.7","N/A"
"30","4","20","N/A","0","N/A","1","N/A","946","N/A","0","N/A","226.35","N/A","18","N/A","0","N/A","3.7","N/A"
"30","5","20","N/A","0","N/A","1","N/A","924.25","N/A","0","N/A","176.35","N/A","18","N/A","0","N/A","3.7","N/A"
"30","6","20","N/A","0","N/A","1","N/A","902.5","N/A","0","N/A","137.6","N/A","18","N/A","0","N/A","3.7","N/A"
"30","7","20","N/A","0","N/A","1","N/A","880.75","N/A","0","N/A","100.1","N/A","18","N/A","0","N/A","3.7","N/A"
"30","8","20","N/A","0","N/A","1","N/A","858.625","N/A","0","N/A","68.85","N/A","18","N/A","0","N/A","3.7","N/A"
"30","9","20","N/A","0","N/A","1","N/A","833.125","N/A","0","N/A","48.85","N/A","18","N/A","0","N/A","3.7","N/A"
"30","10","20","N/A","0","N/A","1","N/A","806.125","N/A","0","N/A","38.85","N/A","18","N/A","0","N/A","3.7","N/A"
"30","11","20","N/A","0","N/A","1","N/A","776.125","N/A","0","N/A","38.85","N/A","18","N/A","0","N/A","3.75","N/A"
"30","12","20","N/A","0","N/A","1","N/A","746.125","N/A","0","N/A","38.85","N/A","18","N/A","0","N/A","3.75","N/A"
"30","13","20","N/A","0","N/A","1","N/A","716.125","N/A","0","N/A","38.85","N/A","18","N/A","0","N/A","3.75","N/A"
"30","14","20","N/A","0","N/A","1","N/A","686.125","N/A","0","N/A","38.85","N/A","18","N/A","0","N/A","3.8","N/A"
"30","15","20","N/A","0","N/A","1","N/A","656.125","N/A","0","N/A","38.85","N/A","18","N/A","0","N/A","3.8","N/A"
"30","16","20","N/A","0","N/A","1","N/A","626.125","N/A","0","N/A","38.85","N/A","18","N/A","0","N/A","3.8","N/A"
"30","17","20","N/A","0","N/A","1","N/A","596.125","N/A","0","N/A","38.85","N/A","18","N/A","0","N/A","3.8","N/A"
"30","18","20","N/A","0","N/A","1","N/A","566.125","N/A","0","N/A","38.85","N/A","18","N/A","0","N/A","3.85","N/A"
"30","19","20","N/A","0","N/A","1","N/A","536.125","N/A","0","N/A","38.85","N/A","18","N/A","0","N/A","3.85","N/A"
"30","20","20","N/A","0","N/A","1","N/A","506.125","N/A","0","N/A","38.85","N/A","18","N/A","0","N/A","3.85","N/A"
"30","21","20","N/A","0","N/A","1","N/A","476.125","N/A","0","N/A","38.85","N/A","18","N/A","0","N/A","3.85","N/A"
"30","22","20","N/A","0","N/A","1","N/A","446.125","N/A","0","N/A","38.85","N/A","18","N/A","0","N/A","3.85","N/A"
"30","23","20","N/A","0","N/A","1","N/A","416.125","N/A","0","N/A","38.85","N/A","18","N/A","0","N/A","3.85","N/A"
"30","24","20","N/A","0","N/A","1","N/A","386.125","N/A","0","N/A","38.85","N/A","18","N/A","0","N/A","3.85","N/A"
"30","25","20","N/A","0","N/A","1","N/A","356.125","N/A","0","N/A","38.85","N/A","18","N/A","0","N/A","3.9","N/A"
"30","26","20","N/A","0","N/A","1","N/A","326.125","N/A","0","N/A","38.85","N/A","20","N/A","0","N/A","3.95","N/A"
"30","27","20","N/A","0","N/A","1","N/A","296.125","N/A","0","N/A","38.85","N/A","20","N/A","0","N/A","3.95","N/A"
"30","28","20","N/A","0","N/A","1","N/A","266.125","N/A","0","N/A","38.85","N/A","20","N/A","0","N/A","4","N/A"
"30","29","20","N/A","0","N/A","1","N/A","236.125","N/A","0","N/A","38.85","N/A","22","N/A","0","N/A","4.1","N/A"
"30","30","20","N/A","0","N/A","1","N/A","206.125","N/A","0","N/A","38.85","N/A","22","N/A","0","N/A","4.1","N/A"
"30","31","20","N/A","0","N/A","1","N/A","176.125","N/A","0","N/A","38.85","N/A","22","N/A","0","N/A","4.1","N/A"
"30","32","20","N/A","0","N/A","1","N/A","146.125","N/A","0","N/A","38.85","N/A","22","N/A","0","N/A","4.1","N/A"
"30","33","20","N/A","0","N/A","1","N/A","116.125","N/A","0","N/A","38.85","N/A","22","N/A","0","N/A","4.15","N/A"
"30","34","20","N/A","0","N/A","1","N/A","286.125","N/A","200","N/A","38.85","N/A","22","N/A","0","N/A","4.15","N/A"
"30","35","20","N/A","0","N/A","1","N/A","281.125","N/A","225","N/A","38.85","N/A","22","N/A","0","N/A","4.15","N/A"
"30","36","20","N/A","0","N/A","1","N/A","276.125","N/A","250","N/A","38.85","N/A","22","N/A","0","N/A","4.15","N/A"
"30","37","20","N/A","0","N/A","1","N/A","246.125","N/A","250","N/A","38.85","N/A","22","N/A","0","N/A","4.2","N/A"
"30","38","20","N/A","0","N/A","1","N/A","341.125","N/A","375","N/A","38.85","N/A","22","N/A","0","N/A","4.2","N/A"
"30","39","20","N/A","0","N/A","1","N/A","361.125","N/A","425","N/A","38.85","N/A","22","N/A","0","N/A","4.2","N/A"
"30","40","20","N/A","0","N/A","1","N/A","331.125","N/A","425","N/A","38.85","N/A","22","N/A","0","N/A","4.2","N/A"
"30","41","20","N/A","0","N/A","1","N/A","301.125","N/A","425","N/A","38.85","N/A","22","N/A","0","N/A","4.2","N/A"
"30","42","20","N/A","0","N/A","1","N/A","271.125","N/A","425","N/A","38.85","N/A","22","N/A","0","N/A","4.25","N/A"
"30","43","20","N/A","0","N/A","1","N/A","266.125","N/A","450","N/A","38.85","N/A","22","N/A","0","N/A","4.25","N/A"
"30","44","20","N/A","0","N/A","1","N/A","236.125","N/A","450","N/A","38.85","N/A","22","N/A","0","N/A","4.25","N/A"
"30","45","20","N/A","0","N/A","1","N/A","206.125","N/A","450","N/A","38.85","N/A","22","N/A","0","N/A","4.25","N/A"
"30","46","20","N/A","0","N/A","1","N/A","176.125","N/A","450","N/A","38.85","N/A","22","N/A","0","N/A","4.25","N/A"
"30","47","20","N/A","0","N/A","1","N/A","146.125","N/A","450","N/A","38.85","N/A","22","N/A","0","N/A","4.25","N/A"
"30","48","20","N/A","0","N/A","1","N/A","116.125","N/A","450","N/A","38.85","N/A","22","N/A","0","N/A","4.25","N/A"
"30","49","20","N/A","0","N/A","1","N/A","86.125","N/A","450","N/A","38.85","N/A","22","N/A","0","N/A","4.25","N/A"
"30","50","20","N/A","0","N/A","1","N/A","56.125","N/A","450","N/A","38.85","N/A","22","N/A","0","N/A","4.25","N/A"
"30","51","20","N/A","0","N/A","1","N/A","176.125","N/A","600","N/A","38.85","N/A","22","N/A","0","N/A","4.25","N/A"
"30","52","20","N/A","0","N/A","1","N/A","171.125","N/A","625","N/A","38.85","N/A","22","N/A","0","N/A","4.25","N/A"
"30","53","20","N/A","0","N/A","1","N/A","166.125","N/A","650","N/A","38.85","N/A","22","N/A","0","N/A","4.3","N/A"
"30","54","20","N/A","0","N/A","1","N/A","211.125","N/A","725","N/A","38.85","N/A","22","N/A","0","N/A","4.3","N/A"
"30","55","20","N/A","0","N/A","1","N/A","281.125","N/A","825","N/A","38.85","N/A","22","N/A","0","N/A","4.3","N/A"
"30","56","20","N/A","0","N/A","1","N/A","276.125","N/A","850","N/A","38.85","N/A","22","N/A","0","N/A","4.3","N/A"
"30","57","20","N/A","0","N/A","1","N/A","246.125","N/A","850","N/A","38.85","N/A","22","N/A","0","N/A","4.3","N/A"
"30","58","20","N/A","0","N/A","1","N/A","241.125","N/A","875","N/A","38.85","N/A","22","N/A","0","N/A","4.3","N/A"
"30","59","20","N/A","0","N/A","1","N/A","211.125","N/A","875","N/A","38.85","N/A","27","N/A","0","N/A","4.35","N/A"
"30","60","20","N/A","0","N/A","1","N/A","181.125","N/A","875","N/A","38.85","N/A","27","N/A","0","N/A","4.35","N/A"
"30","61","20","N/A","0","N/A","1","N/A","151.125","N/A","875","N/A","38.85","N/A","27","N/A","0","N/A","4.35","N/A"
"30","62","20","N/A","0","N/A","1","N/A","121.125","N/A","875","N/A","38.85","N/A","27","N/A","0","N/A","4.35","N/A"
"30","63","20","N/A","0","N/A","1","N/A","91.125","N/A","875","N/A","38.85","N/A","27","N/A","0","N/A","4.4","N/A"
"30","64","20","N/A","0","N/A","1","N/A","61.125","N/A","875","N/A","38.85","N/A","27","N/A","0","N/A","4.4","N/A"
"30","65","20","N/A","0","N/A","1","N/A","31.125","N/A","875","N/A","38.85","N/A","27","N/A","0","N/A","4.4","N/A"
"30","66","20","N/A","0","N/A","1","N/A","1.125","N/A","875","N/A","38.85","N/A","27","N/A","0","N/A","4.4","N/A"
"30","67","20","N/A","0","N/A","1","N/A","121.125","N/A","1025","N/A","38.85","N/A","27","N/A","0","N/A","4.4","N/A"
"30","68","20","N/A","0","N/A","1","N/A","141.125","N/A","1075","N/A","38.85","N/A","27","N/A","0","N/A","4.4","N/A"
"30","69","20","N/A","0","N/A","1","N/A","111.125","N/A","1075","N/A","38.85","N/A","27","N/A","0","N/A","4.4","N/A"
"30","70","20","N/A","0","N/A","1","N/A","81.125","N/A","1075","N/A","38.85","N/A","27","N/A","0","N/A","4.4","N/A"
"30","71","20","N/A","0","N/A","1","N/A","201.125","N/A","1225","N/A","38.85","N/A","30","N/A","0","N/A","4.45","N/A"
"30","72","20","N/A","0","N/A","1","N/A","246.125","N/A","1300","N/A","38.85","N/A","30","N/A","0","N/A","4.45","N/A"
"30","73","20","N/A","0","N/A","1","N/A","216.125","N/A","1300","N/A","38.85","N/A","30","N/A","0","N/A","4.45","N/A"
"30","74","20","N/A","0","N/A","1","N/A","186.125","N/A","1300","N/A","38.85","N/A","30","N/A","0","N/A","4.5","N/A"
"30","75","20","N/A","0","N/A","1","N/A","156.125","N/A","1300","N/A","38.85","N/A","33","N/A","0","N/A","4.55","N/A"
"30","76","20","N/A","0","N/A","1","N/A","126.125","N/A","1300","N/A","38.85","N/A","33","N/A","0","N/A","4.55","N/A"
"30","77","20","N/A","0","N/A","1","N/A","96.125","N/A","1300","N/A","38.85","N/A","33","N/A","0","N/A","4.55","N/A"
"30","78","20","N/A","0","N/A","1","N/A","66.125","N/A","1300","N/A","38.85","N/A","33","N/A","0","N/A","4.55","N/A"
"30","79","20","N/A","0","N/A","1","N/A","36.125","N/A","1300","N/A","38.85","N/A","33","N/A","0","N/A","4.55","N/A"
"30","80","20","N/A","0","N/A","1","N/A","6.125","N/A","1300","N/A","38.85","N/A","33","N/A","0","N/A","4.6","N/A"
"30","81","20","N/A","0","N/A","1","N/A","1.125","N/A","1325","N/A","38.85","N/A","35","N/A","0","N/A","4.65","N/A"
"30","82","20","N/A","0","N/A","1","N/A","-3.875","N/A","1350","N/A","38.85","N/A","38","N/A","0","N/A","4.7","N/A"
"30","83","20","N/A","0","N/A","1","N/A","-33.875","N/A","1350","N/A","38.85","N/A","38","N/A","0","N/A","4.7","N/A"
"30","84","20","N/A","0","N/A","1","N/A","86.125","N/A","1500","N/A","38.85","N/A","38","N/A","0","N/A","4.7","N/A"
"30","85","20","N/A","0","N/A","1","N/A","106.125","N/A","1550","N/A","38.85","N/A","38","N/A","0","N/A","4.7","N/A"
"30","86","20","N/A","0","N/A","1","N/A","126.125","N/A","1600","N/A","38.85","N/A","38","N/A","0","N/A","4.7","N/A"
"30","87","20","N/A","0","N/A","1","N/A","171.125","N/A","1675","N/A","38.85","N/A","38","N/A","0","N/A","4.7","N/A"
"30","88","20","N/A","0","N/A","1","N/A","166.125","N/A","1700","N/A","38.85","N/A","38","N/A","0","N/A","4.7","N/A"
"30","89","20","N/A","0","N/A","1","N/A","186.125","N/A","1750","N/A","38.85","N/A","38","N/A","0","N/A","4.75","N/A"
"30","90","20","N/A","0","N/A","1","N/A","156.125","N/A","1750","N/A","38.85","N/A","38","N/A","0","N/A","4.75","N/A"
"30","91","20","N/A","0","N/A","1","N/A","151.125","N/A","1775","N/A","38.85","N/A","39","N/A","0","N/A","4.85","N/A"
"30","92","20","N/A","0","N/A","1","N/A","121.125","N/A","1775","N/A","38.85","N/A","39","N/A","0","N/A","4.85","N/A"
"30","93","20","N/A","0","N/A","1","N/A","91.125","N/A","1775","N/A","38.85","N/A","39","N/A","0","N/A","4.85","N/A"
"30","94","20","N/A","0","N/A","1","N/A","86.125","N/A","1800","N/A","38.85","N/A","39","N/A","0","N/A","4.85","N/A"
"30","95","20","N/A","0","N/A","1","N/A","56.125","N/A","1800","N/A","38.85","N/A","40","N/A","0","N/A","4.9","N/A"
"30","96","20","N/A","0","N/A","1","N/A","51.125","N/A","1825","N/A","38.85","N/A","40","N/A","0","N/A","4.9","N/A"
"30","97","20","N/A","0","N/A","1","N/A","21.125","N/A","1825","N/A","38.85","N/A","40","N/A","0","N/A","4.9","N/A"
"30","98","20","N/A","0","N/A","1","N/A","-8.875","N/A","1825","N/A","38.85","N/A","40","N/A","0","N/A","4.9","N/A"
"30","99","20","N/A","0","N/A","1","N/A","-38.875","N/A","1825","N/A","38.85","N/A","40","N/A","0","N/A","4.9","N/A"
"30","100","20","N/A","0","N/A","1","N/A","-68.875","N/A","1825","N/A","38.85","N/A","40","N/A","0","N/A","4.9","N/A"
"30","101","20","N/A","0","N/A","1","N/A","101.125","N/A","2025","N/A","38.85","N/A","40","N/A","0","N/A","4.9","N/A"
"30","102","20","N/A","0","N/A","1","N/A","96.125","N/A","2050","N/A","38.85","N/A","40","N/A","0","N/A","4.9","N/A"
"30","103","20","N/A","0","N/A","1","N/A","66.125","N/A","2050","N/A","38.85","N/A","40","N/A","0","N/A","4.9","N/A"
"30","104","20","N/A","0","N/A","1","N/A","111.125","N/A","2125","N/A","38.85","N/A","43","N/A","0","N/A","4.95","N/A"
"30","105","20","N/A","0","N/A","1","N/A","156.125","N/A","2200","N/A","38.85","N/A","43","N/A","0","N/A","4.95","N/A"
"30","106","20","N/A","0","N/A","1","N/A","176.125","N/A","2250","N/A","38.85","N/A","43","N/A","0","N/A","4.95","N/A"
"30","107","20","N/A","0","N/A","1","N/A","146.125","N/A","2250","N/A","38.85","N/A","43","N/A","0","N/A","4.95","N/A"
"30","108","20","N/A","0","N/A","1","N/A","116.125","N/A","2250","N/A","38.85","N/A","43","N/A","0","N/A","4.95","N/A"
"30","109","20","N/A","0","N/A","1","N/A","86.125","N/A","2250","N/A","38.85","N/A","43","N/A","0","N/A","4.95","N/A"
"30","110","20","N/A","0","N/A","1","N/A","56.125","N/A","2250","N/A","38.85","N/A","43","N/A","0","N/A","4.95","N/A"
"30","111","20","N/A","0","N/A","1","N/A","51.125","N/A","2275","N/A","38.85","N/A","43","N/A","0","N/A","4.95","N/A"
"30","112","20","N/A","0","N/A","1","N/A","46.125","N/A","2300","N/A","38.85","N/A","43","N/A","0","N/A","4.95","N/A"
"30","113","20","N/A","0","N/A","1","N/A","16.125","N/A","2300","N/A","38.85","N/A","43","N/A","0","N/A","4.95","N/A"
"30","114","20","N/A","0","N/A","1","N/A","-13.875","N/A","2300","N/A","38.85","N/A","43","N/A","0","N/A","4.95","N/A"
"30","115","20","N/A","0","N/A","1","N/A","-43.875","N/A","2300","N/A","38.85","N/A","43","N/A","0","N/A","4.95","N/A"
"30","116","20","N/A","0","N/A","1","N/A","-73.875","N/A","2300","N/A","38.85","N/A","43","N/A","0","N/A","5","N/A"
"30","117","16","N/A","4","N/A","0.8","N/A","60.15625","N/A","2437.5","N/A","38.85","N/A","42","N/A","1","N/A","5.375","N/A"
"30","118","16","N/A","4","N/A","0.8","N/A","30.15625","N/A","2437.5","N/A","38.85","N/A","42","N/A","1","N/A","5.375","N/A"
"30","119","16","N/A","4","N/A","0.8","N/A","0.15625","N/A","2437.5","N/A","38.85","N/A","42","N/A","1","N/A","5.375","N/A"
"30","120","15","N/A","5","N/A","0.75","N/A","35.5","N/A","2500","N/A","38.85","N/A","39","N/A","4","N/A","5.466666666666667","N/A"
"30","121","15","N/A","5","N/A","0.75","N/A","105.5","N/A","2600","N/A","38.85","N/A","39","N/A","4","N/A","5.466666666666667","N/A"
"30","122","15","N/A","5","N/A","0.75","N/A","108.83333333333333","N/A","2633.3333333333335","N/A","38.85","N/A","39","N/A","4","N/A","5.466666666666667","N/A"
"30","123","15","N/A","5","N/A","0.75","N/A","78.83333333333333","N/A","2633.3333333333335","N/A","38.85","N/A","39","N/A","4","N/A","5.466666666666667","N/A"
"30","124","15","N/A","5","N/A","0.75","N/A","48.833333333333336","N/A","2633.3333333333335","N/A","38.85","N/A","40","N/A","4","N/A","5.533333333333333","N/A"
"30","125","15","N/A","5","N/A","0.75","N/A","18.833333333333332","N/A","2633.3333333333335","N/A","38.85","N/A","40","N/A","4","N/A","5.533333333333333","N/A"
"30","126","15","N/A","5","N/A","0.75","N/A","-11.166666666666666","N/A","2633.3333333333335","N/A","38.85","N/A","40","N/A","4","N/A","5.533333333333333","N/A"
"30","127","15","N/A","5","N/A","0.75","N/A","-41.166666666666664","N/A","2633.3333333333335","N/A","38.85","N/A","40","N/A","4","N/A","5.533333333333333","N/A"
"30","128","14","N/A","6","N/A","0.7","N/A","-20.535714285714285","N/A","2678.5714285714284","N/A","38.85","N/A","37","N/A","7","N/A","5.5","N/A"
"30","129","14","N/A","6","N/A","0.7","N/A","-50.535714285714285","N/A","2678.5714285714284","N/A","38.85","N/A","37","N/A","7","N/A","5.5","N/A"
"30","130","14","N/A","6","N/A","0.7","N/A","-80.53571428571429","N/A","2678.5714285714284","N/A","38.85","N/A","37","N/A","7","N/A","5.5","N/A"
"30","131","14","N/A","6","N/A","0.7","N/A","-110.53571428571429","N/A","2678.5714285714284","N/A","38.85","N/A","37","N/A","7","N/A","5.5","N/A"
"30","132","14","N/A","6","N/A","0.7","N/A","-140.53571428571428","N/A","2678.5714285714284","N/A","38.85","N/A","37","N/A","7","N/A","5.5","N/A"
"30","133","14","N/A","6","N/A","0.7","N/A","-170.53571428571428","N/A","2678.5714285714284","N/A","38.85","N/A","37","N/A","7","N/A","5.5","N/A"
"30","134","14","N/A","6","N/A","0.7","N/A","13.75","N/A","2892.8571428571427","N/A","38.85","N/A","37","N/A","7","N/A","5.5","N/A"
"30","135","14","N/A","6","N/A","0.7","N/A","-16.25","N/A","2892.8571428571427","N/A","38.85","N/A","37","N/A","7","N/A","5.5","N/A"
"30","136","14","N/A","6","N/A","0.7","N/A","-46.25","N/A","2892.8571428571427","N/A","38.85","N/A","37","N/A","7","N/A","5.5","N/A"
"30","137","13","N/A","7","N/A","0.65","N/A","-42.11538461538461","N/A","2923.076923076923","N/A","38.85","N/A","33","N/A","11","N/A","5.384615384615385","N/A"
"30","138","13","N/A","7","N/A","0.65","N/A","43.26923076923077","N/A","3038.4615384615386","N/A","38.85","N/A","33","N/A","11","N/A","5.384615384615385","N/A"
"30","139","13","N/A","7","N/A","0.65","N/A","51.73076923076923","N/A","3076.923076923077","N/A","38.85","N/A","33","N/A","11","N/A","5.384615384615385","N/A"
"30","140","13","N/A","7","N/A","0.65","N/A","21.73076923076923","N/A","3076.923076923077","N/A","38.85","N/A","33","N/A","11","N/A","5.384615384615385","N/A"
"30","141","13","N/A","7","N/A","0.65","N/A","-8.26923076923077","N/A","3076.923076923077","N/A","38.85","N/A","33","N/A","11","N/A","5.384615384615385","N/A"
"30","142","13","N/A","7","N/A","0.65","N/A","-38.26923076923077","N/A","3076.923076923077","N/A","38.85","N/A","33","N/A","11","N/A","5.384615384615385","N/A"
"30","143","13","N/A","7","N/A","0.65","N/A","-68.26923076923077","N/A","3076.923076923077","N/A","38.85","N/A","33","N/A","11","N/A","5.384615384615385","N/A"
"30","144","13","N/A","7","N/A","0.65","N/A","-98.26923076923077","N/A","3076.923076923077","N/A","38.85","N/A","33","N/A","11","N/A","5.384615384615385","N/A"
"30","145","13","N/A","7","N/A","0.65","N/A","-128.26923076923077","N/A","3076.923076923077","N/A","38.85","N/A","33","N/A","11","N/A","5.384615384615385","N/A"
"30","146","13","N/A","7","N/A","0.65","N/A","-119.8076923076923","N/A","3115.3846153846152","N/A","38.85","N/A","33","N/A","11","N/A","5.384615384615385","N/A"
"30","147","13","N/A","7","N/A","0.65","N/A","-149.80769230769232","N/A","3115.3846153846152","N/A","38.85","N/A","33","N/A","11","N/A","5.384615384615385","N/A"
"30","148","13","N/A","7","N/A","0.65","N/A","-179.80769230769232","N/A","3115.3846153846152","N/A","38.85","N/A","33","N/A","11","N/A","5.461538461538462","N/A"
"30","149","13","N/A","7","N/A","0.65","N/A","-171.34615384615384","N/A","3153.846153846154","N/A","38.85","N/A","33","N/A","11","N/A","5.461538461538462","N/A"
"30","150","13","N/A","7","N/A","0.65","N/A","-201.34615384615384","N/A","3153.846153846154","N/A","38.85","N/A","33","N/A","11","N/A","5.461538461538462","N/A"
"30","151","13","N/A","7","N/A","0.65","N/A","-0.5769230769230769","N/A","3384.6153846153848","N/A","38.85","N/A","33","N/A","11","N/A","5.461538461538462","N/A"
"30","152","13","N/A","7","N/A","0.65","N/A","-30.576923076923077","N/A","3384.6153846153848","N/A","38.85","N/A","33","N/A","11","N/A","5.461538461538462","N/A"
"30","153","13","N/A","7","N/A","0.65","N/A","-60.57692307692308","N/A","3384.6153846153848","N/A","38.85","N/A","33","N/A","11","N/A","5.538461538461538","N/A"
"30","154","13","N/A","7","N/A","0.65","N/A","-52.11538461538461","N/A","3423.076923076923","N/A","38.85","N/A","33","N/A","11","N/A","5.538461538461538","N/A"
"30","155","11","N/A","9","N/A","0.55","N/A","-46.13636363636363","N/A","3454.5454545454545","N/A","38.85","N/A","29","N/A","20","N/A","5.454545454545454","N/A"
"30","156","11","N/A","9","N/A","0.55","N/A","-30.681818181818183","N/A","3500","N/A","38.85","N/A","29","N/A","20","N/A","5.454545454545454","N/A"
"30","157","11","N/A","9","N/A","0.55","N/A","-60.68181818181818","N/A","3500","N/A","38.85","N/A","29","N/A","20","N/A","5.454545454545454","N/A"
"30","158","11","N/A","9","N/A","0.55","N/A","-90.68181818181819","N/A","3500","N/A","38.85","N/A","29","N/A","20","N/A","5.454545454545454","N/A"
"30","159","11","N/A","9","N/A","0.55","N/A","-120.68181818181819","N/A","3500","N/A","38.85","N/A","29","N/A","20","N/A","5.454545454545454","N/A"
"30","160","10","N/A","10","N/A","0.5","N/A","-164","N/A","3600","N/A","38.85","N/A","19","N/A","30","N/A","5.1","N/A"
"30","161","10","N/A","10","N/A","0.5","N/A","-194","N/A","3600","N/A","38.85","N/A","19","N/A","30","N/A","5.2","N/A"
"30","162","10","N/A","10","N/A","0.5","N/A","-224","N/A","3600","N/A","38.85","N/A","19","N/A","30","N/A","5.3","N/A"
"30","163","10","N/A","10","N/A","0.5","N/A","-254","N/A","3600","N/A","38.85","N/A","19","N/A","30","N/A","5.3","N/A"
"30","164","10","N/A","10","N/A","0.5","N/A","-284","N/A","3600","N/A","38.85","N/A","19","N/A","30","N/A","5.3","N/A"
"30","165","10","N/A","10","N/A","0.5","N/A","-314","N/A","3600","N/A","38.85","N/A","19","N/A","30","N/A","5.3","N/A"
"30","166","10","N/A","10","N/A","0.5","N/A","-344","N/A","3600","N/A","38.85","N/A","19","N/A","30","N/A","5.3","N/A"
"30","167","10","N/A","10","N/A","0.5","N/A","-74","N/A","3900","N/A","38.85","N/A","19","N/A","30","N/A","5.3","N/A"
"30","168","10","N/A","10","N/A","0.5","N/A","-104","N/A","3900","N/A","38.85","N/A","19","N/A","30","N/A","5.3","N/A"
"30","169","10","N/A","10","N/A","0.5","N/A","-134","N/A","3900","N/A","38.85","N/A","19","N/A","30","N/A","5.4","N/A"
"30","170","10","N/A","10","N/A","0.5","N/A","-114","N/A","3950","N/A","38.85","N/A","19","N/A","30","N/A","5.5","N/A"
"30","171","10","N/A","10","N/A","0.5","N/A","-94","N/A","4000","N/A","38.85","N/A","19","N/A","30","N/A","5.5","N/A"
"30","172","10","N/A","10","N/A","0.5","N/A","-74","N/A","4050","N/A","38.85","N/A","19","N/A","30","N/A","5.5","N/A"
"30","173","10","N/A","10","N/A","0.5","N/A","-104","N/A","4050","N/A","38.85","N/A","19","N/A","30","N/A","5.5","N/A"
"30","174","10","N/A","10","N/A","0.5","N/A","-134","N/A","4050","N/A","38.85","N/A","20","N/A","30","N/A","5.6","N/A"
"30","175","10","N/A","10","N/A","0.5","N/A","-164","N/A","4050","N/A","38.85","N/A","20","N/A","30","N/A","5.6","N/A"
"30","176","10","N/A","10","N/A","0.5","N/A","-194","N/A","4050","N/A","38.85","N/A","20","N/A","30","N/A","5.6","N/A"
"30","177","10","N/A","10","N/A","0.5","N/A","-224","N/A","4050","N/A","38.85","N/A","20","N/A","30","N/A","5.6","N/A"
"30","178","10","N/A","10","N/A","0.5","N/A","-254","N/A","4050","N/A","38.85","N/A","20","N/A","30","N/A","5.6","N/A"
"30","179","10","N/A","10","N/A","0.5","N/A","-284","N/A","4050","N/A","38.85","N/A","20","N/A","30","N/A","5.6","N/A"
"30","180","10","N/A","10","N/A","0.5","N/A","-314","N/A","4050","N/A","38.85","N/A","20","N/A","30","N/A","5.6","N/A"
"30","181","10","N/A","10","N/A","0.5","N/A","-344","N/A","4050","N/A","38.85","N/A","20","N/A","30","N/A","5.6","N/A"
"30","182","10","N/A","10","N/A","0.5","N/A","-374","N/A","4050","N/A","38.85","N/A","20","N/A","30","N/A","5.6","N/A"
"30","183","10","N/A","10","N/A","0.5","N/A","-404","N/A","4050","N/A","38.85","N/A","20","N/A","30","N/A","5.6","N/A"
"30","184","9","N/A","11","N/A","0.45","N/A","-202.22222222222223","N/A","4277.777777777777","N/A","38.85","N/A","20","N/A","30","N/A","5.666666666666667","N/A"
"30","185","9","N/A","11","N/A","0.45","N/A","-232.22222222222223","N/A","4277.777777777777","N/A","38.85","N/A","20","N/A","30","N/A","5.666666666666667","N/A"
"30","186","9","N/A","11","N/A","0.45","N/A","-262.22222222222223","N/A","4277.777777777777","N/A","38.85","N/A","20","N/A","30","N/A","5.666666666666667","N/A"
"30","187","9","N/A","11","N/A","0.45","N/A","-236.66666666666666","N/A","4333.333333333333","N/A","38.85","N/A","20","N/A","30","N/A","5.666666666666667","N/A"
"30","188","9","N/A","11","N/A","0.45","N/A","-211.11111111111111","N/A","4388.888888888889","N/A","38.85","N/A","20","N/A","30","N/A","5.666666666666667","N/A"
"30","189","9","N/A","11","N/A","0.45","N/A","-185.55555555555554","N/A","4444.444444444444","N/A","38.85","N/A","20","N/A","30","N/A","5.666666666666667","N/A"
"30","190","9","N/A","11","N/A","0.45","N/A","-215.55555555555554","N/A","4444.444444444444","N/A","38.85","N/A","20","N/A","30","N/A","5.666666666666667","N/A"
"30","191","9","N/A","11","N/A","0.45","N/A","-245.55555555555554","N/A","4444.444444444444","N/A","38.85","N/A","20","N/A","30","N/A","5.666666666666667","N/A"
"30","192","9","N/A","11","N/A","0.45","N/A","-275.55555555555554","N/A","4444.444444444444","N/A","38.85","N/A","20","N/A","30","N/A","5.666666666666667","N/A"
"30","193","9","N/A","11","N/A","0.45","N/A","-305.55555555555554","N/A","4444.444444444444","N/A","38.85","N/A","20","N/A","30","N/A","5.666666666666667","N/A"
"30","194","9","N/A","11","N/A","0.45","N/A","-335.55555555555554","N/A","4444.444444444444","N/A","38.85","N/A","20","N/A","30","N/A","5.666666666666667","N/A"
"30","195","9","N/A","11","N/A","0.45","N/A","-365.55555555555554","N/A","4444.444444444444","N/A","38.85","N/A","20","N/A","30","N/A","5.666666666666667","N/A"
"30","196","9","N/A","11","N/A","0.45","N/A","-395.55555555555554","N/A","4444.444444444444","N/A","38.85","N/A","20","N/A","30","N/A","5.666666666666667","N/A"
"30","197","9","N/A","11","N/A","0.45","N/A","-425.55555555555554","N/A","4444.444444444444","N/A","38.85","N/A","20","N/A","30","N/A","5.666666666666667","N/A"
"30","198","9","N/A","11","N/A","0.45","N/A","-455.55555555555554","N/A","4444.444444444444","N/A","38.85","N/A","20","N/A","30","N/A","5.666666666666667","N/A"
"30","199","9","N/A","11","N/A","0.45","N/A","-485.55555555555554","N/A","4444.444444444444","N/A","38.85","N/A","21","N/A","30","N/A","5.777777777777778","N/A"
"30","200","9","N/A","11","N/A","0.45","N/A","-515.5555555555555","N/A","4444.444444444444","N/A","38.85","N/A","21","N/A","30","N/A","5.777777777777778","N/A"
"30","201","9","N/A","11","N/A","0.45","N/A","-267.77777777777777","N/A","4722.222222222223","N/A","38.85","N/A","21","N/A","30","N/A","5.777777777777778","N/A"
"30","202","9","N/A","11","N/A","0.45","N/A","-297.77777777777777","N/A","4722.222222222223","N/A","38.85","N/A","21","N/A","30","N/A","5.777777777777778","N/A"
"30","203","9","N/A","11","N/A","0.45","N/A","-327.77777777777777","N/A","4722.222222222223","N/A","38.85","N/A","21","N/A","30","N/A","5.777777777777778","N/A"
"30","204","8","N/A","12","N/A","0.4","N/A","-398.75","N/A","4687.5","N/A","38.85","N/A","18","N/A","33","N/A","5.875","N/A"
"30","205","8","N/A","12","N/A","0.4","N/A","-366.25","N/A","4750","N/A","38.85","N/A","18","N/A","33","N/A","5.875","N/A"
"30","206","8","N/A","12","N/A","0.4","N/A","-333.75","N/A","4812.5","N/A","38.85","N/A","18","N/A","33","N/A","5.875","N/A"
"30","207","8","N/A","12","N/A","0.4","N/A","-363.75","N/A","4812.5","N/A","38.85","N/A","18","N/A","33","N/A","5.875","N/A"
"30","208","8","N/A","12","N/A","0.4","N/A","-393.75","N/A","4812.5","N/A","38.85","N/A","18","N/A","33","N/A","5.875","N/A"
"30","209","8","N/A","12","N/A","0.4","N/A","-423.75","N/A","4812.5","N/A","38.85","N/A","18","N/A","33","N/A","5.875","N/A"
"30","210","8","N/A","12","N/A","0.4","N/A","-453.75","N/A","4812.5","N/A","38.85","N/A","18","N/A","33","N/A","5.875","N/A"
"30","211","8","N/A","12","N/A","0.4","N/A","-483.75","N/A","4812.5","N/A","38.85","N/A","18","N/A","33","N/A","5.875","N/A"
"30","212","8","N/A","12","N/A","0.4","N/A","-513.75","N/A","4812.5","N/A","38.85","N/A","18","N/A","33","N/A","5.875","N/A"
"30","213","8","N/A","12","N/A","0.4","N/A","-543.75","N/A","4812.5","N/A","38.85","N/A","18","N/A","33","N/A","5.875","N/A"
"30","214","8","N/A","12","N/A","0.4","N/A","-573.75","N/A","4812.5","N/A","38.85","N/A","18","N/A","33","N/A","5.875","N/A"
"30","215","8","N/A","12","N/A","0.4","N/A","-603.75","N/A","4812.5","N/A","38.85","N/A","18","N/A","33","N/A","5.875","N/A"
"30","216","8","N/A","12","N/A","0.4","N/A","-633.75","N/A","4812.5","N/A","38.85","N/A","18","N/A","33","N/A","5.875","N/A"
"30","217","8","N/A","12","N/A","0.4","N/A","-351.25","N/A","5125","N/A","38.85","N/A","18","N/A","33","N/A","5.875","N/A"
"30","218","8","N/A","12","N/A","0.4","N/A","-381.25","N/A","5125","N/A","38.85","N/A","18","N/A","33","N/A","5.875","N/A"
"30","219","8","N/A","12","N/A","0.4","N/A","-411.25","N/A","5125","N/A","38.85","N/A","18","N/A","33","N/A","5.875","N/A"
"30","220","8","N/A","12","N/A","0.4","N/A","-441.25","N/A","5125","N/A","38.85","N/A","18","N/A","33","N/A","5.875","N/A"
"30","221","8","N/A","12","N/A","0.4","N/A","-408.75","N/A","5187.5","N/A","38.85","N/A","18","N/A","33","N/A","5.875","N/A"
"30","222","8","N/A","12","N/A","0.4","N/A","-376.25","N/A","5250","N/A","38.85","N/A","18","N/A","33","N/A","5.875","N/A"
"30","223","8","N/A","12","N/A","0.4","N/A","-406.25","N/A","5250","N/A","38.85","N/A","19","N/A","33","N/A","6","N/A"
"30","224","8","N/A","12","N/A","0.4","N/A","-436.25","N/A","5250","N/A","38.85","N/A","19","N/A","33","N/A","6","N/A"
"30","225","8","N/A","12","N/A","0.4","N/A","-466.25","N/A","5250","N/A","38.85","N/A","19","N/A","33","N/A","6","N/A"
"30","226","8","N/A","12","N/A","0.4","N/A","-496.25","N/A","5250","N/A","38.85","N/A","19","N/A","33","N/A","6","N/A"
"30","227","8","N/A","12","N/A","0.4","N/A","-526.25","N/A","5250","N/A","38.85","N/A","19","N/A","33","N/A","6","N/A"
"30","228","8","N/A","12","N/A","0.4","N/A","-556.25","N/A","5250","N/A","38.85","N/A","19","N/A","33","N/A","6","N/A"
"30","229","8","N/A","12","N/A","0.4","N/A","-586.25","N/A","5250","N/A","38.85","N/A","19","N/A","33","N/A","6","N/A"
"30","230","8","N/A","12","N/A","0.4","N/A","-616.25","N/A","5250","N/A","38.85","N/A","19","N/A","33","N/A","6","N/A"
"30","231","8","N/A","12","N/A","0.4","N/A","-646.25","N/A","5250","N/A","38.85","N/A","19","N/A","33","N/A","6","N/A"
"30","232","8","N/A","12","N/A","0.4","N/A","-676.25","N/A","5250","N/A","38.85","N/A","19","N/A","33","N/A","6","N/A"
"30","233","8","N/A","12","N/A","0.4","N/A","-706.25","N/A","5250","N/A","38.85","N/A","19","N/A","33","N/A","6","N/A"
"30","234","7","N/A","13","N/A","0.35","N/A","-552.8571428571429","N/A","5428.571428571428","N/A","38.85","N/A","19","N/A","33","N/A","6.142857142857143","N/A"
"30","235","7","N/A","13","N/A","0.35","N/A","-582.8571428571429","N/A","5428.571428571428","N/A","38.85","N/A","19","N/A","33","N/A","6.142857142857143","N/A"
"30","236","7","N/A","13","N/A","0.35","N/A","-612.8571428571429","N/A","5428.571428571428","N/A","38.85","N/A","19","N/A","33","N/A","6.142857142857143","N/A"
"30","237","7","N/A","13","N/A","0.35","N/A","-642.8571428571429","N/A","5428.571428571428","N/A","38.85","N/A","19","N/A","33","N/A","6.142857142857143","N/A"
"30","238","7","N/A","13","N/A","0.35","N/A","-601.4285714285714","N/A","5500","N/A","38.85","N/A","19","N/A","33","N/A","6.142857142857143","N/A"
"30","239","7","N/A","13","N/A","0.35","N/A","-560","N/A","5571.428571428572","N/A","38.85","N/A","19","N/A","33","N/A","6.142857142857143","N/A"
"30","240","7","N/A","13","N/A","0.35","N/A","-590","N/A","5571.428571428572","N/A","38.85","N/A","19","N/A","33","N/A","6.142857142857143","N/A"
"30","241","7","N/A","13","N/A","0.35","N/A","-620","N/A","5571.428571428572","N/A","38.85","N/A","19","N/A","33","N/A","6.142857142857143","N/A"
"30","242","7","N/A","13","N/A","0.35","N/A","-650","N/A","5571.428571428572","N/A","38.85","N/A","19","N/A","33","N/A","6.142857142857143","N/A"
"30","243","7","N/A","13","N/A","0.35","N/A","-680","N/A","5571.428571428572","N/A","38.85","N/A","19","N/A","33","N/A","6.142857142857143","N/A"
"30","244","7","N/A","13","N/A","0.35","N/A","-710","N/A","5571.428571428572","N/A","38.85","N/A","19","N/A","33","N/A","6.142857142857143","N/A"
"30","245","7","N/A","13","N/A","0.35","N/A","-740","N/A","5571.428571428572","N/A","38.85","N/A","19","N/A","33","N/A","6.142857142857143","N/A"
"30","246","7","N/A","13","N/A","0.35","N/A","-770","N/A","5571.428571428572","N/A","38.85","N/A","19","N/A","33","N/A","6.142857142857143","N/A"
"30","247","7","N/A","13","N/A","0.35","N/A","-800","N/A","5571.428571428572","N/A","38.85","N/A","19","N/A","33","N/A","6.142857142857143","N/A"
"30","248","7","N/A","13","N/A","0.35","N/A","-830","N/A","5571.428571428572","N/A","38.85","N/A","19","N/A","33","N/A","6.142857142857143","N/A"
"30","249","7","N/A","13","N/A","0.35","N/A","-860","N/A","5571.428571428572","N/A","38.85","N/A","19","N/A","33","N/A","6.285714285714286","N/A"
"30","250","7","N/A","13","N/A","0.35","N/A","-890","N/A","5571.428571428572","N/A","38.85","N/A","19","N/A","33","N/A","6.285714285714286","N/A"
"30","251","7","N/A","13","N/A","0.35","N/A","-634.2857142857143","N/A","5857.142857142857","N/A","38.85","N/A","19","N/A","33","N/A","6.285714285714286","N/A"
"30","252","7","N/A","13","N/A","0.35","N/A","-664.2857142857143","N/A","5857.142857142857","N/A","38.85","N/A","19","N/A","33","N/A","6.285714285714286","N/A"
"30","253","7","N/A","13","N/A","0.35","N/A","-694.2857142857143","N/A","5857.142857142857","N/A","38.85","N/A","19","N/A","33","N/A","6.285714285714286","N/A"
"30","254","7","N/A","13","N/A","0.35","N/A","-724.2857142857143","N/A","5857.142857142857","N/A","38.85","N/A","19","N/A","33","N/A","6.285714285714286","N/A"
"30","255","7","N/A","13","N/A","0.35","N/A","-682.8571428571429","N/A","5928.571428571428","N/A","38.85","N/A","19","N/A","33","N/A","6.285714285714286","N/A"
"30","256","7","N/A","13","N/A","0.35","N/A","-641.4285714285714","N/A","6000","N/A","38.85","N/A","19","N/A","33","N/A","6.285714285714286","N/A"
"30","257","7","N/A","13","N/A","0.35","N/A","-671.4285714285714","N/A","6000","N/A","38.85","N/A","19","N/A","33","N/A","6.285714285714286","N/A"
"30","258","7","N/A","13","N/A","0.35","N/A","-701.4285714285714","N/A","6000","N/A","38.85","N/A","19","N/A","33","N/A","6.428571428571429","N/A"
"30","259","7","N/A","13","N/A","0.35","N/A","-731.4285714285714","N/A","6000","N/A","38.85","N/A","19","N/A","33","N/A","6.428571428571429","N/A"
"30","260","7","N/A","13","N/A","0.35","N/A","-761.4285714285714","N/A","6000","N/A","38.85","N/A","19","N/A","33","N/A","6.428571428571429","N/A"
"30","261","7","N/A","13","N/A","0.35","N/A","-791.4285714285714","N/A","6000","N/A","38.85","N/A","19","N/A","33","N/A","6.428571428571429","N/A"
"30","262","7","N/A","13","N/A","0.35","N/A","-821.4285714285714","N/A","6000","N/A","38.85","N/A","19","N/A","33","N/A","6.428571428571429","N/A"
"30","263","7","N/A","13","N/A","0.35","N/A","-851.4285714285714","N/A","6000","N/A","38.85","N/A","19","N/A","33","N/A","6.571428571428571","N/A"
"30","264","7","N/A","13","N/A","0.35","N/A","-881.4285714285714","N/A","6000","N/A","38.85","N/A","19","N/A","33","N/A","6.571428571428571","N/A"
"30","265","7","N/A","13","N/A","0.35","N/A","-911.4285714285714","N/A","6000","N/A","38.85","N/A","19","N/A","33","N/A","6.571428571428571","N/A"
"30","266","7","N/A","13","N/A","0.35","N/A","-941.4285714285714","N/A","6000","N/A","38.85","N/A","19","N/A","33","N/A","6.571428571428571","N/A"
"30","267","7","N/A","13","N/A","0.35","N/A","-685.7142857142857","N/A","6285.714285714285","N/A","38.85","N/A","22","N/A","33","N/A","6.714285714285714","N/A"
"30","268","7","N/A","13","N/A","0.35","N/A","-715.7142857142857","N/A","6285.714285714285","N/A","38.85","N/A","22","N/A","33","N/A","6.714285714285714","N/A"
"30","269","7","N/A","13","N/A","0.35","N/A","-745.7142857142857","N/A","6285.714285714285","N/A","38.85","N/A","22","N/A","33","N/A","6.714285714285714","N/A"
"30","270","7","N/A","13","N/A","0.35","N/A","-775.7142857142857","N/A","6285.714285714285","N/A","38.85","N/A","22","N/A","33","N/A","6.714285714285714","N/A"
"30","271","7","N/A","13","N/A","0.35","N/A","-734.2857142857143","N/A","6357.142857142857","N/A","38.85","N/A","22","N/A","33","N/A","6.714285714285714","N/A"
"30","272","7","N/A","13","N/A","0.35","N/A","-692.8571428571429","N/A","6428.571428571428","N/A","38.85","N/A","22","N/A","33","N/A","6.714285714285714","N/A"
"30","273","7","N/A","13","N/A","0.35","N/A","-722.8571428571429","N/A","6428.571428571428","N/A","38.85","N/A","22","N/A","33","N/A","6.714285714285714","N/A"
"30","274","7","N/A","13","N/A","0.35","N/A","-752.8571428571429","N/A","6428.571428571428","N/A","38.85","N/A","22","N/A","33","N/A","6.714285714285714","N/A"
"30","275","7","N/A","13","N/A","0.35","N/A","-782.8571428571429","N/A","6428.571428571428","N/A","38.85","N/A","22","N/A","33","N/A","6.714285714285714","N/A"
"30","276","7","N/A","13","N/A","0.35","N/A","-812.8571428571429","N/A","6428.571428571428","N/A","38.85","N/A","22","N/A","33","N/A","6.714285714285714","N/A"
"30","277","7","N/A","13","N/A","0.35","N/A","-842.8571428571429","N/A","6428.571428571428","N/A","38.85","N/A","22","N/A","33","N/A","6.714285714285714","N/A"
"30","278","7","N/A","13","N/A","0.35","N/A","-872.8571428571429","N/A","6428.571428571428","N/A","38.85","N/A","22","N/A","33","N/A","6.714285714285714","N/A"
"30","279","7","N/A","13","N/A","0.35","N/A","-902.8571428571429","N/A","6428.571428571428","N/A","38.85","N/A","22","N/A","33","N/A","6.714285714285714","N/A"
"30","280","7","N/A","13","N/A","0.35","N/A","-932.8571428571429","N/A","6428.571428571428","N/A","38.85","N/A","22","N/A","33","N/A","6.714285714285714","N/A"
"30","281","7","N/A","13","N/A","0.35","N/A","-962.8571428571429","N/A","6428.571428571428","N/A","38.85","N/A","22","N/A","33","N/A","6.714285714285714","N/A"
"30","282","7","N/A","13","N/A","0.35","N/A","-992.8571428571429","N/A","6428.571428571428","N/A","38.85","N/A","22","N/A","33","N/A","6.714285714285714","N/A"
"30","283","7","N/A","13","N/A","0.35","N/A","-1022.8571428571429","N/A","6428.571428571428","N/A","38.85","N/A","22","N/A","33","N/A","6.714285714285714","N/A"
"30","284","7","N/A","13","N/A","0.35","N/A","-767.1428571428571","N/A","6714.285714285715","N/A","38.85","N/A","22","N/A","33","N/A","6.714285714285714","N/A"
"30","285","7","N/A","13","N/A","0.35","N/A","-797.1428571428571","N/A","6714.285714285715","N/A","38.85","N/A","22","N/A","33","N/A","6.714285714285714","N/A"
"30","286","7","N/A","13","N/A","0.35","N/A","-827.1428571428571","N/A","6714.285714285715","N/A","38.85","N/A","22","N/A","33","N/A","6.714285714285714","N/A"
"30","287","7","N/A","13","N/A","0.35","N/A","-857.1428571428571","N/A","6714.285714285715","N/A","38.85","N/A","22","N/A","33","N/A","6.714285714285714","N/A"
"30","288","7","N/A","13","N/A","0.35","N/A","-815.7142857142857","N/A","6785.714285714285","N/A","38.85","N/A","22","N/A","33","N/A","6.714285714285714","N/A"
"30","289","6","N/A","14","N/A","0.3","N/A","-983.3333333333334","N/A","6666.666666666667","N/A","38.85","N/A","17","N/A","38","N/A","6.5","N/A"
"30","290","6","N/A","14","N/A","0.3","N/A","-1013.3333333333334","N/A","6666.666666666667","N/A","38.85","N/A","17","N/A","38","N/A","6.5","N/A"
"30","291","6","N/A","14","N/A","0.3","N/A","-1043.3333333333333","N/A","6666.666666666667","N/A","38.85","N/A","17","N/A","38","N/A","6.5","N/A"
"30","292","6","N/A","14","N/A","0.3","N/A","-1073.3333333333333","N/A","6666.666666666667","N/A","38.85","N/A","17","N/A","38","N/A","6.5","N/A"
"30","293","6","N/A","14","N/A","0.3","N/A","-1103.3333333333333","N/A","6666.666666666667","N/A","38.85","N/A","17","N/A","38","N/A","6.5","N/A"
"30","294","6","N/A","14","N/A","0.3","N/A","-1133.3333333333333","N/A","6666.666666666667","N/A","38.85","N/A","17","N/A","38","N/A","6.5","N/A"
"30","295","6","N/A","14","N/A","0.3","N/A","-1163.3333333333333","N/A","6666.666666666667","N/A","38.85","N/A","17","N/A","38","N/A","6.5","N/A"
"30","296","6","N/A","14","N/A","0.3","N/A","-1193.3333333333333","N/A","6666.666666666667","N/A","38.85","N/A","17","N/A","38","N/A","6.5","N/A"
"30","297","6","N/A","14","N/A","0.3","N/A","-1223.3333333333333","N/A","6666.666666666667","N/A","38.85","N/A","17","N/A","38","N/A","6.5","N/A"
"30","298","6","N/A","14","N/A","0.3","N/A","-1253.3333333333333","N/A","6666.666666666667","N/A","38.85","N/A","17","N/A","38","N/A","6.5","N/A"
"30","299","6","N/A","14","N/A","0.3","N/A","-1283.3333333333333","N/A","6666.666666666667","N/A","38.85","N/A","17","N/A","38","N/A","6.5","N/A"
"30","300","6","N/A","14","N/A","0.3","N/A","-1313.3333333333333","N/A","6666.666666666667","N/A","38.85","N/A","17","N/A","38","N/A","6.5","N/A"
"30","301","5","N/A","15","N/A","0.25","N/A","-1306","N/A","6700","N/A","38.85","N/A","12","N/A","43","N/A","6.2","N/A"
"30","302","5","N/A","15","N/A","0.25","N/A","-1336","N/A","6700","N/A","38.85","N/A","12","N/A","43","N/A","6.2","N/A"
"30","303","5","N/A","15","N/A","0.25","N/A","-1366","N/A","6700","N/A","38.85","N/A","12","N/A","43","N/A","6.2","N/A"
"30","304","5","N/A","15","N/A","0.25","N/A","-1396","N/A","6700","N/A","38.85","N/A","12","N/A","43","N/A","6.2","N/A"
"30","305","5","N/A","15","N/A","0.25","N/A","-1326","N/A","6800","N/A","38.85","N/A","12","N/A","43","N/A","6.2","N/A"
"30","306","5","N/A","15","N/A","0.25","N/A","-1356","N/A","6800","N/A","38.85","N/A","12","N/A","43","N/A","6.2","N/A"
"30","307","5","N/A","15","N/A","0.25","N/A","-1386","N/A","6800","N/A","38.85","N/A","12","N/A","43","N/A","6.2","N/A"
"30","308","5","N/A","15","N/A","0.25","N/A","-1416","N/A","6800","N/A","38.85","N/A","12","N/A","43","N/A","6.2","N/A"
"30","309","5","N/A","15","N/A","0.25","N/A","-1446","N/A","6800","N/A","38.85","N/A","12","N/A","43","N/A","6.2","N/A"
"30","310","5","N/A","15","N/A","0.25","N/A","-1476","N/A","6800","N/A","38.85","N/A","12","N/A","43","N/A","6.2","N/A"
"30","311","5","N/A","15","N/A","0.25","N/A","-1506","N/A","6800","N/A","38.85","N/A","12","N/A","43","N/A","6.2","N/A"
"30","312","5","N/A","15","N/A","0.25","N/A","-1536","N/A","6800","N/A","38.85","N/A","12","N/A","43","N/A","6.2","N/A"
"30","313","5","N/A","15","N/A","0.25","N/A","-1566","N/A","6800","N/A","38.85","N/A","12","N/A","43","N/A","6.2","N/A"
"30","314","5","N/A","15","N/A","0.25","N/A","-1596","N/A","6800","N/A","38.85","N/A","12","N/A","43","N/A","6.2","N/A"
"30","315","5","N/A","15","N/A","0.25","N/A","-1626","N/A","6800","N/A","38.85","N/A","12","N/A","43","N/A","6.2","N/A"
"30","316","5","N/A","15","N/A","0.25","N/A","-1656","N/A","6800","N/A","38.85","N/A","12","N/A","43","N/A","6.2","N/A"
"30","317","5","N/A","15","N/A","0.25","N/A","-1386","N/A","7100","N/A","38.85","N/A","12","N/A","43","N/A","6.2","N/A"
"30","318","5","N/A","15","N/A","0.25","N/A","-1416","N/A","7100","N/A","38.85","N/A","12","N/A","43","N/A","6.2","N/A"
"30","319","5","N/A","15","N/A","0.25","N/A","-1446","N/A","7100","N/A","38.85","N/A","12","N/A","43","N/A","6.2","N/A"
"30","320","5","N/A","15","N/A","0.25","N/A","-1476","N/A","7100","N/A","38.85","N/A","12","N/A","43","N/A","6.2","N/A"
"30","321","5","N/A","15","N/A","0.25","N/A","-1406","N/A","7200","N/A","38.85","N/A","12","N/A","43","N/A","6.2","N/A"
"30","322","5","N/A","15","N/A","0.25","N/A","-1436","N/A","7200","N/A","38.85","N/A","12","N/A","43","N/A","6.2","N/A"
"30","323","5","N/A","15","N/A","0.25","N/A","-1466","N/A","7200","N/A","38.85","N/A","12","N/A","43","N/A","6.2","N/A"
"30","324","5","N/A","15","N/A","0.25","N/A","-1496","N/A","7200","N/A","38.85","N/A","12","N/A","43","N/A","6.2","N/A"
"30","325","5","N/A","15","N/A","0.25","N/A","-1526","N/A","7200","N/A","38.85","N/A","12","N/A","43","N/A","6.2","N/A"
"30","326","5","N/A","15","N/A","0.25","N/A","-1556","N/A","7200","N/A","38.85","N/A","12","N/A","43","N/A","6.2","N/A"
"30","327","5","N/A","15","N/A","0.25","N/A","-1586","N/A","7200","N/A","38.85","N/A","12","N/A","43","N/A","6.2","N/A"
"30","328","5","N/A","15","N/A","0.25","N/A","-1616","N/A","7200","N/A","38.85","N/A","12","N/A","43","N/A","6.2","N/A"
"30","329","5","N/A","15","N/A","0.25","N/A","-1646","N/A","7200","N/A","38.85","N/A","12","N/A","43","N/A","6.2","N/A"
"30","330","5","N/A","15","N/A","0.25","N/A","-1676","N/A","7200","N/A","38.85","N/A","12","N/A","43","N/A","6.2","N/A"
"30","331","5","N/A","15","N/A","0.25","N/A","-1706","N/A","7200","N/A","38.85","N/A","12","N/A","43","N/A","6.2","N/A"
"30","332","5","N/A","15","N/A","0.25","N/A","-1736","N/A","7200","N/A","38.85","N/A","12","N/A","43","N/A","6.2","N/A"
"30","333","5","N/A","15","N/A","0.25","N/A","-1766","N/A","7200","N/A","38.85","N/A","12","N/A","43","N/A","6.2","N/A"
"30","334","5","N/A","15","N/A","0.25","N/A","-1496","N/A","7500","N/A","38.85","N/A","12","N/A","43","N/A","6.2","N/A"
"30","335","5","N/A","15","N/A","0.25","N/A","-1526","N/A","7500","N/A","38.85","N/A","12","N/A","43","N/A","6.2","N/A"
"30","336","5","N/A","15","N/A","0.25","N/A","-1556","N/A","7500","N/A","38.85","N/A","12","N/A","43","N/A","6.2","N/A"
"30","337","5","N/A","15","N/A","0.25","N/A","-1586","N/A","7500","N/A","38.85","N/A","12","N/A","43","N/A","6.2","N/A"
"30","338","5","N/A","15","N/A","0.25","N/A","-1516","N/A","7600","N/A","38.85","N/A","12","N/A","43","N/A","6.2","N/A"
"30","339","5","N/A","15","N/A","0.25","N/A","-1546","N/A","7600","N/A","38.85","N/A","12","N/A","43","N/A","6.2","N/A"
"30","340","5","N/A","15","N/A","0.25","N/A","-1576","N/A","7600","N/A","38.85","N/A","12","N/A","43","N/A","6.2","N/A"
"30","341","5","N/A","15","N/A","0.25","N/A","-1606","N/A","7600","N/A","38.85","N/A","12","N/A","43","N/A","6.2","N/A"
"30","342","5","N/A","15","N/A","0.25","N/A","-1636","N/A","7600","N/A","38.85","N/A","12","N/A","43","N/A","6.2","N/A"
"30","343","5","N/A","15","N/A","0.25","N/A","-1666","N/A","7600","N/A","38.85","N/A","12","N/A","43","N/A","6.2","N/A"
"30","344","5","N/A","15","N/A","0.25","N/A","-1696","N/A","7600","N/A","38.85","N/A","12","N/A","43","N/A","6.2","N/A"
"30","345","5","N/A","15","N/A","0.25","N/A","-1726","N/A","7600","N/A","38.85","N/A","12","N/A","43","N/A","6.2","N/A"
"30","346","5","N/A","15","N/A","0.25","N/A","-1756","N/A","7600","N/A","38.85","N/A","12","N/A","43","N/A","6.2","N/A"
"30","347","5","N/A","15","N/A","0.25","N/A","-1786","N/A","7600","N/A","38.85","N/A","12","N/A","43","N/A","6.2","N/A"
"30","348","5","N/A","15","N/A","0.25","N/A","-1816","N/A","7600","N/A","38.85","N/A","12","N/A","43","N/A","6.2","N/A"
"30","349","5","N/A","15","N/A","0.25","N/A","-1846","N/A","7600","N/A","38.85","N/A","12","N/A","43","N/A","6.2","N/A"
"30","350","5","N/A","15","N/A","0.25","N/A","-1876","N/A","7600","N/A","38.85","N/A","12","N/A","43","N/A","6.2","N/A"
"30","351","5","N/A","15","N/A","0.25","N/A","-1606","N/A","7900","N/A","38.85","N/A","12","N/A","43","N/A","6.2","N/A"
"30","352","5","N/A","15","N/A","0.25","N/A","-1636","N/A","7900","N/A","38.85","N/A","12","N/A","43","N/A","6.2","N/A"
"30","353","5","N/A","15","N/A","0.25","N/A","-1666","N/A","7900","N/A","38.85","N/A","12","N/A","43","N/A","6.2","N/A"
"30","354","5","N/A","15","N/A","0.25","N/A","-1696","N/A","7900","N/A","38.85","N/A","12","N/A","43","N/A","6.2","N/A"
"30","355","5","N/A","15","N/A","0.25","N/A","-1626","N/A","8000","N/A","38.85","N/A","12","N/A","43","N/A","6.2","N/A"
"30","356","5","N/A","15","N/A","0.25","N/A","-1656","N/A","8000","N/A","38.85","N/A","12","N/A","43","N/A","6.2","N/A"
"30","357","5","N/A","15","N/A","0.25","N/A","-1686","N/A","8000","N/A","38.85","N/A","12","N/A","43","N/A","6.2","N/A"
"30","358","5","N/A","15","N/A","0.25","N/A","-1716","N/A","8000","N/A","38.85","N/A","12","N/A","43","N/A","6.2","N/A"
"30","359","5","N/A","15","N/A","0.25","N/A","-1746","N/A","8000","N/A","38.85","N/A","12","N/A","43","N/A","6.2","N/A"
"30","360","5","N/A","15","N/A","0.25","N/A","-1776","N/A","8000","N/A","38.85","N/A","12","N/A","43","N/A","6.2","N/A"
"30","361","5","N/A","15","N/A","0.25","N/A","-1806","N/A","8000","N/A","38.85","N/A","12","N/A","43","N/A","6.2","N/A"
"30","362","5","N/A","15","N/A","0.25","N/A","-1836","N/A","8000","N/A","38.85","N/A","12","N/A","43","N/A","6.2","N/A"
"30","363","5","N/A","15","N/A","0.25","N/A","-1866","N/A","8000","N/A","38.85","N/A","12","N/A","43","N/A","6.2","N/A"
"30","364","5","N/A","15","N/A","0.25","N/A","-1896","N/A","8000","N/A","38.85","N/A","12","N/A","43","N/A","6.2","N/A"
"30","365","5","N/A","15","N/A","0.25","N/A","-1926","N/A","8000","N/A","38.85","N/A","12","N/A","43","N/A","6.2","N/A"
"30","366","5","N/A","15","N/A","0.25","N/A","-1956","N/A","8000","N/A","38.85","N/A","12","N/A","43","N/A","6.2","N/A"
"30","367","5","N/A","15","N/A","0.25","N/A","-1686","N/A","8300","N/A","38.85","N/A","12","N/A","43","N/A","6.2","N/A"
"30","368","5","N/A","15","N/A","0.25","N/A","-1716","N/A","8300","N/A","38.85","N/A","12","N/A","43","N/A","6.2","N/A"
"30","369","5","N/A","15","N/A","0.25","N/A","-1746","N/A","8300","N/A","38.85","N/A","12","N/A","43","N/A","6.2","N/A"
"30","370","5","N/A","15","N/A","0.25","N/A","-1776","N/A","8300","N/A","38.85","N/A","12","N/A","43","N/A","6.2","N/A"
"30","371","5","N/A","15","N/A","0.25","N/A","-1706","N/A","8400","N/A","38.85","N/A","12","N/A","43","N/A","6.2","N/A"
"30","372","5","N/A","15","N/A","0.25","N/A","-1736","N/A","8400","N/A","38.85","N/A","12","N/A","43","N/A","6.2","N/A"
"30","373","5","N/A","15","N/A","0.25","N/A","-1766","N/A","8400","N/A","38.85","N/A","12","N/A","43","N/A","6.2","N/A"
"30","374","5","N/A","15","N/A","0.25","N/A","-1796","N/A","8400","N/A","38.85","N/A","12","N/A","43","N/A","6.2","N/A"
"30","375","5","N/A","15","N/A","0.25","N/A","-1826","N/A","8400","N/A","38.85","N/A","12","N/A","43","N/A","6.2","N/A"
"30","376","5","N/A","15","N/A","0.25","N/A","-1856","N/A","8400","N/A","38.85","N/A","12","N/A","43","N/A","6.2","N/A"
"30","377","5","N/A","15","N/A","0.25","N/A","-1886","N/A","8400","N/A","38.85","N/A","12","N/A","43","N/A","6.2","N/A"
"30","378","5","N/A","15","N/A","0.25","N/A","-1916","N/A","8400","N/A","38.85","N/A","12","N/A","43","N/A","6.2","N/A"
"30","379","5","N/A","15","N/A","0.25","N/A","-1946","N/A","8400","N/A","38.85","N/A","12","N/A","43","N/A","6.2","N/A"
"30","380","5","N/A","15","N/A","0.25","N/A","-1976","N/A","8400","N/A","38.85","N/A","12","N/A","43","N/A","6.2","N/A"
"30","381","5","N/A","15","N/A","0.25","N/A","-2006","N/A","8400","N/A","38.85","N/A","12","N/A","43","N/A","6.2","N/A"
"30","382","5","N/A","15","N/A","0.25","N/A","-2036","N/A","8400","N/A","38.85","N/A","12","N/A","43","N/A","6.2","N/A"
"30","383","5","N/A","15","N/A","0.25","N/A","-2066","N/A","8400","N/A","38.85","N/A","12","N/A","43","N/A","6.2","N/A"
"30","384","5","N/A","15","N/A","0.25","N/A","-1796","N/A","8700","N/A","38.85","N/A","12","N/A","43","N/A","6.2","N/A"
"30","385","5","N/A","15","N/A","0.25","N/A","-1826","N/A","8700","N/A","38.85","N/A","12","N/A","43","N/A","6.2","N/A"
"30","386","5","N/A","15","N/A","0.25","N/A","-1856","N/A","8700","N/A","38.85","N/A","12","N/A","43","N/A","6.2","N/A"
"30","387","5","N/A","15","N/A","0.25","N/A","-1886","N/A","8700","N/A","38.85","N/A","12","N/A","43","N/A","6.2","N/A"
"30","388","5","N/A","15","N/A","0.25","N/A","-1816","N/A","8800","N/A","38.85","N/A","12","N/A","43","N/A","6.2","N/A"
"30","389","5","N/A","15","N/A","0.25","N/A","-1846","N/A","8800","N/A","38.85","N/A","12","N/A","43","N/A","6.2","N/A"
"30","390","5","N/A","15","N/A","0.25","N/A","-1876","N/A","8800","N/A","38.85","N/A","12","N/A","43","N/A","6.2","N/A"
"30","391","5","N/A","15","N/A","0.25","N/A","-1906","N/A","8800","N/A","38.85","N/A","12","N/A","43","N/A","6.2","N/A"
"30","392","5","N/A","15","N/A","0.25","N/A","-1936","N/A","8800","N/A","38.85","N/A","12","N/A","43","N/A","6.2","N/A"
"30","393","5","N/A","15","N/A","0.25","N/A","-1966","N/A","8800","N/A","38.85","N/A","12","N/A","43","N/A","6.2","N/A"
"30","394","5","N/A","15","N/A","0.25","N/A","-1996","N/A","8800","N/A","38.85","N/A","12","N/A","43","N/A","6.2","N/A"
"30","395","5","N/A","15","N/A","0.25","N/A","-2026","N/A","8800","N/A","38.85","N/A","12","N/A","43","N/A","6.2","N/A"
"30","396","5","N/A","15","N/A","0.25","N/A","-2056","N/A","8800","N/A","38.85","N/A","12","N/A","43","N/A","6.2","N/A"
"30","397","5","N/A","15","N/A","0.25","N/A","-2086","N/A","8800","N/A","38.85","N/A","12","N/A","43","N/A","6.2","N/A"
"30","398","5","N/A","15","N/A","0.25","N/A","-2116","N/A","8800","N/A","38.85","N/A","12","N/A","43","N/A","6.2","N/A"
"30","399","5","N/A","15","N/A","0.25","N/A","-2146","N/A","8800","N/A","38.85","N/A","12","N/A","43","N/A","6.2","N/A"
"30","400","5","N/A","15","N/A","0.25","N/A","-2176","N/A","8800","N/A","38.85","N/A","12","N/A","43","N/A","6.2","N/A"
"30","401","5","N/A","15","N/A","0.25","N/A","-1906","N/A","9100","N/A","38.85","N/A","12","N/A","43","N/A","6.2","N/A"
"30","402","5","N/A","15","N/A","0.25","N/A","-1936","N/A","9100","N/A","38.85","N/A","12","N/A","43","N/A","6.2","N/A"
"30","403","5","N/A","15","N/A","0.25","N/A","-1966","N/A","9100","N/A","38.85","N/A","12","N/A","43","N/A","6.2","N/A"
"30","404","5","N/A","15","N/A","0.25","N/A","-1996","N/A","9100","N/A","38.85","N/A","12","N/A","43","N/A","6.2","N/A"
"30","405","5","N/A","15","N/A","0.25","N/A","-1926","N/A","9200","N/A","38.85","N/A","12","N/A","43","N/A","6.2","N/A"
"30","406","5","N/A","15","N/A","0.25","N/A","-1956","N/A","9200","N/A","38.85","N/A","12","N/A","43","N/A","6.2","N/A"
"30","407","5","N/A","15","N/A","0.25","N/A","-1986","N/A","9200","N/A","38.85","N/A","12","N/A","43","N/A","6.2","N/A"
"30","408","5","N/A","15","N/A","0.25","N/A","-2016","N/A","9200","N/A","38.85","N/A","12","N/A","43","N/A","6.2","N/A"
"30","409","5","N/A","15","N/A","0.25","N/A","-2046","N/A","9200","N/A","38.85","N/A","12","N/A","43","N/A","6.2","N/A"
"30","410","5","N/A","15","N/A","0.25","N/A","-2076","N/A","9200","N/A","38.85","N/A","12","N/A","43","N/A","6.2","N/A"
"30","411","5","N/A","15","N/A","0.25","N/A","-2106","N/A","9200","N/A","38.85","N/A","12","N/A","43","N/A","6.2","N/A"
"30","412","5","N/A","15","N/A","0.25","N/A","-2136","N/A","9200","N/A","38.85","N/A","12","N/A","43","N/A","6.2","N/A"
"30","413","5","N/A","15","N/A","0.25","N/A","-2166","N/A","9200","N/A","38.85","N/A","12","N/A","43","N/A","6.2","N/A"
"30","414","5","N/A","15","N/A","0.25","N/A","-2196","N/A","9200","N/A","38.85","N/A","12","N/A","43","N/A","6.2","N/A"
"30","415","5","N/A","15","N/A","0.25","N/A","-2226","N/A","9200","N/A","38.85","N/A","12","N/A","43","N/A","6.2","N/A"
"30","416","5","N/A","15","N/A","0.25","N/A","-2256","N/A","9200","N/A","38.85","N/A","12","N/A","43","N/A","6.2","N/A"
"30","417","4","N/A","16","N/A","0.2","N/A","-2605","N/A","8875","N/A","38.85","N/A","9","N/A","46","N/A","6.25","N/A"
"30","418","4","N/A","16","N/A","0.2","N/A","-2635","N/A","8875","N/A","38.85","N/A","9","N/A","46","N/A","6.25","N/A"
"30","419","4","N/A","16","N/A","0.2","N/A","-2665","N/A","8875","N/A","38.85","N/A","9","N/A","46","N/A","6.25","N/A"
"30","420","4","N/A","16","N/A","0.2","N/A","-2695","N/A","8875","N/A","38.85","N/A","9","N/A","46","N/A","6.25","N/A"
"30","421","4","N/A","16","N/A","0.2","N/A","-2600","N/A","9000","N/A","38.85","N/A","9","N/A","46","N/A","6.25","N/A"
"30","422","4","N/A","16","N/A","0.2","N/A","-2630","N/A","9000","N/A","38.85","N/A","9","N/A","46","N/A","6.25","N/A"
"30","423","4","N/A","16","N/A","0.2","N/A","-2660","N/A","9000","N/A","38.85","N/A","9","N/A","46","N/A","6.5","N/A"
"30","424","4","N/A","16","N/A","0.2","N/A","-2690","N/A","9000","N/A","38.85","N/A","9","N/A","46","N/A","6.5","N/A"
"30","425","4","N/A","16","N/A","0.2","N/A","-2720","N/A","9000","N/A","38.85","N/A","9","N/A","46","N/A","6.5","N/A"
"30","426","4","N/A","16","N/A","0.2","N/A","-2750","N/A","9000","N/A","38.85","N/A","9","N/A","46","N/A","6.5","N/A"
"30","427","4","N/A","16","N/A","0.2","N/A","-2780","N/A","9000","N/A","38.85","N/A","9","N/A","46","N/A","6.5","N/A"
"30","428","4","N/A","16","N/A","0.2","N/A","-2810","N/A","9000","N/A","38.85","N/A","9","N/A","46","N/A","6.5","N/A"
"30","429","4","N/A","16","N/A","0.2","N/A","-2840","N/A","9000","N/A","38.85","N/A","9","N/A","46","N/A","6.5","N/A"
"30","430","4","N/A","16","N/A","0.2","N/A","-2870","N/A","9000","N/A","38.85","N/A","9","N/A","46","N/A","6.5","N/A"
"30","431","4","N/A","16","N/A","0.2","N/A","-2900","N/A","9000","N/A","38.85","N/A","9","N/A","46","N/A","6.5","N/A"
"30","432","4","N/A","16","N/A","0.2","N/A","-2930","N/A","9000","N/A","38.85","N/A","9","N/A","46","N/A","6.5","N/A"
"30","433","4","N/A","16","N/A","0.2","N/A","-2960","N/A","9000","N/A","38.85","N/A","9","N/A","46","N/A","6.5","N/A"
"30","434","3","N/A","17","N/A","0.15","N/A","-3813.3333333333335","N/A","8166.666666666667","N/A","38.85","N/A","9","N/A","46","N/A","7","N/A"
"30","435","3","N/A","17","N/A","0.15","N/A","-3843.3333333333335","N/A","8166.666666666667","N/A","38.85","N/A","9","N/A","46","N/A","7","N/A"
"30","436","3","N/A","17","N/A","0.15","N/A","-3873.3333333333335","N/A","8166.666666666667","N/A","38.85","N/A","9","N/A","46","N/A","7","N/A"
"30","437","3","N/A","17","N/A","0.15","N/A","-3903.3333333333335","N/A","8166.666666666667","N/A","38.85","N/A","9","N/A","46","N/A","7","N/A"
"30","438","3","N/A","17","N/A","0.15","N/A","-3766.6666666666665","N/A","8333.333333333334","N/A","38.85","N/A","9","N/A","46","N/A","7","N/A"
"30","439","3","N/A","17","N/A","0.15","N/A","-3796.6666666666665","N/A","8333.333333333334","N/A","38.85","N/A","9","N/A","46","N/A","7","N/A"
"30","440","3","N/A","17","N/A","0.15","N/A","-3826.6666666666665","N/A","8333.333333333334","N/A","38.85","N/A","9","N/A","46","N/A","7","N/A"
"30","441","3","N/A","17","N/A","0.15","N/A","-3856.6666666666665","N/A","8333.333333333334","N/A","38.85","N/A","9","N/A","46","N/A","7","N/A"
"30","442","3","N/A","17","N/A","0.15","N/A","-3886.6666666666665","N/A","8333.333333333334","N/A","38.85","N/A","9","N/A","46","N/A","7","N/A"
"30","443","3","N/A","17","N/A","0.15","N/A","-3916.6666666666665","N/A","8333.333333333334","N/A","38.85","N/A","9","N/A","46","N/A","7","N/A"
"30","444","3","N/A","17","N/A","0.15","N/A","-3946.6666666666665","N/A","8333.333333333334","N/A","38.85","N/A","9","N/A","46","N/A","7","N/A"
"30","445","3","N/A","17","N/A","0.15","N/A","-3976.6666666666665","N/A","8333.333333333334","N/A","38.85","N/A","9","N/A","46","N/A","7","N/A"
"30","446","3","N/A","17","N/A","0.15","N/A","-4006.6666666666665","N/A","8333.333333333334","N/A","38.85","N/A","9","N/A","46","N/A","7","N/A"
"30","447","3","N/A","17","N/A","0.15","N/A","-4036.6666666666665","N/A","8333.333333333334","N/A","38.85","N/A","9","N/A","46","N/A","7","N/A"
"30","448","3","N/A","17","N/A","0.15","N/A","-4066.6666666666665","N/A","8333.333333333334","N/A","38.85","N/A","9","N/A","46","N/A","7","N/A"
"30","449","3","N/A","17","N/A","0.15","N/A","-4096.666666666667","N/A","8333.333333333334","N/A","38.85","N/A","9","N/A","46","N/A","7","N/A"
"30","450","3","N/A","17","N/A","0.15","N/A","-4126.666666666667","N/A","8333.333333333334","N/A","38.85","N/A","9","N/A","46","N/A","7","N/A"
"30","451","3","N/A","17","N/A","0.15","N/A","-3990","N/A","8500","N/A","38.85","N/A","9","N/A","46","N/A","7","N/A"
"30","452","3","N/A","17","N/A","0.15","N/A","-4020","N/A","8500","N/A","38.85","N/A","9","N/A","46","N/A","7","N/A"
"30","453","3","N/A","17","N/A","0.15","N/A","-4050","N/A","8500","N/A","38.85","N/A","9","N/A","46","N/A","7","N/A"
"30","454","3","N/A","17","N/A","0.15","N/A","-4080","N/A","8500","N/A","38.85","N/A","9","N/A","46","N/A","7","N/A"
"30","455","3","N/A","17","N/A","0.15","N/A","-3943.3333333333335","N/A","8666.666666666666","N/A","38.85","N/A","9","N/A","46","N/A","7","N/A"
"30","456","3","N/A","17","N/A","0.15","N/A","-3973.3333333333335","N/A","8666.666666666666","N/A","38.85","N/A","9","N/A","46","N/A","7","N/A"
"30","457","3","N/A","17","N/A","0.15","N/A","-4003.3333333333335","N/A","8666.666666666666","N/A","38.85","N/A","9","N/A","46","N/A","7","N/A"
"30","458","3","N/A","17","N/A","0.15","N/A","-4033.3333333333335","N/A","8666.666666666666","N/A","38.85","N/A","9","N/A","46","N/A","7","N/A"
"30","459","3","N/A","17","N/A","0.15","N/A","-4063.3333333333335","N/A","8666.666666666666","N/A","38.85","N/A","9","N/A","46","N/A","7","N/A"
"30","460","3","N/A","17","N/A","0.15","N/A","-4093.3333333333335","N/A","8666.666666666666","N/A","38.85","N/A","9","N/A","46","N/A","7","N/A"
"30","461","3","N/A","17","N/A","0.15","N/A","-4123.333333333333","N/A","8666.666666666666","N/A","38.85","N/A","9","N/A","46","N/A","7","N/A"
"30","462","3","N/A","17","N/A","0.15","N/A","-4153.333333333333","N/A","8666.666666666666","N/A","38.85","N/A","9","N/A","46","N/A","7","N/A"
"30","463","3","N/A","17","N/A","0.15","N/A","-4183.333333333333","N/A","8666.666666666666","N/A","38.85","N/A","9","N/A","46","N/A","7","N/A"
"30","464","3","N/A","17","N/A","0.15","N/A","-4213.333333333333","N/A","8666.666666666666","N/A","38.85","N/A","9","N/A","46","N/A","7","N/A"
"30","465","3","N/A","17","N/A","0.15","N/A","-4243.333333333333","N/A","8666.666666666666","N/A","38.85","N/A","9","N/A","46","N/A","7","N/A"
"30","466","3","N/A","17","N/A","0.15","N/A","-4273.333333333333","N/A","8666.666666666666","N/A","38.85","N/A","9","N/A","46","N/A","7","N/A"
"30","467","3","N/A","17","N/A","0.15","N/A","-4136.666666666667","N/A","8833.333333333334","N/A","38.85","N/A","9","N/A","46","N/A","7","N/A"
"30","468","3","N/A","17","N/A","0.15","N/A","-4166.666666666667","N/A","8833.333333333334","N/A","38.85","N/A","9","N/A","46","N/A","7","N/A"
"30","469","3","N/A","17","N/A","0.15","N/A","-4196.666666666667","N/A","8833.333333333334","N/A","38.85","N/A","9","N/A","46","N/A","7","N/A"
"30","470","3","N/A","17","N/A","0.15","N/A","-4226.666666666667","N/A","8833.333333333334","N/A","38.85","N/A","9","N/A","46","N/A","7","N/A"
"30","471","3","N/A","17","N/A","0.15","N/A","-4090","N/A","9000","N/A","38.85","N/A","9","N/A","46","N/A","7","N/A"
"30","472","3","N/A","17","N/A","0.15","N/A","-4120","N/A","9000","N/A","38.85","N/A","9","N/A","46","N/A","7","N/A"
"30","473","3","N/A","17","N/A","0.15","N/A","-4150","N/A","9000","N/A","38.85","N/A","9","N/A","46","N/A","7","N/A"
"30","474","3","N/A","17","N/A","0.15","N/A","-4180","N/A","9000","N/A","38.85","N/A","9","N/A","46","N/A","7","N/A"
"30","475","3","N/A","17","N/A","0.15","N/A","-4210","N/A","9000","N/A","38.85","N/A","9","N/A","46","N/A","7","N/A"
"30","476","3","N/A","17","N/A","0.15","N/A","-4240","N/A","9000","N/A","38.85","N/A","9","N/A","46","N/A","7","N/A"
"30","477","3","N/A","17","N/A","0.15","N/A","-4270","N/A","9000","N/A","38.85","N/A","9","N/A","46","N/A","7","N/A"
"30","478","3","N/A","17","N/A","0.15","N/A","-4300","N/A","9000","N/A","38.85","N/A","9","N/A","46","N/A","7","N/A"
"30","479","3","N/A","17","N/A","0.15","N/A","-4330","N/A","9000","N/A","38.85","N/A","9","N/A","46","N/A","7","N/A"
"30","480","3","N/A","17","N/A","0.15","N/A","-4360","N/A","9000","N/A","38.85","N/A","9","N/A","46","N/A","7","N/A"
"30","481","3","N/A","17","N/A","0.15","N/A","-4390","N/A","9000","N/A","38.85","N/A","9","N/A","46","N/A","7","N/A"
"30","482","3","N/A","17","N/A","0.15","N/A","-4420","N/A","9000","N/A","38.85","N/A","9","N/A","46","N/A","7","N/A"
"30","483","3","N/A","17","N/A","0.15","N/A","-4450","N/A","9000","N/A","38.85","N/A","9","N/A","46","N/A","7","N/A"
"30","484","3","N/A","17","N/A","0.15","N/A","-4313.333333333333","N/A","9166.666666666666","N/A","38.85","N/A","9","N/A","46","N/A","7","N/A"
"30","485","3","N/A","17","N/A","0.15","N/A","-4343.333333333333","N/A","9166.666666666666","N/A","38.85","N/A","9","N/A","46","N/A","7","N/A"
"30","486","3","N/A","17","N/A","0.15","N/A","-4373.333333333333","N/A","9166.666666666666","N/A","38.85","N/A","9","N/A","46","N/A","7","N/A"
"30","487","3","N/A","17","N/A","0.15","N/A","-4403.333333333333","N/A","9166.666666666666","N/A","38.85","N/A","9","N/A","46","N/A","7","N/A"
"30","488","3","N/A","17","N/A","0.15","N/A","-4266.666666666667","N/A","9333.333333333334","N/A","38.85","N/A","9","N/A","46","N/A","7","N/A"
"30","489","3","N/A","17","N/A","0.15","N/A","-4296.666666666667","N/A","9333.333333333334","N/A","38.85","N/A","9","N/A","46","N/A","7","N/A"
"30","490","3","N/A","17","N/A","0.15","N/A","-4326.666666666667","N/A","9333.333333333334","N/A","38.85","N/A","12","N/A","46","N/A","7.333333333333333","N/A"
"30","491","3","N/A","17","N/A","0.15","N/A","-4356.666666666667","N/A","9333.333333333334","N/A","38.85","N/A","12","N/A","46","N/A","7.333333333333333","N/A"
"30","492","3","N/A","17","N/A","0.15","N/A","-4386.666666666667","N/A","9333.333333333334","N/A","38.85","N/A","12","N/A","46","N/A","7.333333333333333","N/A"
"30","493","3","N/A","17","N/A","0.15","N/A","-4416.666666666667","N/A","9333.333333333334","N/A","38.85","N/A","12","N/A","46","N/A","7.333333333333333","N/A"
"30","494","3","N/A","17","N/A","0.15","N/A","-4446.666666666667","N/A","9333.333333333334","N/A","38.85","N/A","12","N/A","46","N/A","7.333333333333333","N/A"
"30","495","3","N/A","17","N/A","0.15","N/A","-4476.666666666667","N/A","9333.333333333334","N/A","38.85","N/A","12","N/A","46","N/A","7.333333333333333","N/A"
"30","496","3","N/A","17","N/A","0.15","N/A","-4506.666666666667","N/A","9333.333333333334","N/A","38.85","N/A","12","N/A","46","N/A","7.333333333333333","N/A"
"30","497","3","N/A","17","N/A","0.15","N/A","-4536.666666666667","N/A","9333.333333333334","N/A","38.85","N/A","12","N/A","46","N/A","7.333333333333333","N/A"
"30","498","3","N/A","17","N/A","0.15","N/A","-4566.666666666667","N/A","9333.333333333334","N/A","38.85","N/A","12","N/A","46","N/A","7.333333333333333","N/A"
"30","499","3","N/A","17","N/A","0.15","N/A","-4596.666666666667","N/A","9333.333333333334","N/A","38.85","N/A","12","N/A","46","N/A","7.333333333333333","N/A"
"30","500","3","N/A","17","N/A","0.15","N/A","-4626.666666666667","N/A","9333.333333333334","N/A","38.85","N/A","12","N/A","46","N/A","7.333333333333333","N/A"
"30","501","3","N/A","17","N/A","0.15","N/A","-4490","N/A","9500","N/A","38.85","N/A","12","N/A","46","N/A","7.333333333333333","N/A"
"30","502","3","N/A","17","N/A","0.15","N/A","-4520","N/A","9500","N/A","38.85","N/A","12","N/A","46","N/A","7.333333333333333","N/A"
"30","503","3","N/A","17","N/A","0.15","N/A","-4550","N/A","9500","N/A","38.85","N/A","12","N/A","46","N/A","7.333333333333333","N/A"
"30","504","3","N/A","17","N/A","0.15","N/A","-4580","N/A","9500","N/A","38.85","N/A","12","N/A","46","N/A","7.333333333333333","N/A"
"30","505","3","N/A","17","N/A","0.15","N/A","-4443.333333333333","N/A","9666.666666666666","N/A","38.85","N/A","12","N/A","46","N/A","7.333333333333333","N/A"
"30","506","3","N/A","17","N/A","0.15","N/A","-4473.333333333333","N/A","9666.666666666666","N/A","38.85","N/A","12","N/A","46","N/A","7.333333333333333","N/A"
"30","507","3","N/A","17","N/A","0.15","N/A","-4503.333333333333","N/A","9666.666666666666","N/A","38.85","N/A","12","N/A","46","N/A","7.333333333333333","N/A"
"30","508","3","N/A","17","N/A","0.15","N/A","-4533.333333333333","N/A","9666.666666666666","N/A","38.85","N/A","12","N/A","46","N/A","7.333333333333333","N/A"
"30","509","3","N/A","17","N/A","0.15","N/A","-4563.333333333333","N/A","9666.666666666666","N/A","38.85","N/A","12","N/A","46","N/A","7.333333333333333","N/A"
"30","510","3","N/A","17","N/A","0.15","N/A","-4593.333333333333","N/A","9666.666666666666","N/A","38.85","N/A","12","N/A","46","N/A","7.333333333333333","N/A"
"30","511","3","N/A","17","N/A","0.15","N/A","-4623.333333333333","N/A","9666.666666666666","N/A","38.85","N/A","12","N/A","46","N/A","7.333333333333333","N/A"
"30","512","3","N/A","17","N/A","0.15","N/A","-4653.333333333333","N/A","9666.666666666666","N/A","38.85","N/A","12","N/A","46","N/A","7.333333333333333","N/A"
"30","513","3","N/A","17","N/A","0.15","N/A","-4683.333333333333","N/A","9666.666666666666","N/A","38.85","N/A","12","N/A","46","N/A","7.333333333333333","N/A"
"30","514","3","N/A","17","N/A","0.15","N/A","-4713.333333333333","N/A","9666.666666666666","N/A","38.85","N/A","12","N/A","46","N/A","7.333333333333333","N/A"
"30","515","3","N/A","17","N/A","0.15","N/A","-4743.333333333333","N/A","9666.666666666666","N/A","38.85","N/A","12","N/A","46","N/A","7.333333333333333","N/A"
"30","516","3","N/A","17","N/A","0.15","N/A","-4773.333333333333","N/A","9666.666666666666","N/A","38.85","N/A","12","N/A","46","N/A","7.333333333333333","N/A"
"30","517","3","N/A","17","N/A","0.15","N/A","-4636.666666666667","N/A","9833.333333333334","N/A","38.85","N/A","12","N/A","46","N/A","7.333333333333333","N/A"
"30","518","3","N/A","17","N/A","0.15","N/A","-4666.666666666667","N/A","9833.333333333334","N/A","38.85","N/A","12","N/A","46","N/A","7.333333333333333","N/A"
"30","519","3","N/A","17","N/A","0.15","N/A","-4696.666666666667","N/A","9833.333333333334","N/A","38.85","N/A","12","N/A","46","N/A","7.333333333333333","N/A"
"30","520","3","N/A","17","N/A","0.15","N/A","-4726.666666666667","N/A","9833.333333333334","N/A","38.85","N/A","12","N/A","46","N/A","7.333333333333333","N/A"
"30","521","3","N/A","17","N/A","0.15","N/A","-4590","N/A","10000","N/A","38.85","N/A","12","N/A","46","N/A","7.333333333333333","N/A"
"30","522","3","N/A","17","N/A","0.15","N/A","-4620","N/A","10000","N/A","38.85","N/A","12","N/A","46","N/A","7.333333333333333","N/A"
"30","523","3","N/A","17","N/A","0.15","N/A","-4650","N/A","10000","N/A","38.85","N/A","12","N/A","46","N/A","7.333333333333333","N/A"
"30","524","3","N/A","17","N/A","0.15","N/A","-4680","N/A","10000","N/A","38.85","N/A","12","N/A","46","N/A","7.333333333333333","N/A"
"30","525","3","N/A","17","N/A","0.15","N/A","-4710","N/A","10000","N/A","38.85","N/A","12","N/A","46","N/A","7.333333333333333","N/A"
"30","526","3","N/A","17","N/A","0.15","N/A","-4740","N/A","10000","N/A","38.85","N/A","12","N/A","46","N/A","7.333333333333333","N/A"
"30","527","3","N/A","17","N/A","0.15","N/A","-4770","N/A","10000","N/A","38.85","N/A","12","N/A","46","N/A","7.333333333333333","N/A"
"30","528","3","N/A","17","N/A","0.15","N/A","-4800","N/A","10000","N/A","38.85","N/A","12","N/A","46","N/A","7.333333333333333","N/A"
"30","529","3","N/A","17","N/A","0.15","N/A","-4830","N/A","10000","N/A","38.85","N/A","12","N/A","46","N/A","7.333333333333333","N/A"
"30","530","3","N/A","17","N/A","0.15","N/A","-4860","N/A","10000","N/A","38.85","N/A","12","N/A","46","N/A","7.333333333333333","N/A"
"30","531","3","N/A","17","N/A","0.15","N/A","-4890","N/A","10000","N/A","38.85","N/A","12","N/A","46","N/A","7.333333333333333","N/A"
"30","532","3","N/A","17","N/A","0.15","N/A","-4920","N/A","10000","N/A","38.85","N/A","12","N/A","46","N/A","7.333333333333333","N/A"
"30","533","3","N/A","17","N/A","0.15","N/A","-4950","N/A","10000","N/A","38.85","N/A","12","N/A","46","N/A","7.333333333333333","N/A"
"30","534","3","N/A","17","N/A","0.15","N/A","-4813.333333333333","N/A","10166.666666666666","N/A","38.85","N/A","12","N/A","46","N/A","7.333333333333333","N/A"
"30","535","3","N/A","17","N/A","0.15","N/A","-4843.333333333333","N/A","10166.666666666666","N/A","38.85","N/A","12","N/A","46","N/A","7.333333333333333","N/A"
"30","536","3","N/A","17","N/A","0.15","N/A","-4873.333333333333","N/A","10166.666666666666","N/A","38.85","N/A","12","N/A","46","N/A","7.333333333333333","N/A"
"30","537","3","N/A","17","N/A","0.15","N/A","-4903.333333333333","N/A","10166.666666666666","N/A","38.85","N/A","12","N/A","46","N/A","7.333333333333333","N/A"
"30","538","3","N/A","17","N/A","0.15","N/A","-4766.666666666667","N/A","10333.333333333334","N/A","38.85","N/A","12","N/A","46","N/A","7.333333333333333","N/A"
"30","539","3","N/A","17","N/A","0.15","N/A","-4796.666666666667","N/A","10333.333333333334","N/A","38.85","N/A","12","N/A","46","N/A","7.333333333333333","N/A"
"30","540","3","N/A","17","N/A","0.15","N/A","-4826.666666666667","N/A","10333.333333333334","N/A","38.85","N/A","12","N/A","46","N/A","7.333333333333333","N/A"
"30","541","3","N/A","17","N/A","0.15","N/A","-4856.666666666667","N/A","10333.333333333334","N/A","38.85","N/A","12","N/A","46","N/A","7.333333333333333","N/A"
"30","542","3","N/A","17","N/A","0.15","N/A","-4886.666666666667","N/A","10333.333333333334","N/A","38.85","N/A","12","N/A","46","N/A","7.333333333333333","N/A"
"30","543","3","N/A","17","N/A","0.15","N/A","-4916.666666666667","N/A","10333.333333333334","N/A","38.85","N/A","12","N/A","46","N/A","7.333333333333333","N/A"
"30","544","3","N/A","17","N/A","0.15","N/A","-4946.666666666667","N/A","10333.333333333334","N/A","38.85","N/A","12","N/A","46","N/A","7.333333333333333","N/A"
"30","545","3","N/A","17","N/A","0.15","N/A","-4976.666666666667","N/A","10333.333333333334","N/A","38.85","N/A","12","N/A","46","N/A","7.333333333333333","N/A"
"30","546","3","N/A","17","N/A","0.15","N/A","-5006.666666666667","N/A","10333.333333333334","N/A","38.85","N/A","12","N/A","46","N/A","7.333333333333333","N/A"
"30","547","3","N/A","17","N/A","0.15","N/A","-5036.666666666667","N/A","10333.333333333334","N/A","38.85","N/A","12","N/A","46","N/A","7.333333333333333","N/A"
"30","548","3","N/A","17","N/A","0.15","N/A","-5066.666666666667","N/A","10333.333333333334","N/A","38.85","N/A","12","N/A","46","N/A","7.333333333333333","N/A"
"30","549","3","N/A","17","N/A","0.15","N/A","-5096.666666666667","N/A","10333.333333333334","N/A","38.85","N/A","12","N/A","46","N/A","7.333333333333333","N/A"
"30","550","3","N/A","17","N/A","0.15","N/A","-5126.666666666667","N/A","10333.333333333334","N/A","38.85","N/A","12","N/A","46","N/A","7.333333333333333","N/A"
"30","551","3","N/A","17","N/A","0.15","N/A","-4990","N/A","10500","N/A","38.85","N/A","12","N/A","46","N/A","7.333333333333333","N/A"
"30","552","3","N/A","17","N/A","0.15","N/A","-5020","N/A","10500","N/A","38.85","N/A","12","N/A","46","N/A","7.333333333333333","N/A"
"30","553","3","N/A","17","N/A","0.15","N/A","-5050","N/A","10500","N/A","38.85","N/A","12","N/A","46","N/A","7.333333333333333","N/A"
"30","554","3","N/A","17","N/A","0.15","N/A","-5080","N/A","10500","N/A","38.85","N/A","12","N/A","46","N/A","7.333333333333333","N/A"
"30","555","3","N/A","17","N/A","0.15","N/A","-4943.333333333333","N/A","10666.666666666666","N/A","38.85","N/A","12","N/A","46","N/A","7.333333333333333","N/A"
"30","556","3","N/A","17","N/A","0.15","N/A","-4973.333333333333","N/A","10666.666666666666","N/A","38.85","N/A","12","N/A","46","N/A","7.333333333333333","N/A"
"30","557","3","N/A","17","N/A","0.15","N/A","-5003.333333333333","N/A","10666.666666666666","N/A","38.85","N/A","12","N/A","46","N/A","7.333333333333333","N/A"
"30","558","3","N/A","17","N/A","0.15","N/A","-5033.333333333333","N/A","10666.666666666666","N/A","38.85","N/A","12","N/A","46","N/A","7.333333333333333","N/A"
"30","559","3","N/A","17","N/A","0.15","N/A","-5063.333333333333","N/A","10666.666666666666","N/A","38.85","N/A","12","N/A","46","N/A","7.333333333333333","N/A"
"30","560","3","N/A","17","N/A","0.15","N/A","-5093.333333333333","N/A","10666.666666666666","N/A","38.85","N/A","12","N/A","46","N/A","7.333333333333333","N/A"
"30","561","3","N/A","17","N/A","0.15","N/A","-5123.333333333333","N/A","10666.666666666666","N/A","38.85","N/A","12","N/A","46","N/A","7.333333333333333","N/A"
"30","562","3","N/A","17","N/A","0.15","N/A","-5153.333333333333","N/A","10666.666666666666","N/A","38.85","N/A","12","N/A","46","N/A","7.333333333333333","N/A"
"30","563","3","N/A","17","N/A","0.15","N/A","-5183.333333333333","N/A","10666.666666666666","N/A","38.85","N/A","12","N/A","46","N/A","7.333333333333333","N/A"
"30","564","3","N/A","17","N/A","0.15","N/A","-5213.333333333333","N/A","10666.666666666666","N/A","38.85","N/A","12","N/A","46","N/A","7.333333333333333","N/A"
"30","565","3","N/A","17","N/A","0.15","N/A","-5243.333333333333","N/A","10666.666666666666","N/A","38.85","N/A","12","N/A","46","N/A","7.333333333333333","N/A"
"30","566","3","N/A","17","N/A","0.15","N/A","-5273.333333333333","N/A","10666.666666666666","N/A","38.85","N/A","12","N/A","46","N/A","7.333333333333333","N/A"
"30","567","3","N/A","17","N/A","0.15","N/A","-5136.666666666667","N/A","10833.333333333334","N/A","38.85","N/A","12","N/A","46","N/A","7.333333333333333","N/A"
"30","568","3","N/A","17","N/A","0.15","N/A","-5166.666666666667","N/A","10833.333333333334","N/A","38.85","N/A","12","N/A","46","N/A","7.333333333333333","N/A"
"30","569","3","N/A","17","N/A","0.15","N/A","-5196.666666666667","N/A","10833.333333333334","N/A","38.85","N/A","12","N/A","46","N/A","7.333333333333333","N/A"
"30","570","3","N/A","17","N/A","0.15","N/A","-5226.666666666667","N/A","10833.333333333334","N/A","38.85","N/A","12","N/A","46","N/A","7.333333333333333","N/A"
"30","571","3","N/A","17","N/A","0.15","N/A","-5090","N/A","11000","N/A","38.85","N/A","12","N/A","46","N/A","7.333333333333333","N/A"
"30","572","3","N/A","17","N/A","0.15","N/A","-5120","N/A","11000","N/A","38.85","N/A","12","N/A","46","N/A","7.333333333333333","N/A"
"30","573","3","N/A","17","N/A","0.15","N/A","-5150","N/A","11000","N/A","38.85","N/A","12","N/A","46","N/A","7.333333333333333","N/A"
"30","574","3","N/A","17","N/A","0.15","N/A","-5180","N/A","11000","N/A","38.85","N/A","12","N/A","46","N/A","7.333333333333333","N/A"
"30","575","3","N/A","17","N/A","0.15","N/A","-5210","N/A","11000","N/A","38.85","N/A","12","N/A","46","N/A","7.333333333333333","N/A"
"30","576","3","N/A","17","N/A","0.15","N/A","-5240","N/A","11000","N/A","38.85","N/A","12","N/A","46","N/A","7.333333333333333","N/A"
"30","577","3","N/A","17","N/A","0.15","N/A","-5270","N/A","11000","N/A","38.85","N/A","12","N/A","46","N/A","7.333333333333333","N/A"
"30","578","3","N/A","17","N/A","0.15","N/A","-5300","N/A","11000","N/A","38.85","N/A","12","N/A","46","N/A","7.333333333333333","N/A"
"30","579","3","N/A","17","N/A","0.15","N/A","-5330","N/A","11000","N/A","38.85","N/A","12","N/A","46","N/A","7.333333333333333","N/A"
"30","580","3","N/A","17","N/A","0.15","N/A","-5360","N/A","11000","N/A","38.85","N/A","12","N/A","46","N/A","7.333333333333333","N/A"
"30","581","3","N/A","17","N/A","0.15","N/A","-5390","N/A","11000","N/A","38.85","N/A","12","N/A","46","N/A","7.333333333333333","N/A"
"30","582","3","N/A","17","N/A","0.15","N/A","-5420","N/A","11000","N/A","38.85","N/A","12","N/A","46","N/A","7.333333333333333","N/A"
"30","583","3","N/A","17","N/A","0.15","N/A","-5450","N/A","11000","N/A","38.85","N/A","12","N/A","46","N/A","7.333333333333333","N/A"
"30","584","3","N/A","17","N/A","0.15","N/A","-5313.333333333333","N/A","11166.666666666666","N/A","38.85","N/A","12","N/A","46","N/A","7.333333333333333","N/A"
"30","585","3","N/A","17","N/A","0.15","N/A","-5343.333333333333","N/A","11166.666666666666","N/A","38.85","N/A","12","N/A","46","N/A","7.333333333333333","N/A"
"30","586","3","N/A","17","N/A","0.15","N/A","-5373.333333333333","N/A","11166.666666666666","N/A","38.85","N/A","12","N/A","46","N/A","7.333333333333333","N/A"
"30","587","3","N/A","17","N/A","0.15","N/A","-5403.333333333333","N/A","11166.666666666666","N/A","38.85","N/A","12","N/A","46","N/A","7.333333333333333","N/A"
"30","588","3","N/A","17","N/A","0.15","N/A","-5266.666666666667","N/A","11333.333333333334","N/A","38.85","N/A","12","N/A","46","N/A","7.333333333333333","N/A"
"30","589","3","N/A","17","N/A","0.15","N/A","-5296.666666666667","N/A","11333.333333333334","N/A","38.85","N/A","12","N/A","46","N/A","7.333333333333333","N/A"
"30","590","3","N/A","17","N/A","0.15","N/A","-5326.666666666667","N/A","11333.333333333334","N/A","38.85","N/A","12","N/A","46","N/A","7.333333333333333","N/A"
"30","591","3","N/A","17","N/A","0.15","N/A","-5356.666666666667","N/A","11333.333333333334","N/A","38.85","N/A","12","N/A","46","N/A","7.333333333333333","N/A"
"30","592","3","N/A","17","N/A","0.15","N/A","-5386.666666666667","N/A","11333.333333333334","N/A","38.85","N/A","12","N/A","46","N/A","7.333333333333333","N/A"
"30","593","3","N/A","17","N/A","0.15","N/A","-5416.666666666667","N/A","11333.333333333334","N/A","38.85","N/A","12","N/A","46","N/A","7.333333333333333","N/A"
"30","594","3","N/A","17","N/A","0.15","N/A","-5446.666666666667","N/A","11333.333333333334","N/A","38.85","N/A","12","N/A","46","N/A","7.333333333333333","N/A"
"30","595","3","N/A","17","N/A","0.15","N/A","-5476.666666666667","N/A","11333.333333333334","N/A","38.85","N/A","12","N/A","46","N/A","7.333333333333333","N/A"
"30","596","3","N/A","17","N/A","0.15","N/A","-5506.666666666667","N/A","11333.333333333334","N/A","38.85","N/A","12","N/A","46","N/A","7.333333333333333","N/A"
"30","597","3","N/A","17","N/A","0.15","N/A","-5536.666666666667","N/A","11333.333333333334","N/A","38.85","N/A","12","N/A","46","N/A","7.333333333333333","N/A"
"30","598","3","N/A","17","N/A","0.15","N/A","-5566.666666666667","N/A","11333.333333333334","N/A","38.85","N/A","12","N/A","46","N/A","7.333333333333333","N/A"
"30","599","3","N/A","17","N/A","0.15","N/A","-5596.666666666667","N/A","11333.333333333334","N/A","38.85","N/A","12","N/A","46","N/A","7.333333333333333","N/A"
"30","600","3","N/A","17","N/A","0.15","N/A","-5626.666666666667","N/A","11333.333333333334","N/A","38.85","N/A","12","N/A","46","N/A","7.333333333333333","N/A"
"30","601","3","N/A","17","N/A","0.15","N/A","-5490","N/A","11500","N/A","38.85","N/A","12","N/A","46","N/A","7.333333333333333","N/A"
"30","602","3","N/A","17","N/A","0.15","N/A","-5520","N/A","11500","N/A","38.85","N/A","12","N/A","46","N/A","7.333333333333333","N/A"
"30","603","3","N/A","17","N/A","0.15","N/A","-5550","N/A","11500","N/A","38.85","N/A","12","N/A","46","N/A","7.333333333333333","N/A"
"30","604","3","N/A","17","N/A","0.15","N/A","-5580","N/A","11500","N/A","38.85","N/A","12","N/A","46","N/A","7.333333333333333","N/A"
"30","605","3","N/A","17","N/A","0.15","N/A","-5443.333333333333","N/A","11666.666666666666","N/A","38.85","N/A","12","N/A","46","N/A","7.333333333333333","N/A"
"30","606","3","N/A","17","N/A","0.15","N/A","-5473.333333333333","N/A","11666.666666666666","N/A","38.85","N/A","12","N/A","46","N/A","7.333333333333333","N/A"
"30","607","3","N/A","17","N/A","0.15","N/A","-5503.333333333333","N/A","11666.666666666666","N/A","38.85","N/A","12","N/A","46","N/A","7.333333333333333","N/A"
"30","608","3","N/A","17","N/A","0.15","N/A","-5533.333333333333","N/A","11666.666666666666","N/A","38.85","N/A","12","N/A","46","N/A","7.333333333333333","N/A"
"30","609","3","N/A","17","N/A","0.15","N/A","-5563.333333333333","N/A","11666.666666666666","N/A","38.85","N/A","12","N/A","46","N/A","7.333333333333333","N/A"
"30","610","3","N/A","17","N/A","0.15","N/A","-5593.333333333333","N/A","11666.666666666666","N/A","38.85","N/A","12","N/A","46","N/A","7.333333333333333","N/A"
"30","611","3","N/A","17","N/A","0.15","N/A","-5623.333333333333","N/A","11666.666666666666","N/A","38.85","N/A","12","N/A","46","N/A","7.333333333333333","N/A"
"30","612","3","N/A","17","N/A","0.15","N/A","-5653.333333333333","N/A","11666.666666666666","N/A","38.85","N/A","12","N/A","46","N/A","7.333333333333333","N/A"
"30","613","3","N/A","17","N/A","0.15","N/A","-5683.333333333333","N/A","11666.666666666666","N/A","38.85","N/A","12","N/A","46","N/A","7.333333333333333","N/A"
"30","614","3","N/A","17","N/A","0.15","N/A","-5713.333333333333","N/A","11666.666666666666","N/A","38.85","N/A","12","N/A","46","N/A","7.333333333333333","N/A"
"30","615","3","N/A","17","N/A","0.15","N/A","-5743.333333333333","N/A","11666.666666666666","N/A","38.85","N/A","12","N/A","46","N/A","7.333333333333333","N/A"
"30","616","3","N/A","17","N/A","0.15","N/A","-5773.333333333333","N/A","11666.666666666666","N/A","38.85","N/A","12","N/A","46","N/A","7.333333333333333","N/A"
"30","617","3","N/A","17","N/A","0.15","N/A","-5636.666666666667","N/A","11833.333333333334","N/A","38.85","N/A","12","N/A","46","N/A","7.333333333333333","N/A"
"30","618","3","N/A","17","N/A","0.15","N/A","-5666.666666666667","N/A","11833.333333333334","N/A","38.85","N/A","12","N/A","46","N/A","7.333333333333333","N/A"
"30","619","3","N/A","17","N/A","0.15","N/A","-5696.666666666667","N/A","11833.333333333334","N/A","38.85","N/A","12","N/A","46","N/A","7.333333333333333","N/A"
"30","620","3","N/A","17","N/A","0.15","N/A","-5726.666666666667","N/A","11833.333333333334","N/A","38.85","N/A","12","N/A","46","N/A","7.333333333333333","N/A"
"30","621","3","N/A","17","N/A","0.15","N/A","-5590","N/A","12000","N/A","38.85","N/A","12","N/A","46","N/A","7.333333333333333","N/A"
"30","622","3","N/A","17","N/A","0.15","N/A","-5620","N/A","12000","N/A","38.85","N/A","12","N/A","46","N/A","7.333333333333333","N/A"
"30","623","3","N/A","17","N/A","0.15","N/A","-5650","N/A","12000","N/A","38.85","N/A","12","N/A","46","N/A","7.333333333333333","N/A"
"30","624","3","N/A","17","N/A","0.15","N/A","-5680","N/A","12000","N/A","38.85","N/A","12","N/A","46","N/A","7.333333333333333","N/A"
"30","625","3","N/A","17","N/A","0.15","N/A","-5710","N/A","12000","N/A","38.85","N/A","12","N/A","46","N/A","7.333333333333333","N/A"
"30","626","3","N/A","17","N/A","0.15","N/A","-5740","N/A","12000","N/A","38.85","N/A","12","N/A","46","N/A","7.333333333333333","N/A"
"30","627","3","N/A","17","N/A","0.15","N/A","-5770","N/A","12000","N/A","38.85","N/A","12","N/A","46","N/A","7.333333333333333","N/A"
"30","628","3","N/A","17","N/A","0.15","N/A","-5800","N/A","12000","N/A","38.85","N/A","12","N/A","46","N/A","7.333333333333333","N/A"
"30","629","3","N/A","17","N/A","0.15","N/A","-5830","N/A","12000","N/A","38.85","N/A","12","N/A","46","N/A","7.333333333333333","N/A"
"30","630","3","N/A","17","N/A","0.15","N/A","-5860","N/A","12000","N/A","38.85","N/A","12","N/A","46","N/A","7.333333333333333","N/A"
"30","631","3","N/A","17","N/A","0.15","N/A","-5890","N/A","12000","N/A","38.85","N/A","12","N/A","46","N/A","7.333333333333333","N/A"
"30","632","3","N/A","17","N/A","0.15","N/A","-5920","N/A","12000","N/A","38.85","N/A","12","N/A","46","N/A","7.333333333333333","N/A"
"30","633","3","N/A","17","N/A","0.15","N/A","-5950","N/A","12000","N/A","38.85","N/A","12","N/A","46","N/A","7.333333333333333","N/A"
"30","634","3","N/A","17","N/A","0.15","N/A","-5813.333333333333","N/A","12166.666666666666","N/A","38.85","N/A","12","N/A","46","N/A","7.333333333333333","N/A"
"30","635","3","N/A","17","N/A","0.15","N/A","-5843.333333333333","N/A","12166.666666666666","N/A","38.85","N/A","12","N/A","46","N/A","7.333333333333333","N/A"
"30","636","3","N/A","17","N/A","0.15","N/A","-5873.333333333333","N/A","12166.666666666666","N/A","38.85","N/A","12","N/A","46","N/A","7.333333333333333","N/A"
"30","637","3","N/A","17","N/A","0.15","N/A","-5903.333333333333","N/A","12166.666666666666","N/A","38.85","N/A","12","N/A","46","N/A","7.333333333333333","N/A"
"30","638","3","N/A","17","N/A","0.15","N/A","-5766.666666666667","N/A","12333.333333333334","N/A","38.85","N/A","12","N/A","46","N/A","7.333333333333333","N/A"
"30","639","3","N/A","17","N/A","0.15","N/A","-5796.666666666667","N/A","12333.333333333334","N/A","38.85","N/A","12","N/A","46","N/A","7.333333333333333","N/A"
"30","640","3","N/A","17","N/A","0.15","N/A","-5826.666666666667","N/A","12333.333333333334","N/A","38.85","N/A","12","N/A","46","N/A","7.333333333333333","N/A"
"30","641","3","N/A","17","N/A","0.15","N/A","-5856.666666666667","N/A","12333.333333333334","N/A","38.85","N/A","12","N/A","46","N/A","7.333333333333333","N/A"
"30","642","3","N/A","17","N/A","0.15","N/A","-5886.666666666667","N/A","12333.333333333334","N/A","38.85","N/A","12","N/A","46","N/A","7.333333333333333","N/A"
"30","643","3","N/A","17","N/A","0.15","N/A","-5916.666666666667","N/A","12333.333333333334","N/A","38.85","N/A","12","N/A","46","N/A","7.333333333333333","N/A"
"30","644","3","N/A","17","N/A","0.15","N/A","-5946.666666666667","N/A","12333.333333333334","N/A","38.85","N/A","12","N/A","46","N/A","7.333333333333333","N/A"
"30","645","3","N/A","17","N/A","0.15","N/A","-5976.666666666667","N/A","12333.333333333334","N/A","38.85","N/A","12","N/A","46","N/A","7.333333333333333","N/A"
"30","646","3","N/A","17","N/A","0.15","N/A","-6006.666666666667","N/A","12333.333333333334","N/A","38.85","N/A","12","N/A","46","N/A","7.333333333333333","N/A"
"30","647","3","N/A","17","N/A","0.15","N/A","-6036.666666666667","N/A","12333.333333333334","N/A","38.85","N/A","12","N/A","46","N/A","7.333333333333333","N/A"
"30","648","3","N/A","17","N/A","0.15","N/A","-6066.666666666667","N/A","12333.333333333334","N/A","38.85","N/A","12","N/A","46","N/A","7.333333333333333","N/A"
"30","649","3","N/A","17","N/A","0.15","N/A","-6096.666666666667","N/A","12333.333333333334","N/A","38.85","N/A","12","N/A","46","N/A","7.333333333333333","N/A"
"30","650","3","N/A","17","N/A","0.15","N/A","-6126.666666666667","N/A","12333.333333333334","N/A","38.85","N/A","12","N/A","46","N/A","7.333333333333333","N/A"
"30","651","3","N/A","17","N/A","0.15","N/A","-5990","N/A","12500","N/A","38.85","N/A","12","N/A","46","N/A","7.333333333333333","N/A"
"30","652","3","N/A","17","N/A","0.15","N/A","-6020","N/A","12500","N/A","38.85","N/A","12","N/A","46","N/A","7.333333333333333","N/A"
"30","653","3","N/A","17","N/A","0.15","N/A","-6050","N/A","12500","N/A","38.85","N/A","12","N/A","46","N/A","7.333333333333333","N/A"
"30","654","3","N/A","17","N/A","0.15","N/A","-6080","N/A","12500","N/A","38.85","N/A","12","N/A","46","N/A","7.333333333333333","N/A"
"30","655","2","N/A","18","N/A","0.1","N/A","-9150","N/A","9500","N/A","38.85","N/A","2","N/A","56","N/A","6","N/A"
"30","656","2","N/A","18","N/A","0.1","N/A","-9180","N/A","9500","N/A","38.85","N/A","2","N/A","56","N/A","6","N/A"
"30","657","2","N/A","18","N/A","0.1","N/A","-9210","N/A","9500","N/A","38.85","N/A","2","N/A","56","N/A","6","N/A"
"30","658","2","N/A","18","N/A","0.1","N/A","-9240","N/A","9500","N/A","38.85","N/A","2","N/A","56","N/A","6","N/A"
"30","659","2","N/A","18","N/A","0.1","N/A","-9270","N/A","9500","N/A","38.85","N/A","2","N/A","56","N/A","6","N/A"
"30","660","2","N/A","18","N/A","0.1","N/A","-9300","N/A","9500","N/A","38.85","N/A","2","N/A","56","N/A","6","N/A"
"30","661","2","N/A","18","N/A","0.1","N/A","-9330","N/A","9500","N/A","38.85","N/A","2","N/A","56","N/A","6","N/A"
"30","662","2","N/A","18","N/A","0.1","N/A","-9360","N/A","9500","N/A","38.85","N/A","2","N/A","56","N/A","6","N/A"
"30","663","2","N/A","18","N/A","0.1","N/A","-9390","N/A","9500","N/A","38.85","N/A","2","N/A","56","N/A","6","N/A"
"30","664","2","N/A","18","N/A","0.1","N/A","-9420","N/A","9500","N/A","38.85","N/A","2","N/A","56","N/A","6","N/A"
"30","665","2","N/A","18","N/A","0.1","N/A","-9450","N/A","9500","N/A","38.85","N/A","2","N/A","56","N/A","6","N/A"
"30","666","2","N/A","18","N/A","0.1","N/A","-9480","N/A","9500","N/A","38.85","N/A","2","N/A","56","N/A","6","N/A"
"30","667","2","N/A","18","N/A","0.1","N/A","-9260","N/A","9750","N/A","38.85","N/A","2","N/A","56","N/A","6","N/A"
"30","668","2","N/A","18","N/A","0.1","N/A","-9290","N/A","9750","N/A","38.85","N/A","2","N/A","56","N/A","6","N/A"
"30","669","2","N/A","18","N/A","0.1","N/A","-9320","N/A","9750","N/A","38.85","N/A","2","N/A","56","N/A","6","N/A"
"30","670","2","N/A","18","N/A","0.1","N/A","-9350","N/A","9750","N/A","38.85","N/A","2","N/A","56","N/A","6","N/A"
"30","671","2","N/A","18","N/A","0.1","N/A","-9380","N/A","9750","N/A","38.85","N/A","2","N/A","56","N/A","6","N/A"
"30","672","2","N/A","18","N/A","0.1","N/A","-9410","N/A","9750","N/A","38.85","N/A","2","N/A","56","N/A","6","N/A"
"30","673","2","N/A","18","N/A","0.1","N/A","-9440","N/A","9750","N/A","38.85","N/A","2","N/A","56","N/A","6","N/A"
"30","674","2","N/A","18","N/A","0.1","N/A","-9470","N/A","9750","N/A","38.85","N/A","2","N/A","56","N/A","6","N/A"
"30","675","2","N/A","18","N/A","0.1","N/A","-9500","N/A","9750","N/A","38.85","N/A","2","N/A","56","N/A","6","N/A"
"30","676","2","N/A","18","N/A","0.1","N/A","-9530","N/A","9750","N/A","38.85","N/A","2","N/A","56","N/A","6","N/A"
"30","677","2","N/A","18","N/A","0.1","N/A","-9560","N/A","9750","N/A","38.85","N/A","2","N/A","56","N/A","6","N/A"
"30","678","2","N/A","18","N/A","0.1","N/A","-9590","N/A","9750","N/A","38.85","N/A","2","N/A","56","N/A","6","N/A"
"30","679","2","N/A","18","N/A","0.1","N/A","-9620","N/A","9750","N/A","38.85","N/A","2","N/A","56","N/A","6","N/A"
"30","680","2","N/A","18","N/A","0.1","N/A","-9650","N/A","9750","N/A","38.85","N/A","2","N/A","56","N/A","6","N/A"
"30","681","2","N/A","18","N/A","0.1","N/A","-9680","N/A","9750","N/A","38.85","N/A","2","N/A","56","N/A","6","N/A"
"30","682","2","N/A","18","N/A","0.1","N/A","-9710","N/A","9750","N/A","38.85","N/A","2","N/A","56","N/A","6","N/A"
"30","683","2","N/A","18","N/A","0.1","N/A","-9740","N/A","9750","N/A","38.85","N/A","2","N/A","56","N/A","6","N/A"
"30","684","2","N/A","18","N/A","0.1","N/A","-9520","N/A","10000","N/A","38.85","N/A","2","N/A","56","N/A","6","N/A"
"30","685","2","N/A","18","N/A","0.1","N/A","-9550","N/A","10000","N/A","38.85","N/A","2","N/A","56","N/A","6","N/A"
"30","686","2","N/A","18","N/A","0.1","N/A","-9580","N/A","10000","N/A","38.85","N/A","2","N/A","56","N/A","6","N/A"
"30","687","2","N/A","18","N/A","0.1","N/A","-9610","N/A","10000","N/A","38.85","N/A","2","N/A","56","N/A","6","N/A"
"30","688","2","N/A","18","N/A","0.1","N/A","-9640","N/A","10000","N/A","38.85","N/A","2","N/A","56","N/A","6","N/A"
"30","689","2","N/A","18","N/A","0.1","N/A","-9670","N/A","10000","N/A","38.85","N/A","2","N/A","56","N/A","6","N/A"
"30","690","2","N/A","18","N/A","0.1","N/A","-9700","N/A","10000","N/A","38.85","N/A","2","N/A","56","N/A","6","N/A"
"30","691","2","N/A","18","N/A","0.1","N/A","-9730","N/A","10000","N/A","38.85","N/A","2","N/A","56","N/A","6","N/A"
"30","692","2","N/A","18","N/A","0.1","N/A","-9760","N/A","10000","N/A","38.85","N/A","2","N/A","56","N/A","6","N/A"
"30","693","2","N/A","18","N/A","0.1","N/A","-9790","N/A","10000","N/A","38.85","N/A","2","N/A","56","N/A","6","N/A"
"30","694","2","N/A","18","N/A","0.1","N/A","-9820","N/A","10000","N/A","38.85","N/A","2","N/A","56","N/A","6","N/A"
"30","695","2","N/A","18","N/A","0.1","N/A","-9850","N/A","10000","N/A","38.85","N/A","2","N/A","56","N/A","6","N/A"
"30","696","2","N/A","18","N/A","0.1","N/A","-9880","N/A","10000","N/A","38.85","N/A","2","N/A","56","N/A","6.5","N/A"
"30","697","2","N/A","18","N/A","0.1","N/A","-9910","N/A","10000","N/A","38.85","N/A","2","N/A","56","N/A","6.5","N/A"
"30","698","2","N/A","18","N/A","0.1","N/A","-9940","N/A","10000","N/A","38.85","N/A","2","N/A","56","N/A","6.5","N/A"
"30","699","2","N/A","18","N/A","0.1","N/A","-9970","N/A","10000","N/A","38.85","N/A","2","N/A","56","N/A","6.5","N/A"
"30","700","2","N/A","18","N/A","0.1","N/A","-10000","N/A","10000","N/A","38.85","N/A","2","N/A","56","N/A","6.5","N/A"
"30","701","2","N/A","18","N/A","0.1","N/A","-9780","N/A","10250","N/A","38.85","N/A","2","N/A","56","N/A","6.5","N/A"
"30","702","2","N/A","18","N/A","0.1","N/A","-9810","N/A","10250","N/A","38.85","N/A","2","N/A","56","N/A","6.5","N/A"
"30","703","2","N/A","18","N/A","0.1","N/A","-9840","N/A","10250","N/A","38.85","N/A","2","N/A","56","N/A","6.5","N/A"
"30","704","2","N/A","18","N/A","0.1","N/A","-9870","N/A","10250","N/A","38.85","N/A","2","N/A","56","N/A","6.5","N/A"
"30","705","2","N/A","18","N/A","0.1","N/A","-9900","N/A","10250","N/A","38.85","N/A","2","N/A","56","N/A","6.5","N/A"
"30","706","2","N/A","18","N/A","0.1","N/A","-9930","N/A","10250","N/A","38.85","N/A","2","N/A","56","N/A","6.5","N/A"
"30","707","2","N/A","18","N/A","0.1","N/A","-9960","N/A","10250","N/A","38.85","N/A","2","N/A","56","N/A","6.5","N/A"
"30","708","2","N/A","18","N/A","0.1","N/A","-9990","N/A","10250","N/A","38.85","N/A","2","N/A","56","N/A","6.5","N/A"
"30","709","2","N/A","18","N/A","0.1","N/A","-10020","N/A","10250","N/A","38.85","N/A","2","N/A","56","N/A","6.5","N/A"
"30","710","2","N/A","18","N/A","0.1","N/A","-10050","N/A","10250","N/A","38.85","N/A","2","N/A","56","N/A","6.5","N/A"
"30","711","2","N/A","18","N/A","0.1","N/A","-10080","N/A","10250","N/A","38.85","N/A","2","N/A","56","N/A","6.5","N/A"
"30","712","2","N/A","18","N/A","0.1","N/A","-10110","N/A","10250","N/A","38.85","N/A","2","N/A","56","N/A","6.5","N/A"
"30","713","2","N/A","18","N/A","0.1","N/A","-10140","N/A","10250","N/A","38.85","N/A","2","N/A","56","N/A","6.5","N/A"
"30","714","2","N/A","18","N/A","0.1","N/A","-10170","N/A","10250","N/A","38.85","N/A","2","N/A","56","N/A","6.5","N/A"
"30","715","2","N/A","18","N/A","0.1","N/A","-10200","N/A","10250","N/A","38.85","N/A","5","N/A","56","N/A","7","N/A"
"30","716","2","N/A","18","N/A","0.1","N/A","-10230","N/A","10250","N/A","38.85","N/A","5","N/A","56","N/A","7","N/A"
"30","717","2","N/A","18","N/A","0.1","N/A","-10010","N/A","10500","N/A","38.85","N/A","5","N/A","56","N/A","7","N/A"
"30","718","2","N/A","18","N/A","0.1","N/A","-10040","N/A","10500","N/A","38.85","N/A","5","N/A","56","N/A","7","N/A"
"30","719","2","N/A","18","N/A","0.1","N/A","-10070","N/A","10500","N/A","38.85","N/A","5","N/A","56","N/A","7","N/A"
"30","720","2","N/A","18","N/A","0.1","N/A","-10100","N/A","10500","N/A","38.85","N/A","5","N/A","56","N/A","7","N/A"
"30","721","2","N/A","18","N/A","0.1","N/A","-10130","N/A","10500","N/A","38.85","N/A","5","N/A","56","N/A","7","N/A"
"30","722","2","N/A","18","N/A","0.1","N/A","-10160","N/A","10500","N/A","38.85","N/A","5","N/A","56","N/A","7","N/A"
"30","723","2","N/A","18","N/A","0.1","N/A","-10190","N/A","10500","N/A","38.85","N/A","5","N/A","56","N/A","7","N/A"
"30","724","2","N/A","18","N/A","0.1","N/A","-10220","N/A","10500","N/A","38.85","N/A","5","N/A","56","N/A","7","N/A"
"30","725","2","N/A","18","N/A","0.1","N/A","-10250","N/A","10500","N/A","38.85","N/A","5","N/A","56","N/A","7","N/A"
"30","726","2","N/A","18","N/A","0.1","N/A","-10280","N/A","10500","N/A","38.85","N/A","5","N/A","56","N/A","7","N/A"
"30","727","2","N/A","18","N/A","0.1","N/A","-10310","N/A","10500","N/A","38.85","N/A","5","N/A","56","N/A","7","N/A"
"30","728","2","N/A","18","N/A","0.1","N/A","-10340","N/A","10500","N/A","38.85","N/A","5","N/A","56","N/A","7","N/A"
"30","729","2","N/A","18","N/A","0.1","N/A","-10370","N/A","10500","N/A","38.85","N/A","5","N/A","56","N/A","7","N/A"
"30","730","2","N/A","18","N/A","0.1","N/A","-10400","N/A","10500","N/A","38.85","N/A","5","N/A","56","N/A","7","N/A"
"30","731","2","N/A","18","N/A","0.1","N/A","-10430","N/A","10500","N/A","38.85","N/A","5","N/A","56","N/A","7","N/A"
"30","732","2","N/A","18","N/A","0.1","N/A","-10460","N/A","10500","N/A","38.85","N/A","5","N/A","56","N/A","7","N/A"
"30","733","2","N/A","18","N/A","0.1","N/A","-10490","N/A","10500","N/A","38.85","N/A","5","N/A","56","N/A","7","N/A"
"30","734","2","N/A","18","N/A","0.1","N/A","-10270","N/A","10750","N/A","38.85","N/A","5","N/A","56","N/A","7","N/A"
"30","735","2","N/A","18","N/A","0.1","N/A","-10300","N/A","10750","N/A","38.85","N/A","5","N/A","56","N/A","7","N/A"
"30","736","2","N/A","18","N/A","0.1","N/A","-10330","N/A","10750","N/A","38.85","N/A","5","N/A","56","N/A","7","N/A"
"30","737","2","N/A","18","N/A","0.1","N/A","-10360","N/A","10750","N/A","38.85","N/A","5","N/A","56","N/A","7","N/A"
"30","738","2","N/A","18","N/A","0.1","N/A","-10390","N/A","10750","N/A","38.85","N/A","5","N/A","56","N/A","7","N/A"
"30","739","2","N/A","18","N/A","0.1","N/A","-10420","N/A","10750","N/A","38.85","N/A","5","N/A","56","N/A","7","N/A"
"30","740","2","N/A","18","N/A","0.1","N/A","-10450","N/A","10750","N/A","38.85","N/A","5","N/A","56","N/A","7","N/A"
"30","741","2","N/A","18","N/A","0.1","N/A","-10480","N/A","10750","N/A","38.85","N/A","5","N/A","56","N/A","7","N/A"
"30","742","2","N/A","18","N/A","0.1","N/A","-10510","N/A","10750","N/A","38.85","N/A","5","N/A","56","N/A","7","N/A"
"30","743","2","N/A","18","N/A","0.1","N/A","-10540","N/A","10750","N/A","38.85","N/A","5","N/A","56","N/A","7","N/A"
"30","744","2","N/A","18","N/A","0.1","N/A","-10570","N/A","10750","N/A","38.85","N/A","5","N/A","56","N/A","7","N/A"
"30","745","2","N/A","18","N/A","0.1","N/A","-10600","N/A","10750","N/A","38.85","N/A","5","N/A","56","N/A","7","N/A"
"30","746","2","N/A","18","N/A","0.1","N/A","-10630","N/A","10750","N/A","38.85","N/A","5","N/A","56","N/A","7","N/A"
"30","747","2","N/A","18","N/A","0.1","N/A","-10660","N/A","10750","N/A","38.85","N/A","5","N/A","56","N/A","7","N/A"
"30","748","2","N/A","18","N/A","0.1","N/A","-10690","N/A","10750","N/A","38.85","N/A","5","N/A","56","N/A","7","N/A"
"30","749","2","N/A","18","N/A","0.1","N/A","-10720","N/A","10750","N/A","38.85","N/A","5","N/A","56","N/A","7","N/A"
"30","750","2","N/A","18","N/A","0.1","N/A","-10750","N/A","10750","N/A","38.85","N/A","5","N/A","56","N/A","7","N/A"
"30","751","2","N/A","18","N/A","0.1","N/A","-10530","N/A","11000","N/A","38.85","N/A","5","N/A","56","N/A","7","N/A"
"30","752","2","N/A","18","N/A","0.1","N/A","-10560","N/A","11000","N/A","38.85","N/A","5","N/A","56","N/A","7","N/A"
"30","753","2","N/A","18","N/A","0.1","N/A","-10590","N/A","11000","N/A","38.85","N/A","5","N/A","56","N/A","7","N/A"
"30","754","2","N/A","18","N/A","0.1","N/A","-10620","N/A","11000","N/A","38.85","N/A","5","N/A","56","N/A","7","N/A"
"30","755","2","N/A","18","N/A","0.1","N/A","-10650","N/A","11000","N/A","38.85","N/A","5","N/A","56","N/A","7","N/A"
"30","756","2","N/A","18","N/A","0.1","N/A","-10680","N/A","11000","N/A","38.85","N/A","5","N/A","56","N/A","7","N/A"
"30","757","2","N/A","18","N/A","0.1","N/A","-10710","N/A","11000","N/A","38.85","N/A","5","N/A","56","N/A","7","N/A"
"30","758","2","N/A","18","N/A","0.1","N/A","-10740","N/A","11000","N/A","38.85","N/A","5","N/A","56","N/A","7","N/A"
"30","759","2","N/A","18","N/A","0.1","N/A","-10770","N/A","11000","N/A","38.85","N/A","5","N/A","56","N/A","7","N/A"
"30","760","2","N/A","18","N/A","0.1","N/A","-10800","N/A","11000","N/A","38.85","N/A","5","N/A","56","N/A","7","N/A"
"30","761","2","N/A","18","N/A","0.1","N/A","-10830","N/A","11000","N/A","38.85","N/A","5","N/A","56","N/A","7","N/A"
"30","762","2","N/A","18","N/A","0.1","N/A","-10860","N/A","11000","N/A","38.85","N/A","5","N/A","56","N/A","7","N/A"
"30","763","2","N/A","18","N/A","0.1","N/A","-10890","N/A","11000","N/A","38.85","N/A","5","N/A","56","N/A","7","N/A"
"30","764","2","N/A","18","N/A","0.1","N/A","-10920","N/A","11000","N/A","38.85","N/A","5","N/A","56","N/A","7","N/A"
"30","765","2","N/A","18","N/A","0.1","N/A","-10950","N/A","11000","N/A","38.85","N/A","5","N/A","56","N/A","7","N/A"
"30","766","2","N/A","18","N/A","0.1","N/A","-10980","N/A","11000","N/A","38.85","N/A","5","N/A","56","N/A","7","N/A"
"30","767","2","N/A","18","N/A","0.1","N/A","-10760","N/A","11250","N/A","38.85","N/A","5","N/A","56","N/A","7","N/A"
"30","768","2","N/A","18","N/A","0.1","N/A","-10790","N/A","11250","N/A","38.85","N/A","5","N/A","56","N/A","7","N/A"
"30","769","2","N/A","18","N/A","0.1","N/A","-10820","N/A","11250","N/A","38.85","N/A","5","N/A","56","N/A","7","N/A"
"30","770","2","N/A","18","N/A","0.1","N/A","-10850","N/A","11250","N/A","38.85","N/A","5","N/A","56","N/A","7","N/A"
"30","771","2","N/A","18","N/A","0.1","N/A","-10880","N/A","11250","N/A","38.85","N/A","5","N/A","56","N/A","7","N/A"
"30","772","2","N/A","18","N/A","0.1","N/A","-10910","N/A","11250","N/A","38.85","N/A","5","N/A","56","N/A","7","N/A"
"30","773","2","N/A","18","N/A","0.1","N/A","-10940","N/A","11250","N/A","38.85","N/A","5","N/A","56","N/A","7","N/A"
"30","774","2","N/A","18","N/A","0.1","N/A","-10970","N/A","11250","N/A","38.85","N/A","5","N/A","56","N/A","7","N/A"
"30","775","2","N/A","18","N/A","0.1","N/A","-11000","N/A","11250","N/A","38.85","N/A","5","N/A","56","N/A","7","N/A"
"30","776","2","N/A","18","N/A","0.1","N/A","-11030","N/A","11250","N/A","38.85","N/A","5","N/A","56","N/A","7","N/A"
"30","777","2","N/A","18","N/A","0.1","N/A","-11060","N/A","11250","N/A","38.85","N/A","5","N/A","56","N/A","7","N/A"
"30","778","2","N/A","18","N/A","0.1","N/A","-11090","N/A","11250","N/A","38.85","N/A","5","N/A","56","N/A","7","N/A"
"30","779","2","N/A","18","N/A","0.1","N/A","-11120","N/A","11250","N/A","38.85","N/A","5","N/A","56","N/A","7","N/A"
"30","780","2","N/A","18","N/A","0.1","N/A","-11150","N/A","11250","N/A","38.85","N/A","5","N/A","56","N/A","7","N/A"
"30","781","2","N/A","18","N/A","0.1","N/A","-11180","N/A","11250","N/A","38.85","N/A","5","N/A","56","N/A","7","N/A"
"30","782","2","N/A","18","N/A","0.1","N/A","-10960","N/A","11500","N/A","38.85","N/A","5","N/A","56","N/A","7","N/A"
"30","783","2","N/A","18","N/A","0.1","N/A","-10990","N/A","11500","N/A","38.85","N/A","5","N/A","56","N/A","7","N/A"
"30","784","2","N/A","18","N/A","0.1","N/A","-10770","N/A","11750","N/A","38.85","N/A","5","N/A","56","N/A","7","N/A"
"30","785","2","N/A","18","N/A","0.1","N/A","-10800","N/A","11750","N/A","38.85","N/A","5","N/A","56","N/A","7","N/A"
"30","786","2","N/A","18","N/A","0.1","N/A","-10830","N/A","11750","N/A","38.85","N/A","5","N/A","56","N/A","7","N/A"
"30","787","2","N/A","18","N/A","0.1","N/A","-10860","N/A","11750","N/A","38.85","N/A","5","N/A","56","N/A","7","N/A"
"30","788","2","N/A","18","N/A","0.1","N/A","-10890","N/A","11750","N/A","38.85","N/A","5","N/A","56","N/A","7","N/A"
"30","789","2","N/A","18","N/A","0.1","N/A","-10920","N/A","11750","N/A","38.85","N/A","5","N/A","56","N/A","7","N/A"
"30","790","2","N/A","18","N/A","0.1","N/A","-10950","N/A","11750","N/A","38.85","N/A","5","N/A","56","N/A","7","N/A"
"30","791","2","N/A","18","N/A","0.1","N/A","-10980","N/A","11750","N/A","38.85","N/A","5","N/A","56","N/A","7","N/A"
"30","792","2","N/A","18","N/A","0.1","N/A","-11010","N/A","11750","N/A","38.85","N/A","5","N/A","56","N/A","7","N/A"
"30","793","2","N/A","18","N/A","0.1","N/A","-11040","N/A","11750","N/A","38.85","N/A","5","N/A","56","N/A","7","N/A"
"30","794","2","N/A","18","N/A","0.1","N/A","-11070","N/A","11750","N/A","38.85","N/A","5","N/A","56","N/A","7","N/A"
"30","795","2","N/A","18","N/A","0.1","N/A","-11100","N/A","11750","N/A","38.85","N/A","5","N/A","56","N/A","7","N/A"
"30","796","2","N/A","18","N/A","0.1","N/A","-11130","N/A","11750","N/A","38.85","N/A","5","N/A","56","N/A","7","N/A"
"30","797","2","N/A","18","N/A","0.1","N/A","-11160","N/A","11750","N/A","38.85","N/A","5","N/A","56","N/A","7","N/A"
"30","798","2","N/A","18","N/A","0.1","N/A","-11190","N/A","11750","N/A","38.85","N/A","5","N/A","56","N/A","7","N/A"
"30","799","2","N/A","18","N/A","0.1","N/A","-11220","N/A","11750","N/A","38.85","N/A","5","N/A","56","N/A","7","N/A"
"30","800","2","N/A","18","N/A","0.1","N/A","-11250","N/A","11750","N/A","38.85","N/A","5","N/A","56","N/A","7","N/A"
"30","801","2","N/A","18","N/A","0.1","N/A","-11030","N/A","12000","N/A","38.85","N/A","5","N/A","56","N/A","7","N/A"
"30","802","2","N/A","18","N/A","0.1","N/A","-11060","N/A","12000","N/A","38.85","N/A","5","N/A","56","N/A","7","N/A"
"30","803","2","N/A","18","N/A","0.1","N/A","-11090","N/A","12000","N/A","38.85","N/A","5","N/A","56","N/A","7","N/A"
"30","804","2","N/A","18","N/A","0.1","N/A","-11120","N/A","12000","N/A","38.85","N/A","5","N/A","56","N/A","7","N/A"
"30","805","2","N/A","18","N/A","0.1","N/A","-11150","N/A","12000","N/A","38.85","N/A","5","N/A","56","N/A","7","N/A"
"30","806","2","N/A","18","N/A","0.1","N/A","-11180","N/A","12000","N/A","38.85","N/A","5","N/A","56","N/A","7","N/A"
"30","807","2","N/A","18","N/A","0.1","N/A","-11210","N/A","12000","N/A","38.85","N/A","5","N/A","56","N/A","7","N/A"
"30","808","2","N/A","18","N/A","0.1","N/A","-11240","N/A","12000","N/A","38.85","N/A","5","N/A","56","N/A","7","N/A"
"30","809","2","N/A","18","N/A","0.1","N/A","-11270","N/A","12000","N/A","38.85","N/A","5","N/A","56","N/A","7","N/A"
"30","810","2","N/A","18","N/A","0.1","N/A","-11300","N/A","12000","N/A","38.85","N/A","5","N/A","56","N/A","7","N/A"
"30","811","2","N/A","18","N/A","0.1","N/A","-11330","N/A","12000","N/A","38.85","N/A","5","N/A","56","N/A","7","N/A"
"30","812","2","N/A","18","N/A","0.1","N/A","-11360","N/A","12000","N/A","38.85","N/A","5","N/A","56","N/A","7","N/A"
"30","813","2","N/A","18","N/A","0.1","N/A","-11390","N/A","12000","N/A","38.85","N/A","5","N/A","56","N/A","7","N/A"
"30","814","2","N/A","18","N/A","0.1","N/A","-11420","N/A","12000","N/A","38.85","N/A","5","N/A","56","N/A","7","N/A"
"30","815","2","N/A","18","N/A","0.1","N/A","-11450","N/A","12000","N/A","38.85","N/A","5","N/A","56","N/A","7","N/A"
"30","816","2","N/A","18","N/A","0.1","N/A","-11480","N/A","12000","N/A","38.85","N/A","5","N/A","56","N/A","7","N/A"
"30","817","2","N/A","18","N/A","0.1","N/A","-11260","N/A","12250","N/A","38.85","N/A","5","N/A","56","N/A","7","N/A"
"30","818","2","N/A","18","N/A","0.1","N/A","-11290","N/A","12250","N/A","38.85","N/A","5","N/A","56","N/A","7","N/A"
"30","819","2","N/A","18","N/A","0.1","N/A","-11320","N/A","12250","N/A","38.85","N/A","5","N/A","56","N/A","7","N/A"
"30","820","2","N/A","18","N/A","0.1","N/A","-11350","N/A","12250","N/A","38.85","N/A","5","N/A","56","N/A","7","N/A"
"30","821","2","N/A","18","N/A","0.1","N/A","-11380","N/A","12250","N/A","38.85","N/A","5","N/A","56","N/A","7","N/A"
"30","822","2","N/A","18","N/A","0.1","N/A","-11410","N/A","12250","N/A","38.85","N/A","5","N/A","56","N/A","7","N/A"
"30","823","2","N/A","18","N/A","0.1","N/A","-11440","N/A","12250","N/A","38.85","N/A","5","N/A","56","N/A","7","N/A"
"30","824","2","N/A","18","N/A","0.1","N/A","-11470","N/A","12250","N/A","38.85","N/A","5","N/A","56","N/A","7","N/A"
"30","825","2","N/A","18","N/A","0.1","N/A","-11500","N/A","12250","N/A","38.85","N/A","5","N/A","56","N/A","7","N/A"
"30","826","2","N/A","18","N/A","0.1","N/A","-11530","N/A","12250","N/A","38.85","N/A","5","N/A","56","N/A","7","N/A"
"30","827","2","N/A","18","N/A","0.1","N/A","-11560","N/A","12250","N/A","38.85","N/A","5","N/A","56","N/A","7","N/A"
"30","828","2","N/A","18","N/A","0.1","N/A","-11590","N/A","12250","N/A","38.85","N/A","5","N/A","56","N/A","7","N/A"
"30","829","2","N/A","18","N/A","0.1","N/A","-11620","N/A","12250","N/A","38.85","N/A","5","N/A","56","N/A","7","N/A"
"30","830","2","N/A","18","N/A","0.1","N/A","-11650","N/A","12250","N/A","38.85","N/A","5","N/A","56","N/A","7","N/A"
"30","831","2","N/A","18","N/A","0.1","N/A","-11680","N/A","12250","N/A","38.85","N/A","5","N/A","56","N/A","7","N/A"
"30","832","2","N/A","18","N/A","0.1","N/A","-11710","N/A","12250","N/A","38.85","N/A","5","N/A","56","N/A","7","N/A"
"30","833","2","N/A","18","N/A","0.1","N/A","-11740","N/A","12250","N/A","38.85","N/A","5","N/A","56","N/A","7","N/A"
"30","834","2","N/A","18","N/A","0.1","N/A","-11520","N/A","12500","N/A","38.85","N/A","5","N/A","56","N/A","7","N/A"
"30","835","2","N/A","18","N/A","0.1","N/A","-11550","N/A","12500","N/A","38.85","N/A","5","N/A","56","N/A","7","N/A"
"30","836","2","N/A","18","N/A","0.1","N/A","-11580","N/A","12500","N/A","38.85","N/A","5","N/A","56","N/A","7","N/A"
"30","837","2","N/A","18","N/A","0.1","N/A","-11610","N/A","12500","N/A","38.85","N/A","5","N/A","56","N/A","7","N/A"
"30","838","2","N/A","18","N/A","0.1","N/A","-11640","N/A","12500","N/A","38.85","N/A","5","N/A","56","N/A","7","N/A"
"30","839","2","N/A","18","N/A","0.1","N/A","-11670","N/A","12500","N/A","38.85","N/A","5","N/A","56","N/A","7","N/A"
"30","840","2","N/A","18","N/A","0.1","N/A","-11700","N/A","12500","N/A","38.85","N/A","5","N/A","56","N/A","7","N/A"
"30","841","2","N/A","18","N/A","0.1","N/A","-11730","N/A","12500","N/A","38.85","N/A","5","N/A","56","N/A","7","N/A"
"30","842","2","N/A","18","N/A","0.1","N/A","-11760","N/A","12500","N/A","38.85","N/A","5","N/A","56","N/A","7","N/A"
"30","843","2","N/A","18","N/A","0.1","N/A","-11790","N/A","12500","N/A","38.85","N/A","5","N/A","56","N/A","7","N/A"
"30","844","2","N/A","18","N/A","0.1","N/A","-11820","N/A","12500","N/A","38.85","N/A","5","N/A","56","N/A","7","N/A"
"30","845","2","N/A","18","N/A","0.1","N/A","-11850","N/A","12500","N/A","38.85","N/A","5","N/A","56","N/A","7","N/A"
"30","846","2","N/A","18","N/A","0.1","N/A","-11880","N/A","12500","N/A","38.85","N/A","5","N/A","56","N/A","7","N/A"
"30","847","2","N/A","18","N/A","0.1","N/A","-11910","N/A","12500","N/A","38.85","N/A","5","N/A","56","N/A","7","N/A"
"30","848","2","N/A","18","N/A","0.1","N/A","-11940","N/A","12500","N/A","38.85","N/A","5","N/A","56","N/A","7","N/A"
"30","849","2","N/A","18","N/A","0.1","N/A","-11970","N/A","12500","N/A","38.85","N/A","5","N/A","56","N/A","7","N/A"
"30","850","2","N/A","18","N/A","0.1","N/A","-12000","N/A","12500","N/A","38.85","N/A","5","N/A","56","N/A","7","N/A"
"30","851","2","N/A","18","N/A","0.1","N/A","-11780","N/A","12750","N/A","38.85","N/A","5","N/A","56","N/A","7","N/A"
"30","852","2","N/A","18","N/A","0.1","N/A","-11810","N/A","12750","N/A","38.85","N/A","5","N/A","56","N/A","7","N/A"
"30","853","2","N/A","18","N/A","0.1","N/A","-11840","N/A","12750","N/A","38.85","N/A","5","N/A","56","N/A","7","N/A"
"30","854","2","N/A","18","N/A","0.1","N/A","-11870","N/A","12750","N/A","38.85","N/A","5","N/A","56","N/A","7","N/A"
"30","855","2","N/A","18","N/A","0.1","N/A","-11900","N/A","12750","N/A","38.85","N/A","5","N/A","56","N/A","7","N/A"
"30","856","2","N/A","18","N/A","0.1","N/A","-11930","N/A","12750","N/A","38.85","N/A","5","N/A","56","N/A","7","N/A"
"30","857","2","N/A","18","N/A","0.1","N/A","-11960","N/A","12750","N/A","38.85","N/A","5","N/A","56","N/A","7","N/A"
"30","858","2","N/A","18","N/A","0.1","N/A","-11990","N/A","12750","N/A","38.85","N/A","5","N/A","56","N/A","7","N/A"
"30","859","2","N/A","18","N/A","0.1","N/A","-12020","N/A","12750","N/A","38.85","N/A","5","N/A","56","N/A","7","N/A"
"30","860","2","N/A","18","N/A","0.1","N/A","-12050","N/A","12750","N/A","38.85","N/A","5","N/A","56","N/A","7","N/A"
"30","861","2","N/A","18","N/A","0.1","N/A","-12080","N/A","12750","N/A","38.85","N/A","5","N/A","56","N/A","7","N/A"
"30","862","2","N/A","18","N/A","0.1","N/A","-12110","N/A","12750","N/A","38.85","N/A","5","N/A","56","N/A","7","N/A"
"30","863","2","N/A","18","N/A","0.1","N/A","-12140","N/A","12750","N/A","38.85","N/A","5","N/A","56","N/A","7","N/A"
"30","864","2","N/A","18","N/A","0.1","N/A","-12170","N/A","12750","N/A","38.85","N/A","5","N/A","56","N/A","7","N/A"
"30","865","2","N/A","18","N/A","0.1","N/A","-12200","N/A","12750","N/A","38.85","N/A","5","N/A","56","N/A","7","N/A"
"30","866","2","N/A","18","N/A","0.1","N/A","-12230","N/A","12750","N/A","38.85","N/A","5","N/A","56","N/A","7","N/A"
"30","867","2","N/A","18","N/A","0.1","N/A","-12010","N/A","13000","N/A","38.85","N/A","5","N/A","56","N/A","7","N/A"
"30","868","2","N/A","18","N/A","0.1","N/A","-12040","N/A","13000","N/A","38.85","N/A","5","N/A","56","N/A","7","N/A"
"30","869","2","N/A","18","N/A","0.1","N/A","-12070","N/A","13000","N/A","38.85","N/A","5","N/A","56","N/A","7","N/A"
"30","870","2","N/A","18","N/A","0.1","N/A","-12100","N/A","13000","N/A","38.85","N/A","5","N/A","56","N/A","7","N/A"
"30","871","2","N/A","18","N/A","0.1","N/A","-12130","N/A","13000","N/A","38.85","N/A","5","N/A","56","N/A","7","N/A"
"30","872","2","N/A","18","N/A","0.1","N/A","-12160","N/A","13000","N/A","38.85","N/A","5","N/A","56","N/A","7","N/A"
"30","873","2","N/A","18","N/A","0.1","N/A","-12190","N/A","13000","N/A","38.85","N/A","5","N/A","56","N/A","7","N/A"
"30","874","2","N/A","18","N/A","0.1","N/A","-12220","N/A","13000","N/A","38.85","N/A","5","N/A","56","N/A","7","N/A"
"30","875","2","N/A","18","N/A","0.1","N/A","-12250","N/A","13000","N/A","38.85","N/A","5","N/A","56","N/A","7","N/A"
"30","876","2","N/A","18","N/A","0.1","N/A","-12280","N/A","13000","N/A","38.85","N/A","5","N/A","56","N/A","7","N/A"
"30","877","2","N/A","18","N/A","0.1","N/A","-12310","N/A","13000","N/A","38.85","N/A","5","N/A","56","N/A","7","N/A"
"30","878","2","N/A","18","N/A","0.1","N/A","-12340","N/A","13000","N/A","38.85","N/A","5","N/A","56","N/A","7","N/A"
"30","879","2","N/A","18","N/A","0.1","N/A","-12370","N/A","13000","N/A","38.85","N/A","5","N/A","56","N/A","7","N/A"
"30","880","2","N/A","18","N/A","0.1","N/A","-12400","N/A","13000","N/A","38.85","N/A","5","N/A","56","N/A","7","N/A"
"30","881","2","N/A","18","N/A","0.1","N/A","-12430","N/A","13000","N/A","38.85","N/A","5","N/A","56","N/A","7","N/A"
"30","882","2","N/A","18","N/A","0.1","N/A","-12460","N/A","13000","N/A","38.85","N/A","5","N/A","56","N/A","7","N/A"
"30","883","2","N/A","18","N/A","0.1","N/A","-12490","N/A","13000","N/A","38.85","N/A","5","N/A","56","N/A","7","N/A"
"30","884","2","N/A","18","N/A","0.1","N/A","-12270","N/A","13250","N/A","38.85","N/A","5","N/A","56","N/A","7","N/A"
"30","885","2","N/A","18","N/A","0.1","N/A","-12300","N/A","13250","N/A","38.85","N/A","5","N/A","56","N/A","7","N/A"
"30","886","2","N/A","18","N/A","0.1","N/A","-12330","N/A","13250","N/A","38.85","N/A","5","N/A","56","N/A","7","N/A"
"30","887","2","N/A","18","N/A","0.1","N/A","-12360","N/A","13250","N/A","38.85","N/A","5","N/A","56","N/A","7","N/A"
"30","888","2","N/A","18","N/A","0.1","N/A","-12390","N/A","13250","N/A","38.85","N/A","5","N/A","56","N/A","7","N/A"
"30","889","2","N/A","18","N/A","0.1","N/A","-12420","N/A","13250","N/A","38.85","N/A","5","N/A","56","N/A","7","N/A"
"30","890","2","N/A","18","N/A","0.1","N/A","-12450","N/A","13250","N/A","38.85","N/A","5","N/A","56","N/A","7","N/A"
"30","891","2","N/A","18","N/A","0.1","N/A","-12480","N/A","13250","N/A","38.85","N/A","5","N/A","56","N/A","7","N/A"
"30","892","2","N/A","18","N/A","0.1","N/A","-12510","N/A","13250","N/A","38.85","N/A","5","N/A","56","N/A","7","N/A"
"30","893","2","N/A","18","N/A","0.1","N/A","-12540","N/A","13250","N/A","38.85","N/A","5","N/A","56","N/A","7","N/A"
"30","894","2","N/A","18","N/A","0.1","N/A","-12570","N/A","13250","N/A","38.85","N/A","5","N/A","56","N/A","7","N/A"
"30","895","2","N/A","18","N/A","0.1","N/A","-12600","N/A","13250","N/A","38.85","N/A","5","N/A","56","N/A","7","N/A"
"30","896","2","N/A","18","N/A","0.1","N/A","-12630","N/A","13250","N/A","38.85","N/A","5","N/A","56","N/A","7","N/A"
"30","897","2","N/A","18","N/A","0.1","N/A","-12660","N/A","13250","N/A","38.85","N/A","5","N/A","56","N/A","7","N/A"
"30","898","2","N/A","18","N/A","0.1","N/A","-12690","N/A","13250","N/A","38.85","N/A","5","N/A","56","N/A","7","N/A"
"30","899","2","N/A","18","N/A","0.1","N/A","-12720","N/A","13250","N/A","38.85","N/A","5","N/A","56","N/A","7","N/A"
"30","900","2","N/A","18","N/A","0.1","N/A","-12750","N/A","13250","N/A","38.85","N/A","5","N/A","56","N/A","7","N/A"
"30","901","2","N/A","18","N/A","0.1","N/A","-12530","N/A","13500","N/A","38.85","N/A","5","N/A","56","N/A","7","N/A"
"30","902","2","N/A","18","N/A","0.1","N/A","-12560","N/A","13500","N/A","38.85","N/A","5","N/A","56","N/A","7","N/A"
"30","903","2","N/A","18","N/A","0.1","N/A","-12590","N/A","13500","N/A","38.85","N/A","5","N/A","56","N/A","7","N/A"
"30","904","2","N/A","18","N/A","0.1","N/A","-12620","N/A","13500","N/A","38.85","N/A","5","N/A","56","N/A","7","N/A"
"30","905","2","N/A","18","N/A","0.1","N/A","-12650","N/A","13500","N/A","38.85","N/A","5","N/A","56","N/A","7","N/A"
"30","906","2","N/A","18","N/A","0.1","N/A","-12680","N/A","13500","N/A","38.85","N/A","5","N/A","56","N/A","7","N/A"
"30","907","2","N/A","18","N/A","0.1","N/A","-12710","N/A","13500","N/A","38.85","N/A","5","N/A","56","N/A","7","N/A"
"30","908","2","N/A","18","N/A","0.1","N/A","-12740","N/A","13500","N/A","38.85","N/A","5","N/A","56","N/A","7","N/A"
"30","909","2","N/A","18","N/A","0.1","N/A","-12770","N/A","13500","N/A","38.85","N/A","5","N/A","56","N/A","7","N/A"
"30","910","2","N/A","18","N/A","0.1","N/A","-12800","N/A","13500","N/A","38.85","N/A","5","N/A","56","N/A","7","N/A"
"30","911","2","N/A","18","N/A","0.1","N/A","-12830","N/A","13500","N/A","38.85","N/A","5","N/A","56","N/A","7","N/A"
"30","912","2","N/A","18","N/A","0.1","N/A","-12860","N/A","13500","N/A","38.85","N/A","5","N/A","56","N/A","7","N/A"
"30","913","2","N/A","18","N/A","0.1","N/A","-12890","N/A","13500","N/A","38.85","N/A","5","N/A","56","N/A","7","N/A"
"30","914","2","N/A","18","N/A","0.1","N/A","-12920","N/A","13500","N/A","38.85","N/A","5","N/A","56","N/A","7","N/A"
"30","915","2","N/A","18","N/A","0.1","N/A","-12950","N/A","13500","N/A","38.85","N/A","5","N/A","56","N/A","7","N/A"
"30","916","2","N/A","18","N/A","0.1","N/A","-12980","N/A","13500","N/A","38.85","N/A","5","N/A","56","N/A","7","N/A"
"30","917","2","N/A","18","N/A","0.1","N/A","-12760","N/A","13750","N/A","38.85","N/A","5","N/A","56","N/A","7","N/A"
"30","918","2","N/A","18","N/A","0.1","N/A","-12790","N/A","13750","N/A","38.85","N/A","5","N/A","56","N/A","7","N/A"
"30","919","2","N/A","18","N/A","0.1","N/A","-12820","N/A","13750","N/A","38.85","N/A","5","N/A","56","N/A","7","N/A"
"30","920","2","N/A","18","N/A","0.1","N/A","-12850","N/A","13750","N/A","38.85","N/A","5","N/A","56","N/A","7","N/A"
"30","921","2","N/A","18","N/A","0.1","N/A","-12880","N/A","13750","N/A","38.85","N/A","5","N/A","56","N/A","7","N/A"
"30","922","2","N/A","18","N/A","0.1","N/A","-12910","N/A","13750","N/A","38.85","N/A","5","N/A","56","N/A","7","N/A"
"30","923","2","N/A","18","N/A","0.1","N/A","-12940","N/A","13750","N/A","38.85","N/A","5","N/A","56","N/A","7","N/A"
"30","924","2","N/A","18","N/A","0.1","N/A","-12970","N/A","13750","N/A","38.85","N/A","5","N/A","56","N/A","7","N/A"
"30","925","2","N/A","18","N/A","0.1","N/A","-13000","N/A","13750","N/A","38.85","N/A","5","N/A","56","N/A","7","N/A"
"30","926","2","N/A","18","N/A","0.1","N/A","-13030","N/A","13750","N/A","38.85","N/A","5","N/A","56","N/A","7","N/A"
"30","927","2","N/A","18","N/A","0.1","N/A","-13060","N/A","13750","N/A","38.85","N/A","5","N/A","56","N/A","7","N/A"
"30","928","2","N/A","18","N/A","0.1","N/A","-13090","N/A","13750","N/A","38.85","N/A","5","N/A","56","N/A","7","N/A"
"30","929","2","N/A","18","N/A","0.1","N/A","-13120","N/A","13750","N/A","38.85","N/A","5","N/A","56","N/A","7","N/A"
"30","930","2","N/A","18","N/A","0.1","N/A","-13150","N/A","13750","N/A","38.85","N/A","5","N/A","56","N/A","7","N/A"
"30","931","2","N/A","18","N/A","0.1","N/A","-13180","N/A","13750","N/A","38.85","N/A","5","N/A","56","N/A","7","N/A"
"30","932","2","N/A","18","N/A","0.1","N/A","-13210","N/A","13750","N/A","38.85","N/A","5","N/A","56","N/A","7","N/A"
"30","933","2","N/A","18","N/A","0.1","N/A","-13240","N/A","13750","N/A","38.85","N/A","5","N/A","56","N/A","7","N/A"
"30","934","2","N/A","18","N/A","0.1","N/A","-13020","N/A","14000","N/A","38.85","N/A","5","N/A","56","N/A","7","N/A"
"30","935","2","N/A","18","N/A","0.1","N/A","-13050","N/A","14000","N/A","38.85","N/A","5","N/A","56","N/A","7","N/A"
"30","936","2","N/A","18","N/A","0.1","N/A","-13080","N/A","14000","N/A","38.85","N/A","5","N/A","56","N/A","7","N/A"
"30","937","2","N/A","18","N/A","0.1","N/A","-13110","N/A","14000","N/A","38.85","N/A","5","N/A","56","N/A","7","N/A"
"30","938","2","N/A","18","N/A","0.1","N/A","-13140","N/A","14000","N/A","38.85","N/A","5","N/A","56","N/A","7","N/A"
"30","939","2","N/A","18","N/A","0.1","N/A","-13170","N/A","14000","N/A","38.85","N/A","5","N/A","56","N/A","7","N/A"
"30","940","2","N/A","18","N/A","0.1","N/A","-13200","N/A","14000","N/A","38.85","N/A","5","N/A","56","N/A","7","N/A"
"30","941","2","N/A","18","N/A","0.1","N/A","-13230","N/A","14000","N/A","38.85","N/A","5","N/A","56","N/A","7","N/A"
"30","942","2","N/A","18","N/A","0.1","N/A","-13260","N/A","14000","N/A","38.85","N/A","5","N/A","56","N/A","7","N/A"
"30","943","2","N/A","18","N/A","0.1","N/A","-13290","N/A","14000","N/A","38.85","N/A","5","N/A","56","N/A","7","N/A"
"30","944","2","N/A","18","N/A","0.1","N/A","-13320","N/A","14000","N/A","38.85","N/A","5","N/A","56","N/A","7","N/A"
"30","945","2","N/A","18","N/A","0.1","N/A","-13350","N/A","14000","N/A","38.85","N/A","5","N/A","56","N/A","7","N/A"
"30","946","2","N/A","18","N/A","0.1","N/A","-13380","N/A","14000","N/A","38.85","N/A","5","N/A","56","N/A","7","N/A"
"30","947","2","N/A","18","N/A","0.1","N/A","-13410","N/A","14000","N/A","38.85","N/A","5","N/A","56","N/A","7","N/A"
"30","948","2","N/A","18","N/A","0.1","N/A","-13440","N/A","14000","N/A","38.85","N/A","5","N/A","56","N/A","7","N/A"
"30","949","2","N/A","18","N/A","0.1","N/A","-13470","N/A","14000","N/A","38.85","N/A","5","N/A","56","N/A","7","N/A"
"30","950","2","N/A","18","N/A","0.1","N/A","-13500","N/A","14000","N/A","38.85","N/A","5","N/A","56","N/A","7","N/A"
"30","951","2","N/A","18","N/A","0.1","N/A","-13280","N/A","14250","N/A","38.85","N/A","5","N/A","56","N/A","7","N/A"
"30","952","2","N/A","18","N/A","0.1","N/A","-13310","N/A","14250","N/A","38.85","N/A","5","N/A","56","N/A","7","N/A"
"30","953","2","N/A","18","N/A","0.1","N/A","-13340","N/A","14250","N/A","38.85","N/A","5","N/A","56","N/A","7","N/A"
"30","954","2","N/A","18","N/A","0.1","N/A","-13370","N/A","14250","N/A","38.85","N/A","5","N/A","56","N/A","7","N/A"
"30","955","2","N/A","18","N/A","0.1","N/A","-13400","N/A","14250","N/A","38.85","N/A","5","N/A","56","N/A","7","N/A"
"30","956","2","N/A","18","N/A","0.1","N/A","-13430","N/A","14250","N/A","38.85","N/A","5","N/A","56","N/A","7","N/A"
"30","957","2","N/A","18","N/A","0.1","N/A","-13460","N/A","14250","N/A","38.85","N/A","5","N/A","56","N/A","7","N/A"
"30","958","2","N/A","18","N/A","0.1","N/A","-13490","N/A","14250","N/A","38.85","N/A","5","N/A","56","N/A","7","N/A"
"30","959","2","N/A","18","N/A","0.1","N/A","-13520","N/A","14250","N/A","38.85","N/A","5","N/A","56","N/A","7","N/A"
"30","960","2","N/A","18","N/A","0.1","N/A","-13550","N/A","14250","N/A","38.85","N/A","5","N/A","56","N/A","7","N/A"
"30","961","2","N/A","18","N/A","0.1","N/A","-13580","N/A","14250","N/A","38.85","N/A","5","N/A","56","N/A","7","N/A"
"30","962","2","N/A","18","N/A","0.1","N/A","-13610","N/A","14250","N/A","38.85","N/A","5","N/A","56","N/A","7","N/A"
"30","963","2","N/A","18","N/A","0.1","N/A","-13640","N/A","14250","N/A","38.85","N/A","5","N/A","56","N/A","7","N/A"
"30","964","2","N/A","18","N/A","0.1","N/A","-13670","N/A","14250","N/A","38.85","N/A","5","N/A","56","N/A","7","N/A"
"30","965","2","N/A","18","N/A","0.1","N/A","-13700","N/A","14250","N/A","38.85","N/A","5","N/A","56","N/A","7","N/A"
"30","966","2","N/A","18","N/A","0.1","N/A","-13730","N/A","14250","N/A","38.85","N/A","5","N/A","56","N/A","7","N/A"
"30","967","2","N/A","18","N/A","0.1","N/A","-13510","N/A","14500","N/A","38.85","N/A","5","N/A","56","N/A","7","N/A"
"30","968","2","N/A","18","N/A","0.1","N/A","-13540","N/A","14500","N/A","38.85","N/A","5","N/A","56","N/A","7","N/A"
"30","969","2","N/A","18","N/A","0.1","N/A","-13570","N/A","14500","N/A","38.85","N/A","5","N/A","56","N/A","7","N/A"
"30","970","2","N/A","18","N/A","0.1","N/A","-13600","N/A","14500","N/A","38.85","N/A","5","N/A","56","N/A","7","N/A"
"30","971","2","N/A","18","N/A","0.1","N/A","-13630","N/A","14500","N/A","38.85","N/A","5","N/A","56","N/A","7","N/A"
"30","972","2","N/A","18","N/A","0.1","N/A","-13660","N/A","14500","N/A","38.85","N/A","5","N/A","56","N/A","7","N/A"
"30","973","2","N/A","18","N/A","0.1","N/A","-13690","N/A","14500","N/A","38.85","N/A","5","N/A","56","N/A","7","N/A"
"30","974","2","N/A","18","N/A","0.1","N/A","-13720","N/A","14500","N/A","38.85","N/A","5","N/A","56","N/A","7","N/A"
"30","975","2","N/A","18","N/A","0.1","N/A","-13750","N/A","14500","N/A","38.85","N/A","5","N/A","56","N/A","7","N/A"
"30","976","2","N/A","18","N/A","0.1","N/A","-13780","N/A","14500","N/A","38.85","N/A","5","N/A","56","N/A","7","N/A"
"30","977","2","N/A","18","N/A","0.1","N/A","-13810","N/A","14500","N/A","38.85","N/A","5","N/A","56","N/A","7","N/A"
"30","978","2","N/A","18","N/A","0.1","N/A","-13840","N/A","14500","N/A","38.85","N/A","5","N/A","56","N/A","7","N/A"
"30","979","2","N/A","18","N/A","0.1","N/A","-13870","N/A","14500","N/A","38.85","N/A","5","N/A","56","N/A","7","N/A"
"30","980","2","N/A","18","N/A","0.1","N/A","-13900","N/A","14500","N/A","38.85","N/A","5","N/A","56","N/A","7","N/A"
"30","981","2","N/A","18","N/A","0.1","N/A","-13930","N/A","14500","N/A","38.85","N/A","5","N/A","56","N/A","7","N/A"
"30","982","2","N/A","18","N/A","0.1","N/A","-13960","N/A","14500","N/A","38.85","N/A","5","N/A","56","N/A","7","N/A"
"30","983","2","N/A","18","N/A","0.1","N/A","-13990","N/A","14500","N/A","38.85","N/A","5","N/A","56","N/A","7","N/A"
"30","984","2","N/A","18","N/A","0.1","N/A","-13770","N/A","14750","N/A","38.85","N/A","5","N/A","56","N/A","7","N/A"
"30","985","2","N/A","18","N/A","0.1","N/A","-13800","N/A","14750","N/A","38.85","N/A","5","N/A","56","N/A","7","N/A"
"30","986","2","N/A","18","N/A","0.1","N/A","-13830","N/A","14750","N/A","38.85","N/A","5","N/A","56","N/A","7","N/A"
"30","987","2","N/A","18","N/A","0.1","N/A","-13860","N/A","14750","N/A","38.85","N/A","5","N/A","56","N/A","7","N/A"
"30","988","2","N/A","18","N/A","0.1","N/A","-13890","N/A","14750","N/A","38.85","N/A","5","N/A","56","N/A","7","N/A"
"30","989","2","N/A","18","N/A","0.1","N/A","-13920","N/A","14750","N/A","38.85","N/A","5","N/A","56","N/A","7","N/A"
"30","990","2","N/A","18","N/A","0.1","N/A","-13950","N/A","14750","N/A","38.85","N/A","5","N/A","56","N/A","7","N/A"
"30","991","2","N/A","18","N/A","0.1","N/A","-13980","N/A","14750","N/A","38.85","N/A","5","N/A","56","N/A","7","N/A"
"30","992","2","N/A","18","N/A","0.1","N/A","-14010","N/A","14750","N/A","38.85","N/A","5","N/A","56","N/A","7","N/A"
"30","993","2","N/A","18","N/A","0.1","N/A","-14040","N/A","14750","N/A","38.85","N/A","5","N/A","56","N/A","7","N/A"
"30","994","2","N/A","18","N/A","0.1","N/A","-14070","N/A","14750","N/A","38.85","N/A","5","N/A","56","N/A","7","N/A"
"30","995","2","N/A","18","N/A","0.1","N/A","-14100","N/A","14750","N/A","38.85","N/A","5","N/A","56","N/A","7","N/A"
"30","996","2","N/A","18","N/A","0.1","N/A","-14130","N/A","14750","N/A","38.85","N/A","5","N/A","56","N/A","7","N/A"
"30","997","2","N/A","18","N/A","0.1","N/A","-14160","N/A","14750","N/A","38.85","N/A","5","N/A","56","N/A","7","N/A"
"30","998","2","N/A","18","N/A","0.1","N/A","-14190","N/A","14750","N/A","38.85","N/A","5","N/A","56","N/A","7","N/A"
"30","999","2","N/A","18","N/A","0.1","N/A","-14220","N/A","14750","N/A","38.85","N/A","5","N/A","56","N/A","7","N/A"
"30","1000","2","N/A","18","N/A","0.1","N/A","-14250","N/A","14750","N/A","38.85","N/A","5","N/A","56","N/A","7","N/A"
"40","0","20","N/A","0","N/A","1","N/A","1000","N/A","0","N/A","690.6","N/A","15","N/A","0","N/A","3.95","N/A"
"40","1","20","N/A","0","N/A","1","N/A","968.625","N/A","0","N/A","574.35","N/A","15","N/A","0","N/A","3.95","N/A"
"40","2","20","N/A","0","N/A","1","N/A","935.75","N/A","0","N/A","459.35","N/A","15","N/A","0","N/A","3.95","N/A"
"40","3","20","N/A","0","N/A","1","N/A","905.875","N/A","0","N/A","348.1","N/A","15","N/A","0","N/A","3.95","N/A"
"40","4","20","N/A","0","N/A","1","N/A","869.625","N/A","0","N/A","254.35","N/A","15","N/A","0","N/A","3.95","N/A"
"40","5","20","N/A","0","N/A","1","N/A","837.125","N/A","0","N/A","181.85","N/A","19","N/A","0","N/A","4","N/A"
"40","6","20","N/A","0","N/A","1","N/A","811.75","N/A","0","N/A","118.1","N/A","19","N/A","0","N/A","4","N/A"
"40","7","20","N/A","0","N/A","1","N/A","778.5","N/A","0","N/A","75.6","N/A","19","N/A","0","N/A","4","N/A"
"40","8","20","N/A","0","N/A","1","N/A","741.875","N/A","0","N/A","54.35","N/A","19","N/A","0","N/A","4","N/A"
"40","9","20","N/A","0","N/A","1","N/A","703.75","N/A","0","N/A","43.1","N/A","19","N/A","0","N/A","4","N/A"
"40","10","20","N/A","0","N/A","1","N/A","663.75","N/A","0","N/A","38.1","N/A","19","N/A","0","N/A","4.05","N/A"
"40","11","20","N/A","0","N/A","1","N/A","623.75","N/A","0","N/A","38.1","N/A","19","N/A","0","N/A","4.05","N/A"
"40","12","20","N/A","0","N/A","1","N/A","583.75","N/A","0","N/A","38.1","N/A","19","N/A","0","N/A","4.05","N/A"
"40","13","20","N/A","0","N/A","1","N/A","543.75","N/A","0","N/A","38.1","N/A","19","N/A","0","N/A","4.1","N/A"
"40","14","20","N/A","0","N/A","1","N/A","503.75","N/A","0","N/A","38.1","N/A","19","N/A","0","N/A","4.1","N/A"
"40","15","20","N/A","0","N/A","1","N/A","463.75","N/A","0","N/A","38.1","N/A","19","N/A","0","N/A","4.1","N/A"
"40","16","20","N/A","0","N/A","1","N/A","423.75","N/A","0","N/A","38.1","N/A","19","N/A","0","N/A","4.1","N/A"
"40","17","20","N/A","0","N/A","1","N/A","383.75","N/A","0","N/A","38.1","N/A","19","N/A","0","N/A","4.1","N/A"
"40","18","20","N/A","0","N/A","1","N/A","343.75","N/A","0","N/A","38.1","N/A","19","N/A","0","N/A","4.1","N/A"
"40","19","20","N/A","0","N/A","1","N/A","303.75","N/A","0","N/A","38.1","N/A","19","N/A","0","N/A","4.1","N/A"
"40","20","20","N/A","0","N/A","1","N/A","263.75","N/A","0","N/A","38.1","N/A","19","N/A","0","N/A","4.15","N/A"
"40","21","20","N/A","0","N/A","1","N/A","223.75","N/A","0","N/A","38.1","N/A","19","N/A","0","N/A","4.15","N/A"
"40","22","20","N/A","0","N/A","1","N/A","183.75","N/A","0","N/A","38.1","N/A","19","N/A","0","N/A","4.15","N/A"
"40","23","20","N/A","0","N/A","1","N/A","143.75","N/A","0","N/A","38.1","N/A","19","N/A","0","N/A","4.15","N/A"
"40","24","20","N/A","0","N/A","1","N/A","103.75","N/A","0","N/A","38.1","N/A","19","N/A","0","N/A","4.15","N/A"
"40","25","20","N/A","0","N/A","1","N/A","63.75","N/A","0","N/A","38.1","N/A","19","N/A","0","N/A","4.15","N/A"
"40","26","20","N/A","0","N/A","1","N/A","198.75","N/A","175","N/A","38.1","N/A","19","N/A","0","N/A","4.15","N/A"
"40","27","20","N/A","0","N/A","1","N/A","283.75","N/A","300","N/A","38.1","N/A","19","N/A","0","N/A","4.15","N/A"
"40","28","20","N/A","0","N/A","1","N/A","243.75","N/A","300","N/A","38.1","N/A","19","N/A","0","N/A","4.15","N/A"
"40","29","20","N/A","0","N/A","1","N/A","228.75","N/A","325","N/A","38.1","N/A","19","N/A","0","N/A","4.15","N/A"
"40","30","20","N/A","0","N/A","1","N/A","188.75","N/A","325","N/A","38.1","N/A","19","N/A","0","N/A","4.2","N/A"
"40","31","20","N/A","0","N/A","1","N/A","173.75","N/A","350","N/A","38.1","N/A","19","N/A","0","N/A","4.25","N/A"
"40","32","20","N/A","0","N/A","1","N/A","133.75","N/A","350","N/A","38.1","N/A","19","N/A","0","N/A","4.25","N/A"
"40","33","20","N/A","0","N/A","1","N/A","143.75","N/A","400","N/A","38.1","N/A","19","N/A","0","N/A","4.25","N/A"
"40","34","20","N/A","0","N/A","1","N/A","128.75","N/A","425","N/A","38.1","N/A","19","N/A","0","N/A","4.25","N/A"
"40","35","20","N/A","0","N/A","1","N/A","88.75","N/A","425","N/A","38.1","N/A","19","N/A","0","N/A","4.25","N/A"
"40","36","20","N/A","0","N/A","1","N/A","48.75","N/A","425","N/A","38.1","N/A","19","N/A","0","N/A","4.25","N/A"
"40","37","20","N/A","0","N/A","1","N/A","58.75","N/A","475","N/A","38.1","N/A","19","N/A","0","N/A","4.25","N/A"
"40","38","20","N/A","0","N/A","1","N/A","193.75","N/A","650","N/A","38.1","N/A","19","N/A","0","N/A","4.25","N/A"
"40","39","20","N/A","0","N/A","1","N/A","203.75","N/A","700","N/A","38.1","N/A","19","N/A","0","N/A","4.25","N/A"
"40","40","20","N/A","0","N/A","1","N/A","213.75","N/A","750","N/A","38.1","N/A","19","N/A","0","N/A","4.25","N/A"
"40","41","20","N/A","0","N/A","1","N/A","198.75","N/A","775","N/A","38.1","N/A","19","N/A","0","N/A","4.25","N/A"
"40","42","20","N/A","0","N/A","1","N/A","208.75","N/A","825","N/A","38.1","N/A","19","N/A","0","N/A","4.25","N/A"
"40","43","20","N/A","0","N/A","1","N/A","193.75","N/A","850","N/A","38.1","N/A","19","N/A","0","N/A","4.25","N/A"
"40","44","20","N/A","0","N/A","1","N/A","153.75","N/A","850","N/A","38.1","N/A","19","N/A","0","N/A","4.25","N/A"
"40","45","20","N/A","0","N/A","1","N/A","113.75","N/A","850","N/A","38.1","N/A","19","N/A","0","N/A","4.25","N/A"
"40","46","20","N/A","0","N/A","1","N/A","73.75","N/A","850","N/A","38.1","N/A","19","N/A","0","N/A","4.3","N/A"
"40","47","20","N/A","0","N/A","1","N/A","58.75","N/A","875","N/A","38.1","N/A","19","N/A","0","N/A","4.3","N/A"
"40","48","20","N/A","0","N/A","1","N/A","18.75","N/A","875","N/A","38.1","N/A","19","N/A","0","N/A","4.3","N/A"
"40","49","20","N/A","0","N/A","1","N/A","-21.25","N/A","875","N/A","38.1","N/A","19","N/A","0","N/A","4.3","N/A"
"40","50","20","N/A","0","N/A","1","N/A","-61.25","N/A","875","N/A","38.1","N/A","19","N/A","0","N/A","4.3","N/A"
"40","51","20","N/A","0","N/A","1","N/A","123.75","N/A","1100","N/A","38.1","N/A","19","N/A","0","N/A","4.3","N/A"
"40","52","20","N/A","0","N/A","1","N/A","108.75","N/A","1125","N/A","38.1","N/A","19","N/A","0","N/A","4.3","N/A"
"40","53","20","N/A","0","N/A","1","N/A","143.75","N/A","1200","N/A","38.1","N/A","19","N/A","0","N/A","4.3","N/A"
"40","54","20","N/A","0","N/A","1","N/A","128.75","N/A","1225","N/A","38.1","N/A","19","N/A","0","N/A","4.35","N/A"
"40","55","20","N/A","0","N/A","1","N/A","113.75","N/A","1250","N/A","38.1","N/A","19","N/A","0","N/A","4.35","N/A"
"40","56","20","N/A","0","N/A","1","N/A","98.75","N/A","1275","N/A","38.1","N/A","19","N/A","0","N/A","4.35","N/A"
"40","57","20","N/A","0","N/A","1","N/A","58.75","N/A","1275","N/A","38.1","N/A","19","N/A","0","N/A","4.35","N/A"
"40","58","20","N/A","0","N/A","1","N/A","18.75","N/A","1275","N/A","38.1","N/A","19","N/A","0","N/A","4.35","N/A"
"40","59","20","N/A","0","N/A","1","N/A","3.75","N/A","1300","N/A","38.1","N/A","19","N/A","0","N/A","4.35","N/A"
"40","60","20","N/A","0","N/A","1","N/A","-36.25","N/A","1300","N/A","38.1","N/A","19","N/A","0","N/A","4.35","N/A"
"40","61","20","N/A","0","N/A","1","N/A","-76.25","N/A","1300","N/A","38.1","N/A","19","N/A","0","N/A","4.35","N/A"
"40","62","20","N/A","0","N/A","1","N/A","-91.25","N/A","1325","N/A","38.1","N/A","19","N/A","0","N/A","4.35","N/A"
"40","63","20","N/A","0","N/A","1","N/A","43.75","N/A","1500","N/A","38.1","N/A","19","N/A","0","N/A","4.4","N/A"
"40","64","20","N/A","0","N/A","1","N/A","78.75","N/A","1575","N/A","38.1","N/A","19","N/A","0","N/A","4.45","N/A"
"40","65","20","N/A","0","N/A","1","N/A","188.75","N/A","1725","N/A","38.1","N/A","19","N/A","0","N/A","4.45","N/A"
"40","66","20","N/A","0","N/A","1","N/A","148.75","N/A","1725","N/A","38.1","N/A","19","N/A","0","N/A","4.45","N/A"
"40","67","20","N/A","0","N/A","1","N/A","108.75","N/A","1725","N/A","38.1","N/A","19","N/A","0","N/A","4.45","N/A"
"40","68","20","N/A","0","N/A","1","N/A","118.75","N/A","1775","N/A","38.1","N/A","19","N/A","0","N/A","4.45","N/A"
"40","69","20","N/A","0","N/A","1","N/A","78.75","N/A","1775","N/A","38.1","N/A","19","N/A","0","N/A","4.45","N/A"
"40","70","20","N/A","0","N/A","1","N/A","38.75","N/A","1775","N/A","38.1","N/A","19","N/A","0","N/A","4.45","N/A"
"40","71","20","N/A","0","N/A","1","N/A","-1.25","N/A","1775","N/A","38.1","N/A","19","N/A","0","N/A","4.45","N/A"
"40","72","20","N/A","0","N/A","1","N/A","-16.25","N/A","1800","N/A","38.1","N/A","19","N/A","0","N/A","4.45","N/A"
"40","73","20","N/A","0","N/A","1","N/A","-56.25","N/A","1800","N/A","38.1","N/A","19","N/A","0","N/A","4.5","N/A"
"40","74","20","N/A","0","N/A","1","N/A","-96.25","N/A","1800","N/A","38.1","N/A","19","N/A","0","N/A","4.5","N/A"
"40","75","20","N/A","0","N/A","1","N/A","-136.25","N/A","1800","N/A","38.1","N/A","19","N/A","0","N/A","4.55","N/A"
"40","76","20","N/A","0","N/A","1","N/A","-1.25","N/A","1975","N/A","38.1","N/A","19","N/A","0","N/A","4.55","N/A"
"40","77","20","N/A","0","N/A","1","N/A","8.75","N/A","2025","N/A","38.1","N/A","19","N/A","0","N/A","4.55","N/A"
"40","78","20","N/A","0","N/A","1","N/A","43.75","N/A","2100","N/A","38.1","N/A","19","N/A","0","N/A","4.55","N/A"
"40","79","20","N/A","0","N/A","1","N/A","53.75","N/A","2150","N/A","38.1","N/A","19","N/A","0","N/A","4.55","N/A"
"40","80","20","N/A","0","N/A","1","N/A","13.75","N/A","2150","N/A","38.1","N/A","19","N/A","0","N/A","4.55","N/A"
"40","81","20","N/A","0","N/A","1","N/A","-1.25","N/A","2175","N/A","38.1","N/A","19","N/A","0","N/A","4.6","N/A"
"40","82","20","N/A","0","N/A","1","N/A","-16.25","N/A","2200","N/A","38.1","N/A","19","N/A","0","N/A","4.6","N/A"
"40","83","20","N/A","0","N/A","1","N/A","-56.25","N/A","2200","N/A","38.1","N/A","19","N/A","0","N/A","4.6","N/A"
"40","84","20","N/A","0","N/A","1","N/A","-71.25","N/A","2225","N/A","38.1","N/A","19","N/A","0","N/A","4.6","N/A"
"40","85","20","N/A","0","N/A","1","N/A","-111.25","N/A","2225","N/A","38.1","N/A","19","N/A","0","N/A","4.6","N/A"
"40","86","20","N/A","0","N/A","1","N/A","-151.25","N/A","2225","N/A","38.1","N/A","19","N/A","0","N/A","4.6","N/A"
"40","87","20","N/A","0","N/A","1","N/A","-191.25","N/A","2225","N/A","38.1","N/A","19","N/A","0","N/A","4.6","N/A"
"40","88","17","N/A","3","N/A","0.85","N/A","-33.23529411764706","N/A","2411.764705882353","N/A","38.1","N/A","19","N/A","0","N/A","4.764705882352941","N/A"
"40","89","17","N/A","3","N/A","0.85","N/A","-73.23529411764706","N/A","2411.764705882353","N/A","38.1","N/A","19","N/A","0","N/A","4.764705882352941","N/A"
"40","90","16","N/A","4","N/A","0.8","N/A","-57.1875","N/A","2468.75","N/A","38.1","N/A","16","N/A","3","N/A","4.6875","N/A"
"40","91","16","N/A","4","N/A","0.8","N/A","-34.6875","N/A","2531.25","N/A","38.1","N/A","16","N/A","3","N/A","4.6875","N/A"
"40","92","16","N/A","4","N/A","0.8","N/A","-74.6875","N/A","2531.25","N/A","38.1","N/A","16","N/A","3","N/A","4.6875","N/A"
"40","93","16","N/A","4","N/A","0.8","N/A","-83.4375","N/A","2562.5","N/A","38.1","N/A","16","N/A","3","N/A","4.6875","N/A"
"40","94","16","N/A","4","N/A","0.8","N/A","-123.4375","N/A","2562.5","N/A","38.1","N/A","16","N/A","3","N/A","4.6875","N/A"
"40","95","16","N/A","4","N/A","0.8","N/A","-163.4375","N/A","2562.5","N/A","38.1","N/A","16","N/A","3","N/A","4.6875","N/A"
"40","96","16","N/A","4","N/A","0.8","N/A","-203.4375","N/A","2562.5","N/A","38.1","N/A","16","N/A","3","N/A","4.6875","N/A"
"40","97","16","N/A","4","N/A","0.8","N/A","-212.1875","N/A","2593.75","N/A","38.1","N/A","16","N/A","3","N/A","4.6875","N/A"
"40","98","16","N/A","4","N/A","0.8","N/A","-252.1875","N/A","2593.75","N/A","38.1","N/A","16","N/A","3","N/A","4.6875","N/A"
"40","99","16","N/A","4","N/A","0.8","N/A","-292.1875","N/A","2593.75","N/A","38.1","N/A","16","N/A","3","N/A","4.6875","N/A"
"40","100","15","N/A","5","N/A","0.75","N/A","-352.5","N/A","2600","N/A","38.1","N/A","11","N/A","8","N/A","4.466666666666667","N/A"
"40","101","12","N/A","8","N/A","0.6","N/A","-272.2916666666667","N/A","2708.3333333333335","N/A","38.1","N/A","11","N/A","8","N/A","4.5","N/A"
"40","102","12","N/A","8","N/A","0.6","N/A","-270.625","N/A","2750","N/A","38.1","N/A","11","N/A","8","N/A","4.5","N/A"
"40","103","12","N/A","8","N/A","0.6","N/A","-268.9583333333333","N/A","2791.6666666666665","N/A","38.1","N/A","11","N/A","8","N/A","4.5","N/A"
"40","104","12","N/A","8","N/A","0.6","N/A","-308.9583333333333","N/A","2791.6666666666665","N/A","38.1","N/A","11","N/A","8","N/A","4.5","N/A"
"40","105","12","N/A","8","N/A","0.6","N/A","-348.9583333333333","N/A","2791.6666666666665","N/A","38.1","N/A","11","N/A","8","N/A","4.5","N/A"
"40","106","12","N/A","8","N/A","0.6","N/A","-347.2916666666667","N/A","2833.3333333333335","N/A","38.1","N/A","11","N/A","8","N/A","4.5","N/A"
"40","107","12","N/A","8","N/A","0.6","N/A","-387.2916666666667","N/A","2833.3333333333335","N/A","38.1","N/A","11","N/A","8","N/A","4.5","N/A"
"40","108","12","N/A","8","N/A","0.6","N/A","-427.2916666666667","N/A","2833.3333333333335","N/A","38.1","N/A","11","N/A","8","N/A","4.5","N/A"
"40","109","12","N/A","8","N/A","0.6","N/A","-425.625","N/A","2875","N/A","38.1","N/A","11","N/A","8","N/A","4.5","N/A"
"40","110","12","N/A","8","N/A","0.6","N/A","-465.625","N/A","2875","N/A","38.1","N/A","11","N/A","8","N/A","4.5","N/A"
"40","111","12","N/A","8","N/A","0.6","N/A","-505.625","N/A","2875","N/A","38.1","N/A","11","N/A","8","N/A","4.5","N/A"
"40","112","12","N/A","8","N/A","0.6","N/A","-503.9583333333333","N/A","2916.6666666666665","N/A","38.1","N/A","15","N/A","8","N/A","4.583333333333333","N/A"
"40","113","11","N/A","9","N/A","0.55","N/A","-409.77272727272725","N/A","3045.4545454545455","N/A","38.1","N/A","15","N/A","8","N/A","4.636363636363637","N/A"
"40","114","11","N/A","9","N/A","0.55","N/A","-449.77272727272725","N/A","3045.4545454545455","N/A","38.1","N/A","15","N/A","8","N/A","4.636363636363637","N/A"
"40","115","10","N/A","10","N/A","0.5","N/A","-484.75","N/A","3050","N/A","38.1","N/A","13","N/A","10","N/A","4.6","N/A"
"40","116","10","N/A","10","N/A","0.5","N/A","-524.75","N/A","3050","N/A","38.1","N/A","13","N/A","10","N/A","4.6","N/A"
"40","117","10","N/A","10","N/A","0.5","N/A","-564.75","N/A","3050","N/A","38.1","N/A","13","N/A","10","N/A","4.6","N/A"
"40","118","10","N/A","10","N/A","0.5","N/A","-554.75","N/A","3100","N/A","38.1","N/A","13","N/A","10","N/A","4.6","N/A"
"40","119","10","N/A","10","N/A","0.5","N/A","-594.75","N/A","3100","N/A","38.1","N/A","14","N/A","10","N/A","4.7","N/A"
"40","120","10","N/A","10","N/A","0.5","N/A","-634.75","N/A","3100","N/A","38.1","N/A","14","N/A","10","N/A","4.7","N/A"
"40","121","10","N/A","10","N/A","0.5","N/A","-674.75","N/A","3100","N/A","38.1","N/A","14","N/A","10","N/A","4.7","N/A"
"40","122","9","N/A","11","N/A","0.45","N/A","-790.2777777777778","N/A","3055.5555555555557","N/A","38.1","N/A","6","N/A","18","N/A","4.555555555555555","N/A"
"40","123","9","N/A","11","N/A","0.45","N/A","-830.2777777777778","N/A","3055.5555555555557","N/A","38.1","N/A","6","N/A","18","N/A","4.555555555555555","N/A"
"40","124","9","N/A","11","N/A","0.45","N/A","-870.2777777777778","N/A","3055.5555555555557","N/A","38.1","N/A","6","N/A","18","N/A","4.555555555555555","N/A"
"40","125","9","N/A","11","N/A","0.45","N/A","-910.2777777777778","N/A","3055.5555555555557","N/A","38.1","N/A","6","N/A","18","N/A","4.555555555555555","N/A"
"40","126","9","N/A","11","N/A","0.45","N/A","-728.0555555555555","N/A","3277.777777777778","N/A","38.1","N/A","6","N/A","18","N/A","4.555555555555555","N/A"
"40","127","9","N/A","11","N/A","0.45","N/A","-768.0555555555555","N/A","3277.777777777778","N/A","38.1","N/A","6","N/A","18","N/A","4.666666666666667","N/A"
"40","128","9","N/A","11","N/A","0.45","N/A","-752.5","N/A","3333.3333333333335","N/A","38.1","N/A","6","N/A","18","N/A","4.666666666666667","N/A"
"40","129","9","N/A","11","N/A","0.45","N/A","-792.5","N/A","3333.3333333333335","N/A","38.1","N/A","6","N/A","18","N/A","4.666666666666667","N/A"
"40","130","8","N/A","12","N/A","0.4","N/A","-661.5625","N/A","3500","N/A","38.1","N/A","6","N/A","18","N/A","4.75","N/A"
"40","131","8","N/A","12","N/A","0.4","N/A","-639.0625","N/A","3562.5","N/A","38.1","N/A","6","N/A","18","N/A","4.75","N/A"
"40","132","8","N/A","12","N/A","0.4","N/A","-679.0625","N/A","3562.5","N/A","38.1","N/A","6","N/A","18","N/A","4.75","N/A"
"40","133","8","N/A","12","N/A","0.4","N/A","-719.0625","N/A","3562.5","N/A","38.1","N/A","6","N/A","18","N/A","4.75","N/A"
"40","134","8","N/A","12","N/A","0.4","N/A","-759.0625","N/A","3562.5","N/A","38.1","N/A","6","N/A","18","N/A","4.875","N/A"
"40","135","8","N/A","12","N/A","0.4","N/A","-799.0625","N/A","3562.5","N/A","38.1","N/A","6","N/A","18","N/A","4.875","N/A"
"40","136","8","N/A","12","N/A","0.4","N/A","-839.0625","N/A","3562.5","N/A","38.1","N/A","6","N/A","18","N/A","4.875","N/A"
"40","137","8","N/A","12","N/A","0.4","N/A","-879.0625","N/A","3562.5","N/A","38.1","N/A","6","N/A","18","N/A","4.875","N/A"
"40","138","7","N/A","13","N/A","0.35","N/A","-833.2142857142857","N/A","3642.8571428571427","N/A","38.1","N/A","6","N/A","18","N/A","4.714285714285714","N/A"
"40","139","7","N/A","13","N/A","0.35","N/A","-873.2142857142857","N/A","3642.8571428571427","N/A","38.1","N/A","6","N/A","18","N/A","4.714285714285714","N/A"
"40","140","7","N/A","13","N/A","0.35","N/A","-841.7857142857143","N/A","3714.285714285714","N/A","38.1","N/A","6","N/A","18","N/A","4.714285714285714","N/A"
"40","141","7","N/A","13","N/A","0.35","N/A","-881.7857142857143","N/A","3714.285714285714","N/A","38.1","N/A","6","N/A","18","N/A","4.714285714285714","N/A"
"40","142","7","N/A","13","N/A","0.35","N/A","-921.7857142857143","N/A","3714.285714285714","N/A","38.1","N/A","6","N/A","18","N/A","4.714285714285714","N/A"
"40","143","7","N/A","13","N/A","0.35","N/A","-890.3571428571429","N/A","3785.714285714286","N/A","38.1","N/A","6","N/A","18","N/A","4.714285714285714","N/A"
"40","144","7","N/A","13","N/A","0.35","N/A","-930.3571428571429","N/A","3785.714285714286","N/A","38.1","N/A","6","N/A","18","N/A","4.714285714285714","N/A"
"40","145","7","N/A","13","N/A","0.35","N/A","-970.3571428571429","N/A","3785.714285714286","N/A","38.1","N/A","6","N/A","18","N/A","4.714285714285714","N/A"
"40","146","7","N/A","13","N/A","0.35","N/A","-1010.3571428571429","N/A","3785.714285714286","N/A","38.1","N/A","6","N/A","18","N/A","4.714285714285714","N/A"
"40","147","7","N/A","13","N/A","0.35","N/A","-1050.357142857143","N/A","3785.714285714286","N/A","38.1","N/A","6","N/A","18","N/A","4.714285714285714","N/A"
"40","148","7","N/A","13","N/A","0.35","N/A","-1090.357142857143","N/A","3785.714285714286","N/A","38.1","N/A","6","N/A","18","N/A","4.714285714285714","N/A"
"40","149","7","N/A","13","N/A","0.35","N/A","-1130.357142857143","N/A","3785.714285714286","N/A","38.1","N/A","6","N/A","18","N/A","4.714285714285714","N/A"
"40","150","7","N/A","13","N/A","0.35","N/A","-1170.357142857143","N/A","3785.714285714286","N/A","38.1","N/A","6","N/A","18","N/A","4.714285714285714","N/A"
"40","151","6","N/A","14","N/A","0.3","N/A","-1238.75","N/A","3750","N/A","38.1","N/A","6","N/A","18","N/A","4.666666666666667","N/A"
"40","152","6","N/A","14","N/A","0.3","N/A","-1278.75","N/A","3750","N/A","38.1","N/A","6","N/A","18","N/A","4.666666666666667","N/A"
"40","153","5","N/A","15","N/A","0.25","N/A","-1576.5","N/A","3500","N/A","38.1","N/A","4","N/A","20","N/A","4.4","N/A"
"40","154","5","N/A","15","N/A","0.25","N/A","-1616.5","N/A","3500","N/A","38.1","N/A","4","N/A","20","N/A","4.4","N/A"
"40","155","5","N/A","15","N/A","0.25","N/A","-1656.5","N/A","3500","N/A","38.1","N/A","4","N/A","20","N/A","4.4","N/A"
"40","156","5","N/A","15","N/A","0.25","N/A","-1596.5","N/A","3600","N/A","38.1","N/A","4","N/A","20","N/A","4.4","N/A"
"40","157","5","N/A","15","N/A","0.25","N/A","-1636.5","N/A","3600","N/A","38.1","N/A","4","N/A","20","N/A","4.4","N/A"
"40","158","5","N/A","15","N/A","0.25","N/A","-1676.5","N/A","3600","N/A","38.1","N/A","4","N/A","20","N/A","4.4","N/A"
"40","159","5","N/A","15","N/A","0.25","N/A","-1716.5","N/A","3600","N/A","38.1","N/A","4","N/A","20","N/A","4.4","N/A"
"40","160","5","N/A","15","N/A","0.25","N/A","-1756.5","N/A","3600","N/A","38.1","N/A","4","N/A","20","N/A","4.4","N/A"
"40","161","5","N/A","15","N/A","0.25","N/A","-1796.5","N/A","3600","N/A","38.1","N/A","4","N/A","20","N/A","4.4","N/A"
"40","162","5","N/A","15","N/A","0.25","N/A","-1836.5","N/A","3600","N/A","38.1","N/A","4","N/A","20","N/A","4.4","N/A"
"40","163","5","N/A","15","N/A","0.25","N/A","-1676.5","N/A","3800","N/A","38.1","N/A","4","N/A","20","N/A","4.4","N/A"
"40","164","5","N/A","15","N/A","0.25","N/A","-1716.5","N/A","3800","N/A","38.1","N/A","4","N/A","20","N/A","4.4","N/A"
"40","165","5","N/A","15","N/A","0.25","N/A","-1756.5","N/A","3800","N/A","38.1","N/A","4","N/A","20","N/A","4.4","N/A"
"40","166","5","N/A","15","N/A","0.25","N/A","-1796.5","N/A","3800","N/A","38.1","N/A","4","N/A","20","N/A","4.4","N/A"
"40","167","5","N/A","15","N/A","0.25","N/A","-1836.5","N/A","3800","N/A","38.1","N/A","4","N/A","20","N/A","4.4","N/A"
"40","168","5","N/A","15","N/A","0.25","N/A","-1776.5","N/A","3900","N/A","38.1","N/A","4","N/A","20","N/A","4.4","N/A"
"40","169","5","N/A","15","N/A","0.25","N/A","-1816.5","N/A","3900","N/A","38.1","N/A","4","N/A","20","N/A","4.4","N/A"
"40","170","5","N/A","15","N/A","0.25","N/A","-1856.5","N/A","3900","N/A","38.1","N/A","4","N/A","20","N/A","4.4","N/A"
"40","171","5","N/A","15","N/A","0.25","N/A","-1896.5","N/A","3900","N/A","38.1","N/A","4","N/A","20","N/A","4.4","N/A"
"40","172","5","N/A","15","N/A","0.25","N/A","-1936.5","N/A","3900","N/A","38.1","N/A","4","N/A","20","N/A","4.4","N/A"
"40","173","5","N/A","15","N/A","0.25","N/A","-1976.5","N/A","3900","N/A","38.1","N/A","4","N/A","20","N/A","4.4","N/A"
"40","174","5","N/A","15","N/A","0.25","N/A","-2016.5","N/A","3900","N/A","38.1","N/A","4","N/A","20","N/A","4.4","N/A"
"40","175","5","N/A","15","N/A","0.25","N/A","-2056.5","N/A","3900","N/A","38.1","N/A","4","N/A","20","N/A","4.4","N/A"
"40","176","5","N/A","15","N/A","0.25","N/A","-1896.5","N/A","4100","N/A","38.1","N/A","4","N/A","20","N/A","4.4","N/A"
"40","177","5","N/A","15","N/A","0.25","N/A","-1936.5","N/A","4100","N/A","38.1","N/A","4","N/A","20","N/A","4.4","N/A"
"40","178","5","N/A","15","N/A","0.25","N/A","-1976.5","N/A","4100","N/A","38.1","N/A","4","N/A","20","N/A","4.4","N/A"
"40","179","5","N/A","15","N/A","0.25","N/A","-2016.5","N/A","4100","N/A","38.1","N/A","4","N/A","20","N/A","4.4","N/A"
"40","180","5","N/A","15","N/A","0.25","N/A","-2056.5","N/A","4100","N/A","38.1","N/A","4","N/A","20","N/A","4.4","N/A"
"40","181","5","N/A","15","N/A","0.25","N/A","-1996.5","N/A","4200","N/A","38.1","N/A","4","N/A","20","N/A","4.4","N/A"
"40","182","5","N/A","15","N/A","0.25","N/A","-2036.5","N/A","4200","N/A","38.1","N/A","4","N/A","20","N/A","4.4","N/A"
"40","183","5","N/A","15","N/A","0.25","N/A","-2076.5","N/A","4200","N/A","38.1","N/A","4","N/A","20","N/A","4.4","N/A"
"40","184","5","N/A","15","N/A","0.25","N/A","-2116.5","N/A","4200","N/A","38.1","N/A","4","N/A","20","N/A","4.4","N/A"
"40","185","5","N/A","15","N/A","0.25","N/A","-2156.5","N/A","4200","N/A","38.1","N/A","4","N/A","20","N/A","4.4","N/A"
"40","186","5","N/A","15","N/A","0.25","N/A","-2196.5","N/A","4200","N/A","38.1","N/A","4","N/A","20","N/A","4.4","N/A"
"40","187","5","N/A","15","N/A","0.25","N/A","-2136.5","N/A","4300","N/A","38.1","N/A","4","N/A","20","N/A","4.4","N/A"
"40","188","5","N/A","15","N/A","0.25","N/A","-1976.5","N/A","4500","N/A","38.1","N/A","4","N/A","20","N/A","4.4","N/A"
"40","189","5","N/A","15","N/A","0.25","N/A","-2016.5","N/A","4500","N/A","38.1","N/A","4","N/A","20","N/A","4.4","N/A"
"40","190","5","N/A","15","N/A","0.25","N/A","-2056.5","N/A","4500","N/A","38.1","N/A","4","N/A","20","N/A","4.4","N/A"
"40","191","5","N/A","15","N/A","0.25","N/A","-2096.5","N/A","4500","N/A","38.1","N/A","4","N/A","20","N/A","4.4","N/A"
"40","192","4","N/A","16","N/A","0.2","N/A","-1500.625","N/A","5125","N/A","38.1","N/A","4","N/A","20","N/A","4.75","N/A"
"40","193","4","N/A","16","N/A","0.2","N/A","-1415.625","N/A","5250","N/A","38.1","N/A","4","N/A","20","N/A","5","N/A"
"40","194","4","N/A","16","N/A","0.2","N/A","-1455.625","N/A","5250","N/A","38.1","N/A","4","N/A","20","N/A","5","N/A"
"40","195","4","N/A","16","N/A","0.2","N/A","-1495.625","N/A","5250","N/A","38.1","N/A","4","N/A","20","N/A","5","N/A"
"40","196","4","N/A","16","N/A","0.2","N/A","-1535.625","N/A","5250","N/A","38.1","N/A","4","N/A","20","N/A","5","N/A"
"40","197","4","N/A","16","N/A","0.2","N/A","-1575.625","N/A","5250","N/A","38.1","N/A","4","N/A","20","N/A","5","N/A"
"40","198","4","N/A","16","N/A","0.2","N/A","-1615.625","N/A","5250","N/A","38.1","N/A","4","N/A","20","N/A","5","N/A"
"40","199","4","N/A","16","N/A","0.2","N/A","-1655.625","N/A","5250","N/A","38.1","N/A","4","N/A","20","N/A","5","N/A"
"40","200","4","N/A","16","N/A","0.2","N/A","-1695.625","N/A","5250","N/A","38.1","N/A","4","N/A","20","N/A","5","N/A"
"40","201","4","N/A","16","N/A","0.2","N/A","-1485.625","N/A","5500","N/A","38.1","N/A","4","N/A","20","N/A","5","N/A"
"40","202","4","N/A","16","N/A","0.2","N/A","-1525.625","N/A","5500","N/A","38.1","N/A","4","N/A","20","N/A","5","N/A"
"40","203","4","N/A","16","N/A","0.2","N/A","-1565.625","N/A","5500","N/A","38.1","N/A","4","N/A","20","N/A","5","N/A"
"40","204","4","N/A","16","N/A","0.2","N/A","-1605.625","N/A","5500","N/A","38.1","N/A","4","N/A","20","N/A","5","N/A"
"40","205","4","N/A","16","N/A","0.2","N/A","-1520.625","N/A","5625","N/A","38.1","N/A","4","N/A","20","N/A","5","N/A"
"40","206","4","N/A","16","N/A","0.2","N/A","-1435.625","N/A","5750","N/A","38.1","N/A","4","N/A","20","N/A","5","N/A"
"40","207","4","N/A","16","N/A","0.2","N/A","-1475.625","N/A","5750","N/A","38.1","N/A","4","N/A","20","N/A","5","N/A"
"40","208","4","N/A","16","N/A","0.2","N/A","-1515.625","N/A","5750","N/A","38.1","N/A","4","N/A","20","N/A","5","N/A"
"40","209","4","N/A","16","N/A","0.2","N/A","-1555.625","N/A","5750","N/A","38.1","N/A","4","N/A","20","N/A","5","N/A"
"40","210","4","N/A","16","N/A","0.2","N/A","-1595.625","N/A","5750","N/A","38.1","N/A","4","N/A","20","N/A","5","N/A"
"40","211","4","N/A","16","N/A","0.2","N/A","-1635.625","N/A","5750","N/A","38.1","N/A","4","N/A","20","N/A","5","N/A"
"40","212","4","N/A","16","N/A","0.2","N/A","-1675.625","N/A","5750","N/A","38.1","N/A","4","N/A","20","N/A","5","N/A"
"40","213","4","N/A","16","N/A","0.2","N/A","-1465.625","N/A","6000","N/A","38.1","N/A","4","N/A","20","N/A","5","N/A"
"40","214","4","N/A","16","N/A","0.2","N/A","-1505.625","N/A","6000","N/A","38.1","N/A","4","N/A","20","N/A","5","N/A"
"40","215","4","N/A","16","N/A","0.2","N/A","-1545.625","N/A","6000","N/A","38.1","N/A","4","N/A","20","N/A","5","N/A"
"40","216","4","N/A","16","N/A","0.2","N/A","-1585.625","N/A","6000","N/A","38.1","N/A","4","N/A","20","N/A","5","N/A"
"40","217","4","N/A","16","N/A","0.2","N/A","-1625.625","N/A","6000","N/A","38.1","N/A","4","N/A","20","N/A","5","N/A"
"40","218","4","N/A","16","N/A","0.2","N/A","-1540.625","N/A","6125","N/A","38.1","N/A","4","N/A","20","N/A","5","N/A"
"40","219","4","N/A","16","N/A","0.2","N/A","-1580.625","N/A","6125","N/A","38.1","N/A","4","N/A","20","N/A","5","N/A"
"40","220","4","N/A","16","N/A","0.2","N/A","-1620.625","N/A","6125","N/A","38.1","N/A","4","N/A","20","N/A","5","N/A"
"40","221","4","N/A","16","N/A","0.2","N/A","-1660.625","N/A","6125","N/A","38.1","N/A","4","N/A","20","N/A","5","N/A"
"40","222","4","N/A","16","N/A","0.2","N/A","-1700.625","N/A","6125","N/A","38.1","N/A","4","N/A","20","N/A","5","N/A"
"40","223","4","N/A","16","N/A","0.2","N/A","-1740.625","N/A","6125","N/A","38.1","N/A","4","N/A","20","N/A","5","N/A"
"40","224","4","N/A","16","N/A","0.2","N/A","-1780.625","N/A","6125","N/A","38.1","N/A","4","N/A","20","N/A","5","N/A"
"40","225","4","N/A","16","N/A","0.2","N/A","-1820.625","N/A","6125","N/A","38.1","N/A","4","N/A","20","N/A","5","N/A"
"40","226","4","N/A","16","N/A","0.2","N/A","-1610.625","N/A","6375","N/A","38.1","N/A","4","N/A","20","N/A","5","N/A"
"40","227","4","N/A","16","N/A","0.2","N/A","-1650.625","N/A","6375","N/A","38.1","N/A","4","N/A","20","N/A","5","N/A"
"40","228","4","N/A","16","N/A","0.2","N/A","-1690.625","N/A","6375","N/A","38.1","N/A","4","N/A","20","N/A","5","N/A"
"40","229","4","N/A","16","N/A","0.2","N/A","-1730.625","N/A","6375","N/A","38.1","N/A","4","N/A","20","N/A","5","N/A"
"40","230","4","N/A","16","N/A","0.2","N/A","-1770.625","N/A","6375","N/A","38.1","N/A","4","N/A","20","N/A","5","N/A"
"40","231","4","N/A","16","N/A","0.2","N/A","-1685.625","N/A","6500","N/A","38.1","N/A","4","N/A","20","N/A","5","N/A"
"40","232","4","N/A","16","N/A","0.2","N/A","-1725.625","N/A","6500","N/A","38.1","N/A","4","N/A","20","N/A","5","N/A"
"40","233","4","N/A","16","N/A","0.2","N/A","-1765.625","N/A","6500","N/A","38.1","N/A","4","N/A","20","N/A","5","N/A"
"40","234","4","N/A","16","N/A","0.2","N/A","-1805.625","N/A","6500","N/A","38.1","N/A","4","N/A","20","N/A","5","N/A"
"40","235","4","N/A","16","N/A","0.2","N/A","-1845.625","N/A","6500","N/A","38.1","N/A","4","N/A","20","N/A","5","N/A"
"40","236","4","N/A","16","N/A","0.2","N/A","-1885.625","N/A","6500","N/A","38.1","N/A","4","N/A","20","N/A","5","N/A"
"40","237","4","N/A","16","N/A","0.2","N/A","-1925.625","N/A","6500","N/A","38.1","N/A","4","N/A","20","N/A","5.25","N/A"
"40","238","4","N/A","16","N/A","0.2","N/A","-1715.625","N/A","6750","N/A","38.1","N/A","4","N/A","20","N/A","5.25","N/A"
"40","239","4","N/A","16","N/A","0.2","N/A","-1755.625","N/A","6750","N/A","38.1","N/A","4","N/A","20","N/A","5.25","N/A"
"40","240","4","N/A","16","N/A","0.2","N/A","-1795.625","N/A","6750","N/A","38.1","N/A","4","N/A","20","N/A","5.25","N/A"
"40","241","4","N/A","16","N/A","0.2","N/A","-1835.625","N/A","6750","N/A","38.1","N/A","4","N/A","20","N/A","5.25","N/A"
"40","242","4","N/A","16","N/A","0.2","N/A","-1875.625","N/A","6750","N/A","38.1","N/A","4","N/A","20","N/A","5.25","N/A"
"40","243","4","N/A","16","N/A","0.2","N/A","-1790.625","N/A","6875","N/A","38.1","N/A","4","N/A","20","N/A","5.25","N/A"
"40","244","4","N/A","16","N/A","0.2","N/A","-1830.625","N/A","6875","N/A","38.1","N/A","4","N/A","20","N/A","5.25","N/A"
"40","245","4","N/A","16","N/A","0.2","N/A","-1870.625","N/A","6875","N/A","38.1","N/A","4","N/A","20","N/A","5.25","N/A"
"40","246","4","N/A","16","N/A","0.2","N/A","-1910.625","N/A","6875","N/A","38.1","N/A","4","N/A","20","N/A","5.25","N/A"
"40","247","4","N/A","16","N/A","0.2","N/A","-1950.625","N/A","6875","N/A","38.1","N/A","4","N/A","20","N/A","5.25","N/A"
"40","248","4","N/A","16","N/A","0.2","N/A","-1990.625","N/A","6875","N/A","38.1","N/A","4","N/A","20","N/A","5.25","N/A"
"40","249","4","N/A","16","N/A","0.2","N/A","-2030.625","N/A","6875","N/A","38.1","N/A","4","N/A","20","N/A","5.25","N/A"
"40","250","4","N/A","16","N/A","0.2","N/A","-2070.625","N/A","6875","N/A","38.1","N/A","4","N/A","20","N/A","5.25","N/A"
"40","251","4","N/A","16","N/A","0.2","N/A","-1860.625","N/A","7125","N/A","38.1","N/A","4","N/A","20","N/A","5.25","N/A"
"40","252","4","N/A","16","N/A","0.2","N/A","-1900.625","N/A","7125","N/A","38.1","N/A","4","N/A","20","N/A","5.25","N/A"
"40","253","4","N/A","16","N/A","0.2","N/A","-1940.625","N/A","7125","N/A","38.1","N/A","4","N/A","20","N/A","5.25","N/A"
"40","254","4","N/A","16","N/A","0.2","N/A","-1980.625","N/A","7125","N/A","38.1","N/A","4","N/A","20","N/A","5.25","N/A"
"40","255","4","N/A","16","N/A","0.2","N/A","-2020.625","N/A","7125","N/A","38.1","N/A","4","N/A","20","N/A","5.25","N/A"
"40","256","4","N/A","16","N/A","0.2","N/A","-1935.625","N/A","7250","N/A","38.1","N/A","4","N/A","20","N/A","5.25","N/A"
"40","257","4","N/A","16","N/A","0.2","N/A","-1975.625","N/A","7250","N/A","38.1","N/A","4","N/A","20","N/A","5.25","N/A"
"40","258","4","N/A","16","N/A","0.2","N/A","-2015.625","N/A","7250","N/A","38.1","N/A","4","N/A","20","N/A","5.25","N/A"
"40","259","4","N/A","16","N/A","0.2","N/A","-2055.625","N/A","7250","N/A","38.1","N/A","4","N/A","20","N/A","5.25","N/A"
"40","260","4","N/A","16","N/A","0.2","N/A","-2095.625","N/A","7250","N/A","38.1","N/A","4","N/A","20","N/A","5.25","N/A"
"40","261","4","N/A","16","N/A","0.2","N/A","-2135.625","N/A","7250","N/A","38.1","N/A","4","N/A","20","N/A","5.25","N/A"
"40","262","4","N/A","16","N/A","0.2","N/A","-2175.625","N/A","7250","N/A","38.1","N/A","4","N/A","20","N/A","5.25","N/A"
"40","263","4","N/A","16","N/A","0.2","N/A","-1965.625","N/A","7500","N/A","38.1","N/A","4","N/A","20","N/A","5.25","N/A"
"40","264","4","N/A","16","N/A","0.2","N/A","-2005.625","N/A","7500","N/A","38.1","N/A","4","N/A","20","N/A","5.25","N/A"
"40","265","4","N/A","16","N/A","0.2","N/A","-2045.625","N/A","7500","N/A","38.1","N/A","4","N/A","20","N/A","5.25","N/A"
"40","266","4","N/A","16","N/A","0.2","N/A","-2085.625","N/A","7500","N/A","38.1","N/A","4","N/A","20","N/A","5.25","N/A"
"40","267","4","N/A","16","N/A","0.2","N/A","-2125.625","N/A","7500","N/A","38.1","N/A","4","N/A","20","N/A","5.25","N/A"
"40","268","4","N/A","16","N/A","0.2","N/A","-2040.625","N/A","7625","N/A","38.1","N/A","4","N/A","20","N/A","5.25","N/A"
"40","269","4","N/A","16","N/A","0.2","N/A","-2080.625","N/A","7625","N/A","38.1","N/A","4","N/A","20","N/A","5.25","N/A"
"40","270","4","N/A","16","N/A","0.2","N/A","-2120.625","N/A","7625","N/A","38.1","N/A","4","N/A","20","N/A","5.25","N/A"
"40","271","4","N/A","16","N/A","0.2","N/A","-2160.625","N/A","7625","N/A","38.1","N/A","4","N/A","20","N/A","5.25","N/A"
"40","272","4","N/A","16","N/A","0.2","N/A","-2200.625","N/A","7625","N/A","38.1","N/A","4","N/A","20","N/A","5.25","N/A"
"40","273","4","N/A","16","N/A","0.2","N/A","-2240.625","N/A","7625","N/A","38.1","N/A","4","N/A","20","N/A","5.25","N/A"
"40","274","4","N/A","16","N/A","0.2","N/A","-2280.625","N/A","7625","N/A","38.1","N/A","4","N/A","20","N/A","5.25","N/A"
"40","275","4","N/A","16","N/A","0.2","N/A","-2320.625","N/A","7625","N/A","38.1","N/A","4","N/A","20","N/A","5.25","N/A"
"40","276","4","N/A","16","N/A","0.2","N/A","-2110.625","N/A","7875","N/A","38.1","N/A","4","N/A","20","N/A","5.25","N/A"
"40","277","4","N/A","16","N/A","0.2","N/A","-2150.625","N/A","7875","N/A","38.1","N/A","4","N/A","20","N/A","5.25","N/A"
"40","278","4","N/A","16","N/A","0.2","N/A","-2190.625","N/A","7875","N/A","38.1","N/A","4","N/A","20","N/A","5.25","N/A"
"40","279","4","N/A","16","N/A","0.2","N/A","-2230.625","N/A","7875","N/A","38.1","N/A","4","N/A","20","N/A","5.25","N/A"
"40","280","4","N/A","16","N/A","0.2","N/A","-2270.625","N/A","7875","N/A","38.1","N/A","4","N/A","20","N/A","5.25","N/A"
"40","281","4","N/A","16","N/A","0.2","N/A","-2185.625","N/A","8000","N/A","38.1","N/A","4","N/A","20","N/A","5.25","N/A"
"40","282","4","N/A","16","N/A","0.2","N/A","-2225.625","N/A","8000","N/A","38.1","N/A","4","N/A","20","N/A","5.25","N/A"
"40","283","4","N/A","16","N/A","0.2","N/A","-2265.625","N/A","8000","N/A","38.1","N/A","4","N/A","20","N/A","5.25","N/A"
"40","284","4","N/A","16","N/A","0.2","N/A","-2305.625","N/A","8000","N/A","38.1","N/A","4","N/A","20","N/A","5.25","N/A"
"40","285","4","N/A","16","N/A","0.2","N/A","-2345.625","N/A","8000","N/A","38.1","N/A","4","N/A","20","N/A","5.25","N/A"
"40","286","4","N/A","16","N/A","0.2","N/A","-2385.625","N/A","8000","N/A","38.1","N/A","4","N/A","20","N/A","5.25","N/A"
"40","287","4","N/A","16","N/A","0.2","N/A","-2425.625","N/A","8000","N/A","38.1","N/A","4","N/A","20","N/A","5.25","N/A"
"40","288","4","N/A","16","N/A","0.2","N/A","-2215.625","N/A","8250","N/A","38.1","N/A","4","N/A","20","N/A","5.25","N/A"
"40","289","4","N/A","16","N/A","0.2","N/A","-2255.625","N/A","8250","N/A","38.1","N/A","4","N/A","20","N/A","5.25","N/A"
"40","290","4","N/A","16","N/A","0.2","N/A","-2295.625","N/A","8250","N/A","38.1","N/A","4","N/A","20","N/A","5.25","N/A"
"40","291","4","N/A","16","N/A","0.2","N/A","-2335.625","N/A","8250","N/A","38.1","N/A","4","N/A","20","N/A","5.25","N/A"
"40","292","4","N/A","16","N/A","0.2","N/A","-2375.625","N/A","8250","N/A","38.1","N/A","4","N/A","20","N/A","5.25","N/A"
"40","293","4","N/A","16","N/A","0.2","N/A","-2290.625","N/A","8375","N/A","38.1","N/A","4","N/A","20","N/A","5.25","N/A"
"40","294","4","N/A","16","N/A","0.2","N/A","-2330.625","N/A","8375","N/A","38.1","N/A","4","N/A","20","N/A","5.25","N/A"
"40","295","4","N/A","16","N/A","0.2","N/A","-2370.625","N/A","8375","N/A","38.1","N/A","4","N/A","20","N/A","5.25","N/A"
"40","296","4","N/A","16","N/A","0.2","N/A","-2410.625","N/A","8375","N/A","38.1","N/A","4","N/A","20","N/A","5.25","N/A"
"40","297","4","N/A","16","N/A","0.2","N/A","-2450.625","N/A","8375","N/A","38.1","N/A","4","N/A","20","N/A","5.25","N/A"
"40","298","4","N/A","16","N/A","0.2","N/A","-2490.625","N/A","8375","N/A","38.1","N/A","4","N/A","20","N/A","5.25","N/A"
"40","299","4","N/A","16","N/A","0.2","N/A","-2530.625","N/A","8375","N/A","38.1","N/A","4","N/A","20","N/A","5.25","N/A"
"40","300","4","N/A","16","N/A","0.2","N/A","-2570.625","N/A","8375","N/A","38.1","N/A","4","N/A","20","N/A","5.25","N/A"
"40","301","4","N/A","16","N/A","0.2","N/A","-2360.625","N/A","8625","N/A","38.1","N/A","4","N/A","20","N/A","5.25","N/A"
"40","302","4","N/A","16","N/A","0.2","N/A","-2400.625","N/A","8625","N/A","38.1","N/A","4","N/A","20","N/A","5.25","N/A"
"40","303","4","N/A","16","N/A","0.2","N/A","-2440.625","N/A","8625","N/A","38.1","N/A","4","N/A","20","N/A","5.25","N/A"
"40","304","4","N/A","16","N/A","0.2","N/A","-2480.625","N/A","8625","N/A","38.1","N/A","4","N/A","20","N/A","5.25","N/A"
"40","305","4","N/A","16","N/A","0.2","N/A","-2520.625","N/A","8625","N/A","38.1","N/A","4","N/A","20","N/A","5.25","N/A"
"40","306","4","N/A","16","N/A","0.2","N/A","-2435.625","N/A","8750","N/A","38.1","N/A","4","N/A","20","N/A","5.5","N/A"
"40","307","4","N/A","16","N/A","0.2","N/A","-2475.625","N/A","8750","N/A","38.1","N/A","4","N/A","20","N/A","5.5","N/A"
"40","308","4","N/A","16","N/A","0.2","N/A","-2515.625","N/A","8750","N/A","38.1","N/A","4","N/A","20","N/A","5.5","N/A"
"40","309","4","N/A","16","N/A","0.2","N/A","-2555.625","N/A","8750","N/A","38.1","N/A","4","N/A","20","N/A","5.5","N/A"
"40","310","4","N/A","16","N/A","0.2","N/A","-2595.625","N/A","8750","N/A","38.1","N/A","4","N/A","20","N/A","5.5","N/A"
"40","311","4","N/A","16","N/A","0.2","N/A","-2635.625","N/A","8750","N/A","38.1","N/A","4","N/A","20","N/A","5.5","N/A"
"40","312","4","N/A","16","N/A","0.2","N/A","-2675.625","N/A","8750","N/A","38.1","N/A","4","N/A","20","N/A","5.5","N/A"
"40","313","4","N/A","16","N/A","0.2","N/A","-2465.625","N/A","9000","N/A","38.1","N/A","4","N/A","20","N/A","5.5","N/A"
"40","314","4","N/A","16","N/A","0.2","N/A","-2505.625","N/A","9000","N/A","38.1","N/A","4","N/A","20","N/A","5.5","N/A"
"40","315","4","N/A","16","N/A","0.2","N/A","-2545.625","N/A","9000","N/A","38.1","N/A","4","N/A","20","N/A","5.5","N/A"
"40","316","4","N/A","16","N/A","0.2","N/A","-2585.625","N/A","9000","N/A","38.1","N/A","4","N/A","20","N/A","5.5","N/A"
"40","317","4","N/A","16","N/A","0.2","N/A","-2625.625","N/A","9000","N/A","38.1","N/A","4","N/A","20","N/A","5.5","N/A"
"40","318","4","N/A","16","N/A","0.2","N/A","-2540.625","N/A","9125","N/A","38.1","N/A","4","N/A","20","N/A","5.5","N/A"
"40","319","4","N/A","16","N/A","0.2","N/A","-2580.625","N/A","9125","N/A","38.1","N/A","4","N/A","20","N/A","5.5","N/A"
"40","320","4","N/A","16","N/A","0.2","N/A","-2620.625","N/A","9125","N/A","38.1","N/A","4","N/A","20","N/A","5.5","N/A"
"40","321","4","N/A","16","N/A","0.2","N/A","-2660.625","N/A","9125","N/A","38.1","N/A","4","N/A","20","N/A","5.5","N/A"
"40","322","4","N/A","16","N/A","0.2","N/A","-2700.625","N/A","9125","N/A","38.1","N/A","4","N/A","20","N/A","5.5","N/A"
"40","323","4","N/A","16","N/A","0.2","N/A","-2740.625","N/A","9125","N/A","38.1","N/A","4","N/A","20","N/A","5.5","N/A"
"40","324","4","N/A","16","N/A","0.2","N/A","-2780.625","N/A","9125","N/A","38.1","N/A","4","N/A","20","N/A","5.5","N/A"
"40","325","4","N/A","16","N/A","0.2","N/A","-2820.625","N/A","9125","N/A","38.1","N/A","4","N/A","20","N/A","5.5","N/A"
"40","326","4","N/A","16","N/A","0.2","N/A","-2610.625","N/A","9375","N/A","38.1","N/A","4","N/A","20","N/A","5.5","N/A"
"40","327","4","N/A","16","N/A","0.2","N/A","-2650.625","N/A","9375","N/A","38.1","N/A","4","N/A","20","N/A","5.5","N/A"
"40","328","4","N/A","16","N/A","0.2","N/A","-2690.625","N/A","9375","N/A","38.1","N/A","4","N/A","20","N/A","5.5","N/A"
"40","329","4","N/A","16","N/A","0.2","N/A","-2730.625","N/A","9375","N/A","38.1","N/A","4","N/A","20","N/A","5.5","N/A"
"40","330","4","N/A","16","N/A","0.2","N/A","-2770.625","N/A","9375","N/A","38.1","N/A","4","N/A","20","N/A","5.5","N/A"
"40","331","4","N/A","16","N/A","0.2","N/A","-2685.625","N/A","9500","N/A","38.1","N/A","4","N/A","20","N/A","5.5","N/A"
"40","332","4","N/A","16","N/A","0.2","N/A","-2725.625","N/A","9500","N/A","38.1","N/A","4","N/A","20","N/A","5.5","N/A"
"40","333","4","N/A","16","N/A","0.2","N/A","-2765.625","N/A","9500","N/A","38.1","N/A","4","N/A","20","N/A","5.5","N/A"
"40","334","4","N/A","16","N/A","0.2","N/A","-2805.625","N/A","9500","N/A","38.1","N/A","4","N/A","20","N/A","5.5","N/A"
"40","335","4","N/A","16","N/A","0.2","N/A","-2845.625","N/A","9500","N/A","38.1","N/A","4","N/A","20","N/A","5.5","N/A"
"40","336","4","N/A","16","N/A","0.2","N/A","-2885.625","N/A","9500","N/A","38.1","N/A","4","N/A","20","N/A","5.5","N/A"
"40","337","4","N/A","16","N/A","0.2","N/A","-2925.625","N/A","9500","N/A","38.1","N/A","4","N/A","20","N/A","5.5","N/A"
"40","338","4","N/A","16","N/A","0.2","N/A","-2715.625","N/A","9750","N/A","38.1","N/A","4","N/A","20","N/A","5.5","N/A"
"40","339","4","N/A","16","N/A","0.2","N/A","-2755.625","N/A","9750","N/A","38.1","N/A","4","N/A","20","N/A","5.5","N/A"
"40","340","4","N/A","16","N/A","0.2","N/A","-2795.625","N/A","9750","N/A","38.1","N/A","4","N/A","20","N/A","5.5","N/A"
"40","341","4","N/A","16","N/A","0.2","N/A","-2835.625","N/A","9750","N/A","38.1","N/A","4","N/A","20","N/A","5.5","N/A"
"40","342","4","N/A","16","N/A","0.2","N/A","-2875.625","N/A","9750","N/A","38.1","N/A","4","N/A","20","N/A","5.5","N/A"
"40","343","4","N/A","16","N/A","0.2","N/A","-2790.625","N/A","9875","N/A","38.1","N/A","4","N/A","20","N/A","5.5","N/A"
"40","344","4","N/A","16","N/A","0.2","N/A","-2830.625","N/A","9875","N/A","38.1","N/A","4","N/A","20","N/A","5.5","N/A"
"40","345","4","N/A","16","N/A","0.2","N/A","-2870.625","N/A","9875","N/A","38.1","N/A","4","N/A","20","N/A","5.5","N/A"
"40","346","4","N/A","16","N/A","0.2","N/A","-2910.625","N/A","9875","N/A","38.1","N/A","4","N/A","20","N/A","5.5","N/A"
"40","347","4","N/A","16","N/A","0.2","N/A","-2950.625","N/A","9875","N/A","38.1","N/A","4","N/A","20","N/A","5.5","N/A"
"40","348","4","N/A","16","N/A","0.2","N/A","-2990.625","N/A","9875","N/A","38.1","N/A","4","N/A","20","N/A","5.5","N/A"
"40","349","4","N/A","16","N/A","0.2","N/A","-3030.625","N/A","9875","N/A","38.1","N/A","4","N/A","20","N/A","5.5","N/A"
"40","350","4","N/A","16","N/A","0.2","N/A","-3070.625","N/A","9875","N/A","38.1","N/A","4","N/A","20","N/A","5.5","N/A"
"40","351","3","N/A","17","N/A","0.15","N/A","-3967.5","N/A","9000","N/A","38.1","N/A","4","N/A","20","N/A","6","N/A"
"40","352","3","N/A","17","N/A","0.15","N/A","-4007.5","N/A","9000","N/A","38.1","N/A","4","N/A","20","N/A","6","N/A"
"40","353","3","N/A","17","N/A","0.15","N/A","-4047.5","N/A","9000","N/A","38.1","N/A","4","N/A","20","N/A","6","N/A"
"40","354","3","N/A","17","N/A","0.15","N/A","-4087.5","N/A","9000","N/A","38.1","N/A","4","N/A","20","N/A","6","N/A"
"40","355","3","N/A","17","N/A","0.15","N/A","-4127.5","N/A","9000","N/A","38.1","N/A","4","N/A","20","N/A","6","N/A"
"40","356","3","N/A","17","N/A","0.15","N/A","-4000.8333333333335","N/A","9166.666666666666","N/A","38.1","N/A","4","N/A","20","N/A","6","N/A"
"40","357","3","N/A","17","N/A","0.15","N/A","-4040.8333333333335","N/A","9166.666666666666","N/A","38.1","N/A","4","N/A","20","N/A","6","N/A"
"40","358","3","N/A","17","N/A","0.15","N/A","-4080.8333333333335","N/A","9166.666666666666","N/A","38.1","N/A","4","N/A","20","N/A","6","N/A"
"40","359","3","N/A","17","N/A","0.15","N/A","-4120.833333333333","N/A","9166.666666666666","N/A","38.1","N/A","4","N/A","20","N/A","6","N/A"
"40","360","3","N/A","17","N/A","0.15","N/A","-4160.833333333333","N/A","9166.666666666666","N/A","38.1","N/A","4","N/A","20","N/A","6","N/A"
"40","361","3","N/A","17","N/A","0.15","N/A","-4200.833333333333","N/A","9166.666666666666","N/A","38.1","N/A","4","N/A","20","N/A","6","N/A"
"40","362","3","N/A","17","N/A","0.15","N/A","-4240.833333333333","N/A","9166.666666666666","N/A","38.1","N/A","4","N/A","20","N/A","6","N/A"
"40","363","3","N/A","17","N/A","0.15","N/A","-4114.166666666667","N/A","9333.333333333334","N/A","38.1","N/A","4","N/A","20","N/A","6","N/A"
"40","364","3","N/A","17","N/A","0.15","N/A","-4154.166666666667","N/A","9333.333333333334","N/A","38.1","N/A","4","N/A","20","N/A","6","N/A"
"40","365","3","N/A","17","N/A","0.15","N/A","-4194.166666666667","N/A","9333.333333333334","N/A","38.1","N/A","4","N/A","20","N/A","6","N/A"
"40","366","3","N/A","17","N/A","0.15","N/A","-4234.166666666667","N/A","9333.333333333334","N/A","38.1","N/A","4","N/A","20","N/A","6","N/A"
"40","367","3","N/A","17","N/A","0.15","N/A","-4274.166666666667","N/A","9333.333333333334","N/A","38.1","N/A","4","N/A","20","N/A","6","N/A"
"40","368","3","N/A","17","N/A","0.15","N/A","-4147.5","N/A","9500","N/A","38.1","N/A","4","N/A","20","N/A","6","N/A"
"40","369","3","N/A","17","N/A","0.15","N/A","-4187.5","N/A","9500","N/A","38.1","N/A","4","N/A","20","N/A","6","N/A"
"40","370","3","N/A","17","N/A","0.15","N/A","-4227.5","N/A","9500","N/A","38.1","N/A","4","N/A","20","N/A","6","N/A"
"40","371","3","N/A","17","N/A","0.15","N/A","-4267.5","N/A","9500","N/A","38.1","N/A","4","N/A","20","N/A","6","N/A"
"40","372","3","N/A","17","N/A","0.15","N/A","-4307.5","N/A","9500","N/A","38.1","N/A","4","N/A","20","N/A","6","N/A"
"40","373","3","N/A","17","N/A","0.15","N/A","-4347.5","N/A","9500","N/A","38.1","N/A","4","N/A","20","N/A","6","N/A"
"40","374","3","N/A","17","N/A","0.15","N/A","-4387.5","N/A","9500","N/A","38.1","N/A","4","N/A","20","N/A","6","N/A"
"40","375","3","N/A","17","N/A","0.15","N/A","-4427.5","N/A","9500","N/A","38.1","N/A","4","N/A","20","N/A","6","N/A"
"40","376","3","N/A","17","N/A","0.15","N/A","-4300.833333333333","N/A","9666.666666666666","N/A","38.1","N/A","4","N/A","20","N/A","6","N/A"
"40","377","3","N/A","17","N/A","0.15","N/A","-4340.833333333333","N/A","9666.666666666666","N/A","38.1","N/A","4","N/A","20","N/A","6","N/A"
"40","378","3","N/A","17","N/A","0.15","N/A","-4380.833333333333","N/A","9666.666666666666","N/A","38.1","N/A","4","N/A","20","N/A","6","N/A"
"40","379","3","N/A","17","N/A","0.15","N/A","-4420.833333333333","N/A","9666.666666666666","N/A","38.1","N/A","4","N/A","20","N/A","6","N/A"
"40","380","3","N/A","17","N/A","0.15","N/A","-4460.833333333333","N/A","9666.666666666666","N/A","38.1","N/A","4","N/A","20","N/A","6","N/A"
"40","381","3","N/A","17","N/A","0.15","N/A","-4334.166666666667","N/A","9833.333333333334","N/A","38.1","N/A","4","N/A","20","N/A","6","N/A"
"40","382","3","N/A","17","N/A","0.15","N/A","-4374.166666666667","N/A","9833.333333333334","N/A","38.1","N/A","4","N/A","20","N/A","6","N/A"
"40","383","3","N/A","17","N/A","0.15","N/A","-4414.166666666667","N/A","9833.333333333334","N/A","38.1","N/A","4","N/A","20","N/A","6","N/A"
"40","384","3","N/A","17","N/A","0.15","N/A","-4454.166666666667","N/A","9833.333333333334","N/A","38.1","N/A","4","N/A","20","N/A","6","N/A"
"40","385","3","N/A","17","N/A","0.15","N/A","-4494.166666666667","N/A","9833.333333333334","N/A","38.1","N/A","4","N/A","20","N/A","6","N/A"
"40","386","3","N/A","17","N/A","0.15","N/A","-4534.166666666667","N/A","9833.333333333334","N/A","38.1","N/A","4","N/A","20","N/A","6","N/A"
"40","387","3","N/A","17","N/A","0.15","N/A","-4574.166666666667","N/A","9833.333333333334","N/A","38.1","N/A","4","N/A","20","N/A","6","N/A"
"40","388","3","N/A","17","N/A","0.15","N/A","-4447.5","N/A","10000","N/A","38.1","N/A","4","N/A","20","N/A","6","N/A"
"40","389","3","N/A","17","N/A","0.15","N/A","-4487.5","N/A","10000","N/A","38.1","N/A","4","N/A","20","N/A","6","N/A"
"40","390","3","N/A","17","N/A","0.15","N/A","-4527.5","N/A","10000","N/A","38.1","N/A","4","N/A","20","N/A","6","N/A"
"40","391","3","N/A","17","N/A","0.15","N/A","-4567.5","N/A","10000","N/A","38.1","N/A","4","N/A","20","N/A","6","N/A"
"40","392","3","N/A","17","N/A","0.15","N/A","-4607.5","N/A","10000","N/A","38.1","N/A","4","N/A","20","N/A","6","N/A"
"40","393","3","N/A","17","N/A","0.15","N/A","-4480.833333333333","N/A","10166.666666666666","N/A","38.1","N/A","4","N/A","20","N/A","6","N/A"
"40","394","3","N/A","17","N/A","0.15","N/A","-4520.833333333333","N/A","10166.666666666666","N/A","38.1","N/A","4","N/A","20","N/A","6","N/A"
"40","395","3","N/A","17","N/A","0.15","N/A","-4560.833333333333","N/A","10166.666666666666","N/A","38.1","N/A","4","N/A","20","N/A","6","N/A"
"40","396","3","N/A","17","N/A","0.15","N/A","-4600.833333333333","N/A","10166.666666666666","N/A","38.1","N/A","4","N/A","20","N/A","6","N/A"
"40","397","3","N/A","17","N/A","0.15","N/A","-4640.833333333333","N/A","10166.666666666666","N/A","38.1","N/A","4","N/A","20","N/A","6","N/A"
"40","398","3","N/A","17","N/A","0.15","N/A","-4680.833333333333","N/A","10166.666666666666","N/A","38.1","N/A","4","N/A","20","N/A","6","N/A"
"40","399","3","N/A","17","N/A","0.15","N/A","-4720.833333333333","N/A","10166.666666666666","N/A","38.1","N/A","4","N/A","20","N/A","6","N/A"
"40","400","3","N/A","17","N/A","0.15","N/A","-4760.833333333333","N/A","10166.666666666666","N/A","38.1","N/A","4","N/A","20","N/A","6","N/A"
"40","401","3","N/A","17","N/A","0.15","N/A","-4634.166666666667","N/A","10333.333333333334","N/A","38.1","N/A","4","N/A","20","N/A","6","N/A"
"40","402","3","N/A","17","N/A","0.15","N/A","-4674.166666666667","N/A","10333.333333333334","N/A","38.1","N/A","4","N/A","20","N/A","6","N/A"
"40","403","3","N/A","17","N/A","0.15","N/A","-4714.166666666667","N/A","10333.333333333334","N/A","38.1","N/A","4","N/A","20","N/A","6","N/A"
"40","404","3","N/A","17","N/A","0.15","N/A","-4754.166666666667","N/A","10333.333333333334","N/A","38.1","N/A","4","N/A","20","N/A","6","N/A"
"40","405","3","N/A","17","N/A","0.15","N/A","-4794.166666666667","N/A","10333.333333333334","N/A","38.1","N/A","4","N/A","20","N/A","6","N/A"
"40","406","3","N/A","17","N/A","0.15","N/A","-4667.5","N/A","10500","N/A","38.1","N/A","4","N/A","20","N/A","6","N/A"
"40","407","3","N/A","17","N/A","0.15","N/A","-4707.5","N/A","10500","N/A","38.1","N/A","4","N/A","20","N/A","6","N/A"
"40","408","3","N/A","17","N/A","0.15","N/A","-4747.5","N/A","10500","N/A","38.1","N/A","4","N/A","20","N/A","6","N/A"
"40","409","3","N/A","17","N/A","0.15","N/A","-4787.5","N/A","10500","N/A","38.1","N/A","4","N/A","20","N/A","6","N/A"
"40","410","3","N/A","17","N/A","0.15","N/A","-4827.5","N/A","10500","N/A","38.1","N/A","4","N/A","20","N/A","6","N/A"
"40","411","3","N/A","17","N/A","0.15","N/A","-4867.5","N/A","10500","N/A","38.1","N/A","4","N/A","20","N/A","6","N/A"
"40","412","3","N/A","17","N/A","0.15","N/A","-4907.5","N/A","10500","N/A","38.1","N/A","4","N/A","20","N/A","6","N/A"
"40","413","3","N/A","17","N/A","0.15","N/A","-4780.833333333333","N/A","10666.666666666666","N/A","38.1","N/A","4","N/A","20","N/A","6","N/A"
"40","414","3","N/A","17","N/A","0.15","N/A","-4820.833333333333","N/A","10666.666666666666","N/A","38.1","N/A","4","N/A","20","N/A","6","N/A"
"40","415","3","N/A","17","N/A","0.15","N/A","-4860.833333333333","N/A","10666.666666666666","N/A","38.1","N/A","4","N/A","20","N/A","6","N/A"
"40","416","3","N/A","17","N/A","0.15","N/A","-4900.833333333333","N/A","10666.666666666666","N/A","38.1","N/A","4","N/A","20","N/A","6","N/A"
"40","417","3","N/A","17","N/A","0.15","N/A","-4940.833333333333","N/A","10666.666666666666","N/A","38.1","N/A","4","N/A","20","N/A","6","N/A"
"40","418","3","N/A","17","N/A","0.15","N/A","-4814.166666666667","N/A","10833.333333333334","N/A","38.1","N/A","4","N/A","20","N/A","6","N/A"
"40","419","3","N/A","17","N/A","0.15","N/A","-4854.166666666667","N/A","10833.333333333334","N/A","38.1","N/A","4","N/A","20","N/A","6","N/A"
"40","420","3","N/A","17","N/A","0.15","N/A","-4894.166666666667","N/A","10833.333333333334","N/A","38.1","N/A","4","N/A","20","N/A","6","N/A"
"40","421","3","N/A","17","N/A","0.15","N/A","-4934.166666666667","N/A","10833.333333333334","N/A","38.1","N/A","4","N/A","20","N/A","6","N/A"
"40","422","3","N/A","17","N/A","0.15","N/A","-4974.166666666667","N/A","10833.333333333334","N/A","38.1","N/A","4","N/A","20","N/A","6","N/A"
"40","423","3","N/A","17","N/A","0.15","N/A","-5014.166666666667","N/A","10833.333333333334","N/A","38.1","N/A","4","N/A","20","N/A","6","N/A"
"40","424","3","N/A","17","N/A","0.15","N/A","-5054.166666666667","N/A","10833.333333333334","N/A","38.1","N/A","4","N/A","20","N/A","6","N/A"
"40","425","3","N/A","17","N/A","0.15","N/A","-5094.166666666667","N/A","10833.333333333334","N/A","38.1","N/A","4","N/A","20","N/A","6","N/A"
"40","426","3","N/A","17","N/A","0.15","N/A","-4967.5","N/A","11000","N/A","38.1","N/A","4","N/A","20","N/A","6","N/A"
"40","427","3","N/A","17","N/A","0.15","N/A","-5007.5","N/A","11000","N/A","38.1","N/A","4","N/A","20","N/A","6","N/A"
"40","428","3","N/A","17","N/A","0.15","N/A","-5047.5","N/A","11000","N/A","38.1","N/A","4","N/A","20","N/A","6","N/A"
"40","429","3","N/A","17","N/A","0.15","N/A","-5087.5","N/A","11000","N/A","38.1","N/A","4","N/A","20","N/A","6","N/A"
"40","430","3","N/A","17","N/A","0.15","N/A","-5127.5","N/A","11000","N/A","38.1","N/A","4","N/A","20","N/A","6","N/A"
"40","431","3","N/A","17","N/A","0.15","N/A","-5000.833333333333","N/A","11166.666666666666","N/A","38.1","N/A","4","N/A","20","N/A","6","N/A"
"40","432","3","N/A","17","N/A","0.15","N/A","-5040.833333333333","N/A","11166.666666666666","N/A","38.1","N/A","4","N/A","20","N/A","6","N/A"
"40","433","3","N/A","17","N/A","0.15","N/A","-5080.833333333333","N/A","11166.666666666666","N/A","38.1","N/A","8","N/A","20","N/A","6.333333333333333","N/A"
"40","434","3","N/A","17","N/A","0.15","N/A","-5120.833333333333","N/A","11166.666666666666","N/A","38.1","N/A","8","N/A","20","N/A","6.333333333333333","N/A"
"40","435","3","N/A","17","N/A","0.15","N/A","-5160.833333333333","N/A","11166.666666666666","N/A","38.1","N/A","8","N/A","20","N/A","6.333333333333333","N/A"
"40","436","3","N/A","17","N/A","0.15","N/A","-5200.833333333333","N/A","11166.666666666666","N/A","38.1","N/A","8","N/A","20","N/A","6.333333333333333","N/A"
"40","437","3","N/A","17","N/A","0.15","N/A","-5240.833333333333","N/A","11166.666666666666","N/A","38.1","N/A","8","N/A","20","N/A","6.333333333333333","N/A"
"40","438","3","N/A","17","N/A","0.15","N/A","-5114.166666666667","N/A","11333.333333333334","N/A","38.1","N/A","8","N/A","20","N/A","6.333333333333333","N/A"
"40","439","3","N/A","17","N/A","0.15","N/A","-5154.166666666667","N/A","11333.333333333334","N/A","38.1","N/A","8","N/A","20","N/A","6.333333333333333","N/A"
"40","440","3","N/A","17","N/A","0.15","N/A","-5194.166666666667","N/A","11333.333333333334","N/A","38.1","N/A","10","N/A","20","N/A","6.666666666666667","N/A"
"40","441","3","N/A","17","N/A","0.15","N/A","-5234.166666666667","N/A","11333.333333333334","N/A","38.1","N/A","10","N/A","20","N/A","6.666666666666667","N/A"
"40","442","3","N/A","17","N/A","0.15","N/A","-5274.166666666667","N/A","11333.333333333334","N/A","38.1","N/A","10","N/A","20","N/A","6.666666666666667","N/A"
"40","443","3","N/A","17","N/A","0.15","N/A","-5147.5","N/A","11500","N/A","38.1","N/A","10","N/A","20","N/A","6.666666666666667","N/A"
"40","444","3","N/A","17","N/A","0.15","N/A","-5187.5","N/A","11500","N/A","38.1","N/A","10","N/A","20","N/A","6.666666666666667","N/A"
"40","445","3","N/A","17","N/A","0.15","N/A","-5227.5","N/A","11500","N/A","38.1","N/A","10","N/A","20","N/A","6.666666666666667","N/A"
"40","446","3","N/A","17","N/A","0.15","N/A","-5267.5","N/A","11500","N/A","38.1","N/A","10","N/A","20","N/A","6.666666666666667","N/A"
"40","447","3","N/A","17","N/A","0.15","N/A","-5307.5","N/A","11500","N/A","38.1","N/A","10","N/A","20","N/A","6.666666666666667","N/A"
"40","448","3","N/A","17","N/A","0.15","N/A","-5347.5","N/A","11500","N/A","38.1","N/A","10","N/A","20","N/A","6.666666666666667","N/A"
"40","449","3","N/A","17","N/A","0.15","N/A","-5387.5","N/A","11500","N/A","38.1","N/A","10","N/A","20","N/A","6.666666666666667","N/A"
"40","450","3","N/A","17","N/A","0.15","N/A","-5427.5","N/A","11500","N/A","38.1","N/A","10","N/A","20","N/A","6.666666666666667","N/A"
"40","451","3","N/A","17","N/A","0.15","N/A","-5300.833333333333","N/A","11666.666666666666","N/A","38.1","N/A","10","N/A","20","N/A","6.666666666666667","N/A"
"40","452","3","N/A","17","N/A","0.15","N/A","-5340.833333333333","N/A","11666.666666666666","N/A","38.1","N/A","10","N/A","20","N/A","6.666666666666667","N/A"
"40","453","3","N/A","17","N/A","0.15","N/A","-5380.833333333333","N/A","11666.666666666666","N/A","38.1","N/A","10","N/A","20","N/A","6.666666666666667","N/A"
"40","454","3","N/A","17","N/A","0.15","N/A","-5420.833333333333","N/A","11666.666666666666","N/A","38.1","N/A","10","N/A","20","N/A","6.666666666666667","N/A"
"40","455","3","N/A","17","N/A","0.15","N/A","-5460.833333333333","N/A","11666.666666666666","N/A","38.1","N/A","10","N/A","20","N/A","6.666666666666667","N/A"
"40","456","3","N/A","17","N/A","0.15","N/A","-5334.166666666667","N/A","11833.333333333334","N/A","38.1","N/A","10","N/A","20","N/A","6.666666666666667","N/A"
"40","457","3","N/A","17","N/A","0.15","N/A","-5374.166666666667","N/A","11833.333333333334","N/A","38.1","N/A","10","N/A","20","N/A","6.666666666666667","N/A"
"40","458","3","N/A","17","N/A","0.15","N/A","-5414.166666666667","N/A","11833.333333333334","N/A","38.1","N/A","10","N/A","20","N/A","6.666666666666667","N/A"
"40","459","3","N/A","17","N/A","0.15","N/A","-5454.166666666667","N/A","11833.333333333334","N/A","38.1","N/A","10","N/A","20","N/A","6.666666666666667","N/A"
"40","460","3","N/A","17","N/A","0.15","N/A","-5494.166666666667","N/A","11833.333333333334","N/A","38.1","N/A","10","N/A","20","N/A","6.666666666666667","N/A"
"40","461","3","N/A","17","N/A","0.15","N/A","-5534.166666666667","N/A","11833.333333333334","N/A","38.1","N/A","10","N/A","20","N/A","6.666666666666667","N/A"
"40","462","3","N/A","17","N/A","0.15","N/A","-5574.166666666667","N/A","11833.333333333334","N/A","38.1","N/A","10","N/A","20","N/A","6.666666666666667","N/A"
"40","463","3","N/A","17","N/A","0.15","N/A","-5447.5","N/A","12000","N/A","38.1","N/A","10","N/A","20","N/A","6.666666666666667","N/A"
"40","464","3","N/A","17","N/A","0.15","N/A","-5487.5","N/A","12000","N/A","38.1","N/A","10","N/A","20","N/A","6.666666666666667","N/A"
"40","465","3","N/A","17","N/A","0.15","N/A","-5527.5","N/A","12000","N/A","38.1","N/A","10","N/A","20","N/A","6.666666666666667","N/A"
"40","466","3","N/A","17","N/A","0.15","N/A","-5567.5","N/A","12000","N/A","38.1","N/A","10","N/A","20","N/A","6.666666666666667","N/A"
"40","467","3","N/A","17","N/A","0.15","N/A","-5607.5","N/A","12000","N/A","38.1","N/A","10","N/A","20","N/A","6.666666666666667","N/A"
"40","468","3","N/A","17","N/A","0.15","N/A","-5480.833333333333","N/A","12166.666666666666","N/A","38.1","N/A","10","N/A","20","N/A","6.666666666666667","N/A"
"40","469","3","N/A","17","N/A","0.15","N/A","-5520.833333333333","N/A","12166.666666666666","N/A","38.1","N/A","10","N/A","20","N/A","6.666666666666667","N/A"
"40","470","3","N/A","17","N/A","0.15","N/A","-5560.833333333333","N/A","12166.666666666666","N/A","38.1","N/A","10","N/A","20","N/A","6.666666666666667","N/A"
"40","471","3","N/A","17","N/A","0.15","N/A","-5600.833333333333","N/A","12166.666666666666","N/A","38.1","N/A","10","N/A","20","N/A","6.666666666666667","N/A"
"40","472","3","N/A","17","N/A","0.15","N/A","-5640.833333333333","N/A","12166.666666666666","N/A","38.1","N/A","10","N/A","20","N/A","6.666666666666667","N/A"
"40","473","3","N/A","17","N/A","0.15","N/A","-5680.833333333333","N/A","12166.666666666666","N/A","38.1","N/A","10","N/A","20","N/A","6.666666666666667","N/A"
"40","474","3","N/A","17","N/A","0.15","N/A","-5720.833333333333","N/A","12166.666666666666","N/A","38.1","N/A","10","N/A","20","N/A","6.666666666666667","N/A"
"40","475","3","N/A","17","N/A","0.15","N/A","-5760.833333333333","N/A","12166.666666666666","N/A","38.1","N/A","10","N/A","20","N/A","6.666666666666667","N/A"
"40","476","3","N/A","17","N/A","0.15","N/A","-5634.166666666667","N/A","12333.333333333334","N/A","38.1","N/A","10","N/A","20","N/A","6.666666666666667","N/A"
"40","477","3","N/A","17","N/A","0.15","N/A","-5674.166666666667","N/A","12333.333333333334","N/A","38.1","N/A","10","N/A","20","N/A","6.666666666666667","N/A"
"40","478","3","N/A","17","N/A","0.15","N/A","-5714.166666666667","N/A","12333.333333333334","N/A","38.1","N/A","10","N/A","20","N/A","6.666666666666667","N/A"
"40","479","3","N/A","17","N/A","0.15","N/A","-5754.166666666667","N/A","12333.333333333334","N/A","38.1","N/A","10","N/A","20","N/A","6.666666666666667","N/A"
"40","480","3","N/A","17","N/A","0.15","N/A","-5794.166666666667","N/A","12333.333333333334","N/A","38.1","N/A","10","N/A","20","N/A","6.666666666666667","N/A"
"40","481","3","N/A","17","N/A","0.15","N/A","-5667.5","N/A","12500","N/A","38.1","N/A","10","N/A","20","N/A","6.666666666666667","N/A"
"40","482","3","N/A","17","N/A","0.15","N/A","-5707.5","N/A","12500","N/A","38.1","N/A","10","N/A","20","N/A","6.666666666666667","N/A"
"40","483","3","N/A","17","N/A","0.15","N/A","-5747.5","N/A","12500","N/A","38.1","N/A","10","N/A","20","N/A","6.666666666666667","N/A"
"40","484","3","N/A","17","N/A","0.15","N/A","-5787.5","N/A","12500","N/A","38.1","N/A","10","N/A","20","N/A","6.666666666666667","N/A"
"40","485","3","N/A","17","N/A","0.15","N/A","-5827.5","N/A","12500","N/A","38.1","N/A","10","N/A","20","N/A","6.666666666666667","N/A"
"40","486","3","N/A","17","N/A","0.15","N/A","-5867.5","N/A","12500","N/A","38.1","N/A","10","N/A","20","N/A","6.666666666666667","N/A"
"40","487","3","N/A","17","N/A","0.15","N/A","-5907.5","N/A","12500","N/A","38.1","N/A","10","N/A","20","N/A","6.666666666666667","N/A"
"40","488","3","N/A","17","N/A","0.15","N/A","-5780.833333333333","N/A","12666.666666666666","N/A","38.1","N/A","10","N/A","20","N/A","6.666666666666667","N/A"
"40","489","3","N/A","17","N/A","0.15","N/A","-5820.833333333333","N/A","12666.666666666666","N/A","38.1","N/A","10","N/A","20","N/A","6.666666666666667","N/A"
"40","490","3","N/A","17","N/A","0.15","N/A","-5860.833333333333","N/A","12666.666666666666","N/A","38.1","N/A","10","N/A","20","N/A","6.666666666666667","N/A"
"40","491","3","N/A","17","N/A","0.15","N/A","-5900.833333333333","N/A","12666.666666666666","N/A","38.1","N/A","10","N/A","20","N/A","6.666666666666667","N/A"
"40","492","3","N/A","17","N/A","0.15","N/A","-5940.833333333333","N/A","12666.666666666666","N/A","38.1","N/A","10","N/A","20","N/A","6.666666666666667","N/A"
"40","493","2","N/A","18","N/A","0.1","N/A","-8970","N/A","9750","N/A","38.1","N/A","2","N/A","28","N/A","5.5","N/A"
"40","494","2","N/A","18","N/A","0.1","N/A","-9010","N/A","9750","N/A","38.1","N/A","2","N/A","28","N/A","5.5","N/A"
"40","495","2","N/A","18","N/A","0.1","N/A","-9050","N/A","9750","N/A","38.1","N/A","2","N/A","28","N/A","5.5","N/A"
"40","496","2","N/A","18","N/A","0.1","N/A","-9090","N/A","9750","N/A","38.1","N/A","2","N/A","28","N/A","5.5","N/A"
"40","497","2","N/A","18","N/A","0.1","N/A","-9130","N/A","9750","N/A","38.1","N/A","2","N/A","28","N/A","5.5","N/A"
"40","498","2","N/A","18","N/A","0.1","N/A","-9170","N/A","9750","N/A","38.1","N/A","2","N/A","28","N/A","5.5","N/A"
"40","499","2","N/A","18","N/A","0.1","N/A","-9210","N/A","9750","N/A","38.1","N/A","2","N/A","28","N/A","5.5","N/A"
"40","500","2","N/A","18","N/A","0.1","N/A","-9250","N/A","9750","N/A","38.1","N/A","2","N/A","28","N/A","5.5","N/A"
"40","501","2","N/A","18","N/A","0.1","N/A","-9040","N/A","10000","N/A","38.1","N/A","2","N/A","28","N/A","5.5","N/A"
"40","502","2","N/A","18","N/A","0.1","N/A","-9080","N/A","10000","N/A","38.1","N/A","2","N/A","28","N/A","5.5","N/A"
"40","503","2","N/A","18","N/A","0.1","N/A","-9120","N/A","10000","N/A","38.1","N/A","2","N/A","28","N/A","5.5","N/A"
"40","504","2","N/A","18","N/A","0.1","N/A","-9160","N/A","10000","N/A","38.1","N/A","2","N/A","28","N/A","5.5","N/A"
"40","505","2","N/A","18","N/A","0.1","N/A","-9200","N/A","10000","N/A","38.1","N/A","2","N/A","28","N/A","5.5","N/A"
"40","506","2","N/A","18","N/A","0.1","N/A","-9240","N/A","10000","N/A","38.1","N/A","2","N/A","28","N/A","5.5","N/A"
"40","507","2","N/A","18","N/A","0.1","N/A","-9280","N/A","10000","N/A","38.1","N/A","2","N/A","28","N/A","5.5","N/A"
"40","508","2","N/A","18","N/A","0.1","N/A","-9320","N/A","10000","N/A","38.1","N/A","2","N/A","28","N/A","5.5","N/A"
"40","509","2","N/A","18","N/A","0.1","N/A","-9360","N/A","10000","N/A","38.1","N/A","2","N/A","28","N/A","5.5","N/A"
"40","510","2","N/A","18","N/A","0.1","N/A","-9400","N/A","10000","N/A","38.1","N/A","2","N/A","28","N/A","5.5","N/A"
"40","511","2","N/A","18","N/A","0.1","N/A","-9440","N/A","10000","N/A","38.1","N/A","2","N/A","28","N/A","5.5","N/A"
"40","512","2","N/A","18","N/A","0.1","N/A","-9480","N/A","10000","N/A","38.1","N/A","2","N/A","28","N/A","5.5","N/A"
"40","513","2","N/A","18","N/A","0.1","N/A","-9270","N/A","10250","N/A","38.1","N/A","2","N/A","28","N/A","5.5","N/A"
"40","514","2","N/A","18","N/A","0.1","N/A","-9310","N/A","10250","N/A","38.1","N/A","2","N/A","28","N/A","5.5","N/A"
"40","515","2","N/A","18","N/A","0.1","N/A","-9350","N/A","10250","N/A","38.1","N/A","2","N/A","28","N/A","5.5","N/A"
"40","516","2","N/A","18","N/A","0.1","N/A","-9390","N/A","10250","N/A","38.1","N/A","2","N/A","28","N/A","5.5","N/A"
"40","517","2","N/A","18","N/A","0.1","N/A","-9430","N/A","10250","N/A","38.1","N/A","2","N/A","28","N/A","5.5","N/A"
"40","518","2","N/A","18","N/A","0.1","N/A","-9470","N/A","10250","N/A","38.1","N/A","2","N/A","28","N/A","5.5","N/A"
"40","519","2","N/A","18","N/A","0.1","N/A","-9510","N/A","10250","N/A","38.1","N/A","2","N/A","28","N/A","5.5","N/A"
"40","520","2","N/A","18","N/A","0.1","N/A","-9550","N/A","10250","N/A","38.1","N/A","2","N/A","28","N/A","5.5","N/A"
"40","521","2","N/A","18","N/A","0.1","N/A","-9590","N/A","10250","N/A","38.1","N/A","2","N/A","28","N/A","5.5","N/A"
"40","522","2","N/A","18","N/A","0.1","N/A","-9630","N/A","10250","N/A","38.1","N/A","2","N/A","28","N/A","5.5","N/A"
"40","523","2","N/A","18","N/A","0.1","N/A","-9670","N/A","10250","N/A","38.1","N/A","2","N/A","28","N/A","5.5","N/A"
"40","524","2","N/A","18","N/A","0.1","N/A","-9710","N/A","10250","N/A","38.1","N/A","2","N/A","28","N/A","5.5","N/A"
"40","525","2","N/A","18","N/A","0.1","N/A","-9750","N/A","10250","N/A","38.1","N/A","2","N/A","28","N/A","5.5","N/A"
"40","526","2","N/A","18","N/A","0.1","N/A","-9540","N/A","10500","N/A","38.1","N/A","2","N/A","28","N/A","5.5","N/A"
"40","527","2","N/A","18","N/A","0.1","N/A","-9580","N/A","10500","N/A","38.1","N/A","2","N/A","28","N/A","5.5","N/A"
"40","528","2","N/A","18","N/A","0.1","N/A","-9620","N/A","10500","N/A","38.1","N/A","2","N/A","28","N/A","5.5","N/A"
"40","529","2","N/A","18","N/A","0.1","N/A","-9660","N/A","10500","N/A","38.1","N/A","2","N/A","28","N/A","5.5","N/A"
"40","530","2","N/A","18","N/A","0.1","N/A","-9700","N/A","10500","N/A","38.1","N/A","2","N/A","28","N/A","5.5","N/A"
"40","531","2","N/A","18","N/A","0.1","N/A","-9740","N/A","10500","N/A","38.1","N/A","2","N/A","28","N/A","5.5","N/A"
"40","532","2","N/A","18","N/A","0.1","N/A","-9780","N/A","10500","N/A","38.1","N/A","2","N/A","28","N/A","5.5","N/A"
"40","533","2","N/A","18","N/A","0.1","N/A","-9820","N/A","10500","N/A","38.1","N/A","2","N/A","28","N/A","5.5","N/A"
"40","534","2","N/A","18","N/A","0.1","N/A","-9860","N/A","10500","N/A","38.1","N/A","2","N/A","28","N/A","5.5","N/A"
"40","535","2","N/A","18","N/A","0.1","N/A","-9900","N/A","10500","N/A","38.1","N/A","2","N/A","28","N/A","5.5","N/A"
"40","536","2","N/A","18","N/A","0.1","N/A","-9940","N/A","10500","N/A","38.1","N/A","2","N/A","28","N/A","5.5","N/A"
"40","537","2","N/A","18","N/A","0.1","N/A","-9980","N/A","10500","N/A","38.1","N/A","2","N/A","28","N/A","5.5","N/A"
"40","538","2","N/A","18","N/A","0.1","N/A","-9770","N/A","10750","N/A","38.1","N/A","2","N/A","28","N/A","5.5","N/A"
"40","539","2","N/A","18","N/A","0.1","N/A","-9810","N/A","10750","N/A","38.1","N/A","2","N/A","28","N/A","5.5","N/A"
"40","540","2","N/A","18","N/A","0.1","N/A","-9850","N/A","10750","N/A","38.1","N/A","2","N/A","28","N/A","5.5","N/A"
"40","541","2","N/A","18","N/A","0.1","N/A","-9890","N/A","10750","N/A","38.1","N/A","2","N/A","28","N/A","5.5","N/A"
"40","542","2","N/A","18","N/A","0.1","N/A","-9930","N/A","10750","N/A","38.1","N/A","2","N/A","28","N/A","5.5","N/A"
"40","543","2","N/A","18","N/A","0.1","N/A","-9970","N/A","10750","N/A","38.1","N/A","2","N/A","28","N/A","5.5","N/A"
"40","544","2","N/A","18","N/A","0.1","N/A","-10010","N/A","10750","N/A","38.1","N/A","2","N/A","28","N/A","5.5","N/A"
"40","545","2","N/A","18","N/A","0.1","N/A","-10050","N/A","10750","N/A","38.1","N/A","2","N/A","28","N/A","5.5","N/A"
"40","546","2","N/A","18","N/A","0.1","N/A","-10090","N/A","10750","N/A","38.1","N/A","2","N/A","28","N/A","5.5","N/A"
"40","547","2","N/A","18","N/A","0.1","N/A","-10130","N/A","10750","N/A","38.1","N/A","2","N/A","28","N/A","5.5","N/A"
"40","548","2","N/A","18","N/A","0.1","N/A","-10170","N/A","10750","N/A","38.1","N/A","2","N/A","28","N/A","5.5","N/A"
"40","549","2","N/A","18","N/A","0.1","N/A","-10210","N/A","10750","N/A","38.1","N/A","2","N/A","28","N/A","5.5","N/A"
"40","550","2","N/A","18","N/A","0.1","N/A","-10250","N/A","10750","N/A","38.1","N/A","2","N/A","28","N/A","5.5","N/A"
"40","551","2","N/A","18","N/A","0.1","N/A","-10040","N/A","11000","N/A","38.1","N/A","2","N/A","28","N/A","5.5","N/A"
"40","552","2","N/A","18","N/A","0.1","N/A","-10080","N/A","11000","N/A","38.1","N/A","2","N/A","28","N/A","5.5","N/A"
"40","553","2","N/A","18","N/A","0.1","N/A","-10120","N/A","11000","N/A","38.1","N/A","2","N/A","28","N/A","5.5","N/A"
"40","554","2","N/A","18","N/A","0.1","N/A","-10160","N/A","11000","N/A","38.1","N/A","2","N/A","28","N/A","5.5","N/A"
"40","555","2","N/A","18","N/A","0.1","N/A","-10200","N/A","11000","N/A","38.1","N/A","2","N/A","28","N/A","5.5","N/A"
"40","556","2","N/A","18","N/A","0.1","N/A","-10240","N/A","11000","N/A","38.1","N/A","2","N/A","28","N/A","5.5","N/A"
"40","557","2","N/A","18","N/A","0.1","N/A","-10280","N/A","11000","N/A","38.1","N/A","2","N/A","28","N/A","5.5","N/A"
"40","558","2","N/A","18","N/A","0.1","N/A","-10320","N/A","11000","N/A","38.1","N/A","2","N/A","28","N/A","5.5","N/A"
"40","559","2","N/A","18","N/A","0.1","N/A","-10360","N/A","11000","N/A","38.1","N/A","2","N/A","28","N/A","5.5","N/A"
"40","560","2","N/A","18","N/A","0.1","N/A","-10400","N/A","11000","N/A","38.1","N/A","2","N/A","28","N/A","5.5","N/A"
"40","561","2","N/A","18","N/A","0.1","N/A","-10440","N/A","11000","N/A","38.1","N/A","2","N/A","28","N/A","5.5","N/A"
"40","562","2","N/A","18","N/A","0.1","N/A","-10480","N/A","11000","N/A","38.1","N/A","2","N/A","28","N/A","5.5","N/A"
"40","563","2","N/A","18","N/A","0.1","N/A","-10270","N/A","11250","N/A","38.1","N/A","2","N/A","28","N/A","5.5","N/A"
"40","564","2","N/A","18","N/A","0.1","N/A","-10310","N/A","11250","N/A","38.1","N/A","2","N/A","28","N/A","5.5","N/A"
"40","565","2","N/A","18","N/A","0.1","N/A","-10350","N/A","11250","N/A","38.1","N/A","2","N/A","28","N/A","5.5","N/A"
"40","566","2","N/A","18","N/A","0.1","N/A","-10390","N/A","11250","N/A","38.1","N/A","2","N/A","28","N/A","5.5","N/A"
"40","567","2","N/A","18","N/A","0.1","N/A","-10430","N/A","11250","N/A","38.1","N/A","2","N/A","28","N/A","5.5","N/A"
"40","568","2","N/A","18","N/A","0.1","N/A","-10470","N/A","11250","N/A","38.1","N/A","2","N/A","28","N/A","5.5","N/A"
"40","569","2","N/A","18","N/A","0.1","N/A","-10510","N/A","11250","N/A","38.1","N/A","2","N/A","28","N/A","5.5","N/A"
"40","570","2","N/A","18","N/A","0.1","N/A","-10550","N/A","11250","N/A","38.1","N/A","2","N/A","28","N/A","5.5","N/A"
"40","571","2","N/A","18","N/A","0.1","N/A","-10590","N/A","11250","N/A","38.1","N/A","2","N/A","28","N/A","5.5","N/A"
"40","572","2","N/A","18","N/A","0.1","N/A","-10630","N/A","11250","N/A","38.1","N/A","2","N/A","28","N/A","5.5","N/A"
"40","573","2","N/A","18","N/A","0.1","N/A","-10670","N/A","11250","N/A","38.1","N/A","2","N/A","28","N/A","5.5","N/A"
"40","574","2","N/A","18","N/A","0.1","N/A","-10710","N/A","11250","N/A","38.1","N/A","2","N/A","28","N/A","5.5","N/A"
"40","575","2","N/A","18","N/A","0.1","N/A","-10750","N/A","11250","N/A","38.1","N/A","2","N/A","28","N/A","5.5","N/A"
"40","576","2","N/A","18","N/A","0.1","N/A","-10540","N/A","11500","N/A","38.1","N/A","2","N/A","28","N/A","5.5","N/A"
"40","577","2","N/A","18","N/A","0.1","N/A","-10580","N/A","11500","N/A","38.1","N/A","2","N/A","28","N/A","5.5","N/A"
"40","578","2","N/A","18","N/A","0.1","N/A","-10620","N/A","11500","N/A","38.1","N/A","2","N/A","28","N/A","5.5","N/A"
"40","579","2","N/A","18","N/A","0.1","N/A","-10660","N/A","11500","N/A","38.1","N/A","2","N/A","28","N/A","5.5","N/A"
"40","580","2","N/A","18","N/A","0.1","N/A","-10700","N/A","11500","N/A","38.1","N/A","2","N/A","28","N/A","5.5","N/A"
"40","581","2","N/A","18","N/A","0.1","N/A","-10740","N/A","11500","N/A","38.1","N/A","2","N/A","28","N/A","5.5","N/A"
"40","582","2","N/A","18","N/A","0.1","N/A","-10780","N/A","11500","N/A","38.1","N/A","2","N/A","28","N/A","5.5","N/A"
"40","583","2","N/A","18","N/A","0.1","N/A","-10820","N/A","11500","N/A","38.1","N/A","2","N/A","28","N/A","5.5","N/A"
"40","584","2","N/A","18","N/A","0.1","N/A","-10860","N/A","11500","N/A","38.1","N/A","2","N/A","28","N/A","5.5","N/A"
"40","585","2","N/A","18","N/A","0.1","N/A","-10900","N/A","11500","N/A","38.1","N/A","2","N/A","28","N/A","5.5","N/A"
"40","586","2","N/A","18","N/A","0.1","N/A","-10940","N/A","11500","N/A","38.1","N/A","2","N/A","28","N/A","5.5","N/A"
"40","587","2","N/A","18","N/A","0.1","N/A","-10980","N/A","11500","N/A","38.1","N/A","2","N/A","28","N/A","5.5","N/A"
"40","588","2","N/A","18","N/A","0.1","N/A","-10770","N/A","11750","N/A","38.1","N/A","2","N/A","28","N/A","5.5","N/A"
"40","589","2","N/A","18","N/A","0.1","N/A","-10810","N/A","11750","N/A","38.1","N/A","2","N/A","28","N/A","5.5","N/A"
"40","590","2","N/A","18","N/A","0.1","N/A","-10850","N/A","11750","N/A","38.1","N/A","2","N/A","28","N/A","5.5","N/A"
"40","591","2","N/A","18","N/A","0.1","N/A","-10890","N/A","11750","N/A","38.1","N/A","2","N/A","28","N/A","5.5","N/A"
"40","592","2","N/A","18","N/A","0.1","N/A","-10930","N/A","11750","N/A","38.1","N/A","2","N/A","28","N/A","5.5","N/A"
"40","593","2","N/A","18","N/A","0.1","N/A","-10970","N/A","11750","N/A","38.1","N/A","2","N/A","28","N/A","5.5","N/A"
"40","594","2","N/A","18","N/A","0.1","N/A","-11010","N/A","11750","N/A","38.1","N/A","2","N/A","28","N/A","5.5","N/A"
"40","595","2","N/A","18","N/A","0.1","N/A","-11050","N/A","11750","N/A","38.1","N/A","2","N/A","28","N/A","5.5","N/A"
"40","596","2","N/A","18","N/A","0.1","N/A","-11090","N/A","11750","N/A","38.1","N/A","2","N/A","28","N/A","5.5","N/A"
"40","597","2","N/A","18","N/A","0.1","N/A","-11130","N/A","11750","N/A","38.1","N/A","2","N/A","28","N/A","5.5","N/A"
"40","598","2","N/A","18","N/A","0.1","N/A","-11170","N/A","11750","N/A","38.1","N/A","2","N/A","28","N/A","5.5","N/A"
"40","599","2","N/A","18","N/A","0.1","N/A","-11210","N/A","11750","N/A","38.1","N/A","2","N/A","28","N/A","5.5","N/A"
"40","600","2","N/A","18","N/A","0.1","N/A","-11250","N/A","11750","N/A","38.1","N/A","2","N/A","28","N/A","5.5","N/A"
"40","601","2","N/A","18","N/A","0.1","N/A","-11040","N/A","12000","N/A","38.1","N/A","2","N/A","28","N/A","5.5","N/A"
"40","602","2","N/A","18","N/A","0.1","N/A","-11080","N/A","12000","N/A","38.1","N/A","2","N/A","28","N/A","5.5","N/A"
"40","603","2","N/A","18","N/A","0.1","N/A","-11120","N/A","12000","N/A","38.1","N/A","2","N/A","28","N/A","5.5","N/A"
"40","604","2","N/A","18","N/A","0.1","N/A","-11160","N/A","12000","N/A","38.1","N/A","2","N/A","28","N/A","5.5","N/A"
"40","605","2","N/A","18","N/A","0.1","N/A","-11200","N/A","12000","N/A","38.1","N/A","2","N/A","28","N/A","5.5","N/A"
"40","606","2","N/A","18","N/A","0.1","N/A","-11240","N/A","12000","N/A","38.1","N/A","2","N/A","28","N/A","6","N/A"
"40","607","2","N/A","18","N/A","0.1","N/A","-11280","N/A","12000","N/A","38.1","N/A","2","N/A","28","N/A","6","N/A"
"40","608","2","N/A","18","N/A","0.1","N/A","-11320","N/A","12000","N/A","38.1","N/A","2","N/A","28","N/A","6","N/A"
"40","609","2","N/A","18","N/A","0.1","N/A","-11360","N/A","12000","N/A","38.1","N/A","4","N/A","28","N/A","6.5","N/A"
"40","610","2","N/A","18","N/A","0.1","N/A","-11400","N/A","12000","N/A","38.1","N/A","4","N/A","28","N/A","6.5","N/A"
"40","611","2","N/A","18","N/A","0.1","N/A","-11440","N/A","12000","N/A","38.1","N/A","4","N/A","28","N/A","6.5","N/A"
"40","612","2","N/A","18","N/A","0.1","N/A","-11480","N/A","12000","N/A","38.1","N/A","4","N/A","28","N/A","6.5","N/A"
"40","613","2","N/A","18","N/A","0.1","N/A","-11270","N/A","12250","N/A","38.1","N/A","4","N/A","28","N/A","6.5","N/A"
"40","614","2","N/A","18","N/A","0.1","N/A","-11310","N/A","12250","N/A","38.1","N/A","4","N/A","28","N/A","6.5","N/A"
"40","615","2","N/A","18","N/A","0.1","N/A","-11350","N/A","12250","N/A","38.1","N/A","4","N/A","28","N/A","6.5","N/A"
"40","616","2","N/A","18","N/A","0.1","N/A","-11390","N/A","12250","N/A","38.1","N/A","4","N/A","28","N/A","6.5","N/A"
"40","617","2","N/A","18","N/A","0.1","N/A","-11430","N/A","12250","N/A","38.1","N/A","4","N/A","28","N/A","6.5","N/A"
"40","618","2","N/A","18","N/A","0.1","N/A","-11470","N/A","12250","N/A","38.1","N/A","4","N/A","28","N/A","6.5","N/A"
"40","619","2","N/A","18","N/A","0.1","N/A","-11510","N/A","12250","N/A","38.1","N/A","4","N/A","28","N/A","6.5","N/A"
"40","620","2","N/A","18","N/A","0.1","N/A","-11550","N/A","12250","N/A","38.1","N/A","4","N/A","28","N/A","6.5","N/A"
"40","621","2","N/A","18","N/A","0.1","N/A","-11590","N/A","12250","N/A","38.1","N/A","4","N/A","28","N/A","6.5","N/A"
"40","622","2","N/A","18","N/A","0.1","N/A","-11630","N/A","12250","N/A","38.1","N/A","4","N/A","28","N/A","6.5","N/A"
"40","623","2","N/A","18","N/A","0.1","N/A","-11670","N/A","12250","N/A","38.1","N/A","4","N/A","28","N/A","6.5","N/A"
"40","624","2","N/A","18","N/A","0.1","N/A","-11710","N/A","12250","N/A","38.1","N/A","4","N/A","28","N/A","6.5","N/A"
"40","625","2","N/A","18","N/A","0.1","N/A","-11750","N/A","12250","N/A","38.1","N/A","4","N/A","28","N/A","6.5","N/A"
"40","626","2","N/A","18","N/A","0.1","N/A","-11540","N/A","12500","N/A","38.1","N/A","4","N/A","28","N/A","6.5","N/A"
"40","627","2","N/A","18","N/A","0.1","N/A","-11580","N/A","12500","N/A","38.1","N/A","4","N/A","28","N/A","6.5","N/A"
"40","628","2","N/A","18","N/A","0.1","N/A","-11620","N/A","12500","N/A","38.1","N/A","4","N/A","28","N/A","6.5","N/A"
"40","629","2","N/A","18","N/A","0.1","N/A","-11660","N/A","12500","N/A","38.1","N/A","4","N/A","28","N/A","6.5","N/A"
"40","630","2","N/A","18","N/A","0.1","N/A","-11700","N/A","12500","N/A","38.1","N/A","4","N/A","28","N/A","6.5","N/A"
"40","631","2","N/A","18","N/A","0.1","N/A","-11740","N/A","12500","N/A","38.1","N/A","4","N/A","28","N/A","6.5","N/A"
"40","632","2","N/A","18","N/A","0.1","N/A","-11780","N/A","12500","N/A","38.1","N/A","4","N/A","28","N/A","6.5","N/A"
"40","633","2","N/A","18","N/A","0.1","N/A","-11820","N/A","12500","N/A","38.1","N/A","4","N/A","28","N/A","6.5","N/A"
"40","634","2","N/A","18","N/A","0.1","N/A","-11860","N/A","12500","N/A","38.1","N/A","4","N/A","28","N/A","6.5","N/A"
"40","635","2","N/A","18","N/A","0.1","N/A","-11900","N/A","12500","N/A","38.1","N/A","4","N/A","28","N/A","6.5","N/A"
"40","636","2","N/A","18","N/A","0.1","N/A","-11940","N/A","12500","N/A","38.1","N/A","4","N/A","28","N/A","6.5","N/A"
"40","637","2","N/A","18","N/A","0.1","N/A","-11980","N/A","12500","N/A","38.1","N/A","4","N/A","28","N/A","6.5","N/A"
"40","638","2","N/A","18","N/A","0.1","N/A","-11770","N/A","12750","N/A","38.1","N/A","4","N/A","28","N/A","6.5","N/A"
"40","639","2","N/A","18","N/A","0.1","N/A","-11810","N/A","12750","N/A","38.1","N/A","4","N/A","28","N/A","6.5","N/A"
"40","640","2","N/A","18","N/A","0.1","N/A","-11850","N/A","12750","N/A","38.1","N/A","4","N/A","28","N/A","6.5","N/A"
"40","641","2","N/A","18","N/A","0.1","N/A","-11890","N/A","12750","N/A","38.1","N/A","4","N/A","28","N/A","6.5","N/A"
"40","642","2","N/A","18","N/A","0.1","N/A","-11930","N/A","12750","N/A","38.1","N/A","4","N/A","28","N/A","6.5","N/A"
"40","643","2","N/A","18","N/A","0.1","N/A","-11970","N/A","12750","N/A","38.1","N/A","4","N/A","28","N/A","6.5","N/A"
"40","644","2","N/A","18","N/A","0.1","N/A","-12010","N/A","12750","N/A","38.1","N/A","4","N/A","28","N/A","6.5","N/A"
"40","645","2","N/A","18","N/A","0.1","N/A","-12050","N/A","12750","N/A","38.1","N/A","4","N/A","28","N/A","6.5","N/A"
"40","646","2","N/A","18","N/A","0.1","N/A","-12090","N/A","12750","N/A","38.1","N/A","4","N/A","28","N/A","6.5","N/A"
"40","647","2","N/A","18","N/A","0.1","N/A","-12130","N/A","12750","N/A","38.1","N/A","4","N/A","28","N/A","6.5","N/A"
"40","648","2","N/A","18","N/A","0.1","N/A","-12170","N/A","12750","N/A","38.1","N/A","4","N/A","28","N/A","6.5","N/A"
"40","649","2","N/A","18","N/A","0.1","N/A","-12210","N/A","12750","N/A","38.1","N/A","4","N/A","28","N/A","6.5","N/A"
"40","650","2","N/A","18","N/A","0.1","N/A","-12250","N/A","12750","N/A","38.1","N/A","4","N/A","28","N/A","6.5","N/A"
"40","651","2","N/A","18","N/A","0.1","N/A","-12040","N/A","13000","N/A","38.1","N/A","4","N/A","28","N/A","6.5","N/A"
"40","652","2","N/A","18","N/A","0.1","N/A","-12080","N/A","13000","N/A","38.1","N/A","4","N/A","28","N/A","6.5","N/A"
"40","653","2","N/A","18","N/A","0.1","N/A","-12120","N/A","13000","N/A","38.1","N/A","4","N/A","28","N/A","6.5","N/A"
"40","654","2","N/A","18","N/A","0.1","N/A","-12160","N/A","13000","N/A","38.1","N/A","4","N/A","28","N/A","6.5","N/A"
"40","655","2","N/A","18","N/A","0.1","N/A","-12200","N/A","13000","N/A","38.1","N/A","4","N/A","28","N/A","6.5","N/A"
"40","656","2","N/A","18","N/A","0.1","N/A","-12240","N/A","13000","N/A","38.1","N/A","4","N/A","28","N/A","6.5","N/A"
"40","657","2","N/A","18","N/A","0.1","N/A","-12280","N/A","13000","N/A","38.1","N/A","4","N/A","28","N/A","6.5","N/A"
"40","658","2","N/A","18","N/A","0.1","N/A","-12320","N/A","13000","N/A","38.1","N/A","4","N/A","28","N/A","6.5","N/A"
"40","659","2","N/A","18","N/A","0.1","N/A","-12360","N/A","13000","N/A","38.1","N/A","4","N/A","28","N/A","6.5","N/A"
"40","660","2","N/A","18","N/A","0.1","N/A","-12400","N/A","13000","N/A","38.1","N/A","4","N/A","28","N/A","6.5","N/A"
"40","661","2","N/A","18","N/A","0.1","N/A","-12440","N/A","13000","N/A","38.1","N/A","4","N/A","28","N/A","6.5","N/A"
"40","662","2","N/A","18","N/A","0.1","N/A","-12480","N/A","13000","N/A","38.1","N/A","4","N/A","28","N/A","6.5","N/A"
"40","663","2","N/A","18","N/A","0.1","N/A","-12270","N/A","13250","N/A","38.1","N/A","4","N/A","28","N/A","6.5","N/A"
"40","664","2","N/A","18","N/A","0.1","N/A","-12310","N/A","13250","N/A","38.1","N/A","4","N/A","28","N/A","6.5","N/A"
"40","665","2","N/A","18","N/A","0.1","N/A","-12350","N/A","13250","N/A","38.1","N/A","4","N/A","28","N/A","6.5","N/A"
"40","666","2","N/A","18","N/A","0.1","N/A","-12390","N/A","13250","N/A","38.1","N/A","4","N/A","28","N/A","6.5","N/A"
"40","667","2","N/A","18","N/A","0.1","N/A","-12430","N/A","13250","N/A","38.1","N/A","4","N/A","28","N/A","6.5","N/A"
"40","668","2","N/A","18","N/A","0.1","N/A","-12470","N/A","13250","N/A","38.1","N/A","4","N/A","28","N/A","6.5","N/A"
"40","669","2","N/A","18","N/A","0.1","N/A","-12510","N/A","13250","N/A","38.1","N/A","4","N/A","28","N/A","6.5","N/A"
"40","670","2","N/A","18","N/A","0.1","N/A","-12550","N/A","13250","N/A","38.1","N/A","4","N/A","28","N/A","6.5","N/A"
"40","671","2","N/A","18","N/A","0.1","N/A","-12590","N/A","13250","N/A","38.1","N/A","4","N/A","28","N/A","6.5","N/A"
"40","672","2","N/A","18","N/A","0.1","N/A","-12630","N/A","13250","N/A","38.1","N/A","4","N/A","28","N/A","6.5","N/A"
"40","673","2","N/A","18","N/A","0.1","N/A","-12670","N/A","13250","N/A","38.1","N/A","4","N/A","28","N/A","6.5","N/A"
"40","674","2","N/A","18","N/A","0.1","N/A","-12710","N/A","13250","N/A","38.1","N/A","4","N/A","28","N/A","6.5","N/A"
"40","675","2","N/A","18","N/A","0.1","N/A","-12750","N/A","13250","N/A","38.1","N/A","4","N/A","28","N/A","6.5","N/A"
"40","676","2","N/A","18","N/A","0.1","N/A","-12540","N/A","13500","N/A","38.1","N/A","4","N/A","28","N/A","6.5","N/A"
"40","677","2","N/A","18","N/A","0.1","N/A","-12580","N/A","13500","N/A","38.1","N/A","4","N/A","28","N/A","6.5","N/A"
"40","678","2","N/A","18","N/A","0.1","N/A","-12620","N/A","13500","N/A","38.1","N/A","4","N/A","28","N/A","6.5","N/A"
"40","679","2","N/A","18","N/A","0.1","N/A","-12660","N/A","13500","N/A","38.1","N/A","4","N/A","28","N/A","6.5","N/A"
"40","680","2","N/A","18","N/A","0.1","N/A","-12700","N/A","13500","N/A","38.1","N/A","4","N/A","28","N/A","6.5","N/A"
"40","681","2","N/A","18","N/A","0.1","N/A","-12740","N/A","13500","N/A","38.1","N/A","4","N/A","28","N/A","6.5","N/A"
"40","682","2","N/A","18","N/A","0.1","N/A","-12780","N/A","13500","N/A","38.1","N/A","4","N/A","28","N/A","6.5","N/A"
"40","683","2","N/A","18","N/A","0.1","N/A","-12820","N/A","13500","N/A","38.1","N/A","4","N/A","28","N/A","6.5","N/A"
"40","684","2","N/A","18","N/A","0.1","N/A","-12860","N/A","13500","N/A","38.1","N/A","4","N/A","28","N/A","6.5","N/A"
"40","685","2","N/A","18","N/A","0.1","N/A","-12900","N/A","13500","N/A","38.1","N/A","4","N/A","28","N/A","6.5","N/A"
"40","686","2","N/A","18","N/A","0.1","N/A","-12940","N/A","13500","N/A","38.1","N/A","4","N/A","28","N/A","6.5","N/A"
"40","687","2","N/A","18","N/A","0.1","N/A","-12980","N/A","13500","N/A","38.1","N/A","4","N/A","28","N/A","6.5","N/A"
"40","688","2","N/A","18","N/A","0.1","N/A","-12770","N/A","13750","N/A","38.1","N/A","4","N/A","28","N/A","6.5","N/A"
"40","689","2","N/A","18","N/A","0.1","N/A","-12810","N/A","13750","N/A","38.1","N/A","4","N/A","28","N/A","6.5","N/A"
"40","690","2","N/A","18","N/A","0.1","N/A","-12850","N/A","13750","N/A","38.1","N/A","4","N/A","28","N/A","6.5","N/A"
"40","691","2","N/A","18","N/A","0.1","N/A","-12890","N/A","13750","N/A","38.1","N/A","4","N/A","28","N/A","6.5","N/A"
"40","692","2","N/A","18","N/A","0.1","N/A","-12930","N/A","13750","N/A","38.1","N/A","4","N/A","28","N/A","6.5","N/A"
"40","693","2","N/A","18","N/A","0.1","N/A","-12970","N/A","13750","N/A","38.1","N/A","4","N/A","28","N/A","6.5","N/A"
"40","694","2","N/A","18","N/A","0.1","N/A","-13010","N/A","13750","N/A","38.1","N/A","4","N/A","28","N/A","6.5","N/A"
"40","695","2","N/A","18","N/A","0.1","N/A","-13050","N/A","13750","N/A","38.1","N/A","4","N/A","28","N/A","6.5","N/A"
"40","696","2","N/A","18","N/A","0.1","N/A","-13090","N/A","13750","N/A","38.1","N/A","4","N/A","28","N/A","6.5","N/A"
"40","697","2","N/A","18","N/A","0.1","N/A","-13130","N/A","13750","N/A","38.1","N/A","4","N/A","28","N/A","6.5","N/A"
"40","698","2","N/A","18","N/A","0.1","N/A","-13170","N/A","13750","N/A","38.1","N/A","4","N/A","28","N/A","6.5","N/A"
"40","699","2","N/A","18","N/A","0.1","N/A","-13210","N/A","13750","N/A","38.1","N/A","4","N/A","28","N/A","6.5","N/A"
"40","700","2","N/A","18","N/A","0.1","N/A","-13250","N/A","13750","N/A","38.1","N/A","4","N/A","28","N/A","6.5","N/A"
"40","701","2","N/A","18","N/A","0.1","N/A","-13040","N/A","14000","N/A","38.1","N/A","4","N/A","28","N/A","6.5","N/A"
"40","702","2","N/A","18","N/A","0.1","N/A","-13080","N/A","14000","N/A","38.1","N/A","4","N/A","28","N/A","6.5","N/A"
"40","703","2","N/A","18","N/A","0.1","N/A","-13120","N/A","14000","N/A","38.1","N/A","4","N/A","28","N/A","6.5","N/A"
"40","704","2","N/A","18","N/A","0.1","N/A","-13160","N/A","14000","N/A","38.1","N/A","4","N/A","28","N/A","6.5","N/A"
"40","705","2","N/A","18","N/A","0.1","N/A","-13200","N/A","14000","N/A","38.1","N/A","4","N/A","28","N/A","6.5","N/A"
"40","706","2","N/A","18","N/A","0.1","N/A","-13240","N/A","14000","N/A","38.1","N/A","4","N/A","28","N/A","6.5","N/A"
"40","707","2","N/A","18","N/A","0.1","N/A","-13280","N/A","14000","N/A","38.1","N/A","4","N/A","28","N/A","6.5","N/A"
"40","708","2","N/A","18","N/A","0.1","N/A","-13320","N/A","14000","N/A","38.1","N/A","4","N/A","28","N/A","6.5","N/A"
"40","709","2","N/A","18","N/A","0.1","N/A","-13360","N/A","14000","N/A","38.1","N/A","4","N/A","28","N/A","6.5","N/A"
"40","710","2","N/A","18","N/A","0.1","N/A","-13400","N/A","14000","N/A","38.1","N/A","4","N/A","28","N/A","6.5","N/A"
"40","711","2","N/A","18","N/A","0.1","N/A","-13440","N/A","14000","N/A","38.1","N/A","4","N/A","28","N/A","6.5","N/A"
"40","712","2","N/A","18","N/A","0.1","N/A","-13480","N/A","14000","N/A","38.1","N/A","4","N/A","28","N/A","6.5","N/A"
"40","713","2","N/A","18","N/A","0.1","N/A","-13270","N/A","14250","N/A","38.1","N/A","4","N/A","28","N/A","6.5","N/A"
"40","714","2","N/A","18","N/A","0.1","N/A","-13310","N/A","14250","N/A","38.1","N/A","4","N/A","28","N/A","6.5","N/A"
"40","715","2","N/A","18","N/A","0.1","N/A","-13350","N/A","14250","N/A","38.1","N/A","4","N/A","28","N/A","6.5","N/A"
"40","716","2","N/A","18","N/A","0.1","N/A","-13390","N/A","14250","N/A","38.1","N/A","4","N/A","28","N/A","6.5","N/A"
"40","717","2","N/A","18","N/A","0.1","N/A","-13430","N/A","14250","N/A","38.1","N/A","4","N/A","28","N/A","6.5","N/A"
"40","718","2","N/A","18","N/A","0.1","N/A","-13470","N/A","14250","N/A","38.1","N/A","4","N/A","28","N/A","6.5","N/A"
"40","719","2","N/A","18","N/A","0.1","N/A","-13510","N/A","14250","N/A","38.1","N/A","4","N/A","28","N/A","6.5","N/A"
"40","720","2","N/A","18","N/A","0.1","N/A","-13550","N/A","14250","N/A","38.1","N/A","4","N/A","28","N/A","6.5","N/A"
"40","721","2","N/A","18","N/A","0.1","N/A","-13590","N/A","14250","N/A","38.1","N/A","4","N/A","28","N/A","6.5","N/A"
"40","722","2","N/A","18","N/A","0.1","N/A","-13630","N/A","14250","N/A","38.1","N/A","4","N/A","28","N/A","6.5","N/A"
"40","723","2","N/A","18","N/A","0.1","N/A","-13670","N/A","14250","N/A","38.1","N/A","4","N/A","28","N/A","6.5","N/A"
"40","724","2","N/A","18","N/A","0.1","N/A","-13710","N/A","14250","N/A","38.1","N/A","4","N/A","28","N/A","6.5","N/A"
"40","725","2","N/A","18","N/A","0.1","N/A","-13750","N/A","14250","N/A","38.1","N/A","4","N/A","28","N/A","6.5","N/A"
"40","726","2","N/A","18","N/A","0.1","N/A","-13540","N/A","14500","N/A","38.1","N/A","4","N/A","28","N/A","6.5","N/A"
"40","727","2","N/A","18","N/A","0.1","N/A","-13580","N/A","14500","N/A","38.1","N/A","4","N/A","28","N/A","6.5","N/A"
"40","728","2","N/A","18","N/A","0.1","N/A","-13620","N/A","14500","N/A","38.1","N/A","4","N/A","28","N/A","6.5","N/A"
"40","729","2","N/A","18","N/A","0.1","N/A","-13660","N/A","14500","N/A","38.1","N/A","4","N/A","28","N/A","6.5","N/A"
"40","730","2","N/A","18","N/A","0.1","N/A","-13700","N/A","14500","N/A","38.1","N/A","4","N/A","28","N/A","6.5","N/A"
"40","731","2","N/A","18","N/A","0.1","N/A","-13740","N/A","14500","N/A","38.1","N/A","4","N/A","28","N/A","6.5","N/A"
"40","732","2","N/A","18","N/A","0.1","N/A","-13780","N/A","14500","N/A","38.1","N/A","4","N/A","28","N/A","6.5","N/A"
"40","733","2","N/A","18","N/A","0.1","N/A","-13820","N/A","14500","N/A","38.1","N/A","4","N/A","28","N/A","6.5","N/A"
"40","734","2","N/A","18","N/A","0.1","N/A","-13860","N/A","14500","N/A","38.1","N/A","4","N/A","28","N/A","6.5","N/A"
"40","735","2","N/A","18","N/A","0.1","N/A","-13900","N/A","14500","N/A","38.1","N/A","4","N/A","28","N/A","6.5","N/A"
"40","736","2","N/A","18","N/A","0.1","N/A","-13940","N/A","14500","N/A","38.1","N/A","4","N/A","28","N/A","6.5","N/A"
"40","737","2","N/A","18","N/A","0.1","N/A","-13980","N/A","14500","N/A","38.1","N/A","4","N/A","28","N/A","6.5","N/A"
"40","738","2","N/A","18","N/A","0.1","N/A","-13770","N/A","14750","N/A","38.1","N/A","4","N/A","28","N/A","6.5","N/A"
"40","739","2","N/A","18","N/A","0.1","N/A","-13810","N/A","14750","N/A","38.1","N/A","4","N/A","28","N/A","6.5","N/A"
"40","740","2","N/A","18","N/A","0.1","N/A","-13850","N/A","14750","N/A","38.1","N/A","4","N/A","28","N/A","6.5","N/A"
"40","741","2","N/A","18","N/A","0.1","N/A","-13890","N/A","14750","N/A","38.1","N/A","4","N/A","28","N/A","6.5","N/A"
"40","742","2","N/A","18","N/A","0.1","N/A","-13930","N/A","14750","N/A","38.1","N/A","4","N/A","28","N/A","6.5","N/A"
"40","743","2","N/A","18","N/A","0.1","N/A","-13970","N/A","14750","N/A","38.1","N/A","4","N/A","28","N/A","6.5","N/A"
"40","744","2","N/A","18","N/A","0.1","N/A","-14010","N/A","14750","N/A","38.1","N/A","4","N/A","28","N/A","6.5","N/A"
"40","745","2","N/A","18","N/A","0.1","N/A","-14050","N/A","14750","N/A","38.1","N/A","4","N/A","28","N/A","6.5","N/A"
"40","746","2","N/A","18","N/A","0.1","N/A","-14090","N/A","14750","N/A","38.1","N/A","4","N/A","28","N/A","6.5","N/A"
"40","747","2","N/A","18","N/A","0.1","N/A","-14130","N/A","14750","N/A","38.1","N/A","4","N/A","28","N/A","6.5","N/A"
"40","748","2","N/A","18","N/A","0.1","N/A","-14170","N/A","14750","N/A","38.1","N/A","4","N/A","28","N/A","6.5","N/A"
"40","749","2","N/A","18","N/A","0.1","N/A","-14210","N/A","14750","N/A","38.1","N/A","4","N/A","28","N/A","6.5","N/A"
"40","750","2","N/A","18","N/A","0.1","N/A","-14250","N/A","14750","N/A","38.1","N/A","4","N/A","28","N/A","6.5","N/A"
"40","751","2","N/A","18","N/A","0.1","N/A","-14040","N/A","15000","N/A","38.1","N/A","4","N/A","28","N/A","6.5","N/A"
"40","752","2","N/A","18","N/A","0.1","N/A","-14080","N/A","15000","N/A","38.1","N/A","4","N/A","28","N/A","6.5","N/A"
"40","753","2","N/A","18","N/A","0.1","N/A","-14120","N/A","15000","N/A","38.1","N/A","4","N/A","28","N/A","6.5","N/A"
"40","754","2","N/A","18","N/A","0.1","N/A","-14160","N/A","15000","N/A","38.1","N/A","4","N/A","28","N/A","6.5","N/A"
"40","755","2","N/A","18","N/A","0.1","N/A","-14200","N/A","15000","N/A","38.1","N/A","4","N/A","28","N/A","6.5","N/A"
"40","756","2","N/A","18","N/A","0.1","N/A","-14240","N/A","15000","N/A","38.1","N/A","4","N/A","28","N/A","6.5","N/A"
"40","757","2","N/A","18","N/A","0.1","N/A","-14280","N/A","15000","N/A","38.1","N/A","4","N/A","28","N/A","6.5","N/A"
"40","758","2","N/A","18","N/A","0.1","N/A","-14320","N/A","15000","N/A","38.1","N/A","9","N/A","28","N/A","7","N/A"
"40","759","2","N/A","18","N/A","0.1","N/A","-14360","N/A","15000","N/A","38.1","N/A","9","N/A","28","N/A","7","N/A"
"40","760","2","N/A","18","N/A","0.1","N/A","-14400","N/A","15000","N/A","38.1","N/A","9","N/A","28","N/A","7","N/A"
"40","761","2","N/A","18","N/A","0.1","N/A","-14440","N/A","15000","N/A","38.1","N/A","9","N/A","28","N/A","7","N/A"
"40","762","2","N/A","18","N/A","0.1","N/A","-14480","N/A","15000","N/A","38.1","N/A","9","N/A","28","N/A","7","N/A"
"40","763","2","N/A","18","N/A","0.1","N/A","-14270","N/A","15250","N/A","38.1","N/A","9","N/A","28","N/A","7","N/A"
"40","764","2","N/A","18","N/A","0.1","N/A","-14310","N/A","15250","N/A","38.1","N/A","9","N/A","28","N/A","7","N/A"
"40","765","2","N/A","18","N/A","0.1","N/A","-14350","N/A","15250","N/A","38.1","N/A","9","N/A","28","N/A","7","N/A"
"40","766","2","N/A","18","N/A","0.1","N/A","-14390","N/A","15250","N/A","38.1","N/A","9","N/A","28","N/A","7","N/A"
"40","767","2","N/A","18","N/A","0.1","N/A","-14430","N/A","15250","N/A","38.1","N/A","9","N/A","28","N/A","7","N/A"
"40","768","2","N/A","18","N/A","0.1","N/A","-14470","N/A","15250","N/A","38.1","N/A","9","N/A","28","N/A","7","N/A"
"40","769","2","N/A","18","N/A","0.1","N/A","-14510","N/A","15250","N/A","38.1","N/A","9","N/A","28","N/A","7","N/A"
"40","770","2","N/A","18","N/A","0.1","N/A","-14550","N/A","15250","N/A","38.1","N/A","9","N/A","28","N/A","7","N/A"
"40","771","2","N/A","18","N/A","0.1","N/A","-14590","N/A","15250","N/A","38.1","N/A","9","N/A","28","N/A","7","N/A"
"40","772","2","N/A","18","N/A","0.1","N/A","-14630","N/A","15250","N/A","38.1","N/A","9","N/A","28","N/A","7","N/A"
"40","773","2","N/A","18","N/A","0.1","N/A","-14670","N/A","15250","N/A","38.1","N/A","9","N/A","28","N/A","7","N/A"
"40","774","2","N/A","18","N/A","0.1","N/A","-14710","N/A","15250","N/A","38.1","N/A","9","N/A","28","N/A","7","N/A"
"40","775","2","N/A","18","N/A","0.1","N/A","-14750","N/A","15250","N/A","38.1","N/A","9","N/A","28","N/A","7","N/A"
"40","776","2","N/A","18","N/A","0.1","N/A","-14540","N/A","15500","N/A","38.1","N/A","9","N/A","28","N/A","7","N/A"
"40","777","2","N/A","18","N/A","0.1","N/A","-14580","N/A","15500","N/A","38.1","N/A","9","N/A","28","N/A","7","N/A"
"40","778","2","N/A","18","N/A","0.1","N/A","-14620","N/A","15500","N/A","38.1","N/A","9","N/A","28","N/A","7","N/A"
"40","779","2","N/A","18","N/A","0.1","N/A","-14660","N/A","15500","N/A","38.1","N/A","9","N/A","28","N/A","7","N/A"
"40","780","2","N/A","18","N/A","0.1","N/A","-14700","N/A","15500","N/A","38.1","N/A","9","N/A","28","N/A","7","N/A"
"40","781","2","N/A","18","N/A","0.1","N/A","-14740","N/A","15500","N/A","38.1","N/A","9","N/A","28","N/A","7","N/A"
"40","782","2","N/A","18","N/A","0.1","N/A","-14780","N/A","15500","N/A","38.1","N/A","9","N/A","28","N/A","7","N/A"
"40","783","2","N/A","18","N/A","0.1","N/A","-14820","N/A","15500","N/A","38.1","N/A","9","N/A","28","N/A","7","N/A"
"40","784","2","N/A","18","N/A","0.1","N/A","-14860","N/A","15500","N/A","38.1","N/A","9","N/A","28","N/A","7","N/A"
"40","785","2","N/A","18","N/A","0.1","N/A","-14900","N/A","15500","N/A","38.1","N/A","9","N/A","28","N/A","7","N/A"
"40","786","2","N/A","18","N/A","0.1","N/A","-14940","N/A","15500","N/A","38.1","N/A","9","N/A","28","N/A","7","N/A"
"40","787","2","N/A","18","N/A","0.1","N/A","-14980","N/A","15500","N/A","38.1","N/A","9","N/A","28","N/A","7","N/A"
"40","788","2","N/A","18","N/A","0.1","N/A","-14770","N/A","15750","N/A","38.1","N/A","9","N/A","28","N/A","7","N/A"
"40","789","2","N/A","18","N/A","0.1","N/A","-14810","N/A","15750","N/A","38.1","N/A","9","N/A","28","N/A","7","N/A"
"40","790","2","N/A","18","N/A","0.1","N/A","-14850","N/A","15750","N/A","38.1","N/A","9","N/A","28","N/A","7","N/A"
"40","791","2","N/A","18","N/A","0.1","N/A","-14890","N/A","15750","N/A","38.1","N/A","9","N/A","28","N/A","7","N/A"
"40","792","2","N/A","18","N/A","0.1","N/A","-14930","N/A","15750","N/A","38.1","N/A","9","N/A","28","N/A","7","N/A"
"40","793","2","N/A","18","N/A","0.1","N/A","-14970","N/A","15750","N/A","38.1","N/A","9","N/A","28","N/A","7","N/A"
"40","794","2","N/A","18","N/A","0.1","N/A","-15010","N/A","15750","N/A","38.1","N/A","9","N/A","28","N/A","7","N/A"
"40","795","2","N/A","18","N/A","0.1","N/A","-15050","N/A","15750","N/A","38.1","N/A","9","N/A","28","N/A","7","N/A"
"40","796","2","N/A","18","N/A","0.1","N/A","-15090","N/A","15750","N/A","38.1","N/A","9","N/A","28","N/A","7","N/A"
"40","797","2","N/A","18","N/A","0.1","N/A","-15130","N/A","15750","N/A","38.1","N/A","9","N/A","28","N/A","7","N/A"
"40","798","2","N/A","18","N/A","0.1","N/A","-15170","N/A","15750","N/A","38.1","N/A","9","N/A","28","N/A","7","N/A"
"40","799","2","N/A","18","N/A","0.1","N/A","-15210","N/A","15750","N/A","38.1","N/A","9","N/A","28","N/A","7","N/A"
"40","800","2","N/A","18","N/A","0.1","N/A","-15250","N/A","15750","N/A","38.1","N/A","9","N/A","28","N/A","7","N/A"
"40","801","2","N/A","18","N/A","0.1","N/A","-15040","N/A","16000","N/A","38.1","N/A","9","N/A","28","N/A","7","N/A"
"40","802","2","N/A","18","N/A","0.1","N/A","-15080","N/A","16000","N/A","38.1","N/A","9","N/A","28","N/A","7","N/A"
"40","803","2","N/A","18","N/A","0.1","N/A","-15120","N/A","16000","N/A","38.1","N/A","9","N/A","28","N/A","7","N/A"
"40","804","2","N/A","18","N/A","0.1","N/A","-15160","N/A","16000","N/A","38.1","N/A","9","N/A","28","N/A","7","N/A"
"40","805","2","N/A","18","N/A","0.1","N/A","-15200","N/A","16000","N/A","38.1","N/A","9","N/A","28","N/A","7","N/A"
"40","806","2","N/A","18","N/A","0.1","N/A","-15240","N/A","16000","N/A","38.1","N/A","9","N/A","28","N/A","7","N/A"
"40","807","2","N/A","18","N/A","0.1","N/A","-15280","N/A","16000","N/A","38.1","N/A","9","N/A","28","N/A","7","N/A"
"40","808","2","N/A","18","N/A","0.1","N/A","-15320","N/A","16000","N/A","38.1","N/A","9","N/A","28","N/A","7","N/A"
"40","809","2","N/A","18","N/A","0.1","N/A","-15360","N/A","16000","N/A","38.1","N/A","9","N/A","28","N/A","7","N/A"
"40","810","2","N/A","18","N/A","0.1","N/A","-15400","N/A","16000","N/A","38.1","N/A","9","N/A","28","N/A","7","N/A"
"40","811","2","N/A","18","N/A","0.1","N/A","-15440","N/A","16000","N/A","38.1","N/A","9","N/A","28","N/A","7","N/A"
"40","812","2","N/A","18","N/A","0.1","N/A","-15480","N/A","16000","N/A","38.1","N/A","9","N/A","28","N/A","7","N/A"
"40","813","2","N/A","18","N/A","0.1","N/A","-15270","N/A","16250","N/A","38.1","N/A","9","N/A","28","N/A","7","N/A"
"40","814","2","N/A","18","N/A","0.1","N/A","-15310","N/A","16250","N/A","38.1","N/A","9","N/A","28","N/A","7","N/A"
"40","815","2","N/A","18","N/A","0.1","N/A","-15350","N/A","16250","N/A","38.1","N/A","9","N/A","28","N/A","7","N/A"
"40","816","2","N/A","18","N/A","0.1","N/A","-15390","N/A","16250","N/A","38.1","N/A","9","N/A","28","N/A","7","N/A"
"40","817","2","N/A","18","N/A","0.1","N/A","-15430","N/A","16250","N/A","38.1","N/A","9","N/A","28","N/A","7","N/A"
"40","818","2","N/A","18","N/A","0.1","N/A","-15470","N/A","16250","N/A","38.1","N/A","9","N/A","28","N/A","7","N/A"
"40","819","2","N/A","18","N/A","0.1","N/A","-15510","N/A","16250","N/A","38.1","N/A","9","N/A","28","N/A","7","N/A"
"40","820","2","N/A","18","N/A","0.1","N/A","-15550","N/A","16250","N/A","38.1","N/A","9","N/A","28","N/A","7","N/A"
"40","821","2","N/A","18","N/A","0.1","N/A","-15590","N/A","16250","N/A","38.1","N/A","9","N/A","28","N/A","7","N/A"
"40","822","2","N/A","18","N/A","0.1","N/A","-15630","N/A","16250","N/A","38.1","N/A","9","N/A","28","N/A","7","N/A"
"40","823","2","N/A","18","N/A","0.1","N/A","-15670","N/A","16250","N/A","38.1","N/A","9","N/A","28","N/A","7","N/A"
"40","824","2","N/A","18","N/A","0.1","N/A","-15710","N/A","16250","N/A","38.1","N/A","9","N/A","28","N/A","7","N/A"
"40","825","2","N/A","18","N/A","0.1","N/A","-15750","N/A","16250","N/A","38.1","N/A","9","N/A","28","N/A","7","N/A"
"40","826","2","N/A","18","N/A","0.1","N/A","-15540","N/A","16500","N/A","38.1","N/A","9","N/A","28","N/A","7","N/A"
"40","827","2","N/A","18","N/A","0.1","N/A","-15580","N/A","16500","N/A","38.1","N/A","9","N/A","28","N/A","7","N/A"
"40","828","2","N/A","18","N/A","0.1","N/A","-15620","N/A","16500","N/A","38.1","N/A","9","N/A","28","N/A","7","N/A"
"40","829","2","N/A","18","N/A","0.1","N/A","-15660","N/A","16500","N/A","38.1","N/A","9","N/A","28","N/A","7","N/A"
"40","830","2","N/A","18","N/A","0.1","N/A","-15700","N/A","16500","N/A","38.1","N/A","9","N/A","28","N/A","7","N/A"
"40","831","2","N/A","18","N/A","0.1","N/A","-15740","N/A","16500","N/A","38.1","N/A","9","N/A","28","N/A","7","N/A"
"40","832","2","N/A","18","N/A","0.1","N/A","-15780","N/A","16500","N/A","38.1","N/A","9","N/A","28","N/A","7","N/A"
"40","833","2","N/A","18","N/A","0.1","N/A","-15820","N/A","16500","N/A","38.1","N/A","9","N/A","28","N/A","7","N/A"
"40","834","2","N/A","18","N/A","0.1","N/A","-15860","N/A","16500","N/A","38.1","N/A","9","N/A","28","N/A","7.5","N/A"
"40","835","2","N/A","18","N/A","0.1","N/A","-15900","N/A","16500","N/A","38.1","N/A","9","N/A","28","N/A","7.5","N/A"
"40","836","2","N/A","18","N/A","0.1","N/A","-15940","N/A","16500","N/A","38.1","N/A","9","N/A","28","N/A","7.5","N/A"
"40","837","2","N/A","18","N/A","0.1","N/A","-15980","N/A","16500","N/A","38.1","N/A","9","N/A","28","N/A","7.5","N/A"
"40","838","2","N/A","18","N/A","0.1","N/A","-15770","N/A","16750","N/A","38.1","N/A","9","N/A","28","N/A","7.5","N/A"
"40","839","2","N/A","18","N/A","0.1","N/A","-15810","N/A","16750","N/A","38.1","N/A","9","N/A","28","N/A","7.5","N/A"
"40","840","2","N/A","18","N/A","0.1","N/A","-15850","N/A","16750","N/A","38.1","N/A","9","N/A","28","N/A","7.5","N/A"
"40","841","2","N/A","18","N/A","0.1","N/A","-15890","N/A","16750","N/A","38.1","N/A","9","N/A","28","N/A","7.5","N/A"
"40","842","2","N/A","18","N/A","0.1","N/A","-15930","N/A","16750","N/A","38.1","N/A","9","N/A","28","N/A","7.5","N/A"
"40","843","2","N/A","18","N/A","0.1","N/A","-15970","N/A","16750","N/A","38.1","N/A","9","N/A","28","N/A","7.5","N/A"
"40","844","2","N/A","18","N/A","0.1","N/A","-16010","N/A","16750","N/A","38.1","N/A","9","N/A","28","N/A","7.5","N/A"
"40","845","2","N/A","18","N/A","0.1","N/A","-16050","N/A","16750","N/A","38.1","N/A","9","N/A","28","N/A","7.5","N/A"
"40","846","2","N/A","18","N/A","0.1","N/A","-16090","N/A","16750","N/A","38.1","N/A","9","N/A","28","N/A","7.5","N/A"
"40","847","2","N/A","18","N/A","0.1","N/A","-16130","N/A","16750","N/A","38.1","N/A","9","N/A","28","N/A","7.5","N/A"
"40","848","2","N/A","18","N/A","0.1","N/A","-16170","N/A","16750","N/A","38.1","N/A","9","N/A","28","N/A","7.5","N/A"
"40","849","2","N/A","18","N/A","0.1","N/A","-16210","N/A","16750","N/A","38.1","N/A","9","N/A","28","N/A","7.5","N/A"
"40","850","2","N/A","18","N/A","0.1","N/A","-16250","N/A","16750","N/A","38.1","N/A","9","N/A","28","N/A","7.5","N/A"
"40","851","2","N/A","18","N/A","0.1","N/A","-16040","N/A","17000","N/A","38.1","N/A","9","N/A","28","N/A","7.5","N/A"
"40","852","2","N/A","18","N/A","0.1","N/A","-16080","N/A","17000","N/A","38.1","N/A","9","N/A","28","N/A","7.5","N/A"
"40","853","2","N/A","18","N/A","0.1","N/A","-16120","N/A","17000","N/A","38.1","N/A","9","N/A","28","N/A","7.5","N/A"
"40","854","2","N/A","18","N/A","0.1","N/A","-16160","N/A","17000","N/A","38.1","N/A","9","N/A","28","N/A","7.5","N/A"
"40","855","2","N/A","18","N/A","0.1","N/A","-16200","N/A","17000","N/A","38.1","N/A","9","N/A","28","N/A","7.5","N/A"
"40","856","2","N/A","18","N/A","0.1","N/A","-16240","N/A","17000","N/A","38.1","N/A","9","N/A","28","N/A","7.5","N/A"
"40","857","2","N/A","18","N/A","0.1","N/A","-16280","N/A","17000","N/A","38.1","N/A","9","N/A","28","N/A","7.5","N/A"
"40","858","2","N/A","18","N/A","0.1","N/A","-16320","N/A","17000","N/A","38.1","N/A","9","N/A","28","N/A","7.5","N/A"
"40","859","2","N/A","18","N/A","0.1","N/A","-16360","N/A","17000","N/A","38.1","N/A","9","N/A","28","N/A","7.5","N/A"
"40","860","2","N/A","18","N/A","0.1","N/A","-16400","N/A","17000","N/A","38.1","N/A","9","N/A","28","N/A","7.5","N/A"
"40","861","2","N/A","18","N/A","0.1","N/A","-16440","N/A","17000","N/A","38.1","N/A","9","N/A","28","N/A","7.5","N/A"
"40","862","2","N/A","18","N/A","0.1","N/A","-16480","N/A","17000","N/A","38.1","N/A","9","N/A","28","N/A","8","N/A"
"40","863","2","N/A","18","N/A","0.1","N/A","-16270","N/A","17250","N/A","38.1","N/A","9","N/A","28","N/A","8","N/A"
"40","864","2","N/A","18","N/A","0.1","N/A","-16310","N/A","17250","N/A","38.1","N/A","9","N/A","28","N/A","8","N/A"
"40","865","2","N/A","18","N/A","0.1","N/A","-16350","N/A","17250","N/A","38.1","N/A","9","N/A","28","N/A","8","N/A"
"40","866","2","N/A","18","N/A","0.1","N/A","-16390","N/A","17250","N/A","38.1","N/A","9","N/A","28","N/A","8","N/A"
"40","867","2","N/A","18","N/A","0.1","N/A","-16430","N/A","17250","N/A","38.1","N/A","9","N/A","28","N/A","8","N/A"
"40","868","2","N/A","18","N/A","0.1","N/A","-16470","N/A","17250","N/A","38.1","N/A","9","N/A","28","N/A","8","N/A"
"40","869","2","N/A","18","N/A","0.1","N/A","-16510","N/A","17250","N/A","38.1","N/A","9","N/A","28","N/A","8","N/A"
"40","870","2","N/A","18","N/A","0.1","N/A","-16550","N/A","17250","N/A","38.1","N/A","9","N/A","28","N/A","8","N/A"
"40","871","2","N/A","18","N/A","0.1","N/A","-16590","N/A","17250","N/A","38.1","N/A","9","N/A","28","N/A","8","N/A"
"40","872","2","N/A","18","N/A","0.1","N/A","-16630","N/A","17250","N/A","38.1","N/A","9","N/A","28","N/A","8","N/A"
"40","873","2","N/A","18","N/A","0.1","N/A","-16670","N/A","17250","N/A","38.1","N/A","9","N/A","28","N/A","8","N/A"
"40","874","2","N/A","18","N/A","0.1","N/A","-16710","N/A","17250","N/A","38.1","N/A","9","N/A","28","N/A","8","N/A"
"40","875","2","N/A","18","N/A","0.1","N/A","-16750","N/A","17250","N/A","38.1","N/A","9","N/A","28","N/A","8","N/A"
"40","876","2","N/A","18","N/A","0.1","N/A","-16540","N/A","17500","N/A","38.1","N/A","9","N/A","28","N/A","8","N/A"
"40","877","2","N/A","18","N/A","0.1","N/A","-16580","N/A","17500","N/A","38.1","N/A","9","N/A","28","N/A","8","N/A"
"40","878","2","N/A","18","N/A","0.1","N/A","-16620","N/A","17500","N/A","38.1","N/A","9","N/A","28","N/A","8","N/A"
"40","879","2","N/A","18","N/A","0.1","N/A","-16660","N/A","17500","N/A","38.1","N/A","9","N/A","28","N/A","8","N/A"
"40","880","2","N/A","18","N/A","0.1","N/A","-16700","N/A","17500","N/A","38.1","N/A","9","N/A","28","N/A","8","N/A"
"40","881","2","N/A","18","N/A","0.1","N/A","-16740","N/A","17500","N/A","38.1","N/A","9","N/A","28","N/A","8","N/A"
"40","882","2","N/A","18","N/A","0.1","N/A","-16780","N/A","17500","N/A","38.1","N/A","9","N/A","28","N/A","8","N/A"
"40","883","2","N/A","18","N/A","0.1","N/A","-16820","N/A","17500","N/A","38.1","N/A","9","N/A","28","N/A","8","N/A"
"40","884","2","N/A","18","N/A","0.1","N/A","-16860","N/A","17500","N/A","38.1","N/A","9","N/A","28","N/A","8","N/A"
"40","885","2","N/A","18","N/A","0.1","N/A","-16900","N/A","17500","N/A","38.1","N/A","9","N/A","28","N/A","8","N/A"
"40","886","2","N/A","18","N/A","0.1","N/A","-16940","N/A","17500","N/A","38.1","N/A","9","N/A","28","N/A","8","N/A"
"40","887","2","N/A","18","N/A","0.1","N/A","-16980","N/A","17500","N/A","38.1","N/A","9","N/A","28","N/A","8","N/A"
"40","888","2","N/A","18","N/A","0.1","N/A","-16770","N/A","17750","N/A","38.1","N/A","9","N/A","28","N/A","8","N/A"
"40","889","2","N/A","18","N/A","0.1","N/A","-16810","N/A","17750","N/A","38.1","N/A","9","N/A","28","N/A","8","N/A"
"40","890","2","N/A","18","N/A","0.1","N/A","-16850","N/A","17750","N/A","38.1","N/A","9","N/A","28","N/A","8","N/A"
"40","891","2","N/A","18","N/A","0.1","N/A","-16890","N/A","17750","N/A","38.1","N/A","9","N/A","28","N/A","8","N/A"
"40","892","2","N/A","18","N/A","0.1","N/A","-16930","N/A","17750","N/A","38.1","N/A","9","N/A","28","N/A","8","N/A"
"40","893","2","N/A","18","N/A","0.1","N/A","-16970","N/A","17750","N/A","38.1","N/A","9","N/A","28","N/A","8","N/A"
"40","894","2","N/A","18","N/A","0.1","N/A","-17010","N/A","17750","N/A","38.1","N/A","9","N/A","28","N/A","8","N/A"
"40","895","2","N/A","18","N/A","0.1","N/A","-17050","N/A","17750","N/A","38.1","N/A","9","N/A","28","N/A","8","N/A"
"40","896","2","N/A","18","N/A","0.1","N/A","-17090","N/A","17750","N/A","38.1","N/A","9","N/A","28","N/A","8","N/A"
"40","897","2","N/A","18","N/A","0.1","N/A","-17130","N/A","17750","N/A","38.1","N/A","9","N/A","28","N/A","8","N/A"
"40","898","2","N/A","18","N/A","0.1","N/A","-17170","N/A","17750","N/A","38.1","N/A","9","N/A","28","N/A","8","N/A"
"40","899","2","N/A","18","N/A","0.1","N/A","-17210","N/A","17750","N/A","38.1","N/A","9","N/A","28","N/A","8","N/A"
"40","900","2","N/A","18","N/A","0.1","N/A","-17250","N/A","17750","N/A","38.1","N/A","9","N/A","28","N/A","8","N/A"
"40","901","2","N/A","18","N/A","0.1","N/A","-17040","N/A","18000","N/A","38.1","N/A","9","N/A","28","N/A","8","N/A"
"40","902","2","N/A","18","N/A","0.1","N/A","-17080","N/A","18000","N/A","38.1","N/A","9","N/A","28","N/A","8","N/A"
"40","903","2","N/A","18","N/A","0.1","N/A","-17120","N/A","18000","N/A","38.1","N/A","9","N/A","28","N/A","8","N/A"
"40","904","2","N/A","18","N/A","0.1","N/A","-17160","N/A","18000","N/A","38.1","N/A","9","N/A","28","N/A","8","N/A"
"40","905","2","N/A","18","N/A","0.1","N/A","-17200","N/A","18000","N/A","38.1","N/A","9","N/A","28","N/A","8","N/A"
"40","906","2","N/A","18","N/A","0.1","N/A","-17240","N/A","18000","N/A","38.1","N/A","9","N/A","28","N/A","8","N/A"
"40","907","2","N/A","18","N/A","0.1","N/A","-17280","N/A","18000","N/A","38.1","N/A","9","N/A","28","N/A","8","N/A"
"40","908","2","N/A","18","N/A","0.1","N/A","-17320","N/A","18000","N/A","38.1","N/A","9","N/A","28","N/A","8","N/A"
"40","909","2","N/A","18","N/A","0.1","N/A","-17360","N/A","18000","N/A","38.1","N/A","9","N/A","28","N/A","8","N/A"
"40","910","2","N/A","18","N/A","0.1","N/A","-17400","N/A","18000","N/A","38.1","N/A","9","N/A","28","N/A","8","N/A"
"40","911","2","N/A","18","N/A","0.1","N/A","-17440","N/A","18000","N/A","38.1","N/A","9","N/A","28","N/A","8","N/A"
"40","912","2","N/A","18","N/A","0.1","N/A","-17480","N/A","18000","N/A","38.1","N/A","9","N/A","28","N/A","8","N/A"
"40","913","2","N/A","18","N/A","0.1","N/A","-17270","N/A","18250","N/A","38.1","N/A","9","N/A","28","N/A","8","N/A"
"40","914","2","N/A","18","N/A","0.1","N/A","-17310","N/A","18250","N/A","38.1","N/A","9","N/A","28","N/A","8","N/A"
"40","915","2","N/A","18","N/A","0.1","N/A","-17350","N/A","18250","N/A","38.1","N/A","9","N/A","28","N/A","8","N/A"
"40","916","2","N/A","18","N/A","0.1","N/A","-17390","N/A","18250","N/A","38.1","N/A","9","N/A","28","N/A","8","N/A"
"40","917","2","N/A","18","N/A","0.1","N/A","-17430","N/A","18250","N/A","38.1","N/A","9","N/A","28","N/A","8","N/A"
"40","918","2","N/A","18","N/A","0.1","N/A","-17470","N/A","18250","N/A","38.1","N/A","9","N/A","28","N/A","8","N/A"
"40","919","2","N/A","18","N/A","0.1","N/A","-17510","N/A","18250","N/A","38.1","N/A","9","N/A","28","N/A","8","N/A"
"40","920","2","N/A","18","N/A","0.1","N/A","-17550","N/A","18250","N/A","38.1","N/A","9","N/A","28","N/A","8","N/A"
"40","921","2","N/A","18","N/A","0.1","N/A","-17590","N/A","18250","N/A","38.1","N/A","9","N/A","28","N/A","8","N/A"
"40","922","2","N/A","18","N/A","0.1","N/A","-17630","N/A","18250","N/A","38.1","N/A","9","N/A","28","N/A","8","N/A"
"40","923","2","N/A","18","N/A","0.1","N/A","-17670","N/A","18250","N/A","38.1","N/A","9","N/A","28","N/A","8","N/A"
"40","924","2","N/A","18","N/A","0.1","N/A","-17710","N/A","18250","N/A","38.1","N/A","9","N/A","28","N/A","8","N/A"
"40","925","2","N/A","18","N/A","0.1","N/A","-17750","N/A","18250","N/A","38.1","N/A","9","N/A","28","N/A","8","N/A"
"40","926","2","N/A","18","N/A","0.1","N/A","-17540","N/A","18500","N/A","38.1","N/A","9","N/A","28","N/A","8","N/A"
"40","927","2","N/A","18","N/A","0.1","N/A","-17580","N/A","18500","N/A","38.1","N/A","9","N/A","28","N/A","8","N/A"
"40","928","2","N/A","18","N/A","0.1","N/A","-17620","N/A","18500","N/A","38.1","N/A","9","N/A","28","N/A","8","N/A"
"40","929","2","N/A","18","N/A","0.1","N/A","-17660","N/A","18500","N/A","38.1","N/A","9","N/A","28","N/A","8","N/A"
"40","930","2","N/A","18","N/A","0.1","N/A","-17700","N/A","18500","N/A","38.1","N/A","9","N/A","28","N/A","8","N/A"
"40","931","2","N/A","18","N/A","0.1","N/A","-17740","N/A","18500","N/A","38.1","N/A","9","N/A","28","N/A","8","N/A"
"40","932","2","N/A","18","N/A","0.1","N/A","-17780","N/A","18500","N/A","38.1","N/A","9","N/A","28","N/A","8","N/A"
"40","933","2","N/A","18","N/A","0.1","N/A","-17820","N/A","18500","N/A","38.1","N/A","9","N/A","28","N/A","8","N/A"
"40","934","2","N/A","18","N/A","0.1","N/A","-17860","N/A","18500","N/A","38.1","N/A","9","N/A","28","N/A","8","N/A"
"40","935","2","N/A","18","N/A","0.1","N/A","-17900","N/A","18500","N/A","38.1","N/A","9","N/A","28","N/A","8","N/A"
"40","936","2","N/A","18","N/A","0.1","N/A","-17940","N/A","18500","N/A","38.1","N/A","9","N/A","28","N/A","8","N/A"
"40","937","2","N/A","18","N/A","0.1","N/A","-17980","N/A","18500","N/A","38.1","N/A","9","N/A","28","N/A","8","N/A"
"40","938","2","N/A","18","N/A","0.1","N/A","-17770","N/A","18750","N/A","38.1","N/A","9","N/A","28","N/A","8","N/A"
"40","939","2","N/A","18","N/A","0.1","N/A","-17810","N/A","18750","N/A","38.1","N/A","9","N/A","28","N/A","8","N/A"
"40","940","2","N/A","18","N/A","0.1","N/A","-17850","N/A","18750","N/A","38.1","N/A","9","N/A","28","N/A","8","N/A"
"40","941","2","N/A","18","N/A","0.1","N/A","-17890","N/A","18750","N/A","38.1","N/A","9","N/A","28","N/A","8","N/A"
"40","942","2","N/A","18","N/A","0.1","N/A","-17930","N/A","18750","N/A","38.1","N/A","9","N/A","28","N/A","8","N/A"
"40","943","2","N/A","18","N/A","0.1","N/A","-17970","N/A","18750","N/A","38.1","N/A","9","N/A","28","N/A","8","N/A"
"40","944","2","N/A","18","N/A","0.1","N/A","-18010","N/A","18750","N/A","38.1","N/A","9","N/A","28","N/A","8","N/A"
"40","945","2","N/A","18","N/A","0.1","N/A","-18050","N/A","18750","N/A","38.1","N/A","9","N/A","28","N/A","8","N/A"
"40","946","2","N/A","18","N/A","0.1","N/A","-18090","N/A","18750","N/A","38.1","N/A","9","N/A","28","N/A","8","N/A"
"40","947","2","N/A","18","N/A","0.1","N/A","-18130","N/A","18750","N/A","38.1","N/A","9","N/A","28","N/A","8","N/A"
"40","948","2","N/A","18","N/A","0.1","N/A","-18170","N/A","18750","N/A","38.1","N/A","9","N/A","28","N/A","8","N/A"
"40","949","2","N/A","18","N/A","0.1","N/A","-18210","N/A","18750","N/A","38.1","N/A","9","N/A","28","N/A","8","N/A"
"40","950","2","N/A","18","N/A","0.1","N/A","-18250","N/A","18750","N/A","38.1","N/A","9","N/A","28","N/A","8","N/A"
"40","951","2","N/A","18","N/A","0.1","N/A","-18040","N/A","19000","N/A","38.1","N/A","9","N/A","28","N/A","8","N/A"
"40","952","2","N/A","18","N/A","0.1","N/A","-18080","N/A","19000","N/A","38.1","N/A","9","N/A","28","N/A","8","N/A"
"40","953","2","N/A","18","N/A","0.1","N/A","-18120","N/A","19000","N/A","38.1","N/A","9","N/A","28","N/A","8","N/A"
"40","954","2","N/A","18","N/A","0.1","N/A","-18160","N/A","19000","N/A","38.1","N/A","9","N/A","28","N/A","8","N/A"
"40","955","2","N/A","18","N/A","0.1","N/A","-18200","N/A","19000","N/A","38.1","N/A","9","N/A","28","N/A","8","N/A"
"40","956","2","N/A","18","N/A","0.1","N/A","-18240","N/A","19000","N/A","38.1","N/A","9","N/A","28","N/A","8","N/A"
"40","957","2","N/A","18","N/A","0.1","N/A","-18280","N/A","19000","N/A","38.1","N/A","9","N/A","28","N/A","8","N/A"
"40","958","2","N/A","18","N/A","0.1","N/A","-18320","N/A","19000","N/A","38.1","N/A","9","N/A","28","N/A","8","N/A"
"40","959","2","N/A","18","N/A","0.1","N/A","-18360","N/A","19000","N/A","38.1","N/A","9","N/A","28","N/A","8","N/A"
"40","960","2","N/A","18","N/A","0.1","N/A","-18400","N/A","19000","N/A","38.1","N/A","9","N/A","28","N/A","8","N/A"
"40","961","2","N/A","18","N/A","0.1","N/A","-18440","N/A","19000","N/A","38.1","N/A","9","N/A","28","N/A","8","N/A"
"40","962","2","N/A","18","N/A","0.1","N/A","-18480","N/A","19000","N/A","38.1","N/A","9","N/A","28","N/A","8","N/A"
"40","963","2","N/A","18","N/A","0.1","N/A","-18270","N/A","19250","N/A","38.1","N/A","9","N/A","28","N/A","8","N/A"
"40","964","2","N/A","18","N/A","0.1","N/A","-18310","N/A","19250","N/A","38.1","N/A","9","N/A","28","N/A","8","N/A"
"40","965","2","N/A","18","N/A","0.1","N/A","-18350","N/A","19250","N/A","38.1","N/A","9","N/A","28","N/A","8","N/A"
"40","966","2","N/A","18","N/A","0.1","N/A","-18390","N/A","19250","N/A","38.1","N/A","9","N/A","28","N/A","8","N/A"
"40","967","2","N/A","18","N/A","0.1","N/A","-18430","N/A","19250","N/A","38.1","N/A","9","N/A","28","N/A","8","N/A"
"40","968","2","N/A","18","N/A","0.1","N/A","-18470","N/A","19250","N/A","38.1","N/A","9","N/A","28","N/A","8","N/A"
"40","969","2","N/A","18","N/A","0.1","N/A","-18510","N/A","19250","N/A","38.1","N/A","9","N/A","28","N/A","8","N/A"
"40","970","2","N/A","18","N/A","0.1","N/A","-18550","N/A","19250","N/A","38.1","N/A","9","N/A","28","N/A","8","N/A"
"40","971","2","N/A","18","N/A","0.1","N/A","-18590","N/A","19250","N/A","38.1","N/A","9","N/A","28","N/A","8","N/A"
"40","972","2","N/A","18","N/A","0.1","N/A","-18630","N/A","19250","N/A","38.1","N/A","9","N/A","28","N/A","8","N/A"
"40","973","2","N/A","18","N/A","0.1","N/A","-18670","N/A","19250","N/A","38.1","N/A","9","N/A","28","N/A","8","N/A"
"40","974","2","N/A","18","N/A","0.1","N/A","-18710","N/A","19250","N/A","38.1","N/A","9","N/A","28","N/A","8","N/A"
"40","975","2","N/A","18","N/A","0.1","N/A","-18750","N/A","19250","N/A","38.1","N/A","9","N/A","28","N/A","8","N/A"
"40","976","2","N/A","18","N/A","0.1","N/A","-18540","N/A","19500","N/A","38.1","N/A","9","N/A","28","N/A","8","N/A"
"40","977","2","N/A","18","N/A","0.1","N/A","-18580","N/A","19500","N/A","38.1","N/A","9","N/A","28","N/A","8","N/A"
"40","978","2","N/A","18","N/A","0.1","N/A","-18620","N/A","19500","N/A","38.1","N/A","9","N/A","28","N/A","8","N/A"
"40","979","2","N/A","18","N/A","0.1","N/A","-18660","N/A","19500","N/A","38.1","N/A","9","N/A","28","N/A","8","N/A"
"40","980","2","N/A","18","N/A","0.1","N/A","-18700","N/A","19500","N/A","38.1","N/A","9","N/A","28","N/A","8","N/A"
"40","981","2","N/A","18","N/A","0.1","N/A","-18740","N/A","19500","N/A","38.1","N/A","9","N/A","28","N/A","8","N/A"
"40","982","2","N/A","18","N/A","0.1","N/A","-18780","N/A","19500","N/A","38.1","N/A","9","N/A","28","N/A","8","N/A"
"40","983","2","N/A","18","N/A","0.1","N/A","-18820","N/A","19500","N/A","38.1","N/A","9","N/A","28","N/A","8","N/A"
"40","984","2","N/A","18","N/A","0.1","N/A","-18860","N/A","19500","N/A","38.1","N/A","9","N/A","28","N/A","8","N/A"
"40","985","2","N/A","18","N/A","0.1","N/A","-18900","N/A","19500","N/A","38.1","N/A","9","N/A","28","N/A","8","N/A"
"40","986","2","N/A","18","N/A","0.1","N/A","-18940","N/A","19500","N/A","38.1","N/A","9","N/A","28","N/A","8","N/A"
"40","987","2","N/A","18","N/A","0.1","N/A","-18980","N/A","19500","N/A","38.1","N/A","9","N/A","28","N/A","8","N/A"
"40","988","2","N/A","18","N/A","0.1","N/A","-18770","N/A","19750","N/A","38.1","N/A","9","N/A","28","N/A","8","N/A"
"40","989","2","N/A","18","N/A","0.1","N/A","-18810","N/A","19750","N/A","38.1","N/A","9","N/A","28","N/A","8","N/A"
"40","990","2","N/A","18","N/A","0.1","N/A","-18850","N/A","19750","N/A","38.1","N/A","9","N/A","28","N/A","8","N/A"
"40","991","2","N/A","18","N/A","0.1","N/A","-18890","N/A","19750","N/A","38.1","N/A","9","N/A","28","N/A","8","N/A"
"40","992","2","N/A","18","N/A","0.1","N/A","-18930","N/A","19750","N/A","38.1","N/A","9","N/A","28","N/A","8","N/A"
"40","993","2","N/A","18","N/A","0.1","N/A","-18970","N/A","19750","N/A","38.1","N/A","9","N/A","28","N/A","8","N/A"
"40","994","2","N/A","18","N/A","0.1","N/A","-19010","N/A","19750","N/A","38.1","N/A","9","N/A","28","N/A","8","N/A"
"40","995","2","N/A","18","N/A","0.1","N/A","-19050","N/A","19750","N/A","38.1","N/A","9","N/A","28","N/A","8","N/A"
"40","996","2","N/A","18","N/A","0.1","N/A","-19090","N/A","19750","N/A","38.1","N/A","9","N/A","28","N/A","8","N/A"
"40","997","2","N/A","18","N/A","0.1","N/A","-19130","N/A","19750","N/A","38.1","N/A","9","N/A","28","N/A","8","N/A"
"40","998","2","N/A","18","N/A","0.1","N/A","-19170","N/A","19750","N/A","38.1","N/A","9","N/A","28","N/A","8","N/A"
"40","999","2","N/A","18","N/A","0.1","N/A","-19210","N/A","19750","N/A","38.1","N/A","9","N/A","28","N/A","8","N/A"
"40","1000","2","N/A","18","N/A","0.1","N/A","-19250","N/A","19750","N/A","38.1","N/A","9","N/A","28","N/A","8","N/A"
"50","0","20","N/A","0","N/A","1","N/A","1000","N/A","0","N/A","597.45","N/A","35","N/A","0","N/A","4.25","N/A"
"50","1","20","N/A","0","N/A","1","N/A","971","N/A","0","N/A","489.95","N/A","35","N/A","0","N/A","4.25","N/A"
"50","2","20","N/A","0","N/A","1","N/A","940.5","N/A","0","N/A","399.95","N/A","35","N/A","0","N/A","4.25","N/A"
"50","3","20","N/A","0","N/A","1","N/A","905.5","N/A","0","N/A","331.2","N/A","35","N/A","0","N/A","4.25","N/A"
"50","4","20","N/A","0","N/A","1","N/A","867.5","N/A","0","N/A","266.2","N/A","35","N/A","0","N/A","4.25","N/A"
"50","5","20","N/A","0","N/A","1","N/A","831","N/A","0","N/A","202.45","N/A","35","N/A","0","N/A","4.25","N/A"
"50","6","20","N/A","0","N/A","1","N/A","794.5","N/A","0","N/A","144.95","N/A","35","N/A","0","N/A","4.35","N/A"
"50","7","20","N/A","0","N/A","1","N/A","755","N/A","0","N/A","103.7","N/A","35","N/A","0","N/A","4.35","N/A"
"50","8","20","N/A","0","N/A","1","N/A","714","N/A","0","N/A","73.7","N/A","35","N/A","0","N/A","4.35","N/A"
"50","9","20","N/A","0","N/A","1","N/A","668.5","N/A","0","N/A","58.7","N/A","35","N/A","0","N/A","4.35","N/A"
"50","10","20","N/A","0","N/A","1","N/A","623","N/A","0","N/A","43.7","N/A","35","N/A","0","N/A","4.35","N/A"
"50","11","20","N/A","0","N/A","1","N/A","573","N/A","0","N/A","43.7","N/A","41","N/A","0","N/A","4.4","N/A"
"50","12","20","N/A","0","N/A","1","N/A","523","N/A","0","N/A","43.7","N/A","47","N/A","0","N/A","4.45","N/A"
"50","13","20","N/A","0","N/A","1","N/A","473","N/A","0","N/A","43.7","N/A","47","N/A","0","N/A","4.45","N/A"
"50","14","20","N/A","0","N/A","1","N/A","423","N/A","0","N/A","43.7","N/A","47","N/A","0","N/A","4.45","N/A"
"50","15","20","N/A","0","N/A","1","N/A","373","N/A","0","N/A","43.7","N/A","47","N/A","0","N/A","4.45","N/A"
"50","16","20","N/A","0","N/A","1","N/A","323","N/A","0","N/A","43.7","N/A","47","N/A","0","N/A","4.5","N/A"
"50","17","20","N/A","0","N/A","1","N/A","273","N/A","0","N/A","43.7","N/A","47","N/A","0","N/A","4.5","N/A"
"50","18","20","N/A","0","N/A","1","N/A","223","N/A","0","N/A","43.7","N/A","47","N/A","0","N/A","4.5","N/A"
"50","19","20","N/A","0","N/A","1","N/A","173","N/A","0","N/A","43.7","N/A","47","N/A","0","N/A","4.55","N/A"
"50","20","20","N/A","0","N/A","1","N/A","123","N/A","0","N/A","43.7","N/A","47","N/A","0","N/A","4.55","N/A"
"50","21","20","N/A","0","N/A","1","N/A","198","N/A","125","N/A","43.7","N/A","47","N/A","0","N/A","4.55","N/A"
"50","22","20","N/A","0","N/A","1","N/A","173","N/A","150","N/A","43.7","N/A","48","N/A","0","N/A","4.6","N/A"
"50","23","20","N/A","0","N/A","1","N/A","198","N/A","225","N/A","43.7","N/A","48","N/A","0","N/A","4.6","N/A"
"50","24","20","N/A","0","N/A","1","N/A","173","N/A","250","N/A","43.7","N/A","48","N/A","0","N/A","4.6","N/A"
"50","25","20","N/A","0","N/A","1","N/A","148","N/A","275","N/A","43.7","N/A","48","N/A","0","N/A","4.6","N/A"
"50","26","20","N/A","0","N/A","1","N/A","98","N/A","275","N/A","43.7","N/A","48","N/A","0","N/A","4.6","N/A"
"50","27","20","N/A","0","N/A","1","N/A","48","N/A","275","N/A","43.7","N/A","48","N/A","0","N/A","4.65","N/A"
"50","28","20","N/A","0","N/A","1","N/A","23","N/A","300","N/A","43.7","N/A","48","N/A","0","N/A","4.65","N/A"
"50","29","20","N/A","0","N/A","1","N/A","-2","N/A","325","N/A","43.7","N/A","48","N/A","0","N/A","4.65","N/A"
"50","30","20","N/A","0","N/A","1","N/A","-52","N/A","325","N/A","43.7","N/A","48","N/A","0","N/A","4.65","N/A"
"50","31","20","N/A","0","N/A","1","N/A","148","N/A","575","N/A","43.7","N/A","48","N/A","0","N/A","4.65","N/A"
"50","32","20","N/A","0","N/A","1","N/A","148","N/A","625","N/A","43.7","N/A","48","N/A","0","N/A","4.65","N/A"
"50","33","20","N/A","0","N/A","1","N/A","123","N/A","650","N/A","43.7","N/A","48","N/A","0","N/A","4.7","N/A"
"50","34","20","N/A","0","N/A","1","N/A","123","N/A","700","N/A","43.7","N/A","48","N/A","0","N/A","4.75","N/A"
"50","35","20","N/A","0","N/A","1","N/A","98","N/A","725","N/A","43.7","N/A","48","N/A","0","N/A","4.75","N/A"
"50","36","20","N/A","0","N/A","1","N/A","48","N/A","725","N/A","43.7","N/A","48","N/A","0","N/A","4.75","N/A"
"50","37","20","N/A","0","N/A","1","N/A","-2","N/A","725","N/A","43.7","N/A","48","N/A","0","N/A","4.75","N/A"
"50","38","20","N/A","0","N/A","1","N/A","-52","N/A","725","N/A","43.7","N/A","48","N/A","0","N/A","4.75","N/A"
"50","39","20","N/A","0","N/A","1","N/A","-102","N/A","725","N/A","43.7","N/A","48","N/A","0","N/A","4.75","N/A"
"50","40","20","N/A","0","N/A","1","N/A","-127","N/A","750","N/A","43.7","N/A","48","N/A","0","N/A","4.75","N/A"
"50","41","20","N/A","0","N/A","1","N/A","-27","N/A","900","N/A","43.7","N/A","48","N/A","0","N/A","4.75","N/A"
"50","42","20","N/A","0","N/A","1","N/A","-2","N/A","975","N/A","43.7","N/A","48","N/A","0","N/A","4.75","N/A"
"50","43","20","N/A","0","N/A","1","N/A","23","N/A","1050","N/A","43.7","N/A","48","N/A","0","N/A","4.75","N/A"
"50","44","20","N/A","0","N/A","1","N/A","-27","N/A","1050","N/A","43.7","N/A","48","N/A","0","N/A","4.75","N/A"
"50","45","20","N/A","0","N/A","1","N/A","-27","N/A","1100","N/A","43.7","N/A","49","N/A","0","N/A","4.8","N/A"
"50","46","20","N/A","0","N/A","1","N/A","-52","N/A","1125","N/A","43.7","N/A","49","N/A","0","N/A","4.85","N/A"
"50","47","20","N/A","0","N/A","1","N/A","-77","N/A","1150","N/A","43.7","N/A","50","N/A","0","N/A","4.9","N/A"
"50","48","20","N/A","0","N/A","1","N/A","-77","N/A","1200","N/A","43.7","N/A","50","N/A","0","N/A","4.9","N/A"
"50","49","20","N/A","0","N/A","1","N/A","-77","N/A","1250","N/A","43.7","N/A","50","N/A","0","N/A","4.9","N/A"
"50","50","20","N/A","0","N/A","1","N/A","-102","N/A","1275","N/A","43.7","N/A","56","N/A","0","N/A","4.95","N/A"
"50","51","20","N/A","0","N/A","1","N/A","-2","N/A","1425","N/A","43.7","N/A","56","N/A","0","N/A","4.95","N/A"
"50","52","20","N/A","0","N/A","1","N/A","23","N/A","1500","N/A","43.7","N/A","56","N/A","0","N/A","4.95","N/A"
"50","53","20","N/A","0","N/A","1","N/A","73","N/A","1600","N/A","43.7","N/A","56","N/A","0","N/A","4.95","N/A"
"50","54","20","N/A","0","N/A","1","N/A","23","N/A","1600","N/A","43.7","N/A","56","N/A","0","N/A","5","N/A"
"50","55","20","N/A","0","N/A","1","N/A","-2","N/A","1625","N/A","43.7","N/A","56","N/A","0","N/A","5","N/A"
"50","56","20","N/A","0","N/A","1","N/A","-52","N/A","1625","N/A","43.7","N/A","56","N/A","0","N/A","5","N/A"
"50","57","20","N/A","0","N/A","1","N/A","-77","N/A","1650","N/A","43.7","N/A","56","N/A","0","N/A","5","N/A"
"50","58","20","N/A","0","N/A","1","N/A","-52","N/A","1725","N/A","43.7","N/A","56","N/A","0","N/A","5","N/A"
"50","59","20","N/A","0","N/A","1","N/A","-102","N/A","1725","N/A","43.7","N/A","56","N/A","0","N/A","5","N/A"
"50","60","20","N/A","0","N/A","1","N/A","-127","N/A","1750","N/A","43.7","N/A","56","N/A","0","N/A","5","N/A"
"50","61","20","N/A","0","N/A","1","N/A","-52","N/A","1875","N/A","43.7","N/A","56","N/A","0","N/A","5","N/A"
"50","62","20","N/A","0","N/A","1","N/A","-2","N/A","1975","N/A","43.7","N/A","56","N/A","0","N/A","5","N/A"
"50","63","20","N/A","0","N/A","1","N/A","23","N/A","2050","N/A","43.7","N/A","56","N/A","0","N/A","5","N/A"
"50","64","20","N/A","0","N/A","1","N/A","-2","N/A","2075","N/A","43.7","N/A","56","N/A","0","N/A","5","N/A"
"50","65","20","N/A","0","N/A","1","N/A","-27","N/A","2100","N/A","43.7","N/A","56","N/A","0","N/A","5.05","N/A"
"50","66","20","N/A","0","N/A","1","N/A","-27","N/A","2150","N/A","43.7","N/A","56","N/A","0","N/A","5.05","N/A"
"50","67","20","N/A","0","N/A","1","N/A","-77","N/A","2150","N/A","43.7","N/A","57","N/A","0","N/A","5.1","N/A"
"50","68","20","N/A","0","N/A","1","N/A","-102","N/A","2175","N/A","43.7","N/A","57","N/A","0","N/A","5.1","N/A"
"50","69","20","N/A","0","N/A","1","N/A","-77","N/A","2250","N/A","43.7","N/A","57","N/A","0","N/A","5.1","N/A"
"50","70","20","N/A","0","N/A","1","N/A","-127","N/A","2250","N/A","43.7","N/A","57","N/A","0","N/A","5.15","N/A"
"50","71","15","N/A","5","N/A","0.75","N/A","80.66666666666667","N/A","2466.6666666666665","N/A","43.7","N/A","45","N/A","12","N/A","5.466666666666667","N/A"
"50","72","15","N/A","5","N/A","0.75","N/A","30.666666666666668","N/A","2466.6666666666665","N/A","43.7","N/A","45","N/A","12","N/A","5.466666666666667","N/A"
"50","73","15","N/A","5","N/A","0.75","N/A","-19.333333333333332","N/A","2466.6666666666665","N/A","43.7","N/A","45","N/A","12","N/A","5.466666666666667","N/A"
"50","74","15","N/A","5","N/A","0.75","N/A","-69.33333333333333","N/A","2466.6666666666665","N/A","43.7","N/A","45","N/A","12","N/A","5.466666666666667","N/A"
"50","75","15","N/A","5","N/A","0.75","N/A","-52.666666666666664","N/A","2533.3333333333335","N/A","43.7","N/A","45","N/A","12","N/A","5.466666666666667","N/A"
"50","76","15","N/A","5","N/A","0.75","N/A","-102.66666666666667","N/A","2533.3333333333335","N/A","43.7","N/A","45","N/A","12","N/A","5.466666666666667","N/A"
"50","77","14","N/A","6","N/A","0.7","N/A","-67.14285714285714","N/A","2607.1428571428573","N/A","43.7","N/A","45","N/A","12","N/A","5.642857142857143","N/A"
"50","78","14","N/A","6","N/A","0.7","N/A","-117.14285714285714","N/A","2607.1428571428573","N/A","43.7","N/A","45","N/A","12","N/A","5.642857142857143","N/A"
"50","79","14","N/A","6","N/A","0.7","N/A","-167.14285714285714","N/A","2607.1428571428573","N/A","43.7","N/A","47","N/A","12","N/A","5.714285714285714","N/A"
"50","80","14","N/A","6","N/A","0.7","N/A","-181.42857142857142","N/A","2642.8571428571427","N/A","43.7","N/A","47","N/A","12","N/A","5.714285714285714","N/A"
"50","81","9","N/A","11","N/A","0.45","N/A","-168.88888888888889","N/A","2611.1111111111113","N/A","43.7","N/A","46","N/A","13","N/A","6.666666666666667","N/A"
"50","82","9","N/A","11","N/A","0.45","N/A","-218.88888888888889","N/A","2611.1111111111113","N/A","43.7","N/A","46","N/A","13","N/A","6.666666666666667","N/A"
"50","83","9","N/A","11","N/A","0.45","N/A","-213.33333333333334","N/A","2666.6666666666665","N/A","43.7","N/A","46","N/A","13","N/A","6.666666666666667","N/A"
"50","84","9","N/A","11","N/A","0.45","N/A","-263.3333333333333","N/A","2666.6666666666665","N/A","43.7","N/A","46","N/A","13","N/A","6.666666666666667","N/A"
"50","85","8","N/A","12","N/A","0.4","N/A","-351.25","N/A","2625","N/A","43.7","N/A","40","N/A","19","N/A","6.5","N/A"
"50","86","8","N/A","12","N/A","0.4","N/A","-401.25","N/A","2625","N/A","43.7","N/A","40","N/A","19","N/A","6.5","N/A"
"50","87","7","N/A","13","N/A","0.35","N/A","-512.8571428571429","N/A","2571.4285714285716","N/A","43.7","N/A","33","N/A","26","N/A","6.428571428571429","N/A"
"50","88","7","N/A","13","N/A","0.35","N/A","-562.8571428571429","N/A","2571.4285714285716","N/A","43.7","N/A","33","N/A","26","N/A","6.571428571428571","N/A"
"50","89","7","N/A","13","N/A","0.35","N/A","-612.8571428571429","N/A","2571.4285714285716","N/A","43.7","N/A","33","N/A","26","N/A","6.571428571428571","N/A"
"50","90","7","N/A","13","N/A","0.35","N/A","-591.4285714285714","N/A","2642.8571428571427","N/A","43.7","N/A","33","N/A","26","N/A","6.571428571428571","N/A"
"50","91","6","N/A","14","N/A","0.3","N/A","-573.3333333333334","N/A","2666.6666666666665","N/A","43.7","N/A","33","N/A","26","N/A","6.833333333333333","N/A"
"50","92","6","N/A","14","N/A","0.3","N/A","-623.3333333333334","N/A","2666.6666666666665","N/A","43.7","N/A","33","N/A","26","N/A","6.833333333333333","N/A"
"50","93","6","N/A","14","N/A","0.3","N/A","-590","N/A","2750","N/A","43.7","N/A","33","N/A","26","N/A","6.833333333333333","N/A"
"50","94","6","N/A","14","N/A","0.3","N/A","-640","N/A","2750","N/A","43.7","N/A","33","N/A","26","N/A","6.833333333333333","N/A"
"50","95","6","N/A","14","N/A","0.3","N/A","-606.6666666666666","N/A","2833.3333333333335","N/A","43.7","N/A","33","N/A","26","N/A","6.833333333333333","N/A"
"50","96","6","N/A","14","N/A","0.3","N/A","-656.6666666666666","N/A","2833.3333333333335","N/A","43.7","N/A","33","N/A","26","N/A","6.833333333333333","N/A"
"50","97","6","N/A","14","N/A","0.3","N/A","-706.6666666666666","N/A","2833.3333333333335","N/A","43.7","N/A","33","N/A","26","N/A","6.833333333333333","N/A"
"50","98","6","N/A","14","N/A","0.3","N/A","-756.6666666666666","N/A","2833.3333333333335","N/A","43.7","N/A","33","N/A","26","N/A","6.833333333333333","N/A"
"50","99","6","N/A","14","N/A","0.3","N/A","-806.6666666666666","N/A","2833.3333333333335","N/A","43.7","N/A","33","N/A","26","N/A","6.833333333333333","N/A"
"50","100","6","N/A","14","N/A","0.3","N/A","-773.3333333333334","N/A","2916.6666666666665","N/A","43.7","N/A","33","N/A","26","N/A","6.833333333333333","N/A"
"50","101","6","N/A","14","N/A","0.3","N/A","-656.6666666666666","N/A","3083.3333333333335","N/A","43.7","N/A","33","N/A","26","N/A","6.833333333333333","N/A"
"50","102","6","N/A","14","N/A","0.3","N/A","-706.6666666666666","N/A","3083.3333333333335","N/A","43.7","N/A","34","N/A","26","N/A","7","N/A"
"50","103","6","N/A","14","N/A","0.3","N/A","-673.3333333333334","N/A","3166.6666666666665","N/A","43.7","N/A","34","N/A","26","N/A","7","N/A"
"50","104","6","N/A","14","N/A","0.3","N/A","-723.3333333333334","N/A","3166.6666666666665","N/A","43.7","N/A","34","N/A","26","N/A","7","N/A"
"50","105","6","N/A","14","N/A","0.3","N/A","-773.3333333333334","N/A","3166.6666666666665","N/A","43.7","N/A","34","N/A","26","N/A","7","N/A"
"50","106","6","N/A","14","N/A","0.3","N/A","-823.3333333333334","N/A","3166.6666666666665","N/A","43.7","N/A","34","N/A","26","N/A","7","N/A"
"50","107","6","N/A","14","N/A","0.3","N/A","-873.3333333333334","N/A","3166.6666666666665","N/A","43.7","N/A","34","N/A","26","N/A","7","N/A"
"50","108","6","N/A","14","N/A","0.3","N/A","-923.3333333333334","N/A","3166.6666666666665","N/A","43.7","N/A","34","N/A","26","N/A","7","N/A"
"50","109","6","N/A","14","N/A","0.3","N/A","-973.3333333333334","N/A","3166.6666666666665","N/A","43.7","N/A","34","N/A","26","N/A","7","N/A"
"50","110","5","N/A","15","N/A","0.25","N/A","-1218","N/A","3000","N/A","43.7","N/A","24","N/A","36","N/A","6.6","N/A"
"50","111","5","N/A","15","N/A","0.25","N/A","-1068","N/A","3200","N/A","43.7","N/A","24","N/A","36","N/A","6.6","N/A"
"50","112","5","N/A","15","N/A","0.25","N/A","-1118","N/A","3200","N/A","43.7","N/A","24","N/A","36","N/A","6.6","N/A"
"50","113","5","N/A","15","N/A","0.25","N/A","-1068","N/A","3300","N/A","43.7","N/A","24","N/A","36","N/A","6.6","N/A"
"50","114","5","N/A","15","N/A","0.25","N/A","-1118","N/A","3300","N/A","43.7","N/A","24","N/A","36","N/A","6.6","N/A"
"50","115","5","N/A","15","N/A","0.25","N/A","-1168","N/A","3300","N/A","43.7","N/A","24","N/A","36","N/A","6.6","N/A"
"50","116","5","N/A","15","N/A","0.25","N/A","-1218","N/A","3300","N/A","43.7","N/A","24","N/A","36","N/A","6.6","N/A"
"50","117","5","N/A","15","N/A","0.25","N/A","-1268","N/A","3300","N/A","43.7","N/A","24","N/A","36","N/A","6.6","N/A"
"50","118","5","N/A","15","N/A","0.25","N/A","-1318","N/A","3300","N/A","43.7","N/A","25","N/A","36","N/A","7","N/A"
"50","119","5","N/A","15","N/A","0.25","N/A","-1368","N/A","3300","N/A","43.7","N/A","25","N/A","36","N/A","7","N/A"
"50","120","5","N/A","15","N/A","0.25","N/A","-1418","N/A","3300","N/A","43.7","N/A","25","N/A","36","N/A","7","N/A"
"50","121","4","N/A","16","N/A","0.2","N/A","-1700","N/A","3125","N/A","43.7","N/A","16","N/A","45","N/A","6.5","N/A"
"50","122","4","N/A","16","N/A","0.2","N/A","-1750","N/A","3125","N/A","43.7","N/A","16","N/A","45","N/A","6.5","N/A"
"50","123","3","N/A","17","N/A","0.15","N/A","-2383.3333333333335","N/A","2666.6666666666665","N/A","43.7","N/A","9","N/A","52","N/A","6.333333333333333","N/A"
"50","124","3","N/A","17","N/A","0.15","N/A","-2433.3333333333335","N/A","2666.6666666666665","N/A","43.7","N/A","9","N/A","52","N/A","6.333333333333333","N/A"
"50","125","3","N/A","17","N/A","0.15","N/A","-2483.3333333333335","N/A","2666.6666666666665","N/A","43.7","N/A","9","N/A","52","N/A","6.333333333333333","N/A"
"50","126","3","N/A","17","N/A","0.15","N/A","-2533.3333333333335","N/A","2666.6666666666665","N/A","43.7","N/A","9","N/A","52","N/A","6.333333333333333","N/A"
"50","127","3","N/A","17","N/A","0.15","N/A","-2583.3333333333335","N/A","2666.6666666666665","N/A","43.7","N/A","9","N/A","52","N/A","6.333333333333333","N/A"
"50","128","3","N/A","17","N/A","0.15","N/A","-2633.3333333333335","N/A","2666.6666666666665","N/A","43.7","N/A","9","N/A","52","N/A","6.333333333333333","N/A"
"50","129","3","N/A","17","N/A","0.15","N/A","-2683.3333333333335","N/A","2666.6666666666665","N/A","43.7","N/A","9","N/A","52","N/A","6.333333333333333","N/A"
"50","130","3","N/A","17","N/A","0.15","N/A","-2733.3333333333335","N/A","2666.6666666666665","N/A","43.7","N/A","9","N/A","52","N/A","6.333333333333333","N/A"
"50","131","3","N/A","17","N/A","0.15","N/A","-2616.6666666666665","N/A","2833.3333333333335","N/A","43.7","N/A","9","N/A","52","N/A","6.333333333333333","N/A"
"50","132","3","N/A","17","N/A","0.15","N/A","-2666.6666666666665","N/A","2833.3333333333335","N/A","43.7","N/A","9","N/A","52","N/A","6.333333333333333","N/A"
"50","133","3","N/A","17","N/A","0.15","N/A","-2716.6666666666665","N/A","2833.3333333333335","N/A","43.7","N/A","9","N/A","52","N/A","6.333333333333333","N/A"
"50","134","3","N/A","17","N/A","0.15","N/A","-2766.6666666666665","N/A","2833.3333333333335","N/A","43.7","N/A","9","N/A","52","N/A","6.333333333333333","N/A"
"50","135","3","N/A","17","N/A","0.15","N/A","-2816.6666666666665","N/A","2833.3333333333335","N/A","43.7","N/A","9","N/A","52","N/A","6.333333333333333","N/A"
"50","136","3","N/A","17","N/A","0.15","N/A","-2866.6666666666665","N/A","2833.3333333333335","N/A","43.7","N/A","9","N/A","52","N/A","6.333333333333333","N/A"
"50","137","3","N/A","17","N/A","0.15","N/A","-2750","N/A","3000","N/A","43.7","N/A","9","N/A","52","N/A","6.333333333333333","N/A"
"50","138","3","N/A","17","N/A","0.15","N/A","-2800","N/A","3000","N/A","43.7","N/A","9","N/A","52","N/A","6.333333333333333","N/A"
"50","139","3","N/A","17","N/A","0.15","N/A","-2850","N/A","3000","N/A","43.7","N/A","9","N/A","52","N/A","6.333333333333333","N/A"
"50","140","3","N/A","17","N/A","0.15","N/A","-2900","N/A","3000","N/A","43.7","N/A","9","N/A","52","N/A","6.333333333333333","N/A"
"50","141","3","N/A","17","N/A","0.15","N/A","-2783.3333333333335","N/A","3166.6666666666665","N/A","43.7","N/A","9","N/A","52","N/A","6.333333333333333","N/A"
"50","142","3","N/A","17","N/A","0.15","N/A","-2833.3333333333335","N/A","3166.6666666666665","N/A","43.7","N/A","9","N/A","52","N/A","6.333333333333333","N/A"
"50","143","3","N/A","17","N/A","0.15","N/A","-2883.3333333333335","N/A","3166.6666666666665","N/A","43.7","N/A","9","N/A","52","N/A","6.333333333333333","N/A"
"50","144","3","N/A","17","N/A","0.15","N/A","-2766.6666666666665","N/A","3333.3333333333335","N/A","43.7","N/A","9","N/A","52","N/A","6.333333333333333","N/A"
"50","145","3","N/A","17","N/A","0.15","N/A","-2816.6666666666665","N/A","3333.3333333333335","N/A","43.7","N/A","9","N/A","52","N/A","6.333333333333333","N/A"
"50","146","3","N/A","17","N/A","0.15","N/A","-2866.6666666666665","N/A","3333.3333333333335","N/A","43.7","N/A","9","N/A","52","N/A","6.333333333333333","N/A"
"50","147","3","N/A","17","N/A","0.15","N/A","-2916.6666666666665","N/A","3333.3333333333335","N/A","43.7","N/A","9","N/A","52","N/A","6.333333333333333","N/A"
"50","148","3","N/A","17","N/A","0.15","N/A","-2966.6666666666665","N/A","3333.3333333333335","N/A","43.7","N/A","9","N/A","52","N/A","6.333333333333333","N/A"
"50","149","3","N/A","17","N/A","0.15","N/A","-3016.6666666666665","N/A","3333.3333333333335","N/A","43.7","N/A","9","N/A","52","N/A","6.333333333333333","N/A"
"50","150","3","N/A","17","N/A","0.15","N/A","-3066.6666666666665","N/A","3333.3333333333335","N/A","43.7","N/A","9","N/A","52","N/A","6.333333333333333","N/A"
"50","151","3","N/A","17","N/A","0.15","N/A","-2950","N/A","3500","N/A","43.7","N/A","9","N/A","52","N/A","6.333333333333333","N/A"
"50","152","3","N/A","17","N/A","0.15","N/A","-2833.3333333333335","N/A","3666.6666666666665","N/A","43.7","N/A","9","N/A","52","N/A","6.333333333333333","N/A"
"50","153","3","N/A","17","N/A","0.15","N/A","-2883.3333333333335","N/A","3666.6666666666665","N/A","43.7","N/A","9","N/A","52","N/A","6.333333333333333","N/A"
"50","154","3","N/A","17","N/A","0.15","N/A","-2933.3333333333335","N/A","3666.6666666666665","N/A","43.7","N/A","9","N/A","52","N/A","6.333333333333333","N/A"
"50","155","3","N/A","17","N/A","0.15","N/A","-2983.3333333333335","N/A","3666.6666666666665","N/A","43.7","N/A","9","N/A","52","N/A","6.333333333333333","N/A"
"50","156","3","N/A","17","N/A","0.15","N/A","-3033.3333333333335","N/A","3666.6666666666665","N/A","43.7","N/A","9","N/A","52","N/A","6.333333333333333","N/A"
"50","157","3","N/A","17","N/A","0.15","N/A","-3083.3333333333335","N/A","3666.6666666666665","N/A","43.7","N/A","9","N/A","52","N/A","6.333333333333333","N/A"
"50","158","3","N/A","17","N/A","0.15","N/A","-3133.3333333333335","N/A","3666.6666666666665","N/A","43.7","N/A","9","N/A","52","N/A","6.333333333333333","N/A"
"50","159","2","N/A","18","N/A","0.1","N/A","-2450","N/A","4500","N/A","43.7","N/A","3","N/A","58","N/A","6","N/A"
"50","160","2","N/A","18","N/A","0.1","N/A","-2500","N/A","4500","N/A","43.7","N/A","3","N/A","58","N/A","6","N/A"
"50","161","2","N/A","18","N/A","0.1","N/A","-2300","N/A","4750","N/A","43.7","N/A","3","N/A","58","N/A","6","N/A"
"50","162","2","N/A","18","N/A","0.1","N/A","-2350","N/A","4750","N/A","43.7","N/A","3","N/A","58","N/A","6","N/A"
"50","163","2","N/A","18","N/A","0.1","N/A","-2400","N/A","4750","N/A","43.7","N/A","3","N/A","58","N/A","6","N/A"
"50","164","2","N/A","18","N/A","0.1","N/A","-2450","N/A","4750","N/A","43.7","N/A","3","N/A","58","N/A","6","N/A"
"50","165","2","N/A","18","N/A","0.1","N/A","-2500","N/A","4750","N/A","43.7","N/A","3","N/A","58","N/A","6","N/A"
"50","166","2","N/A","18","N/A","0.1","N/A","-2550","N/A","4750","N/A","43.7","N/A","3","N/A","58","N/A","6","N/A"
"50","167","2","N/A","18","N/A","0.1","N/A","-2600","N/A","4750","N/A","43.7","N/A","3","N/A","58","N/A","6","N/A"
"50","168","2","N/A","18","N/A","0.1","N/A","-2650","N/A","4750","N/A","43.7","N/A","3","N/A","58","N/A","6","N/A"
"50","169","2","N/A","18","N/A","0.1","N/A","-2700","N/A","4750","N/A","43.7","N/A","3","N/A","58","N/A","6","N/A"
"50","170","2","N/A","18","N/A","0.1","N/A","-2750","N/A","4750","N/A","43.7","N/A","3","N/A","58","N/A","6","N/A"
"50","171","2","N/A","18","N/A","0.1","N/A","-2550","N/A","5000","N/A","43.7","N/A","3","N/A","58","N/A","6","N/A"
"50","172","2","N/A","18","N/A","0.1","N/A","-2600","N/A","5000","N/A","43.7","N/A","3","N/A","58","N/A","6","N/A"
"50","173","2","N/A","18","N/A","0.1","N/A","-2650","N/A","5000","N/A","43.7","N/A","3","N/A","58","N/A","6","N/A"
"50","174","2","N/A","18","N/A","0.1","N/A","-2700","N/A","5000","N/A","43.7","N/A","3","N/A","58","N/A","6","N/A"
"50","175","2","N/A","18","N/A","0.1","N/A","-2750","N/A","5000","N/A","43.7","N/A","3","N/A","58","N/A","6","N/A"
"50","176","2","N/A","18","N/A","0.1","N/A","-2800","N/A","5000","N/A","43.7","N/A","3","N/A","58","N/A","6","N/A"
"50","177","2","N/A","18","N/A","0.1","N/A","-2850","N/A","5000","N/A","43.7","N/A","3","N/A","58","N/A","6","N/A"
"50","178","2","N/A","18","N/A","0.1","N/A","-2900","N/A","5000","N/A","43.7","N/A","3","N/A","58","N/A","6","N/A"
"50","179","2","N/A","18","N/A","0.1","N/A","-2950","N/A","5000","N/A","43.7","N/A","3","N/A","58","N/A","6","N/A"
"50","180","2","N/A","18","N/A","0.1","N/A","-3000","N/A","5000","N/A","43.7","N/A","3","N/A","58","N/A","6","N/A"
"50","181","2","N/A","18","N/A","0.1","N/A","-2800","N/A","5250","N/A","43.7","N/A","3","N/A","58","N/A","6","N/A"
"50","182","2","N/A","18","N/A","0.1","N/A","-2850","N/A","5250","N/A","43.7","N/A","3","N/A","58","N/A","6","N/A"
"50","183","2","N/A","18","N/A","0.1","N/A","-2900","N/A","5250","N/A","43.7","N/A","3","N/A","58","N/A","6","N/A"
"50","184","2","N/A","18","N/A","0.1","N/A","-2950","N/A","5250","N/A","43.7","N/A","3","N/A","58","N/A","6","N/A"
"50","185","2","N/A","18","N/A","0.1","N/A","-3000","N/A","5250","N/A","43.7","N/A","3","N/A","58","N/A","6","N/A"
"50","186","2","N/A","18","N/A","0.1","N/A","-3050","N/A","5250","N/A","43.7","N/A","3","N/A","58","N/A","6","N/A"
"50","187","2","N/A","18","N/A","0.1","N/A","-3100","N/A","5250","N/A","43.7","N/A","3","N/A","58","N/A","6","N/A"
"50","188","2","N/A","18","N/A","0.1","N/A","-3150","N/A","5250","N/A","43.7","N/A","3","N/A","58","N/A","6","N/A"
"50","189","2","N/A","18","N/A","0.1","N/A","-3200","N/A","5250","N/A","43.7","N/A","3","N/A","58","N/A","6","N/A"
"50","190","2","N/A","18","N/A","0.1","N/A","-3250","N/A","5250","N/A","43.7","N/A","3","N/A","58","N/A","6","N/A"
"50","191","2","N/A","18","N/A","0.1","N/A","-3050","N/A","5500","N/A","43.7","N/A","3","N/A","58","N/A","6","N/A"
"50","192","2","N/A","18","N/A","0.1","N/A","-3100","N/A","5500","N/A","43.7","N/A","3","N/A","58","N/A","6","N/A"
"50","193","2","N/A","18","N/A","0.1","N/A","-3150","N/A","5500","N/A","43.7","N/A","3","N/A","58","N/A","6","N/A"
"50","194","2","N/A","18","N/A","0.1","N/A","-3200","N/A","5500","N/A","43.7","N/A","3","N/A","58","N/A","6","N/A"
"50","195","2","N/A","18","N/A","0.1","N/A","-3250","N/A","5500","N/A","43.7","N/A","3","N/A","58","N/A","6","N/A"
"50","196","2","N/A","18","N/A","0.1","N/A","-3300","N/A","5500","N/A","43.7","N/A","3","N/A","58","N/A","6","N/A"
"50","197","2","N/A","18","N/A","0.1","N/A","-3350","N/A","5500","N/A","43.7","N/A","3","N/A","58","N/A","6","N/A"
"50","198","2","N/A","18","N/A","0.1","N/A","-3400","N/A","5500","N/A","43.7","N/A","3","N/A","58","N/A","6","N/A"
"50","199","2","N/A","18","N/A","0.1","N/A","-3450","N/A","5500","N/A","43.7","N/A","3","N/A","58","N/A","6","N/A"
"50","200","2","N/A","18","N/A","0.1","N/A","-3500","N/A","5500","N/A","43.7","N/A","3","N/A","58","N/A","6","N/A"
"50","201","2","N/A","18","N/A","0.1","N/A","-3300","N/A","5750","N/A","43.7","N/A","3","N/A","58","N/A","6","N/A"
"50","202","2","N/A","18","N/A","0.1","N/A","-3350","N/A","5750","N/A","43.7","N/A","3","N/A","58","N/A","6","N/A"
"50","203","2","N/A","18","N/A","0.1","N/A","-3400","N/A","5750","N/A","43.7","N/A","3","N/A","58","N/A","6","N/A"
"50","204","2","N/A","18","N/A","0.1","N/A","-3450","N/A","5750","N/A","43.7","N/A","3","N/A","58","N/A","6","N/A"
"50","205","2","N/A","18","N/A","0.1","N/A","-3500","N/A","5750","N/A","43.7","N/A","3","N/A","58","N/A","6","N/A"
"50","206","2","N/A","18","N/A","0.1","N/A","-3550","N/A","5750","N/A","43.7","N/A","3","N/A","58","N/A","6","N/A"
"50","207","2","N/A","18","N/A","0.1","N/A","-3600","N/A","5750","N/A","43.7","N/A","3","N/A","58","N/A","6","N/A"
"50","208","2","N/A","18","N/A","0.1","N/A","-3650","N/A","5750","N/A","43.7","N/A","3","N/A","58","N/A","6","N/A"
"50","209","2","N/A","18","N/A","0.1","N/A","-3700","N/A","5750","N/A","43.7","N/A","3","N/A","58","N/A","6","N/A"
"50","210","1","N/A","19","N/A","0.05","N/A","0","N/A","9500","N/A","43.7","N/A","2","N/A","59","N/A","7","N/A"
"50","211","1","N/A","19","N/A","0.05","N/A","450","N/A","10000","N/A","43.7","N/A","2","N/A","59","N/A","7","N/A"
"50","212","1","N/A","19","N/A","0.05","N/A","400","N/A","10000","N/A","43.7","N/A","2","N/A","59","N/A","7","N/A"
"50","213","1","N/A","19","N/A","0.05","N/A","350","N/A","10000","N/A","43.7","N/A","2","N/A","59","N/A","7","N/A"
"50","214","1","N/A","19","N/A","0.05","N/A","300","N/A","10000","N/A","43.7","N/A","2","N/A","59","N/A","7","N/A"
"50","215","1","N/A","19","N/A","0.05","N/A","250","N/A","10000","N/A","43.7","N/A","2","N/A","59","N/A","7","N/A"
"50","216","1","N/A","19","N/A","0.05","N/A","200","N/A","10000","N/A","43.7","N/A","2","N/A","59","N/A","7","N/A"
"50","217","1","N/A","19","N/A","0.05","N/A","150","N/A","10000","N/A","43.7","N/A","2","N/A","59","N/A","7","N/A"
"50","218","1","N/A","19","N/A","0.05","N/A","100","N/A","10000","N/A","43.7","N/A","2","N/A","59","N/A","7","N/A"
"50","219","1","N/A","19","N/A","0.05","N/A","50","N/A","10000","N/A","43.7","N/A","2","N/A","59","N/A","7","N/A"
"50","220","1","N/A","19","N/A","0.05","N/A","0","N/A","10000","N/A","43.7","N/A","2","N/A","59","N/A","7","N/A"
"50","221","1","N/A","19","N/A","0.05","N/A","450","N/A","10500","N/A","43.7","N/A","2","N/A","59","N/A","7","N/A"
"50","222","1","N/A","19","N/A","0.05","N/A","400","N/A","10500","N/A","43.7","N/A","2","N/A","59","N/A","7","N/A"
"50","223","1","N/A","19","N/A","0.05","N/A","350","N/A","10500","N/A","43.7","N/A","2","N/A","59","N/A","7","N/A"
"50","224","1","N/A","19","N/A","0.05","N/A","300","N/A","10500","N/A","43.7","N/A","2","N/A","59","N/A","7","N/A"
"50","225","1","N/A","19","N/A","0.05","N/A","250","N/A","10500","N/A","43.7","N/A","2","N/A","59","N/A","7","N/A"
"50","226","1","N/A","19","N/A","0.05","N/A","200","N/A","10500","N/A","43.7","N/A","2","N/A","59","N/A","7","N/A"
"50","227","1","N/A","19","N/A","0.05","N/A","150","N/A","10500","N/A","43.7","N/A","2","N/A","59","N/A","7","N/A"
"50","228","1","N/A","19","N/A","0.05","N/A","100","N/A","10500","N/A","43.7","N/A","2","N/A","59","N/A","7","N/A"
"50","229","1","N/A","19","N/A","0.05","N/A","50","N/A","10500","N/A","43.7","N/A","2","N/A","59","N/A","7","N/A"
"50","230","1","N/A","19","N/A","0.05","N/A","0","N/A","10500","N/A","43.7","N/A","2","N/A","59","N/A","7","N/A"
"50","231","1","N/A","19","N/A","0.05","N/A","450","N/A","11000","N/A","43.7","N/A","2","N/A","59","N/A","7","N/A"
"50","232","1","N/A","19","N/A","0.05","N/A","400","N/A","11000","N/A","43.7","N/A","2","N/A","59","N/A","7","N/A"
"50","233","1","N/A","19","N/A","0.05","N/A","350","N/A","11000","N/A","43.7","N/A","2","N/A","59","N/A","7","N/A"
"50","234","1","N/A","19","N/A","0.05","N/A","300","N/A","11000","N/A","43.7","N/A","2","N/A","59","N/A","7","N/A"
"50","235","1","N/A","19","N/A","0.05","N/A","250","N/A","11000","N/A","43.7","N/A","2","N/A","59","N/A","7","N/A"
"50","236","1","N/A","19","N/A","0.05","N/A","200","N/A","11000","N/A","43.7","N/A","2","N/A","59","N/A","7","N/A"
"50","237","1","N/A","19","N/A","0.05","N/A","150","N/A","11000","N/A","43.7","N/A","2","N/A","59","N/A","7","N/A"
"50","238","1","N/A","19","N/A","0.05","N/A","100","N/A","11000","N/A","43.7","N/A","2","N/A","59","N/A","7","N/A"
"50","239","1","N/A","19","N/A","0.05","N/A","50","N/A","11000","N/A","43.7","N/A","2","N/A","59","N/A","7","N/A"
"50","240","1","N/A","19","N/A","0.05","N/A","0","N/A","11000","N/A","43.7","N/A","2","N/A","59","N/A","7","N/A"
"50","241","1","N/A","19","N/A","0.05","N/A","450","N/A","11500","N/A","43.7","N/A","2","N/A","59","N/A","7","N/A"
"50","242","1","N/A","19","N/A","0.05","N/A","400","N/A","11500","N/A","43.7","N/A","2","N/A","59","N/A","7","N/A"
"50","243","1","N/A","19","N/A","0.05","N/A","350","N/A","11500","N/A","43.7","N/A","2","N/A","59","N/A","7","N/A"
"50","244","1","N/A","19","N/A","0.05","N/A","300","N/A","11500","N/A","43.7","N/A","2","N/A","59","N/A","7","N/A"
"50","245","1","N/A","19","N/A","0.05","N/A","250","N/A","11500","N/A","43.7","N/A","2","N/A","59","N/A","7","N/A"
"50","246","1","N/A","19","N/A","0.05","N/A","200","N/A","11500","N/A","43.7","N/A","2","N/A","59","N/A","7","N/A"
"50","247","1","N/A","19","N/A","0.05","N/A","150","N/A","11500","N/A","43.7","N/A","2","N/A","59","N/A","7","N/A"
"50","248","1","N/A","19","N/A","0.05","N/A","100","N/A","11500","N/A","43.7","N/A","2","N/A","59","N/A","7","N/A"
"50","249","1","N/A","19","N/A","0.05","N/A","50","N/A","11500","N/A","43.7","N/A","2","N/A","59","N/A","7","N/A"
"50","250","1","N/A","19","N/A","0.05","N/A","0","N/A","11500","N/A","43.7","N/A","2","N/A","59","N/A","7","N/A"
"50","251","1","N/A","19","N/A","0.05","N/A","450","N/A","12000","N/A","43.7","N/A","2","N/A","59","N/A","7","N/A"
"50","252","1","N/A","19","N/A","0.05","N/A","400","N/A","12000","N/A","43.7","N/A","2","N/A","59","N/A","7","N/A"
"50","253","1","N/A","19","N/A","0.05","N/A","350","N/A","12000","N/A","43.7","N/A","2","N/A","59","N/A","7","N/A"
"50","254","1","N/A","19","N/A","0.05","N/A","300","N/A","12000","N/A","43.7","N/A","2","N/A","59","N/A","7","N/A"
"50","255","1","N/A","19","N/A","0.05","N/A","250","N/A","12000","N/A","43.7","N/A","2","N/A","59","N/A","7","N/A"
"50","256","1","N/A","19","N/A","0.05","N/A","200","N/A","12000","N/A","43.7","N/A","2","N/A","59","N/A","7","N/A"
"50","257","1","N/A","19","N/A","0.05","N/A","150","N/A","12000","N/A","43.7","N/A","2","N/A","59","N/A","7","N/A"
"50","258","1","N/A","19","N/A","0.05","N/A","100","N/A","12000","N/A","43.7","N/A","2","N/A","59","N/A","7","N/A"
"50","259","1","N/A","19","N/A","0.05","N/A","50","N/A","12000","N/A","43.7","N/A","2","N/A","59","N/A","7","N/A"
"50","260","1","N/A","19","N/A","0.05","N/A","0","N/A","12000","N/A","43.7","N/A","2","N/A","59","N/A","7","N/A"
"50","261","0","N/A","20","N/A","0","N/A","0","N/A","0","N/A","43.7","N/A","0","N/A","61","N/A","0","N/A"
"50","262","0","N/A","20","N/A","0","N/A","0","N/A","0","N/A","43.7","N/A","0","N/A","61","N/A","0","N/A"
"50","263","0","N/A","20","N/A","0","N/A","0","N/A","0","N/A","43.7","N/A","0","N/A","61","N/A","0","N/A"
"50","264","0","N/A","20","N/A","0","N/A","0","N/A","0","N/A","43.7","N/A","0","N/A","61","N/A","0","N/A"
"50","265","0","N/A","20","N/A","0","N/A","0","N/A","0","N/A","43.7","N/A","0","N/A","61","N/A","0","N/A"
"50","266","0","N/A","20","N/A","0","N/A","0","N/A","0","N/A","43.7","N/A","0","N/A","61","N/A","0","N/A"
"50","267","0","N/A","20","N/A","0","N/A","0","N/A","0","N/A","43.7","N/A","0","N/A","61","N/A","0","N/A"
"50","268","0","N/A","20","N/A","0","N/A","0","N/A","0","N/A","43.7","N/A","0","N/A","61","N/A","0","N/A"
"50","269","0","N/A","20","N/A","0","N/A","0","N/A","0","N/A","43.7","N/A","0","N/A","61","N/A","0","N/A"
"50","270","0","N/A","20","N/A","0","N/A","0","N/A","0","N/A","43.7","N/A","0","N/A","61","N/A","0","N/A"
"50","271","0","N/A","20","N/A","0","N/A","0","N/A","0","N/A","43.7","N/A","0","N/A","61","N/A","0","N/A"
"50","272","0","N/A","20","N/A","0","N/A","0","N/A","0","N/A","43.7","N/A","0","N/A","61","N/A","0","N/A"
"50","273","0","N/A","20","N/A","0","N/A","0","N/A","0","N/A","43.7","N/A","0","N/A","61","N/A","0","N/A"
"50","274","0","N/A","20","N/A","0","N/A","0","N/A","0","N/A","43.7","N/A","0","N/A","61","N/A","0","N/A"
"50","275","0","N/A","20","N/A","0","N/A","0","N/A","0","N/A","43.7","N/A","0","N/A","61","N/A","0","N/A"
"50","276","0","N/A","20","N/A","0","N/A","0","N/A","0","N/A","43.7","N/A","0","N/A","61","N/A","0","N/A"
"50","277","0","N/A","20","N/A","0","N/A","0","N/A","0","N/A","43.7","N/A","0","N/A","61","N/A","0","N/A"
"50","278","0","N/A","20","N/A","0","N/A","0","N/A","0","N/A","43.7","N/A","0","N/A","61","N/A","0","N/A"
"50","279","0","N/A","20","N/A","0","N/A","0","N/A","0","N/A","43.7","N/A","0","N/A","61","N/A","0","N/A"
"50","280","0","N/A","20","N/A","0","N/A","0","N/A","0","N/A","43.7","N/A","0","N/A","61","N/A","0","N/A"
"50","281","0","N/A","20","N/A","0","N/A","0","N/A","0","N/A","43.7","N/A","0","N/A","61","N/A","0","N/A"
"50","282","0","N/A","20","N/A","0","N/A","0","N/A","0","N/A","43.7","N/A","0","N/A","61","N/A","0","N/A"
"50","283","0","N/A","20","N/A","0","N/A","0","N/A","0","N/A","43.7","N/A","0","N/A","61","N/A","0","N/A"
"50","284","0","N/A","20","N/A","0","N/A","0","N/A","0","N/A","43.7","N/A","0","N/A","61","N/A","0","N/A"
"50","285","0","N/A","20","N/A","0","N/A","0","N/A","0","N/A","43.7","N/A","0","N/A","61","N/A","0","N/A"
"50","286","0","N/A","20","N/A","0","N/A","0","N/A","0","N/A","43.7","N/A","0","N/A","61","N/A","0","N/A"
"50","287","0","N/A","20","N/A","0","N/A","0","N/A","0","N/A","43.7","N/A","0","N/A","61","N/A","0","N/A"
"50","288","0","N/A","20","N/A","0","N/A","0","N/A","0","N/A","43.7","N/A","0","N/A","61","N/A","0","N/A"
"50","289","0","N/A","20","N/A","0","N/A","0","N/A","0","N/A","43.7","N/A","0","N/A","61","N/A","0","N/A"
"50","290","0","N/A","20","N/A","0","N/A","0","N/A","0","N/A","43.7","N/A","0","N/A","61","N/A","0","N/A"
"50","291","0","N/A","20","N/A","0","N/A","0","N/A","0","N/A","43.7","N/A","0","N/A","61","N/A","0","N/A"
"50","292","0","N/A","20","N/A","0","N/A","0","N/A","0","N/A","43.7","N/A","0","N/A","61","N/A","0","N/A"
"50","293","0","N/A","20","N/A","0","N/A","0","N/A","0","N/A","43.7","N/A","0","N/A","61","N/A","0","N/A"
"50","294","0","N/A","20","N/A","0","N/A","0","N/A","0","N/A","43.7","N/A","0","N/A","61","N/A","0","N/A"
"50","295","0","N/A","20","N/A","0","N/A","0","N/A","0","N/A","43.7","N/A","0","N/A","61","N/A","0","N/A"
"50","296","0","N/A","20","N/A","0","N/A","0","N/A","0","N/A","43.7","N/A","0","N/A","61","N/A","0","N/A"
"50","297","0","N/A","20","N/A","0","N/A","0","N/A","0","N/A","43.7","N/A","0","N/A","61","N/A","0","N/A"
"50","298","0","N/A","20","N/A","0","N/A","0","N/A","0","N/A","43.7","N/A","0","N/A","61","N/A","0","N/A"
"50","299","0","N/A","20","N/A","0","N/A","0","N/A","0","N/A","43.7","N/A","0","N/A","61","N/A","0","N/A"
"50","300","0","N/A","20","N/A","0","N/A","0","N/A","0","N/A","43.7","N/A","0","N/A","61","N/A","0","N/A"
"50","301","0","N/A","20","N/A","0","N/A","0","N/A","0","N/A","43.7","N/A","0","N/A","61","N/A","0","N/A"
"50","302","0","N/A","20","N/A","0","N/A","0","N/A","0","N/A","43.7","N/A","0","N/A","61","N/A","0","N/A"
"50","303","0","N/A","20","N/A","0","N/A","0","N/A","0","N/A","43.7","N/A","0","N/A","61","N/A","0","N/A"
"50","304","0","N/A","20","N/A","0","N/A","0","N/A","0","N/A","43.7","N/A","0","N/A","61","N/A","0","N/A"
"50","305","0","N/A","20","N/A","0","N/A","0","N/A","0","N/A","43.7","N/A","0","N/A","61","N/A","0","N/A"
"50","306","0","N/A","20","N/A","0","N/A","0","N/A","0","N/A","43.7","N/A","0","N/A","61","N/A","0","N/A"
"50","307","0","N/A","20","N/A","0","N/A","0","N/A","0","N/A","43.7","N/A","0","N/A","61","N/A","0","N/A"
"50","308","0","N/A","20","N/A","0","N/A","0","N/A","0","N/A","43.7","N/A","0","N/A","61","N/A","0","N/A"
"50","309","0","N/A","20","N/A","0","N/A","0","N/A","0","N/A","43.7","N/A","0","N/A","61","N/A","0","N/A"
"50","310","0","N/A","20","N/A","0","N/A","0","N/A","0","N/A","43.7","N/A","0","N/A","61","N/A","0","N/A"
"50","311","0","N/A","20","N/A","0","N/A","0","N/A","0","N/A","43.7","N/A","0","N/A","61","N/A","0","N/A"
"50","312","0","N/A","20","N/A","0","N/A","0","N/A","0","N/A","43.7","N/A","0","N/A","61","N/A","0","N/A"
"50","313","0","N/A","20","N/A","0","N/A","0","N/A","0","N/A","43.7","N/A","0","N/A","61","N/A","0","N/A"
"50","314","0","N/A","20","N/A","0","N/A","0","N/A","0","N/A","43.7","N/A","0","N/A","61","N/A","0","N/A"
"50","315","0","N/A","20","N/A","0","N/A","0","N/A","0","N/A","43.7","N/A","0","N/A","61","N/A","0","N/A"
"50","316","0","N/A","20","N/A","0","N/A","0","N/A","0","N/A","43.7","N/A","0","N/A","61","N/A","0","N/A"
"50","317","0","N/A","20","N/A","0","N/A","0","N/A","0","N/A","43.7","N/A","0","N/A","61","N/A","0","N/A"
"50","318","0","N/A","20","N/A","0","N/A","0","N/A","0","N/A","43.7","N/A","0","N/A","61","N/A","0","N/A"
"50","319","0","N/A","20","N/A","0","N/A","0","N/A","0","N/A","43.7","N/A","0","N/A","61","N/A","0","N/A"
"50","320","0","N/A","20","N/A","0","N/A","0","N/A","0","N/A","43.7","N/A","0","N/A","61","N/A","0","N/A"
"50","321","0","N/A","20","N/A","0","N/A","0","N/A","0","N/A","43.7","N/A","0","N/A","61","N/A","0","N/A"
"50","322","0","N/A","20","N/A","0","N/A","0","N/A","0","N/A","43.7","N/A","0","N/A","61","N/A","0","N/A"
"50","323","0","N/A","20","N/A","0","N/A","0","N/A","0","N/A","43.7","N/A","0","N/A","61","N/A","0","N/A"
"50","324","0","N/A","20","N/A","0","N/A","0","N/A","0","N/A","43.7","N/A","0","N/A","61","N/A","0","N/A"
"50","325","0","N/A","20","N/A","0","N/A","0","N/A","0","N/A","43.7","N/A","0","N/A","61","N/A","0","N/A"
"50","326","0","N/A","20","N/A","0","N/A","0","N/A","0","N/A","43.7","N/A","0","N/A","61","N/A","0","N/A"
"50","327","0","N/A","20","N/A","0","N/A","0","N/A","0","N/A","43.7","N/A","0","N/A","61","N/A","0","N/A"
"50","328","0","N/A","20","N/A","0","N/A","0","N/A","0","N/A","43.7","N/A","0","N/A","61","N/A","0","N/A"
"50","329","0","N/A","20","N/A","0","N/A","0","N/A","0","N/A","43.7","N/A","0","N/A","61","N/A","0","N/A"
"50","330","0","N/A","20","N/A","0","N/A","0","N/A","0","N/A","43.7","N/A","0","N/A","61","N/A","0","N/A"
"50","331","0","N/A","20","N/A","0","N/A","0","N/A","0","N/A","43.7","N/A","0","N/A","61","N/A","0","N/A"
"50","332","0","N/A","20","N/A","0","N/A","0","N/A","0","N/A","43.7","N/A","0","N/A","61","N/A","0","N/A"
"50","333","0","N/A","20","N/A","0","N/A","0","N/A","0","N/A","43.7","N/A","0","N/A","61","N/A","0","N/A"
"50","334","0","N/A","20","N/A","0","N/A","0","N/A","0","N/A","43.7","N/A","0","N/A","61","N/A","0","N/A"
"50","335","0","N/A","20","N/A","0","N/A","0","N/A","0","N/A","43.7","N/A","0","N/A","61","N/A","0","N/A"
"50","336","0","N/A","20","N/A","0","N/A","0","N/A","0","N/A","43.7","N/A","0","N/A","61","N/A","0","N/A"
"50","337","0","N/A","20","N/A","0","N/A","0","N/A","0","N/A","43.7","N/A","0","N/A","61","N/A","0","N/A"
"50","338","0","N/A","20","N/A","0","N/A","0","N/A","0","N/A","43.7","N/A","0","N/A","61","N/A","0","N/A"
"50","339","0","N/A","20","N/A","0","N/A","0","N/A","0","N/A","43.7","N/A","0","N/A","61","N/A","0","N/A"
"50","340","0","N/A","20","N/A","0","N/A","0","N/A","0","N/A","43.7","N/A","0","N/A","61","N/A","0","N/A"
"50","341","0","N/A","20","N/A","0","N/A","0","N/A","0","N/A","43.7","N/A","0","N/A","61","N/A","0","N/A"
"50","342","0","N/A","20","N/A","0","N/A","0","N/A","0","N/A","43.7","N/A","0","N/A","61","N/A","0","N/A"
"50","343","0","N/A","20","N/A","0","N/A","0","N/A","0","N/A","43.7","N/A","0","N/A","61","N/A","0","N/A"
"50","344","0","N/A","20","N/A","0","N/A","0","N/A","0","N/A","43.7","N/A","0","N/A","61","N/A","0","N/A"
"50","345","0","N/A","20","N/A","0","N/A","0","N/A","0","N/A","43.7","N/A","0","N/A","61","N/A","0","N/A"
"50","346","0","N/A","20","N/A","0","N/A","0","N/A","0","N/A","43.7","N/A","0","N/A","61","N/A","0","N/A"
"50","347","0","N/A","20","N/A","0","N/A","0","N/A","0","N/A","43.7","N/A","0","N/A","61","N/A","0","N/A"
"50","348","0","N/A","20","N/A","0","N/A","0","N/A","0","N/A","43.7","N/A","0","N/A","61","N/A","0","N/A"
"50","349","0","N/A","20","N/A","0","N/A","0","N/A","0","N/A","43.7","N/A","0","N/A","61","N/A","0","N/A"
"50","350","0","N/A","20","N/A","0","N/A","0","N/A","0","N/A","43.7","N/A","0","N/A","61","N/A","0","N/A"
"50","351","0","N/A","20","N/A","0","N/A","0","N/A","0","N/A","43.7","N/A","0","N/A","61","N/A","0","N/A"
"50","352","0","N/A","20","N/A","0","N/A","0","N/A","0","N/A","43.7","N/A","0","N/A","61","N/A","0","N/A"
"50","353","0","N/A","20","N/A","0","N/A","0","N/A","0","N/A","43.7","N/A","0","N/A","61","N/A","0","N/A"
"50","354","0","N/A","20","N/A","0","N/A","0","N/A","0","N/A","43.7","N/A","0","N/A","61","N/A","0","N/A"
"50","355","0","N/A","20","N/A","0","N/A","0","N/A","0","N/A","43.7","N/A","0","N/A","61","N/A","0","N/A"
"50","356","0","N/A","20","N/A","0","N/A","0","N/A","0","N/A","43.7","N/A","0","N/A","61","N/A","0","N/A"
"50","357","0","N/A","20","N/A","0","N/A","0","N/A","0","N/A","43.7","N/A","0","N/A","61","N/A","0","N/A"
"50","358","0","N/A","20","N/A","0","N/A","0","N/A","0","N/A","43.7","N/A","0","N/A","61","N/A","0","N/A"
"50","359","0","N/A","20","N/A","0","N/A","0","N/A","0","N/A","43.7","N/A","0","N/A","61","N/A","0","N/A"
"50","360","0","N/A","20","N/A","0","N/A","0","N/A","0","N/A","43.7","N/A","0","N/A","61","N/A","0","N/A"
"50","361","0","N/A","20","N/A","0","N/A","0","N/A","0","N/A","43.7","N/A","0","N/A","61","N/A","0","N/A"
"50","362","0","N/A","20","N/A","0","N/A","0","N/A","0","N/A","43.7","N/A","0","N/A","61","N/A","0","N/A"
"50","363","0","N/A","20","N/A","0","N/A","0","N/A","0","N/A","43.7","N/A","0","N/A","61","N/A","0","N/A"
"50","364","0","N/A","20","N/A","0","N/A","0","N/A","0","N/A","43.7","N/A","0","N/A","61","N/A","0","N/A"
"50","365","0","N/A","20","N/A","0","N/A","0","N/A","0","N/A","43.7","N/A","0","N/A","61","N/A","0","N/A"
"50","366","0","N/A","20","N/A","0","N/A","0","N/A","0","N/A","43.7","N/A","0","N/A","61","N/A","0","N/A"
"50","367","0","N/A","20","N/A","0","N/A","0","N/A","0","N/A","43.7","N/A","0","N/A","61","N/A","0","N/A"
"50","368","0","N/A","20","N/A","0","N/A","0","N/A","0","N/A","43.7","N/A","0","N/A","61","N/A","0","N/A"
"50","369","0","N/A","20","N/A","0","N/A","0","N/A","0","N/A","43.7","N/A","0","N/A","61","N/A","0","N/A"
"50","370","0","N/A","20","N/A","0","N/A","0","N/A","0","N/A","43.7","N/A","0","N/A","61","N/A","0","N/A"
"50","371","0","N/A","20","N/A","0","N/A","0","N/A","0","N/A","43.7","N/A","0","N/A","61","N/A","0","N/A"
"50","372","0","N/A","20","N/A","0","N/A","0","N/A","0","N/A","43.7","N/A","0","N/A","61","N/A","0","N/A"
"50","373","0","N/A","20","N/A","0","N/A","0","N/A","0","N/A","43.7","N/A","0","N/A","61","N/A","0","N/A"
"50","374","0","N/A","20","N/A","0","N/A","0","N/A","0","N/A","43.7","N/A","0","N/A","61","N/A","0","N/A"
"50","375","0","N/A","20","N/A","0","N/A","0","N/A","0","N/A","43.7","N/A","0","N/A","61","N/A","0","N/A"
"50","376","0","N/A","20","N/A","0","N/A","0","N/A","0","N/A","43.7","N/A","0","N/A","61","N/A","0","N/A"
"50","377","0","N/A","20","N/A","0","N/A","0","N/A","0","N/A","43.7","N/A","0","N/A","61","N/A","0","N/A"
"50","378","0","N/A","20","N/A","0","N/A","0","N/A","0","N/A","43.7","N/A","0","N/A","61","N/A","0","N/A"
"50","379","0","N/A","20","N/A","0","N/A","0","N/A","0","N/A","43.7","N/A","0","N/A","61","N/A","0","N/A"
"50","380","0","N/A","20","N/A","0","N/A","0","N/A","0","N/A","43.7","N/A","0","N/A","61","N/A","0","N/A"
"50","381","0","N/A","20","N/A","0","N/A","0","N/A","0","N/A","43.7","N/A","0","N/A","61","N/A","0","N/A"
"50","382","0","N/A","20","N/A","0","N/A","0","N/A","0","N/A","43.7","N/A","0","N/A","61","N/A","0","N/A"
"50","383","0","N/A","20","N/A","0","N/A","0","N/A","0","N/A","43.7","N/A","0","N/A","61","N/A","0","N/A"
"50","384","0","N/A","20","N/A","0","N/A","0","N/A","0","N/A","43.7","N/A","0","N/A","61","N/A","0","N/A"
"50","385","0","N/A","20","N/A","0","N/A","0","N/A","0","N/A","43.7","N/A","0","N/A","61","N/A","0","N/A"
"50","386","0","N/A","20","N/A","0","N/A","0","N/A","0","N/A","43.7","N/A","0","N/A","61","N/A","0","N/A"
"50","387","0","N/A","20","N/A","0","N/A","0","N/A","0","N/A","43.7","N/A","0","N/A","61","N/A","0","N/A"
"50","388","0","N/A","20","N/A","0","N/A","0","N/A","0","N/A","43.7","N/A","0","N/A","61","N/A","0","N/A"
"50","389","0","N/A","20","N/A","0","N/A","0","N/A","0","N/A","43.7","N/A","0","N/A","61","N/A","0","N/A"
"50","390","0","N/A","20","N/A","0","N/A","0","N/A","0","N/A","43.7","N/A","0","N/A","61","N/A","0","N/A"
"50","391","0","N/A","20","N/A","0","N/A","0","N/A","0","N/A","43.7","N/A","0","N/A","61","N/A","0","N/A"
"50","392","0","N/A","20","N/A","0","N/A","0","N/A","0","N/A","43.7","N/A","0","N/A","61","N/A","0","N/A"
"50","393","0","N/A","20","N/A","0","N/A","0","N/A","0","N/A","43.7","N/A","0","N/A","61","N/A","0","N/A"
"50","394","0","N/A","20","N/A","0","N/A","0","N/A","0","N/A","43.7","N/A","0","N/A","61","N/A","0","N/A"
"50","395","0","N/A","20","N/A","0","N/A","0","N/A","0","N/A","43.7","N/A","0","N/A","61","N/A","0","N/A"
"50","396","0","N/A","20","N/A","0","N/A","0","N/A","0","N/A","43.7","N/A","0","N/A","61","N/A","0","N/A"
"50","397","0","N/A","20","N/A","0","N/A","0","N/A","0","N/A","43.7","N/A","0","N/A","61","N/A","0","N/A"
"50","398","0","N/A","20","N/A","0","N/A","0","N/A","0","N/A","43.7","N/A","0","N/A","61","N/A","0","N/A"
"50","399","0","N/A","20","N/A","0","N/A","0","N/A","0","N/A","43.7","N/A","0","N/A","61","N/A","0","N/A"
"50","400","0","N/A","20","N/A","0","N/A","0","N/A","0","N/A","43.7","N/A","0","N/A","61","N/A","0","N/A"
"50","401","0","N/A","20","N/A","0","N/A","0","N/A","0","N/A","43.7","N/A","0","N/A","61","N/A","0","N/A"
"50","402","0","N/A","20","N/A","0","N/A","0","N/A","0","N/A","43.7","N/A","0","N/A","61","N/A","0","N/A"
"50","403","0","N/A","20","N/A","0","N/A","0","N/A","0","N/A","43.7","N/A","0","N/A","61","N/A","0","N/A"
"50","404","0","N/A","20","N/A","0","N/A","0","N/A","0","N/A","43.7","N/A","0","N/A","61","N/A","0","N/A"
"50","405","0","N/A","20","N/A","0","N/A","0","N/A","0","N/A","43.7","N/A","0","N/A","61","N/A","0","N/A"
"50","406","0","N/A","20","N/A","0","N/A","0","N/A","0","N/A","43.7","N/A","0","N/A","61","N/A","0","N/A"
"50","407","0","N/A","20","N/A","0","N/A","0","N/A","0","N/A","43.7","N/A","0","N/A","61","N/A","0","N/A"
"50","408","0","N/A","20","N/A","0","N/A","0","N/A","0","N/A","43.7","N/A","0","N/A","61","N/A","0","N/A"
"50","409","0","N/A","20","N/A","0","N/A","0","N/A","0","N/A","43.7","N/A","0","N/A","61","N/A","0","N/A"
"50","410","0","N/A","20","N/A","0","N/A","0","N/A","0","N/A","43.7","N/A","0","N/A","61","N/A","0","N/A"
"50","411","0","N/A","20","N/A","0","N/A","0","N/A","0","N/A","43.7","N/A","0","N/A","61","N/A","0","N/A"
"50","412","0","N/A","20","N/A","0","N/A","0","N/A","0","N/A","43.7","N/A","0","N/A","61","N/A","0","N/A"
"50","413","0","N/A","20","N/A","0","N/A","0","N/A","0","N/A","43.7","N/A","0","N/A","61","N/A","0","N/A"
"50","414","0","N/A","20","N/A","0","N/A","0","N/A","0","N/A","43.7","N/A","0","N/A","61","N/A","0","N/A"
"50","415","0","N/A","20","N/A","0","N/A","0","N/A","0","N/A","43.7","N/A","0","N/A","61","N/A","0","N/A"
"50","416","0","N/A","20","N/A","0","N/A","0","N/A","0","N/A","43.7","N/A","0","N/A","61","N/A","0","N/A"
"50","417","0","N/A","20","N/A","0","N/A","0","N/A","0","N/A","43.7","N/A","0","N/A","61","N/A","0","N/A"
"50","418","0","N/A","20","N/A","0","N/A","0","N/A","0","N/A","43.7","N/A","0","N/A","61","N/A","0","N/A"
"50","419","0","N/A","20","N/A","0","N/A","0","N/A","0","N/A","43.7","N/A","0","N/A","61","N/A","0","N/A"
"50","420","0","N/A","20","N/A","0","N/A","0","N/A","0","N/A","43.7","N/A","0","N/A","61","N/A","0","N/A"
"50","421","0","N/A","20","N/A","0","N/A","0","N/A","0","N/A","43.7","N/A","0","N/A","61","N/A","0","N/A"
"50","422","0","N/A","20","N/A","0","N/A","0","N/A","0","N/A","43.7","N/A","0","N/A","61","N/A","0","N/A"
"50","423","0","N/A","20","N/A","0","N/A","0","N/A","0","N/A","43.7","N/A","0","N/A","61","N/A","0","N/A"
"50","424","0","N/A","20","N/A","0","N/A","0","N/A","0","N/A","43.7","N/A","0","N/A","61","N/A","0","N/A"
"50","425","0","N/A","20","N/A","0","N/A","0","N/A","0","N/A","43.7","N/A","0","N/A","61","N/A","0","N/A"
"50","426","0","N/A","20","N/A","0","N/A","0","N/A","0","N/A","43.7","N/A","0","N/A","61","N/A","0","N/A"
"50","427","0","N/A","20","N/A","0","N/A","0","N/A","0","N/A","43.7","N/A","0","N/A","61","N/A","0","N/A"
"50","428","0","N/A","20","N/A","0","N/A","0","N/A","0","N/A","43.7","N/A","0","N/A","61","N/A","0","N/A"
"50","429","0","N/A","20","N/A","0","N/A","0","N/A","0","N/A","43.7","N/A","0","N/A","61","N/A","0","N/A"
"50","430","0","N/A","20","N/A","0","N/A","0","N/A","0","N/A","43.7","N/A","0","N/A","61","N/A","0","N/A"
"50","431","0","N/A","20","N/A","0","N/A","0","N/A","0","N/A","43.7","N/A","0","N/A","61","N/A","0","N/A"
"50","432","0","N/A","20","N/A","0","N/A","0","N/A","0","N/A","43.7","N/A","0","N/A","61","N/A","0","N/A"
"50","433","0","N/A","20","N/A","0","N/A","0","N/A","0","N/A","43.7","N/A","0","N/A","61","N/A","0","N/A"
"50","434","0","N/A","20","N/A","0","N/A","0","N/A","0","N/A","43.7","N/A","0","N/A","61","N/A","0","N/A"
"50","435","0","N/A","20","N/A","0","N/A","0","N/A","0","N/A","43.7","N/A","0","N/A","61","N/A","0","N/A"
"50","436","0","N/A","20","N/A","0","N/A","0","N/A","0","N/A","43.7","N/A","0","N/A","61","N/A","0","N/A"
"50","437","0","N/A","20","N/A","0","N/A","0","N/A","0","N/A","43.7","N/A","0","N/A","61","N/A","0","N/A"
"50","438","0","N/A","20","N/A","0","N/A","0","N/A","0","N/A","43.7","N/A","0","N/A","61","N/A","0","N/A"
"50","439","0","N/A","20","N/A","0","N/A","0","N/A","0","N/A","43.7","N/A","0","N/A","61","N/A","0","N/A"
"50","440","0","N/A","20","N/A","0","N/A","0","N/A","0","N/A","43.7","N/A","0","N/A","61","N/A","0","N/A"
"50","441","0","N/A","20","N/A","0","N/A","0","N/A","0","N/A","43.7","N/A","0","N/A","61","N/A","0","N/A"
"50","442","0","N/A","20","N/A","0","N/A","0","N/A","0","N/A","43.7","N/A","0","N/A","61","N/A","0","N/A"
"50","443","0","N/A","20","N/A","0","N/A","0","N/A","0","N/A","43.7","N/A","0","N/A","61","N/A","0","N/A"
"50","444","0","N/A","20","N/A","0","N/A","0","N/A","0","N/A","43.7","N/A","0","N/A","61","N/A","0","N/A"
"50","445","0","N/A","20","N/A","0","N/A","0","N/A","0","N/A","43.7","N/A","0","N/A","61","N/A","0","N/A"
"50","446","0","N/A","20","N/A","0","N/A","0","N/A","0","N/A","43.7","N/A","0","N/A","61","N/A","0","N/A"
"50","447","0","N/A","20","N/A","0","N/A","0","N/A","0","N/A","43.7","N/A","0","N/A","61","N/A","0","N/A"
"50","448","0","N/A","20","N/A","0","N/A","0","N/A","0","N/A","43.7","N/A","0","N/A","61","N/A","0","N/A"
"50","449","0","N/A","20","N/A","0","N/A","0","N/A","0","N/A","43.7","N/A","0","N/A","61","N/A","0","N/A"
"50","450","0","N/A","20","N/A","0","N/A","0","N/A","0","N/A","43.7","N/A","0","N/A","61","N/A","0","N/A"
"50","451","0","N/A","20","N/A","0","N/A","0","N/A","0","N/A","43.7","N/A","0","N/A","61","N/A","0","N/A"
"50","452","0","N/A","20","N/A","0","N/A","0","N/A","0","N/A","43.7","N/A","0","N/A","61","N/A","0","N/A"
"50","453","0","N/A","20","N/A","0","N/A","0","N/A","0","N/A","43.7","N/A","0","N/A","61","N/A","0","N/A"
"50","454","0","N/A","20","N/A","0","N/A","0","N/A","0","N/A","43.7","N/A","0","N/A","61","N/A","0","N/A"
"50","455","0","N/A","20","N/A","0","N/A","0","N/A","0","N/A","43.7","N/A","0","N/A","61","N/A","0","N/A"
"50","456","0","N/A","20","N/A","0","N/A","0","N/A","0","N/A","43.7","N/A","0","N/A","61","N/A","0","N/A"
"50","457","0","N/A","20","N/A","0","N/A","0","N/A","0","N/A","43.7","N/A","0","N/A","61","N/A","0","N/A"
"50","458","0","N/A","20","N/A","0","N/A","0","N/A","0","N/A","43.7","N/A","0","N/A","61","N/A","0","N/A"
"50","459","0","N/A","20","N/A","0","N/A","0","N/A","0","N/A","43.7","N/A","0","N/A","61","N/A","0","N/A"
"50","460","0","N/A","20","N/A","0","N/A","0","N/A","0","N/A","43.7","N/A","0","N/A","61","N/A","0","N/A"
"50","461","0","N/A","20","N/A","0","N/A","0","N/A","0","N/A","43.7","N/A","0","N/A","61","N/A","0","N/A"
"50","462","0","N/A","20","N/A","0","N/A","0","N/A","0","N/A","43.7","N/A","0","N/A","61","N/A","0","N/A"
"50","463","0","N/A","20","N/A","0","N/A","0","N/A","0","N/A","43.7","N/A","0","N/A","61","N/A","0","N/A"
"50","464","0","N/A","20","N/A","0","N/A","0","N/A","0","N/A","43.7","N/A","0","N/A","61","N/A","0","N/A"
"50","465","0","N/A","20","N/A","0","N/A","0","N/A","0","N/A","43.7","N/A","0","N/A","61","N/A","0","N/A"
"50","466","0","N/A","20","N/A","0","N/A","0","N/A","0","N/A","43.7","N/A","0","N/A","61","N/A","0","N/A"
"50","467","0","N/A","20","N/A","0","N/A","0","N/A","0","N/A","43.7","N/A","0","N/A","61","N/A","0","N/A"
"50","468","0","N/A","20","N/A","0","N/A","0","N/A","0","N/A","43.7","N/A","0","N/A","61","N/A","0","N/A"
"50","469","0","N/A","20","N/A","0","N/A","0","N/A","0","N/A","43.7","N/A","0","N/A","61","N/A","0","N/A"
"50","470","0","N/A","20","N/A","0","N/A","0","N/A","0","N/A","43.7","N/A","0","N/A","61","N/A","0","N/A"
"50","471","0","N/A","20","N/A","0","N/A","0","N/A","0","N/A","43.7","N/A","0","N/A","61","N/A","0","N/A"
"50","472","0","N/A","20","N/A","0","N/A","0","N/A","0","N/A","43.7","N/A","0","N/A","61","N/A","0","N/A"
"50","473","0","N/A","20","N/A","0","N/A","0","N/A","0","N/A","43.7","N/A","0","N/A","61","N/A","0","N/A"
"50","474","0","N/A","20","N/A","0","N/A","0","N/A","0","N/A","43.7","N/A","0","N/A","61","N/A","0","N/A"
"50","475","0","N/A","20","N/A","0","N/A","0","N/A","0","N/A","43.7","N/A","0","N/A","61","N/A","0","N/A"
"50","476","0","N/A","20","N/A","0","N/A","0","N/A","0","N/A","43.7","N/A","0","N/A","61","N/A","0","N/A"
"50","477","0","N/A","20","N/A","0","N/A","0","N/A","0","N/A","43.7","N/A","0","N/A","61","N/A","0","N/A"
"50","478","0","N/A","20","N/A","0","N/A","0","N/A","0","N/A","43.7","N/A","0","N/A","61","N/A","0","N/A"
"50","479","0","N/A","20","N/A","0","N/A","0","N/A","0","N/A","43.7","N/A","0","N/A","61","N/A","0","N/A"
"50","480","0","N/A","20","N/A","0","N/A","0","N/A","0","N/A","43.7","N/A","0","N/A","61","N/A","0","N/A"
"50","481","0","N/A","20","N/A","0","N/A","0","N/A","0","N/A","43.7","N/A","0","N/A","61","N/A","0","N/A"
"50","482","0","N/A","20","N/A","0","N/A","0","N/A","0","N/A","43.7","N/A","0","N/A","61","N/A","0","N/A"
"50","483","0","N/A","20","N/A","0","N/A","0","N/A","0","N/A","43.7","N/A","0","N/A","61","N/A","0","N/A"
"50","484","0","N/A","20","N/A","0","N/A","0","N/A","0","N/A","43.7","N/A","0","N/A","61","N/A","0","N/A"
"50","485","0","N/A","20","N/A","0","N/A","0","N/A","0","N/A","43.7","N/A","0","N/A","61","N/A","0","N/A"
"50","486","0","N/A","20","N/A","0","N/A","0","N/A","0","N/A","43.7","N/A","0","N/A","61","N/A","0","N/A"
"50","487","0","N/A","20","N/A","0","N/A","0","N/A","0","N/A","43.7","N/A","0","N/A","61","N/A","0","N/A"
"50","488","0","N/A","20","N/A","0","N/A","0","N/A","0","N/A","43.7","N/A","0","N/A","61","N/A","0","N/A"
"50","489","0","N/A","20","N/A","0","N/A","0","N/A","0","N/A","43.7","N/A","0","N/A","61","N/A","0","N/A"
"50","490","0","N/A","20","N/A","0","N/A","0","N/A","0","N/A","43.7","N/A","0","N/A","61","N/A","0","N/A"
"50","491","0","N/A","20","N/A","0","N/A","0","N/A","0","N/A","43.7","N/A","0","N/A","61","N/A","0","N/A"
"50","492","0","N/A","20","N/A","0","N/A","0","N/A","0","N/A","43.7","N/A","0","N/A","61","N/A","0","N/A"
"50","493","0","N/A","20","N/A","0","N/A","0","N/A","0","N/A","43.7","N/A","0","N/A","61","N/A","0","N/A"
"50","494","0","N/A","20","N/A","0","N/A","0","N/A","0","N/A","43.7","N/A","0","N/A","61","N/A","0","N/A"
"50","495","0","N/A","20","N/A","0","N/A","0","N/A","0","N/A","43.7","N/A","0","N/A","61","N/A","0","N/A"
"50","496","0","N/A","20","N/A","0","N/A","0","N/A","0","N/A","43.7","N/A","0","N/A","61","N/A","0","N/A"
"50","497","0","N/A","20","N/A","0","N/A","0","N/A","0","N/A","43.7","N/A","0","N/A","61","N/A","0","N/A"
"50","498","0","N/A","20","N/A","0","N/A","0","N/A","0","N/A","43.7","N/A","0","N/A","61","N/A","0","N/A"
"50","499","0","N/A","20","N/A","0","N/A","0","N/A","0","N/A","43.7","N/A","0","N/A","61","N/A","0","N/A"
"50","500","0","N/A","20","N/A","0","N/A","0","N/A","0","N/A","43.7","N/A","0","N/A","61","N/A","0","N/A"
"50","501","0","N/A","20","N/A","0","N/A","0","N/A","0","N/A","43.7","N/A","0","N/A","61","N/A","0","N/A"
"50","502","0","N/A","20","N/A","0","N/A","0","N/A","0","N/A","43.7","N/A","0","N/A","61","N/A","0","N/A"
"50","503","0","N/A","20","N/A","0","N/A","0","N/A","0","N/A","43.7","N/A","0","N/A","61","N/A","0","N/A"
"50","504","0","N/A","20","N/A","0","N/A","0","N/A","0","N/A","43.7","N/A","0","N/A","61","N/A","0","N/A"
"50","505","0","N/A","20","N/A","0","N/A","0","N/A","0","N/A","43.7","N/A","0","N/A","61","N/A","0","N/A"
"50","506","0","N/A","20","N/A","0","N/A","0","N/A","0","N/A","43.7","N/A","0","N/A","61","N/A","0","N/A"
"50","507","0","N/A","20","N/A","0","N/A","0","N/A","0","N/A","43.7","N/A","0","N/A","61","N/A","0","N/A"
"50","508","0","N/A","20","N/A","0","N/A","0","N/A","0","N/A","43.7","N/A","0","N/A","61","N/A","0","N/A"
"50","509","0","N/A","20","N/A","0","N/A","0","N/A","0","N/A","43.7","N/A","0","N/A","61","N/A","0","N/A"
"50","510","0","N/A","20","N/A","0","N/A","0","N/A","0","N/A","43.7","N/A","0","N/A","61","N/A","0","N/A"
"50","511","0","N/A","20","N/A","0","N/A","0","N/A","0","N/A","43.7","N/A","0","N/A","61","N/A","0","N/A"
"50","512","0","N/A","20","N/A","0","N/A","0","N/A","0","N/A","43.7","N/A","0","N/A","61","N/A","0","N/A"
"50","513","0","N/A","20","N/A","0","N/A","0","N/A","0","N/A","43.7","N/A","0","N/A","61","N/A","0","N/A"
"50","514","0","N/A","20","N/A","0","N/A","0","N/A","0","N/A","43.7","N/A","0","N/A","61","N/A","0","N/A"
"50","515","0","N/A","20","N/A","0","N/A","0","N/A","0","N/A","43.7","N/A","0","N/A","61","N/A","0","N/A"
"50","516","0","N/A","20","N/A","0","N/A","0","N/A","0","N/A","43.7","N/A","0","N/A","61","N/A","0","N/A"
"50","517","0","N/A","20","N/A","0","N/A","0","N/A","0","N/A","43.7","N/A","0","N/A","61","N/A","0","N/A"
"50","518","0","N/A","20","N/A","0","N/A","0","N/A","0","N/A","43.7","N/A","0","N/A","61","N/A","0","N/A"
"50","519","0","N/A","20","N/A","0","N/A","0","N/A","0","N/A","43.7","N/A","0","N/A","61","N/A","0","N/A"
"50","520","0","N/A","20","N/A","0","N/A","0","N/A","0","N/A","43.7","N/A","0","N/A","61","N/A","0","N/A"
"50","521","0","N/A","20","N/A","0","N/A","0","N/A","0","N/A","43.7","N/A","0","N/A","61","N/A","0","N/A"
"50","522","0","N/A","20","N/A","0","N/A","0","N/A","0","N/A","43.7","N/A","0","N/A","61","N/A","0","N/A"
"50","523","0","N/A","20","N/A","0","N/A","0","N/A","0","N/A","43.7","N/A","0","N/A","61","N/A","0","N/A"
"50","524","0","N/A","20","N/A","0","N/A","0","N/A","0","N/A","43.7","N/A","0","N/A","61","N/A","0","N/A"
"50","525","0","N/A","20","N/A","0","N/A","0","N/A","0","N/A","43.7","N/A","0","N/A","61","N/A","0","N/A"
"50","526","0","N/A","20","N/A","0","N/A","0","N/A","0","N/A","43.7","N/A","0","N/A","61","N/A","0","N/A"
"50","527","0","N/A","20","N/A","0","N/A","0","N/A","0","N/A","43.7","N/A","0","N/A","61","N/A","0","N/A"
"50","528","0","N/A","20","N/A","0","N/A","0","N/A","0","N/A","43.7","N/A","0","N/A","61","N/A","0","N/A"
"50","529","0","N/A","20","N/A","0","N/A","0","N/A","0","N/A","43.7","N/A","0","N/A","61","N/A","0","N/A"
"50","530","0","N/A","20","N/A","0","N/A","0","N/A","0","N/A","43.7","N/A","0","N/A","61","N/A","0","N/A"
"50","531","0","N/A","20","N/A","0","N/A","0","N/A","0","N/A","43.7","N/A","0","N/A","61","N/A","0","N/A"
"50","532","0","N/A","20","N/A","0","N/A","0","N/A","0","N/A","43.7","N/A","0","N/A","61","N/A","0","N/A"
"50","533","0","N/A","20","N/A","0","N/A","0","N/A","0","N/A","43.7","N/A","0","N/A","61","N/A","0","N/A"
"50","534","0","N/A","20","N/A","0","N/A","0","N/A","0","N/A","43.7","N/A","0","N/A","61","N/A","0","N/A"
"50","535","0","N/A","20","N/A","0","N/A","0","N/A","0","N/A","43.7","N/A","0","N/A","61","N/A","0","N/A"
"50","536","0","N/A","20","N/A","0","N/A","0","N/A","0","N/A","43.7","N/A","0","N/A","61","N/A","0","N/A"
"50","537","0","N/A","20","N/A","0","N/A","0","N/A","0","N/A","43.7","N/A","0","N/A","61","N/A","0","N/A"
"50","538","0","N/A","20","N/A","0","N/A","0","N/A","0","N/A","43.7","N/A","0","N/A","61","N/A","0","N/A"
"50","539","0","N/A","20","N/A","0","N/A","0","N/A","0","N/A","43.7","N/A","0","N/A","61","N/A","0","N/A"
"50","540","0","N/A","20","N/A","0","N/A","0","N/A","0","N/A","43.7","N/A","0","N/A","61","N/A","0","N/A"
"50","541","0","N/A","20","N/A","0","N/A","0","N/A","0","N/A","43.7","N/A","0","N/A","61","N/A","0","N/A"
"50","542","0","N/A","20","N/A","0","N/A","0","N/A","0","N/A","43.7","N/A","0","N/A","61","N/A","0","N/A"
"50","543","0","N/A","20","N/A","0","N/A","0","N/A","0","N/A","43.7","N/A","0","N/A","61","N/A","0","N/A"
"50","544","0","N/A","20","N/A","0","N/A","0","N/A","0","N/A","43.7","N/A","0","N/A","61","N/A","0","N/A"
"50","545","0","N/A","20","N/A","0","N/A","0","N/A","0","N/A","43.7","N/A","0","N/A","61","N/A","0","N/A"
"50","546","0","N/A","20","N/A","0","N/A","0","N/A","0","N/A","43.7","N/A","0","N/A","61","N/A","0","N/A"
"50","547","0","N/A","20","N/A","0","N/A","0","N/A","0","N/A","43.7","N/A","0","N/A","61","N/A","0","N/A"
"50","548","0","N/A","20","N/A","0","N/A","0","N/A","0","N/A","43.7","N/A","0","N/A","61","N/A","0","N/A"
"50","549","0","N/A","20","N/A","0","N/A","0","N/A","0","N/A","43.7","N/A","0","N/A","61","N/A","0","N/A"
"50","550","0","N/A","20","N/A","0","N/A","0","N/A","0","N/A","43.7","N/A","0","N/A","61","N/A","0","N/A"
"50","551","0","N/A","20","N/A","0","N/A","0","N/A","0","N/A","43.7","N/A","0","N/A","61","N/A","0","N/A"
"50","552","0","N/A","20","N/A","0","N/A","0","N/A","0","N/A","43.7","N/A","0","N/A","61","N/A","0","N/A"
"50","553","0","N/A","20","N/A","0","N/A","0","N/A","0","N/A","43.7","N/A","0","N/A","61","N/A","0","N/A"
"50","554","0","N/A","20","N/A","0","N/A","0","N/A","0","N/A","43.7","N/A","0","N/A","61","N/A","0","N/A"
"50","555","0","N/A","20","N/A","0","N/A","0","N/A","0","N/A","43.7","N/A","0","N/A","61","N/A","0","N/A"
"50","556","0","N/A","20","N/A","0","N/A","0","N/A","0","N/A","43.7","N/A","0","N/A","61","N/A","0","N/A"
"50","557","0","N/A","20","N/A","0","N/A","0","N/A","0","N/A","43.7","N/A","0","N/A","61","N/A","0","N/A"
"50","558","0","N/A","20","N/A","0","N/A","0","N/A","0","N/A","43.7","N/A","0","N/A","61","N/A","0","N/A"
"50","559","0","N/A","20","N/A","0","N/A","0","N/A","0","N/A","43.7","N/A","0","N/A","61","N/A","0","N/A"
"50","560","0","N/A","20","N/A","0","N/A","0","N/A","0","N/A","43.7","N/A","0","N/A","61","N/A","0","N/A"
"50","561","0","N/A","20","N/A","0","N/A","0","N/A","0","N/A","43.7","N/A","0","N/A","61","N/A","0","N/A"
"50","562","0","N/A","20","N/A","0","N/A","0","N/A","0","N/A","43.7","N/A","0","N/A","61","N/A","0","N/A"
"50","563","0","N/A","20","N/A","0","N/A","0","N/A","0","N/A","43.7","N/A","0","N/A","61","N/A","0","N/A"
"50","564","0","N/A","20","N/A","0","N/A","0","N/A","0","N/A","43.7","N/A","0","N/A","61","N/A","0","N/A"
"50","565","0","N/A","20","N/A","0","N/A","0","N/A","0","N/A","43.7","N/A","0","N/A","61","N/A","0","N/A"
"50","566","0","N/A","20","N/A","0","N/A","0","N/A","0","N/A","43.7","N/A","0","N/A","61","N/A","0","N/A"
"50","567","0","N/A","20","N/A","0","N/A","0","N/A","0","N/A","43.7","N/A","0","N/A","61","N/A","0","N/A"
"50","568","0","N/A","20","N/A","0","N/A","0","N/A","0","N/A","43.7","N/A","0","N/A","61","N/A","0","N/A"
"50","569","0","N/A","20","N/A","0","N/A","0","N/A","0","N/A","43.7","N/A","0","N/A","61","N/A","0","N/A"
"50","570","0","N/A","20","N/A","0","N/A","0","N/A","0","N/A","43.7","N/A","0","N/A","61","N/A","0","N/A"
"50","571","0","N/A","20","N/A","0","N/A","0","N/A","0","N/A","43.7","N/A","0","N/A","61","N/A","0","N/A"
"50","572","0","N/A","20","N/A","0","N/A","0","N/A","0","N/A","43.7","N/A","0","N/A","61","N/A","0","N/A"
"50","573","0","N/A","20","N/A","0","N/A","0","N/A","0","N/A","43.7","N/A","0","N/A","61","N/A","0","N/A"
"50","574","0","N/A","20","N/A","0","N/A","0","N/A","0","N/A","43.7","N/A","0","N/A","61","N/A","0","N/A"
"50","575","0","N/A","20","N/A","0","N/A","0","N/A","0","N/A","43.7","N/A","0","N/A","61","N/A","0","N/A"
"50","576","0","N/A","20","N/A","0","N/A","0","N/A","0","N/A","43.7","N/A","0","N/A","61","N/A","0","N/A"
"50","577","0","N/A","20","N/A","0","N/A","0","N/A","0","N/A","43.7","N/A","0","N/A","61","N/A","0","N/A"
"50","578","0","N/A","20","N/A","0","N/A","0","N/A","0","N/A","43.7","N/A","0","N/A","61","N/A","0","N/A"
"50","579","0","N/A","20","N/A","0","N/A","0","N/A","0","N/A","43.7","N/A","0","N/A","61","N/A","0","N/A"
"50","580","0","N/A","20","N/A","0","N/A","0","N/A","0","N/A","43.7","N/A","0","N/A","61","N/A","0","N/A"
"50","581","0","N/A","20","N/A","0","N/A","0","N/A","0","N/A","43.7","N/A","0","N/A","61","N/A","0","N/A"
"50","582","0","N/A","20","N/A","0","N/A","0","N/A","0","N/A","43.7","N/A","0","N/A","61","N/A","0","N/A"
"50","583","0","N/A","20","N/A","0","N/A","0","N/A","0","N/A","43.7","N/A","0","N/A","61","N/A","0","N/A"
"50","584","0","N/A","20","N/A","0","N/A","0","N/A","0","N/A","43.7","N/A","0","N/A","61","N/A","0","N/A"
"50","585","0","N/A","20","N/A","0","N/A","0","N/A","0","N/A","43.7","N/A","0","N/A","61","N/A","0","N/A"
"50","586","0","N/A","20","N/A","0","N/A","0","N/A","0","N/A","43.7","N/A","0","N/A","61","N/A","0","N/A"
"50","587","0","N/A","20","N/A","0","N/A","0","N/A","0","N/A","43.7","N/A","0","N/A","61","N/A","0","N/A"
"50","588","0","N/A","20","N/A","0","N/A","0","N/A","0","N/A","43.7","N/A","0","N/A","61","N/A","0","N/A"
"50","589","0","N/A","20","N/A","0","N/A","0","N/A","0","N/A","43.7","N/A","0","N/A","61","N/A","0","N/A"
"50","590","0","N/A","20","N/A","0","N/A","0","N/A","0","N/A","43.7","N/A","0","N/A","61","N/A","0","N/A"
"50","591","0","N/A","20","N/A","0","N/A","0","N/A","0","N/A","43.7","N/A","0","N/A","61","N/A","0","N/A"
"50","592","0","N/A","20","N/A","0","N/A","0","N/A","0","N/A","43.7","N/A","0","N/A","61","N/A","0","N/A"
"50","593","0","N/A","20","N/A","0","N/A","0","N/A","0","N/A","43.7","N/A","0","N/A","61","N/A","0","N/A"
"50","594","0","N/A","20","N/A","0","N/A","0","N/A","0","N/A","43.7","N/A","0","N/A","61","N/A","0","N/A"
"50","595","0","N/A","20","N/A","0","N/A","0","N/A","0","N/A","43.7","N/A","0","N/A","61","N/A","0","N/A"
"50","596","0","N/A","20","N/A","0","N/A","0","N/A","0","N/A","43.7","N/A","0","N/A","61","N/A","0","N/A"
"50","597","0","N/A","20","N/A","0","N/A","0","N/A","0","N/A","43.7","N/A","0","N/A","61","N/A","0","N/A"
"50","598","0","N/A","20","N/A","0","N/A","0","N/A","0","N/A","43.7","N/A","0","N/A","61","N/A","0","N/A"
"50","599","0","N/A","20","N/A","0","N/A","0","N/A","0","N/A","43.7","N/A","0","N/A","61","N/A","0","N/A"
"50","600","0","N/A","20","N/A","0","N/A","0","N/A","0","N/A","43.7","N/A","0","N/A","61","N/A","0","N/A"
"50","601","0","N/A","20","N/A","0","N/A","0","N/A","0","N/A","43.7","N/A","0","N/A","61","N/A","0","N/A"
"50","602","0","N/A","20","N/A","0","N/A","0","N/A","0","N/A","43.7","N/A","0","N/A","61","N/A","0","N/A"
"50","603","0","N/A","20","N/A","0","N/A","0","N/A","0","N/A","43.7","N/A","0","N/A","61","N/A","0","N/A"
"50","604","0","N/A","20","N/A","0","N/A","0","N/A","0","N/A","43.7","N/A","0","N/A","61","N/A","0","N/A"
"50","605","0","N/A","20","N/A","0","N/A","0","N/A","0","N/A","43.7","N/A","0","N/A","61","N/A","0","N/A"
"50","606","0","N/A","20","N/A","0","N/A","0","N/A","0","N/A","43.7","N/A","0","N/A","61","N/A","0","N/A"
"50","607","0","N/A","20","N/A","0","N/A","0","N/A","0","N/A","43.7","N/A","0","N/A","61","N/A","0","N/A"
"50","608","0","N/A","20","N/A","0","N/A","0","N/A","0","N/A","43.7","N/A","0","N/A","61","N/A","0","N/A"
"50","609","0","N/A","20","N/A","0","N/A","0","N/A","0","N/A","43.7","N/A","0","N/A","61","N/A","0","N/A"
"50","610","0","N/A","20","N/A","0","N/A","0","N/A","0","N/A","43.7","N/A","0","N/A","61","N/A","0","N/A"
"50","611","0","N/A","20","N/A","0","N/A","0","N/A","0","N/A","43.7","N/A","0","N/A","61","N/A","0","N/A"
"50","612","0","N/A","20","N/A","0","N/A","0","N/A","0","N/A","43.7","N/A","0","N/A","61","N/A","0","N/A"
"50","613","0","N/A","20","N/A","0","N/A","0","N/A","0","N/A","43.7","N/A","0","N/A","61","N/A","0","N/A"
"50","614","0","N/A","20","N/A","0","N/A","0","N/A","0","N/A","43.7","N/A","0","N/A","61","N/A","0","N/A"
"50","615","0","N/A","20","N/A","0","N/A","0","N/A","0","N/A","43.7","N/A","0","N/A","61","N/A","0","N/A"
"50","616","0","N/A","20","N/A","0","N/A","0","N/A","0","N/A","43.7","N/A","0","N/A","61","N/A","0","N/A"
"50","617","0","N/A","20","N/A","0","N/A","0","N/A","0","N/A","43.7","N/A","0","N/A","61","N/A","0","N/A"
"50","618","0","N/A","20","N/A","0","N/A","0","N/A","0","N/A","43.7","N/A","0","N/A","61","N/A","0","N/A"
"50","619","0","N/A","20","N/A","0","N/A","0","N/A","0","N/A","43.7","N/A","0","N/A","61","N/A","0","N/A"
"50","620","0","N/A","20","N/A","0","N/A","0","N/A","0","N/A","43.7","N/A","0","N/A","61","N/A","0","N/A"
"50","621","0","N/A","20","N/A","0","N/A","0","N/A","0","N/A","43.7","N/A","0","N/A","61","N/A","0","N/A"
"50","622","0","N/A","20","N/A","0","N/A","0","N/A","0","N/A","43.7","N/A","0","N/A","61","N/A","0","N/A"
"50","623","0","N/A","20","N/A","0","N/A","0","N/A","0","N/A","43.7","N/A","0","N/A","61","N/A","0","N/A"
"50","624","0","N/A","20","N/A","0","N/A","0","N/A","0","N/A","43.7","N/A","0","N/A","61","N/A","0","N/A"
"50","625","0","N/A","20","N/A","0","N/A","0","N/A","0","N/A","43.7","N/A","0","N/A","61","N/A","0","N/A"
"50","626","0","N/A","20","N/A","0","N/A","0","N/A","0","N/A","43.7","N/A","0","N/A","61","N/A","0","N/A"
"50","627","0","N/A","20","N/A","0","N/A","0","N/A","0","N/A","43.7","N/A","0","N/A","61","N/A","0","N/A"
"50","628","0","N/A","20","N/A","0","N/A","0","N/A","0","N/A","43.7","N/A","0","N/A","61","N/A","0","N/A"
"50","629","0","N/A","20","N/A","0","N/A","0","N/A","0","N/A","43.7","N/A","0","N/A","61","N/A","0","N/A"
"50","630","0","N/A","20","N/A","0","N/A","0","N/A","0","N/A","43.7","N/A","0","N/A","61","N/A","0","N/A"
"50","631","0","N/A","20","N/A","0","N/A","0","N/A","0","N/A","43.7","N/A","0","N/A","61","N/A","0","N/A"
"50","632","0","N/A","20","N/A","0","N/A","0","N/A","0","N/A","43.7","N/A","0","N/A","61","N/A","0","N/A"
"50","633","0","N/A","20","N/A","0","N/A","0","N/A","0","N/A","43.7","N/A","0","N/A","61","N/A","0","N/A"
"50","634","0","N/A","20","N/A","0","N/A","0","N/A","0","N/A","43.7","N/A","0","N/A","61","N/A","0","N/A"
"50","635","0","N/A","20","N/A","0","N/A","0","N/A","0","N/A","43.7","N/A","0","N/A","61","N/A","0","N/A"
"50","636","0","N/A","20","N/A","0","N/A","0","N/A","0","N/A","43.7","N/A","0","N/A","61","N/A","0","N/A"
"50","637","0","N/A","20","N/A","0","N/A","0","N/A","0","N/A","43.7","N/A","0","N/A","61","N/A","0","N/A"
"50","638","0","N/A","20","N/A","0","N/A","0","N/A","0","N/A","43.7","N/A","0","N/A","61","N/A","0","N/A"
"50","639","0","N/A","20","N/A","0","N/A","0","N/A","0","N/A","43.7","N/A","0","N/A","61","N/A","0","N/A"
"50","640","0","N/A","20","N/A","0","N/A","0","N/A","0","N/A","43.7","N/A","0","N/A","61","N/A","0","N/A"
"50","641","0","N/A","20","N/A","0","N/A","0","N/A","0","N/A","43.7","N/A","0","N/A","61","N/A","0","N/A"
"50","642","0","N/A","20","N/A","0","N/A","0","N/A","0","N/A","43.7","N/A","0","N/A","61","N/A","0","N/A"
"50","643","0","N/A","20","N/A","0","N/A","0","N/A","0","N/A","43.7","N/A","0","N/A","61","N/A","0","N/A"
"50","644","0","N/A","20","N/A","0","N/A","0","N/A","0","N/A","43.7","N/A","0","N/A","61","N/A","0","N/A"
"50","645","0","N/A","20","N/A","0","N/A","0","N/A","0","N/A","43.7","N/A","0","N/A","61","N/A","0","N/A"
"50","646","0","N/A","20","N/A","0","N/A","0","N/A","0","N/A","43.7","N/A","0","N/A","61","N/A","0","N/A"
"50","647","0","N/A","20","N/A","0","N/A","0","N/A","0","N/A","43.7","N/A","0","N/A","61","N/A","0","N/A"
"50","648","0","N/A","20","N/A","0","N/A","0","N/A","0","N/A","43.7","N/A","0","N/A","61","N/A","0","N/A"
"50","649","0","N/A","20","N/A","0","N/A","0","N/A","0","N/A","43.7","N/A","0","N/A","61","N/A","0","N/A"
"50","650","0","N/A","20","N/A","0","N/A","0","N/A","0","N/A","43.7","N/A","0","N/A","61","N/A","0","N/A"
"50","651","0","N/A","20","N/A","0","N/A","0","N/A","0","N/A","43.7","N/A","0","N/A","61","N/A","0","N/A"
"50","652","0","N/A","20","N/A","0","N/A","0","N/A","0","N/A","43.7","N/A","0","N/A","61","N/A","0","N/A"
"50","653","0","N/A","20","N/A","0","N/A","0","N/A","0","N/A","43.7","N/A","0","N/A","61","N/A","0","N/A"
"50","654","0","N/A","20","N/A","0","N/A","0","N/A","0","N/A","43.7","N/A","0","N/A","61","N/A","0","N/A"
"50","655","0","N/A","20","N/A","0","N/A","0","N/A","0","N/A","43.7","N/A","0","N/A","61","N/A","0","N/A"
"50","656","0","N/A","20","N/A","0","N/A","0","N/A","0","N/A","43.7","N/A","0","N/A","61","N/A","0","N/A"
"50","657","0","N/A","20","N/A","0","N/A","0","N/A","0","N/A","43.7","N/A","0","N/A","61","N/A","0","N/A"
"50","658","0","N/A","20","N/A","0","N/A","0","N/A","0","N/A","43.7","N/A","0","N/A","61","N/A","0","N/A"
"50","659","0","N/A","20","N/A","0","N/A","0","N/A","0","N/A","43.7","N/A","0","N/A","61","N/A","0","N/A"
"50","660","0","N/A","20","N/A","0","N/A","0","N/A","0","N/A","43.7","N/A","0","N/A","61","N/A","0","N/A"
"50","661","0","N/A","20","N/A","0","N/A","0","N/A","0","N/A","43.7","N/A","0","N/A","61","N/A","0","N/A"
"50","662","0","N/A","20","N/A","0","N/A","0","N/A","0","N/A","43.7","N/A","0","N/A","61","N/A","0","N/A"
"50","663","0","N/A","20","N/A","0","N/A","0","N/A","0","N/A","43.7","N/A","0","N/A","61","N/A","0","N/A"
"50","664","0","N/A","20","N/A","0","N/A","0","N/A","0","N/A","43.7","N/A","0","N/A","61","N/A","0","N/A"
"50","665","0","N/A","20","N/A","0","N/A","0","N/A","0","N/A","43.7","N/A","0","N/A","61","N/A","0","N/A"
"50","666","0","N/A","20","N/A","0","N/A","0","N/A","0","N/A","43.7","N/A","0","N/A","61","N/A","0","N/A"
"50","667","0","N/A","20","N/A","0","N/A","0","N/A","0","N/A","43.7","N/A","0","N/A","61","N/A","0","N/A"
"50","668","0","N/A","20","N/A","0","N/A","0","N/A","0","N/A","43.7","N/A","0","N/A","61","N/A","0","N/A"
"50","669","0","N/A","20","N/A","0","N/A","0","N/A","0","N/A","43.7","N/A","0","N/A","61","N/A","0","N/A"
"50","670","0","N/A","20","N/A","0","N/A","0","N/A","0","N/A","43.7","N/A","0","N/A","61","N/A","0","N/A"
"50","671","0","N/A","20","N/A","0","N/A","0","N/A","0","N/A","43.7","N/A","0","N/A","61","N/A","0","N/A"
"50","672","0","N/A","20","N/A","0","N/A","0","N/A","0","N/A","43.7","N/A","0","N/A","61","N/A","0","N/A"
"50","673","0","N/A","20","N/A","0","N/A","0","N/A","0","N/A","43.7","N/A","0","N/A","61","N/A","0","N/A"
"50","674","0","N/A","20","N/A","0","N/A","0","N/A","0","N/A","43.7","N/A","0","N/A","61","N/A","0","N/A"
"50","675","0","N/A","20","N/A","0","N/A","0","N/A","0","N/A","43.7","N/A","0","N/A","61","N/A","0","N/A"
"50","676","0","N/A","20","N/A","0","N/A","0","N/A","0","N/A","43.7","N/A","0","N/A","61","N/A","0","N/A"
"50","677","0","N/A","20","N/A","0","N/A","0","N/A","0","N/A","43.7","N/A","0","N/A","61","N/A","0","N/A"
"50","678","0","N/A","20","N/A","0","N/A","0","N/A","0","N/A","43.7","N/A","0","N/A","61","N/A","0","N/A"
"50","679","0","N/A","20","N/A","0","N/A","0","N/A","0","N/A","43.7","N/A","0","N/A","61","N/A","0","N/A"
"50","680","0","N/A","20","N/A","0","N/A","0","N/A","0","N/A","43.7","N/A","0","N/A","61","N/A","0","N/A"
"50","681","0","N/A","20","N/A","0","N/A","0","N/A","0","N/A","43.7","N/A","0","N/A","61","N/A","0","N/A"
"50","682","0","N/A","20","N/A","0","N/A","0","N/A","0","N/A","43.7","N/A","0","N/A","61","N/A","0","N/A"
"50","683","0","N/A","20","N/A","0","N/A","0","N/A","0","N/A","43.7","N/A","0","N/A","61","N/A","0","N/A"
"50","684","0","N/A","20","N/A","0","N/A","0","N/A","0","N/A","43.7","N/A","0","N/A","61","N/A","0","N/A"
"50","685","0","N/A","20","N/A","0","N/A","0","N/A","0","N/A","43.7","N/A","0","N/A","61","N/A","0","N/A"
"50","686","0","N/A","20","N/A","0","N/A","0","N/A","0","N/A","43.7","N/A","0","N/A","61","N/A","0","N/A"
"50","687","0","N/A","20","N/A","0","N/A","0","N/A","0","N/A","43.7","N/A","0","N/A","61","N/A","0","N/A"
"50","688","0","N/A","20","N/A","0","N/A","0","N/A","0","N/A","43.7","N/A","0","N/A","61","N/A","0","N/A"
"50","689","0","N/A","20","N/A","0","N/A","0","N/A","0","N/A","43.7","N/A","0","N/A","61","N/A","0","N/A"
"50","690","0","N/A","20","N/A","0","N/A","0","N/A","0","N/A","43.7","N/A","0","N/A","61","N/A","0","N/A"
"50","691","0","N/A","20","N/A","0","N/A","0","N/A","0","N/A","43.7","N/A","0","N/A","61","N/A","0","N/A"
"50","692","0","N/A","20","N/A","0","N/A","0","N/A","0","N/A","43.7","N/A","0","N/A","61","N/A","0","N/A"
"50","693","0","N/A","20","N/A","0","N/A","0","N/A","0","N/A","43.7","N/A","0","N/A","61","N/A","0","N/A"
"50","694","0","N/A","20","N/A","0","N/A","0","N/A","0","N/A","43.7","N/A","0","N/A","61","N/A","0","N/A"
"50","695","0","N/A","20","N/A","0","N/A","0","N/A","0","N/A","43.7","N/A","0","N/A","61","N/A","0","N/A"
"50","696","0","N/A","20","N/A","0","N/A","0","N/A","0","N/A","43.7","N/A","0","N/A","61","N/A","0","N/A"
"50","697","0","N/A","20","N/A","0","N/A","0","N/A","0","N/A","43.7","N/A","0","N/A","61","N/A","0","N/A"
"50","698","0","N/A","20","N/A","0","N/A","0","N/A","0","N/A","43.7","N/A","0","N/A","61","N/A","0","N/A"
"50","699","0","N/A","20","N/A","0","N/A","0","N/A","0","N/A","43.7","N/A","0","N/A","61","N/A","0","N/A"
"50","700","0","N/A","20","N/A","0","N/A","0","N/A","0","N/A","43.7","N/A","0","N/A","61","N/A","0","N/A"
"50","701","0","N/A","20","N/A","0","N/A","0","N/A","0","N/A","43.7","N/A","0","N/A","61","N/A","0","N/A"
"50","702","0","N/A","20","N/A","0","N/A","0","N/A","0","N/A","43.7","N/A","0","N/A","61","N/A","0","N/A"
"50","703","0","N/A","20","N/A","0","N/A","0","N/A","0","N/A","43.7","N/A","0","N/A","61","N/A","0","N/A"
"50","704","0","N/A","20","N/A","0","N/A","0","N/A","0","N/A","43.7","N/A","0","N/A","61","N/A","0","N/A"
"50","705","0","N/A","20","N/A","0","N/A","0","N/A","0","N/A","43.7","N/A","0","N/A","61","N/A","0","N/A"
"50","706","0","N/A","20","N/A","0","N/A","0","N/A","0","N/A","43.7","N/A","0","N/A","61","N/A","0","N/A"
"50","707","0","N/A","20","N/A","0","N/A","0","N/A","0","N/A","43.7","N/A","0","N/A","61","N/A","0","N/A"
"50","708","0","N/A","20","N/A","0","N/A","0","N/A","0","N/A","43.7","N/A","0","N/A","61","N/A","0","N/A"
"50","709","0","N/A","20","N/A","0","N/A","0","N/A","0","N/A","43.7","N/A","0","N/A","61","N/A","0","N/A"
"50","710","0","N/A","20","N/A","0","N/A","0","N/A","0","N/A","43.7","N/A","0","N/A","61","N/A","0","N/A"
"50","711","0","N/A","20","N/A","0","N/A","0","N/A","0","N/A","43.7","N/A","0","N/A","61","N/A","0","N/A"
"50","712","0","N/A","20","N/A","0","N/A","0","N/A","0","N/A","43.7","N/A","0","N/A","61","N/A","0","N/A"
"50","713","0","N/A","20","N/A","0","N/A","0","N/A","0","N/A","43.7","N/A","0","N/A","61","N/A","0","N/A"
"50","714","0","N/A","20","N/A","0","N/A","0","N/A","0","N/A","43.7","N/A","0","N/A","61","N/A","0","N/A"
"50","715","0","N/A","20","N/A","0","N/A","0","N/A","0","N/A","43.7","N/A","0","N/A","61","N/A","0","N/A"
"50","716","0","N/A","20","N/A","0","N/A","0","N/A","0","N/A","43.7","N/A","0","N/A","61","N/A","0","N/A"
"50","717","0","N/A","20","N/A","0","N/A","0","N/A","0","N/A","43.7","N/A","0","N/A","61","N/A","0","N/A"
"50","718","0","N/A","20","N/A","0","N/A","0","N/A","0","N/A","43.7","N/A","0","N/A","61","N/A","0","N/A"
"50","719","0","N/A","20","N/A","0","N/A","0","N/A","0","N/A","43.7","N/A","0","N/A","61","N/A","0","N/A"
"50","720","0","N/A","20","N/A","0","N/A","0","N/A","0","N/A","43.7","N/A","0","N/A","61","N/A","0","N/A"
"50","721","0","N/A","20","N/A","0","N/A","0","N/A","0","N/A","43.7","N/A","0","N/A","61","N/A","0","N/A"
"50","722","0","N/A","20","N/A","0","N/A","0","N/A","0","N/A","43.7","N/A","0","N/A","61","N/A","0","N/A"
"50","723","0","N/A","20","N/A","0","N/A","0","N/A","0","N/A","43.7","N/A","0","N/A","61","N/A","0","N/A"
"50","724","0","N/A","20","N/A","0","N/A","0","N/A","0","N/A","43.7","N/A","0","N/A","61","N/A","0","N/A"
"50","725","0","N/A","20","N/A","0","N/A","0","N/A","0","N/A","43.7","N/A","0","N/A","61","N/A","0","N/A"
"50","726","0","N/A","20","N/A","0","N/A","0","N/A","0","N/A","43.7","N/A","0","N/A","61","N/A","0","N/A"
"50","727","0","N/A","20","N/A","0","N/A","0","N/A","0","N/A","43.7","N/A","0","N/A","61","N/A","0","N/A"
"50","728","0","N/A","20","N/A","0","N/A","0","N/A","0","N/A","43.7","N/A","0","N/A","61","N/A","0","N/A"
"50","729","0","N/A","20","N/A","0","N/A","0","N/A","0","N/A","43.7","N/A","0","N/A","61","N/A","0","N/A"
"50","730","0","N/A","20","N/A","0","N/A","0","N/A","0","N/A","43.7","N/A","0","N/A","61","N/A","0","N/A"
"50","731","0","N/A","20","N/A","0","N/A","0","N/A","0","N/A","43.7","N/A","0","N/A","61","N/A","0","N/A"
"50","732","0","N/A","20","N/A","0","N/A","0","N/A","0","N/A","43.7","N/A","0","N/A","61","N/A","0","N/A"
"50","733","0","N/A","20","N/A","0","N/A","0","N/A","0","N/A","43.7","N/A","0","N/A","61","N/A","0","N/A"
"50","734","0","N/A","20","N/A","0","N/A","0","N/A","0","N/A","43.7","N/A","0","N/A","61","N/A","0","N/A"
"50","735","0","N/A","20","N/A","0","N/A","0","N/A","0","N/A","43.7","N/A","0","N/A","61","N/A","0","N/A"
"50","736","0","N/A","20","N/A","0","N/A","0","N/A","0","N/A","43.7","N/A","0","N/A","61","N/A","0","N/A"
"50","737","0","N/A","20","N/A","0","N/A","0","N/A","0","N/A","43.7","N/A","0","N/A","61","N/A","0","N/A"
"50","738","0","N/A","20","N/A","0","N/A","0","N/A","0","N/A","43.7","N/A","0","N/A","61","N/A","0","N/A"
"50","739","0","N/A","20","N/A","0","N/A","0","N/A","0","N/A","43.7","N/A","0","N/A","61","N/A","0","N/A"
"50","740","0","N/A","20","N/A","0","N/A","0","N/A","0","N/A","43.7","N/A","0","N/A","61","N/A","0","N/A"
"50","741","0","N/A","20","N/A","0","N/A","0","N/A","0","N/A","43.7","N/A","0","N/A","61","N/A","0","N/A"
"50","742","0","N/A","20","N/A","0","N/A","0","N/A","0","N/A","43.7","N/A","0","N/A","61","N/A","0","N/A"
"50","743","0","N/A","20","N/A","0","N/A","0","N/A","0","N/A","43.7","N/A","0","N/A","61","N/A","0","N/A"
"50","744","0","N/A","20","N/A","0","N/A","0","N/A","0","N/A","43.7","N/A","0","N/A","61","N/A","0","N/A"
"50","745","0","N/A","20","N/A","0","N/A","0","N/A","0","N/A","43.7","N/A","0","N/A","61","N/A","0","N/A"
"50","746","0","N/A","20","N/A","0","N/A","0","N/A","0","N/A","43.7","N/A","0","N/A","61","N/A","0","N/A"
"50","747","0","N/A","20","N/A","0","N/A","0","N/A","0","N/A","43.7","N/A","0","N/A","61","N/A","0","N/A"
"50","748","0","N/A","20","N/A","0","N/A","0","N/A","0","N/A","43.7","N/A","0","N/A","61","N/A","0","N/A"
"50","749","0","N/A","20","N/A","0","N/A","0","N/A","0","N/A","43.7","N/A","0","N/A","61","N/A","0","N/A"
"50","750","0","N/A","20","N/A","0","N/A","0","N/A","0","N/A","43.7","N/A","0","N/A","61","N/A","0","N/A"
"50","751","0","N/A","20","N/A","0","N/A","0","N/A","0","N/A","43.7","N/A","0","N/A","61","N/A","0","N/A"
"50","752","0","N/A","20","N/A","0","N/A","0","N/A","0","N/A","43.7","N/A","0","N/A","61","N/A","0","N/A"
"50","753","0","N/A","20","N/A","0","N/A","0","N/A","0","N/A","43.7","N/A","0","N/A","61","N/A","0","N/A"
"50","754","0","N/A","20","N/A","0","N/A","0","N/A","0","N/A","43.7","N/A","0","N/A","61","N/A","0","N/A"
"50","755","0","N/A","20","N/A","0","N/A","0","N/A","0","N/A","43.7","N/A","0","N/A","61","N/A","0","N/A"
"50","756","0","N/A","20","N/A","0","N/A","0","N/A","0","N/A","43.7","N/A","0","N/A","61","N/A","0","N/A"
"50","757","0","N/A","20","N/A","0","N/A","0","N/A","0","N/A","43.7","N/A","0","N/A","61","N/A","0","N/A"
"50","758","0","N/A","20","N/A","0","N/A","0","N/A","0","N/A","43.7","N/A","0","N/A","61","N/A","0","N/A"
"50","759","0","N/A","20","N/A","0","N/A","0","N/A","0","N/A","43.7","N/A","0","N/A","61","N/A","0","N/A"
"50","760","0","N/A","20","N/A","0","N/A","0","N/A","0","N/A","43.7","N/A","0","N/A","61","N/A","0","N/A"
"50","761","0","N/A","20","N/A","0","N/A","0","N/A","0","N/A","43.7","N/A","0","N/A","61","N/A","0","N/A"
"50","762","0","N/A","20","N/A","0","N/A","0","N/A","0","N/A","43.7","N/A","0","N/A","61","N/A","0","N/A"
"50","763","0","N/A","20","N/A","0","N/A","0","N/A","0","N/A","43.7","N/A","0","N/A","61","N/A","0","N/A"
"50","764","0","N/A","20","N/A","0","N/A","0","N/A","0","N/A","43.7","N/A","0","N/A","61","N/A","0","N/A"
"50","765","0","N/A","20","N/A","0","N/A","0","N/A","0","N/A","43.7","N/A","0","N/A","61","N/A","0","N/A"
"50","766","0","N/A","20","N/A","0","N/A","0","N/A","0","N/A","43.7","N/A","0","N/A","61","N/A","0","N/A"
"50","767","0","N/A","20","N/A","0","N/A","0","N/A","0","N/A","43.7","N/A","0","N/A","61","N/A","0","N/A"
"50","768","0","N/A","20","N/A","0","N/A","0","N/A","0","N/A","43.7","N/A","0","N/A","61","N/A","0","N/A"
"50","769","0","N/A","20","N/A","0","N/A","0","N/A","0","N/A","43.7","N/A","0","N/A","61","N/A","0","N/A"
"50","770","0","N/A","20","N/A","0","N/A","0","N/A","0","N/A","43.7","N/A","0","N/A","61","N/A","0","N/A"
"50","771","0","N/A","20","N/A","0","N/A","0","N/A","0","N/A","43.7","N/A","0","N/A","61","N/A","0","N/A"
"50","772","0","N/A","20","N/A","0","N/A","0","N/A","0","N/A","43.7","N/A","0","N/A","61","N/A","0","N/A"
"50","773","0","N/A","20","N/A","0","N/A","0","N/A","0","N/A","43.7","N/A","0","N/A","61","N/A","0","N/A"
"50","774","0","N/A","20","N/A","0","N/A","0","N/A","0","N/A","43.7","N/A","0","N/A","61","N/A","0","N/A"
"50","775","0","N/A","20","N/A","0","N/A","0","N/A","0","N/A","43.7","N/A","0","N/A","61","N/A","0","N/A"
"50","776","0","N/A","20","N/A","0","N/A","0","N/A","0","N/A","43.7","N/A","0","N/A","61","N/A","0","N/A"
"50","777","0","N/A","20","N/A","0","N/A","0","N/A","0","N/A","43.7","N/A","0","N/A","61","N/A","0","N/A"
"50","778","0","N/A","20","N/A","0","N/A","0","N/A","0","N/A","43.7","N/A","0","N/A","61","N/A","0","N/A"
"50","779","0","N/A","20","N/A","0","N/A","0","N/A","0","N/A","43.7","N/A","0","N/A","61","N/A","0","N/A"
"50","780","0","N/A","20","N/A","0","N/A","0","N/A","0","N/A","43.7","N/A","0","N/A","61","N/A","0","N/A"
"50","781","0","N/A","20","N/A","0","N/A","0","N/A","0","N/A","43.7","N/A","0","N/A","61","N/A","0","N/A"
"50","782","0","N/A","20","N/A","0","N/A","0","N/A","0","N/A","43.7","N/A","0","N/A","61","N/A","0","N/A"
"50","783","0","N/A","20","N/A","0","N/A","0","N/A","0","N/A","43.7","N/A","0","N/A","61","N/A","0","N/A"
"50","784","0","N/A","20","N/A","0","N/A","0","N/A","0","N/A","43.7","N/A","0","N/A","61","N/A","0","N/A"
"50","785","0","N/A","20","N/A","0","N/A","0","N/A","0","N/A","43.7","N/A","0","N/A","61","N/A","0","N/A"
"50","786","0","N/A","20","N/A","0","N/A","0","N/A","0","N/A","43.7","N/A","0","N/A","61","N/A","0","N/A"
"50","787","0","N/A","20","N/A","0","N/A","0","N/A","0","N/A","43.7","N/A","0","N/A","61","N/A","0","N/A"
"50","788","0","N/A","20","N/A","0","N/A","0","N/A","0","N/A","43.7","N/A","0","N/A","61","N/A","0","N/A"
"50","789","0","N/A","20","N/A","0","N/A","0","N/A","0","N/A","43.7","N/A","0","N/A","61","N/A","0","N/A"
"50","790","0","N/A","20","N/A","0","N/A","0","N/A","0","N/A","43.7","N/A","0","N/A","61","N/A","0","N/A"
"50","791","0","N/A","20","N/A","0","N/A","0","N/A","0","N/A","43.7","N/A","0","N/A","61","N/A","0","N/A"
"50","792","0","N/A","20","N/A","0","N/A","0","N/A","0","N/A","43.7","N/A","0","N/A","61","N/A","0","N/A"
"50","793","0","N/A","20","N/A","0","N/A","0","N/A","0","N/A","43.7","N/A","0","N/A","61","N/A","0","N/A"
"50","794","0","N/A","20","N/A","0","N/A","0","N/A","0","N/A","43.7","N/A","0","N/A","61","N/A","0","N/A"
"50","795","0","N/A","20","N/A","0","N/A","0","N/A","0","N/A","43.7","N/A","0","N/A","61","N/A","0","N/A"
"50","796","0","N/A","20","N/A","0","N/A","0","N/A","0","N/A","43.7","N/A","0","N/A","61","N/A","0","N/A"
"50","797","0","N/A","20","N/A","0","N/A","0","N/A","0","N/A","43.7","N/A","0","N/A","61","N/A","0","N/A"
"50","798","0","N/A","20","N/A","0","N/A","0","N/A","0","N/A","43.7","N/A","0","N/A","61","N/A","0","N/A"
"50","799","0","N/A","20","N/A","0","N/A","0","N/A","0","N/A","43.7","N/A","0","N/A","61","N/A","0","N/A"
"50","800","0","N/A","20","N/A","0","N/A","0","N/A","0","N/A","43.7","N/A","0","N/A","61","N/A","0","N/A"
"50","801","0","N/A","20","N/A","0","N/A","0","N/A","0","N/A","43.7","N/A","0","N/A","61","N/A","0","N/A"
"50","802","0","N/A","20","N/A","0","N/A","0","N/A","0","N/A","43.7","N/A","0","N/A","61","N/A","0","N/A"
"50","803","0","N/A","20","N/A","0","N/A","0","N/A","0","N/A","43.7","N/A","0","N/A","61","N/A","0","N/A"
"50","804","0","N/A","20","N/A","0","N/A","0","N/A","0","N/A","43.7","N/A","0","N/A","61","N/A","0","N/A"
"50","805","0","N/A","20","N/A","0","N/A","0","N/A","0","N/A","43.7","N/A","0","N/A","61","N/A","0","N/A"
"50","806","0","N/A","20","N/A","0","N/A","0","N/A","0","N/A","43.7","N/A","0","N/A","61","N/A","0","N/A"
"50","807","0","N/A","20","N/A","0","N/A","0","N/A","0","N/A","43.7","N/A","0","N/A","61","N/A","0","N/A"
"50","808","0","N/A","20","N/A","0","N/A","0","N/A","0","N/A","43.7","N/A","0","N/A","61","N/A","0","N/A"
"50","809","0","N/A","20","N/A","0","N/A","0","N/A","0","N/A","43.7","N/A","0","N/A","61","N/A","0","N/A"
"50","810","0","N/A","20","N/A","0","N/A","0","N/A","0","N/A","43.7","N/A","0","N/A","61","N/A","0","N/A"
"50","811","0","N/A","20","N/A","0","N/A","0","N/A","0","N/A","43.7","N/A","0","N/A","61","N/A","0","N/A"
"50","812","0","N/A","20","N/A","0","N/A","0","N/A","0","N/A","43.7","N/A","0","N/A","61","N/A","0","N/A"
"50","813","0","N/A","20","N/A","0","N/A","0","N/A","0","N/A","43.7","N/A","0","N/A","61","N/A","0","N/A"
"50","814","0","N/A","20","N/A","0","N/A","0","N/A","0","N/A","43.7","N/A","0","N/A","61","N/A","0","N/A"
"50","815","0","N/A","20","N/A","0","N/A","0","N/A","0","N/A","43.7","N/A","0","N/A","61","N/A","0","N/A"
"50","816","0","N/A","20","N/A","0","N/A","0","N/A","0","N/A","43.7","N/A","0","N/A","61","N/A","0","N/A"
"50","817","0","N/A","20","N/A","0","N/A","0","N/A","0","N/A","43.7","N/A","0","N/A","61","N/A","0","N/A"
"50","818","0","N/A","20","N/A","0","N/A","0","N/A","0","N/A","43.7","N/A","0","N/A","61","N/A","0","N/A"
"50","819","0","N/A","20","N/A","0","N/A","0","N/A","0","N/A","43.7","N/A","0","N/A","61","N/A","0","N/A"
"50","820","0","N/A","20","N/A","0","N/A","0","N/A","0","N/A","43.7","N/A","0","N/A","61","N/A","0","N/A"
"50","821","0","N/A","20","N/A","0","N/A","0","N/A","0","N/A","43.7","N/A","0","N/A","61","N/A","0","N/A"
"50","822","0","N/A","20","N/A","0","N/A","0","N/A","0","N/A","43.7","N/A","0","N/A","61","N/A","0","N/A"
"50","823","0","N/A","20","N/A","0","N/A","0","N/A","0","N/A","43.7","N/A","0","N/A","61","N/A","0","N/A"
"50","824","0","N/A","20","N/A","0","N/A","0","N/A","0","N/A","43.7","N/A","0","N/A","61","N/A","0","N/A"
"50","825","0","N/A","20","N/A","0","N/A","0","N/A","0","N/A","43.7","N/A","0","N/A","61","N/A","0","N/A"
"50","826","0","N/A","20","N/A","0","N/A","0","N/A","0","N/A","43.7","N/A","0","N/A","61","N/A","0","N/A"
"50","827","0","N/A","20","N/A","0","N/A","0","N/A","0","N/A","43.7","N/A","0","N/A","61","N/A","0","N/A"
"50","828","0","N/A","20","N/A","0","N/A","0","N/A","0","N/A","43.7","N/A","0","N/A","61","N/A","0","N/A"
"50","829","0","N/A","20","N/A","0","N/A","0","N/A","0","N/A","43.7","N/A","0","N/A","61","N/A","0","N/A"
"50","830","0","N/A","20","N/A","0","N/A","0","N/A","0","N/A","43.7","N/A","0","N/A","61","N/A","0","N/A"
"50","831","0","N/A","20","N/A","0","N/A","0","N/A","0","N/A","43.7","N/A","0","N/A","61","N/A","0","N/A"
"50","832","0","N/A","20","N/A","0","N/A","0","N/A","0","N/A","43.7","N/A","0","N/A","61","N/A","0","N/A"
"50","833","0","N/A","20","N/A","0","N/A","0","N/A","0","N/A","43.7","N/A","0","N/A","61","N/A","0","N/A"
"50","834","0","N/A","20","N/A","0","N/A","0","N/A","0","N/A","43.7","N/A","0","N/A","61","N/A","0","N/A"
"50","835","0","N/A","20","N/A","0","N/A","0","N/A","0","N/A","43.7","N/A","0","N/A","61","N/A","0","N/A"
"50","836","0","N/A","20","N/A","0","N/A","0","N/A","0","N/A","43.7","N/A","0","N/A","61","N/A","0","N/A"
"50","837","0","N/A","20","N/A","0","N/A","0","N/A","0","N/A","43.7","N/A","0","N/A","61","N/A","0","N/A"
"50","838","0","N/A","20","N/A","0","N/A","0","N/A","0","N/A","43.7","N/A","0","N/A","61","N/A","0","N/A"
"50","839","0","N/A","20","N/A","0","N/A","0","N/A","0","N/A","43.7","N/A","0","N/A","61","N/A","0","N/A"
"50","840","0","N/A","20","N/A","0","N/A","0","N/A","0","N/A","43.7","N/A","0","N/A","61","N/A","0","N/A"
"50","841","0","N/A","20","N/A","0","N/A","0","N/A","0","N/A","43.7","N/A","0","N/A","61","N/A","0","N/A"
"50","842","0","N/A","20","N/A","0","N/A","0","N/A","0","N/A","43.7","N/A","0","N/A","61","N/A","0","N/A"
"50","843","0","N/A","20","N/A","0","N/A","0","N/A","0","N/A","43.7","N/A","0","N/A","61","N/A","0","N/A"
"50","844","0","N/A","20","N/A","0","N/A","0","N/A","0","N/A","43.7","N/A","0","N/A","61","N/A","0","N/A"
"50","845","0","N/A","20","N/A","0","N/A","0","N/A","0","N/A","43.7","N/A","0","N/A","61","N/A","0","N/A"
"50","846","0","N/A","20","N/A","0","N/A","0","N/A","0","N/A","43.7","N/A","0","N/A","61","N/A","0","N/A"
"50","847","0","N/A","20","N/A","0","N/A","0","N/A","0","N/A","43.7","N/A","0","N/A","61","N/A","0","N/A"
"50","848","0","N/A","20","N/A","0","N/A","0","N/A","0","N/A","43.7","N/A","0","N/A","61","N/A","0","N/A"
"50","849","0","N/A","20","N/A","0","N/A","0","N/A","0","N/A","43.7","N/A","0","N/A","61","N/A","0","N/A"
"50","850","0","N/A","20","N/A","0","N/A","0","N/A","0","N/A","43.7","N/A","0","N/A","61","N/A","0","N/A"
"50","851","0","N/A","20","N/A","0","N/A","0","N/A","0","N/A","43.7","N/A","0","N/A","61","N/A","0","N/A"
"50","852","0","N/A","20","N/A","0","N/A","0","N/A","0","N/A","43.7","N/A","0","N/A","61","N/A","0","N/A"
"50","853","0","N/A","20","N/A","0","N/A","0","N/A","0","N/A","43.7","N/A","0","N/A","61","N/A","0","N/A"
"50","854","0","N/A","20","N/A","0","N/A","0","N/A","0","N/A","43.7","N/A","0","N/A","61","N/A","0","N/A"
"50","855","0","N/A","20","N/A","0","N/A","0","N/A","0","N/A","43.7","N/A","0","N/A","61","N/A","0","N/A"
"50","856","0","N/A","20","N/A","0","N/A","0","N/A","0","N/A","43.7","N/A","0","N/A","61","N/A","0","N/A"
"50","857","0","N/A","20","N/A","0","N/A","0","N/A","0","N/A","43.7","N/A","0","N/A","61","N/A","0","N/A"
"50","858","0","N/A","20","N/A","0","N/A","0","N/A","0","N/A","43.7","N/A","0","N/A","61","N/A","0","N/A"
"50","859","0","N/A","20","N/A","0","N/A","0","N/A","0","N/A","43.7","N/A","0","N/A","61","N/A","0","N/A"
"50","860","0","N/A","20","N/A","0","N/A","0","N/A","0","N/A","43.7","N/A","0","N/A","61","N/A","0","N/A"
"50","861","0","N/A","20","N/A","0","N/A","0","N/A","0","N/A","43.7","N/A","0","N/A","61","N/A","0","N/A"
"50","862","0","N/A","20","N/A","0","N/A","0","N/A","0","N/A","43.7","N/A","0","N/A","61","N/A","0","N/A"
"50","863","0","N/A","20","N/A","0","N/A","0","N/A","0","N/A","43.7","N/A","0","N/A","61","N/A","0","N/A"
"50","864","0","N/A","20","N/A","0","N/A","0","N/A","0","N/A","43.7","N/A","0","N/A","61","N/A","0","N/A"
"50","865","0","N/A","20","N/A","0","N/A","0","N/A","0","N/A","43.7","N/A","0","N/A","61","N/A","0","N/A"
"50","866","0","N/A","20","N/A","0","N/A","0","N/A","0","N/A","43.7","N/A","0","N/A","61","N/A","0","N/A"
"50","867","0","N/A","20","N/A","0","N/A","0","N/A","0","N/A","43.7","N/A","0","N/A","61","N/A","0","N/A"
"50","868","0","N/A","20","N/A","0","N/A","0","N/A","0","N/A","43.7","N/A","0","N/A","61","N/A","0","N/A"
"50","869","0","N/A","20","N/A","0","N/A","0","N/A","0","N/A","43.7","N/A","0","N/A","61","N/A","0","N/A"
"50","870","0","N/A","20","N/A","0","N/A","0","N/A","0","N/A","43.7","N/A","0","N/A","61","N/A","0","N/A"
"50","871","0","N/A","20","N/A","0","N/A","0","N/A","0","N/A","43.7","N/A","0","N/A","61","N/A","0","N/A"
"50","872","0","N/A","20","N/A","0","N/A","0","N/A","0","N/A","43.7","N/A","0","N/A","61","N/A","0","N/A"
"50","873","0","N/A","20","N/A","0","N/A","0","N/A","0","N/A","43.7","N/A","0","N/A","61","N/A","0","N/A"
"50","874","0","N/A","20","N/A","0","N/A","0","N/A","0","N/A","43.7","N/A","0","N/A","61","N/A","0","N/A"
"50","875","0","N/A","20","N/A","0","N/A","0","N/A","0","N/A","43.7","N/A","0","N/A","61","N/A","0","N/A"
"50","876","0","N/A","20","N/A","0","N/A","0","N/A","0","N/A","43.7","N/A","0","N/A","61","N/A","0","N/A"
"50","877","0","N/A","20","N/A","0","N/A","0","N/A","0","N/A","43.7","N/A","0","N/A","61","N/A","0","N/A"
"50","878","0","N/A","20","N/A","0","N/A","0","N/A","0","N/A","43.7","N/A","0","N/A","61","N/A","0","N/A"
"50","879","0","N/A","20","N/A","0","N/A","0","N/A","0","N/A","43.7","N/A","0","N/A","61","N/A","0","N/A"
"50","880","0","N/A","20","N/A","0","N/A","0","N/A","0","N/A","43.7","N/A","0","N/A","61","N/A","0","N/A"
"50","881","0","N/A","20","N/A","0","N/A","0","N/A","0","N/A","43.7","N/A","0","N/A","61","N/A","0","N/A"
"50","882","0","N/A","20","N/A","0","N/A","0","N/A","0","N/A","43.7","N/A","0","N/A","61","N/A","0","N/A"
"50","883","0","N/A","20","N/A","0","N/A","0","N/A","0","N/A","43.7","N/A","0","N/A","61","N/A","0","N/A"
"50","884","0","N/A","20","N/A","0","N/A","0","N/A","0","N/A","43.7","N/A","0","N/A","61","N/A","0","N/A"
"50","885","0","N/A","20","N/A","0","N/A","0","N/A","0","N/A","43.7","N/A","0","N/A","61","N/A","0","N/A"
"50","886","0","N/A","20","N/A","0","N/A","0","N/A","0","N/A","43.7","N/A","0","N/A","61","N/A","0","N/A"
"50","887","0","N/A","20","N/A","0","N/A","0","N/A","0","N/A","43.7","N/A","0","N/A","61","N/A","0","N/A"
"50","888","0","N/A","20","N/A","0","N/A","0","N/A","0","N/A","43.7","N/A","0","N/A","61","N/A","0","N/A"
"50","889","0","N/A","20","N/A","0","N/A","0","N/A","0","N/A","43.7","N/A","0","N/A","61","N/A","0","N/A"
"50","890","0","N/A","20","N/A","0","N/A","0","N/A","0","N/A","43.7","N/A","0","N/A","61","N/A","0","N/A"
"50","891","0","N/A","20","N/A","0","N/A","0","N/A","0","N/A","43.7","N/A","0","N/A","61","N/A","0","N/A"
"50","892","0","N/A","20","N/A","0","N/A","0","N/A","0","N/A","43.7","N/A","0","N/A","61","N/A","0","N/A"
"50","893","0","N/A","20","N/A","0","N/A","0","N/A","0","N/A","43.7","N/A","0","N/A","61","N/A","0","N/A"
"50","894","0","N/A","20","N/A","0","N/A","0","N/A","0","N/A","43.7","N/A","0","N/A","61","N/A","0","N/A"
"50","895","0","N/A","20","N/A","0","N/A","0","N/A","0","N/A","43.7","N/A","0","N/A","61","N/A","0","N/A"
"50","896","0","N/A","20","N/A","0","N/A","0","N/A","0","N/A","43.7","N/A","0","N/A","61","N/A","0","N/A"
"50","897","0","N/A","20","N/A","0","N/A","0","N/A","0","N/A","43.7","N/A","0","N/A","61","N/A","0","N/A"
"50","898","0","N/A","20","N/A","0","N/A","0","N/A","0","N/A","43.7","N/A","0","N/A","61","N/A","0","N/A"
"50","899","0","N/A","20","N/A","0","N/A","0","N/A","0","N/A","43.7","N/A","0","N/A","61","N/A","0","N/A"
"50","900","0","N/A","20","N/A","0","N/A","0","N/A","0","N/A","43.7","N/A","0","N/A","61","N/A","0","N/A"
"50","901","0","N/A","20","N/A","0","N/A","0","N/A","0","N/A","43.7","N/A","0","N/A","61","N/A","0","N/A"
"50","902","0","N/A","20","N/A","0","N/A","0","N/A","0","N/A","43.7","N/A","0","N/A","61","N/A","0","N/A"
"50","903","0","N/A","20","N/A","0","N/A","0","N/A","0","N/A","43.7","N/A","0","N/A","61","N/A","0","N/A"
"50","904","0","N/A","20","N/A","0","N/A","0","N/A","0","N/A","43.7","N/A","0","N/A","61","N/A","0","N/A"
"50","905","0","N/A","20","N/A","0","N/A","0","N/A","0","N/A","43.7","N/A","0","N/A","61","N/A","0","N/A"
"50","906","0","N/A","20","N/A","0","N/A","0","N/A","0","N/A","43.7","N/A","0","N/A","61","N/A","0","N/A"
"50","907","0","N/A","20","N/A","0","N/A","0","N/A","0","N/A","43.7","N/A","0","N/A","61","N/A","0","N/A"
"50","908","0","N/A","20","N/A","0","N/A","0","N/A","0","N/A","43.7","N/A","0","N/A","61","N/A","0","N/A"
"50","909","0","N/A","20","N/A","0","N/A","0","N/A","0","N/A","43.7","N/A","0","N/A","61","N/A","0","N/A"
"50","910","0","N/A","20","N/A","0","N/A","0","N/A","0","N/A","43.7","N/A","0","N/A","61","N/A","0","N/A"
"50","911","0","N/A","20","N/A","0","N/A","0","N/A","0","N/A","43.7","N/A","0","N/A","61","N/A","0","N/A"
"50","912","0","N/A","20","N/A","0","N/A","0","N/A","0","N/A","43.7","N/A","0","N/A","61","N/A","0","N/A"
"50","913","0","N/A","20","N/A","0","N/A","0","N/A","0","N/A","43.7","N/A","0","N/A","61","N/A","0","N/A"
"50","914","0","N/A","20","N/A","0","N/A","0","N/A","0","N/A","43.7","N/A","0","N/A","61","N/A","0","N/A"
"50","915","0","N/A","20","N/A","0","N/A","0","N/A","0","N/A","43.7","N/A","0","N/A","61","N/A","0","N/A"
"50","916","0","N/A","20","N/A","0","N/A","0","N/A","0","N/A","43.7","N/A","0","N/A","61","N/A","0","N/A"
"50","917","0","N/A","20","N/A","0","N/A","0","N/A","0","N/A","43.7","N/A","0","N/A","61","N/A","0","N/A"
"50","918","0","N/A","20","N/A","0","N/A","0","N/A","0","N/A","43.7","N/A","0","N/A","61","N/A","0","N/A"
"50","919","0","N/A","20","N/A","0","N/A","0","N/A","0","N/A","43.7","N/A","0","N/A","61","N/A","0","N/A"
"50","920","0","N/A","20","N/A","0","N/A","0","N/A","0","N/A","43.7","N/A","0","N/A","61","N/A","0","N/A"
"50","921","0","N/A","20","N/A","0","N/A","0","N/A","0","N/A","43.7","N/A","0","N/A","61","N/A","0","N/A"
"50","922","0","N/A","20","N/A","0","N/A","0","N/A","0","N/A","43.7","N/A","0","N/A","61","N/A","0","N/A"
"50","923","0","N/A","20","N/A","0","N/A","0","N/A","0","N/A","43.7","N/A","0","N/A","61","N/A","0","N/A"
"50","924","0","N/A","20","N/A","0","N/A","0","N/A","0","N/A","43.7","N/A","0","N/A","61","N/A","0","N/A"
"50","925","0","N/A","20","N/A","0","N/A","0","N/A","0","N/A","43.7","N/A","0","N/A","61","N/A","0","N/A"
"50","926","0","N/A","20","N/A","0","N/A","0","N/A","0","N/A","43.7","N/A","0","N/A","61","N/A","0","N/A"
"50","927","0","N/A","20","N/A","0","N/A","0","N/A","0","N/A","43.7","N/A","0","N/A","61","N/A","0","N/A"
"50","928","0","N/A","20","N/A","0","N/A","0","N/A","0","N/A","43.7","N/A","0","N/A","61","N/A","0","N/A"
"50","929","0","N/A","20","N/A","0","N/A","0","N/A","0","N/A","43.7","N/A","0","N/A","61","N/A","0","N/A"
"50","930","0","N/A","20","N/A","0","N/A","0","N/A","0","N/A","43.7","N/A","0","N/A","61","N/A","0","N/A"
"50","931","0","N/A","20","N/A","0","N/A","0","N/A","0","N/A","43.7","N/A","0","N/A","61","N/A","0","N/A"
"50","932","0","N/A","20","N/A","0","N/A","0","N/A","0","N/A","43.7","N/A","0","N/A","61","N/A","0","N/A"
"50","933","0","N/A","20","N/A","0","N/A","0","N/A","0","N/A","43.7","N/A","0","N/A","61","N/A","0","N/A"
"50","934","0","N/A","20","N/A","0","N/A","0","N/A","0","N/A","43.7","N/A","0","N/A","61","N/A","0","N/A"
"50","935","0","N/A","20","N/A","0","N/A","0","N/A","0","N/A","43.7","N/A","0","N/A","61","N/A","0","N/A"
"50","936","0","N/A","20","N/A","0","N/A","0","N/A","0","N/A","43.7","N/A","0","N/A","61","N/A","0","N/A"
"50","937","0","N/A","20","N/A","0","N/A","0","N/A","0","N/A","43.7","N/A","0","N/A","61","N/A","0","N/A"
"50","938","0","N/A","20","N/A","0","N/A","0","N/A","0","N/A","43.7","N/A","0","N/A","61","N/A","0","N/A"
"50","939","0","N/A","20","N/A","0","N/A","0","N/A","0","N/A","43.7","N/A","0","N/A","61","N/A","0","N/A"
"50","940","0","N/A","20","N/A","0","N/A","0","N/A","0","N/A","43.7","N/A","0","N/A","61","N/A","0","N/A"
"50","941","0","N/A","20","N/A","0","N/A","0","N/A","0","N/A","43.7","N/A","0","N/A","61","N/A","0","N/A"
"50","942","0","N/A","20","N/A","0","N/A","0","N/A","0","N/A","43.7","N/A","0","N/A","61","N/A","0","N/A"
"50","943","0","N/A","20","N/A","0","N/A","0","N/A","0","N/A","43.7","N/A","0","N/A","61","N/A","0","N/A"
"50","944","0","N/A","20","N/A","0","N/A","0","N/A","0","N/A","43.7","N/A","0","N/A","61","N/A","0","N/A"
"50","945","0","N/A","20","N/A","0","N/A","0","N/A","0","N/A","43.7","N/A","0","N/A","61","N/A","0","N/A"
"50","946","0","N/A","20","N/A","0","N/A","0","N/A","0","N/A","43.7","N/A","0","N/A","61","N/A","0","N/A"
"50","947","0","N/A","20","N/A","0","N/A","0","N/A","0","N/A","43.7","N/A","0","N/A","61","N/A","0","N/A"
"50","948","0","N/A","20","N/A","0","N/A","0","N/A","0","N/A","43.7","N/A","0","N/A","61","N/A","0","N/A"
"50","949","0","N/A","20","N/A","0","N/A","0","N/A","0","N/A","43.7","N/A","0","N/A","61","N/A","0","N/A"
"50","950","0","N/A","20","N/A","0","N/A","0","N/A","0","N/A","43.7","N/A","0","N/A","61","N/A","0","N/A"
"50","951","0","N/A","20","N/A","0","N/A","0","N/A","0","N/A","43.7","N/A","0","N/A","61","N/A","0","N/A"
"50","952","0","N/A","20","N/A","0","N/A","0","N/A","0","N/A","43.7","N/A","0","N/A","61","N/A","0","N/A"
"50","953","0","N/A","20","N/A","0","N/A","0","N/A","0","N/A","43.7","N/A","0","N/A","61","N/A","0","N/A"
"50","954","0","N/A","20","N/A","0","N/A","0","N/A","0","N/A","43.7","N/A","0","N/A","61","N/A","0","N/A"
"50","955","0","N/A","20","N/A","0","N/A","0","N/A","0","N/A","43.7","N/A","0","N/A","61","N/A","0","N/A"
"50","956","0","N/A","20","N/A","0","N/A","0","N/A","0","N/A","43.7","N/A","0","N/A","61","N/A","0","N/A"
"50","957","0","N/A","20","N/A","0","N/A","0","N/A","0","N/A","43.7","N/A","0","N/A","61","N/A","0","N/A"
"50","958","0","N/A","20","N/A","0","N/A","0","N/A","0","N/A","43.7","N/A","0","N/A","61","N/A","0","N/A"
"50","959","0","N/A","20","N/A","0","N/A","0","N/A","0","N/A","43.7","N/A","0","N/A","61","N/A","0","N/A"
"50","960","0","N/A","20","N/A","0","N/A","0","N/A","0","N/A","43.7","N/A","0","N/A","61","N/A","0","N/A"
"50","961","0","N/A","20","N/A","0","N/A","0","N/A","0","N/A","43.7","N/A","0","N/A","61","N/A","0","N/A"
"50","962","0","N/A","20","N/A","0","N/A","0","N/A","0","N/A","43.7","N/A","0","N/A","61","N/A","0","N/A"
"50","963","0","N/A","20","N/A","0","N/A","0","N/A","0","N/A","43.7","N/A","0","N/A","61","N/A","0","N/A"
"50","964","0","N/A","20","N/A","0","N/A","0","N/A","0","N/A","43.7","N/A","0","N/A","61","N/A","0","N/A"
"50","965","0","N/A","20","N/A","0","N/A","0","N/A","0","N/A","43.7","N/A","0","N/A","61","N/A","0","N/A"
"50","966","0","N/A","20","N/A","0","N/A","0","N/A","0","N/A","43.7","N/A","0","N/A","61","N/A","0","N/A"
"50","967","0","N/A","20","N/A","0","N/A","0","N/A","0","N/A","43.7","N/A","0","N/A","61","N/A","0","N/A"
"50","968","0","N/A","20","N/A","0","N/A","0","N/A","0","N/A","43.7","N/A","0","N/A","61","N/A","0","N/A"
"50","969","0","N/A","20","N/A","0","N/A","0","N/A","0","N/A","43.7","N/A","0","N/A","61","N/A","0","N/A"
"50","970","0","N/A","20","N/A","0","N/A","0","N/A","0","N/A","43.7","N/A","0","N/A","61","N/A","0","N/A"
"50","971","0","N/A","20","N/A","0","N/A","0","N/A","0","N/A","43.7","N/A","0","N/A","61","N/A","0","N/A"
"50","972","0","N/A","20","N/A","0","N/A","0","N/A","0","N/A","43.7","N/A","0","N/A","61","N/A","0","N/A"
"50","973","0","N/A","20","N/A","0","N/A","0","N/A","0","N/A","43.7","N/A","0","N/A","61","N/A","0","N/A"
"50","974","0","N/A","20","N/A","0","N/A","0","N/A","0","N/A","43.7","N/A","0","N/A","61","N/A","0","N/A"
"50","975","0","N/A","20","N/A","0","N/A","0","N/A","0","N/A","43.7","N/A","0","N/A","61","N/A","0","N/A"
"50","976","0","N/A","20","N/A","0","N/A","0","N/A","0","N/A","43.7","N/A","0","N/A","61","N/A","0","N/A"
"50","977","0","N/A","20","N/A","0","N/A","0","N/A","0","N/A","43.7","N/A","0","N/A","61","N/A","0","N/A"
"50","978","0","N/A","20","N/A","0","N/A","0","N/A","0","N/A","43.7","N/A","0","N/A","61","N/A","0","N/A"
"50","979","0","N/A","20","N/A","0","N/A","0","N/A","0","N/A","43.7","N/A","0","N/A","61","N/A","0","N/A"
"50","980","0","N/A","20","N/A","0","N/A","0","N/A","0","N/A","43.7","N/A","0","N/A","61","N/A","0","N/A"
"50","981","0","N/A","20","N/A","0","N/A","0","N/A","0","N/A","43.7","N/A","0","N/A","61","N/A","0","N/A"
"50","982","0","N/A","20","N/A","0","N/A","0","N/A","0","N/A","43.7","N/A","0","N/A","61","N/A","0","N/A"
"50","983","0","N/A","20","N/A","0","N/A","0","N/A","0","N/A","43.7","N/A","0","N/A","61","N/A","0","N/A"
"50","984","0","N/A","20","N/A","0","N/A","0","N/A","0","N/A","43.7","N/A","0","N/A","61","N/A","0","N/A"
"50","985","0","N/A","20","N/A","0","N/A","0","N/A","0","N/A","43.7","N/A","0","N/A","61","N/A","0","N/A"
"50","986","0","N/A","20","N/A","0","N/A","0","N/A","0","N/A","43.7","N/A","0","N/A","61","N/A","0","N/A"
"50","987","0","N/A","20","N/A","0","N/A","0","N/A","0","N/A","43.7","N/A","0","N/A","61","N/A","0","N/A"
"50","988","0","N/A","20","N/A","0","N/A","0","N/A","0","N/A","43.7","N/A","0","N/A","61","N/A","0","N/A"
"50","989","0","N/A","20","N/A","0","N/A","0","N/A","0","N/A","43.7","N/A","0","N/A","61","N/A","0","N/A"
"50","990","0","N/A","20","N/A","0","N/A","0","N/A","0","N/A","43.7","N/A","0","N/A","61","N/A","0","N/A"
"50","991","0","N/A","20","N/A","0","N/A","0","N/A","0","N/A","43.7","N/A","0","N/A","61","N/A","0","N/A"
"50","992","0","N/A","20","N/A","0","N/A","0","N/A","0","N/A","43.7","N/A","0","N/A","61","N/A","0","N/A"
"50","993","0","N/A","20","N/A","0","N/A","0","N/A","0","N/A","43.7","N/A","0","N/A","61","N/A","0","N/A"
"50","994","0","N/A","20","N/A","0","N/A","0","N/A","0","N/A","43.7","N/A","0","N/A","61","N/A","0","N/A"
"50","995","0","N/A","20","N/A","0","N/A","0","N/A","0","N/A","43.7","N/A","0","N/A","61","N/A","0","N/A"
"50","996","0","N/A","20","N/A","0","N/A","0","N/A","0","N/A","43.7","N/A","0","N/A","61","N/A","0","N/A"
"50","997","0","N/A","20","N/A","0","N/A","0","N/A","0","N/A","43.7","N/A","0","N/A","61","N/A","0","N/A"
"50","998","0","N/A","20","N/A","0","N/A","0","N/A","0","N/A","43.7","N/A","0","N/A","61","N/A","0","N/A"
"50","999","0","N/A","20","N/A","0","N/A","0","N/A","0","N/A","43.7","N/A","0","N/A","61","N/A","0","N/A"
"50","1000","0","N/A","20","N/A","0","N/A","0","N/A","0","N/A","43.7","N/A","0","N/A","61","N/A","0","N/A"
