"BehaviorSpace results (NetLogo 7.0.4)","Spreadsheet version 2.0"
"VirtEcom1.2.nlogox"
"Experiment A_OperatingCost"
"09/06/2026 23:54:47:438 -0500"
"min-pxcor","max-pxcor","min-pycor","max-pycor"
"-16","16","-16","16"
"[run number]","1","1","1","1","1","1","1","1","1","1","2","2","2","2","2","2","2","2","2","2","3","3","3","3","3","3","3","3","3","3","4","4","4","4","4","4","4","4","4","4","5","5","5","5","5","5","5","5","5","5","6","6","6","6","6","6","6","6","6","6","7","7","7","7","7","7","7","7","7","7"
"operating-cost","0",,,,,,,,,,"5",,,,,,,,,,"10",,,,,,,,,,"20",,,,,,,,,,"30",,,,,,,,,,"40",,,,,,,,,,"50",,,,,,,,,
"[reporter]","[step]","count sellers","exited-sellers","survival-rate","mean-cash","mean-debt","mean-buyer-budget","count offers","link-loss","mean-complexity","[step]","count sellers","exited-sellers","survival-rate","mean-cash","mean-debt","mean-buyer-budget","count offers","link-loss","mean-complexity","[step]","count sellers","exited-sellers","survival-rate","mean-cash","mean-debt","mean-buyer-budget","count offers","link-loss","mean-complexity","[step]","count sellers","exited-sellers","survival-rate","mean-cash","mean-debt","mean-buyer-budget","count offers","link-loss","mean-complexity","[step]","count sellers","exited-sellers","survival-rate","mean-cash","mean-debt","mean-buyer-budget","count offers","link-loss","mean-complexity","[step]","count sellers","exited-sellers","survival-rate","mean-cash","mean-debt","mean-buyer-budget","count offers","link-loss","mean-complexity","[step]","count sellers","exited-sellers","survival-rate","mean-cash","mean-debt","mean-buyer-budget","count offers","link-loss","mean-complexity"
"[final]","1000","20","0","1","1075.375","0","48.25","121","0","8.3","1000","6","14","0.3","-619.1666666666666","3333.3333333333335","34.05","41","88","8.333333333333334","1000","0","20","0","0","0","49.75","0","84","0","1000","2","18","0.1","-8645","10250","53.35","20","63","10","1000","2","18","0.1","-14250","14750","38.85","5","56","7","1000","2","18","0.1","-19250","19750","38.1","9","28","8","1000","0","20","0","0","0","43.7","0","61","0"
"[min]","0","20","0","1","1000","0","48.25","20","0","3.65","0","6","0","0.3","-619.1666666666666","0","34.05","14","0","4","0","0","0","0","0","0","49.75","0","0","0","0","2","0","0.1","-8645","0","53.35","13","0","3.9","0","2","0","0.1","-14250","0","38.85","2","0","3.65","0","2","0","0.1","-19250","0","38.1","2","0","3.95","0","0","0","0","-3700","0","43.7","0","0","0"
"[max]","1000","20","0","1","1075.375","0","580.75","121","0","8.3","1000","20","14","1","1021.875","3333.3333333333335","436.55","123","88","8.5","1000","20","20","1","1104.5","5500","669.75","79","84","7.166666666666667","1000","20","18","1","1000","10250","649.6","62","63","10","1000","20","18","1","1000","14750","595.1","43","56","7.333333333333333","1000","20","18","1","1000","19750","690.6","19","28","8","1000","20","20","1","1000","12000","597.45","57","61","7"
"[mean]","500","20","0","1","1075.1003996003997","0","50.05194805194805","86.4905094905095","0","6.823076923076961","500","16.681318681318682","3.318681318681319","0.8340659340659339","120.61353857320456","1563.0672579723498","35.246303696303414","62.86713286713287","20.415584415584416","6.861501998390124","500","8.295704295704295","11.704295704295705","0.41478521478521535","185.1202760359848","1527.7819666181288","52.056443556443554","26.26973026973027","48.68931068931069","3.5918480620278896","500","7.036963036963037","12.963036963036963","0.35184815184816354","-3236.8892780725505","5675.448651309188","55.516583416582435","22.45054945054945","47.94205794205794","7.196699905042298","500","6.036963036963037","13.963036963036963","0.3018481518481584","-5414.515682622545","8550.263226062425","40.9603896103888","13.098901098901099","40.24875124875125","6.394040103530633","500","4.712287712287712","15.287712287712287","0.2356143856143816","-8276.063609179633","10694.511990004732","40.516333666332855","7.020979020979021","21.78021978021978","6.030909721379538","500","2.081918081918082","17.918081918081917","0.10409590409590383","-264.37226265797693","1144.0995512424083","45.92902097902048","5.7852147852147855","54.21878121878122","1.5628775985918857"
"[total steps]","1000","1000","1000","1000","1000","1000","1000","1000","1000","1000","1000","1000","1000","1000","1000","1000","1000","1000","1000","1000","1000","1000","1000","1000","1000","1000","1000","1000","1000","1000","1000","1000","1000","1000","1000","1000","1000","1000","1000","1000","1000","1000","1000","1000","1000","1000","1000","1000","1000","1000","1000","1000","1000","1000","1000","1000","1000","1000","1000","1000","1000","1000","1000","1000","1000","1000","1000","1000","1000","1000"

"[all run data]","[step]","count sellers","exited-sellers","survival-rate","mean-cash","mean-debt","mean-buyer-budget","count offers","link-loss","mean-complexity","[step]","count sellers","exited-sellers","survival-rate","mean-cash","mean-debt","mean-buyer-budget","count offers","link-loss","mean-complexity","[step]","count sellers","exited-sellers","survival-rate","mean-cash","mean-debt","mean-buyer-budget","count offers","link-loss","mean-complexity","[step]","count sellers","exited-sellers","survival-rate","mean-cash","mean-debt","mean-buyer-budget","count offers","link-loss","mean-complexity","[step]","count sellers","exited-sellers","survival-rate","mean-cash","mean-debt","mean-buyer-budget","count offers","link-loss","mean-complexity","[step]","count sellers","exited-sellers","survival-rate","mean-cash","mean-debt","mean-buyer-budget","count offers","link-loss","mean-complexity","[step]","count sellers","exited-sellers","survival-rate","mean-cash","mean-debt","mean-buyer-budget","count offers","link-loss","mean-complexity"
,"0","20","0","1","1000","0","580.75","20","0","3.65","0","20","0","1","1000","0","436.55","14","0","4","0","20","0","1","1000","0","669.75","26","0","3.95","0","20","0","1","1000","0","649.6","21","0","3.9","0","20","0","1","1000","0","595.1","18","0","3.65","0","20","0","1","1000","0","690.6","15","0","3.95","0","20","0","1","1000","0","597.45","35","0","4.25"
,"1","20","0","1","1016.5","0","463.25","20","0","3.65","1","20","0","1","1007.375","0","325.3","14","0","4","1","20","0","1","1024.125","0","556","26","0","3.95","1","20","0","1","995","0","537.1","21","0","3.9","1","20","0","1","991.375","0","478.85","18","0","3.65","1","20","0","1","968.625","0","574.35","15","0","3.95","1","20","0","1","971","0","489.95","35","0","4.25"
,"2","20","0","1","1031.5","0","344.5","20","0","3.65","2","20","0","1","1006.875","0","232.8","14","0","4","2","20","0","1","1045.625","0","451","27","0","4","2","20","0","1","991.5","0","425.85","21","0","3.9","2","20","0","1","975.25","0","380.1","18","0","3.65","2","20","0","1","935.75","0","459.35","15","0","3.95","2","20","0","1","940.5","0","399.95","35","0","4.25"
,"3","20","0","1","1040.125","0","272","20","0","3.65","3","20","0","1","1012","0","164.05","14","0","4","3","20","0","1","1067.5","0","344.75","31","0","4.05","3","20","0","1","988","0","327.1","21","0","3.9","3","20","0","1","964","0","288.85","18","0","3.7","3","20","0","1","905.875","0","348.1","15","0","3.95","3","20","0","1","905.5","0","331.2","35","0","4.25"
,"4","20","0","1","1048.375","0","207","20","0","3.65","4","20","0","1","1014.875","0","114.05","23","0","4.1","4","20","0","1","1083.375","0","258.5","31","0","4.05","4","20","0","1","983","0","245.85","21","0","3.9","4","20","0","1","946","0","226.35","18","0","3.7","4","20","0","1","869.625","0","254.35","15","0","3.95","4","20","0","1","867.5","0","266.2","35","0","4.25"
,"5","20","0","1","1056.25","0","149.5","20","0","3.65","5","20","0","1","1021.875","0","74.05","23","0","4.1","5","20","0","1","1092.5","0","194.75","35","0","4.1","5","20","0","1","975","0","180.85","21","0","3.9","5","20","0","1","924.25","0","176.35","18","0","3.7","5","20","0","1","837.125","0","181.85","19","0","4","5","20","0","1","831","0","202.45","35","0","4.25"
,"6","20","0","1","1065.25","0","100.75","20","0","3.65","6","20","0","1","1021.375","0","59.05","23","0","4.1","6","20","0","1","1099.75","0","137.25","35","0","4.15","6","20","0","1","967","0","128.35","24","0","3.95","6","20","0","1","902.5","0","137.6","18","0","3.7","6","20","0","1","811.75","0","118.1","19","0","4","6","20","0","1","794.5","0","144.95","35","0","4.35"
,"7","20","0","1","1070.125","0","72","22","0","3.7","7","20","0","1","1019.375","0","49.05","23","0","4.1","7","20","0","1","1104","0","89.75","35","0","4.2","7","20","0","1","958.25","0","90.85","24","0","3.95","7","20","0","1","880.75","0","100.1","18","0","3.7","7","20","0","1","778.5","0","75.6","19","0","4","7","20","0","1","755","0","103.7","35","0","4.35"
,"8","20","0","1","1075.375","0","48.25","22","0","3.7","8","20","0","1","1015.875","0","44.05","23","0","4.1","8","20","0","1","1104.5","0","54.75","35","0","4.2","8","20","0","1","946.5","0","63.35","24","0","3.95","8","20","0","1","858.625","0","68.85","18","0","3.7","8","20","0","1","741.875","0","54.35","19","0","4","8","20","0","1","714","0","73.7","35","0","4.35"
,"9","20","0","1","1075.375","0","48.25","22","0","3.75","9","20","0","1","1012.375","0","39.05","23","0","4.1","9","20","0","1","1096","0","49.75","35","0","4.25","9","20","0","1","929.5","0","53.35","24","0","4","9","20","0","1","833.125","0","48.85","18","0","3.7","9","20","0","1","703.75","0","43.1","19","0","4","9","20","0","1","668.5","0","58.7","35","0","4.35"
,"10","20","0","1","1075.375","0","48.25","22","0","3.75","10","20","0","1","1008.875","0","34.05","23","0","4.1","10","20","0","1","1086","0","49.75","35","0","4.25","10","20","0","1","909.5","0","53.35","27","0","4.05","10","20","0","1","806.125","0","38.85","18","0","3.7","10","20","0","1","663.75","0","38.1","19","0","4.05","10","20","0","1","623","0","43.7","35","0","4.35"
,"11","20","0","1","1075.375","0","48.25","22","0","3.75","11","20","0","1","1003.875","0","34.05","23","0","4.1","11","20","0","1","1076","0","49.75","35","0","4.25","11","20","0","1","889.5","0","53.35","27","0","4.05","11","20","0","1","776.125","0","38.85","18","0","3.75","11","20","0","1","623.75","0","38.1","19","0","4.05","11","20","0","1","573","0","43.7","41","0","4.4"
,"12","20","0","1","1075.375","0","48.25","22","0","3.8","12","20","0","1","998.875","0","34.05","24","0","4.15","12","20","0","1","1066","0","49.75","35","0","4.25","12","20","0","1","869.5","0","53.35","27","0","4.05","12","20","0","1","746.125","0","38.85","18","0","3.75","12","20","0","1","583.75","0","38.1","19","0","4.05","12","20","0","1","523","0","43.7","47","0","4.45"
,"13","20","0","1","1075.375","0","48.25","22","0","3.8","13","20","0","1","993.875","0","34.05","24","0","4.15","13","20","0","1","1056","0","49.75","35","0","4.3","13","20","0","1","849.5","0","53.35","27","0","4.05","13","20","0","1","716.125","0","38.85","18","0","3.75","13","20","0","1","543.75","0","38.1","19","0","4.1","13","20","0","1","473","0","43.7","47","0","4.45"
,"14","20","0","1","1075.375","0","48.25","22","0","3.8","14","20","0","1","988.875","0","34.05","24","0","4.15","14","20","0","1","1046","0","49.75","35","0","4.3","14","20","0","1","829.5","0","53.35","27","0","4.1","14","20","0","1","686.125","0","38.85","18","0","3.8","14","20","0","1","503.75","0","38.1","19","0","4.1","14","20","0","1","423","0","43.7","47","0","4.45"
,"15","20","0","1","1075.375","0","48.25","22","0","3.8","15","20","0","1","983.875","0","34.05","24","0","4.15","15","20","0","1","1036","0","49.75","35","0","4.3","15","20","0","1","809.5","0","53.35","27","0","4.1","15","20","0","1","656.125","0","38.85","18","0","3.8","15","20","0","1","463.75","0","38.1","19","0","4.1","15","20","0","1","373","0","43.7","47","0","4.45"
,"16","20","0","1","1075.375","0","48.25","22","0","3.8","16","20","0","1","978.875","0","34.05","30","0","4.2","16","20","0","1","1026","0","49.75","35","0","4.3","16","20","0","1","789.5","0","53.35","27","0","4.1","16","20","0","1","626.125","0","38.85","18","0","3.8","16","20","0","1","423.75","0","38.1","19","0","4.1","16","20","0","1","323","0","43.7","47","0","4.5"
,"17","20","0","1","1075.375","0","48.25","22","0","3.8","17","20","0","1","973.875","0","34.05","32","0","4.25","17","20","0","1","1016","0","49.75","35","0","4.3","17","20","0","1","769.5","0","53.35","27","0","4.1","17","20","0","1","596.125","0","38.85","18","0","3.8","17","20","0","1","383.75","0","38.1","19","0","4.1","17","20","0","1","273","0","43.7","47","0","4.5"
,"18","20","0","1","1075.375","0","48.25","22","0","3.8","18","20","0","1","968.875","0","34.05","32","0","4.3","18","20","0","1","1006","0","49.75","35","0","4.35","18","20","0","1","749.5","0","53.35","27","0","4.1","18","20","0","1","566.125","0","38.85","18","0","3.85","18","20","0","1","343.75","0","38.1","19","0","4.1","18","20","0","1","223","0","43.7","47","0","4.5"
,"19","20","0","1","1075.375","0","48.25","22","0","3.8","19","20","0","1","963.875","0","34.05","32","0","4.3","19","20","0","1","996","0","49.75","35","0","4.35","19","20","0","1","729.5","0","53.35","27","0","4.15","19","20","0","1","536.125","0","38.85","18","0","3.85","19","20","0","1","303.75","0","38.1","19","0","4.1","19","20","0","1","173","0","43.7","47","0","4.55"
,"20","20","0","1","1075.375","0","48.25","22","0","3.8","20","20","0","1","958.875","0","34.05","32","0","4.3","20","20","0","1","986","0","49.75","35","0","4.35","20","20","0","1","709.5","0","53.35","27","0","4.15","20","20","0","1","506.125","0","38.85","18","0","3.85","20","20","0","1","263.75","0","38.1","19","0","4.15","20","20","0","1","123","0","43.7","47","0","4.55"
,"21","20","0","1","1075.375","0","48.25","22","0","3.8","21","20","0","1","953.875","0","34.05","32","0","4.3","21","20","0","1","976","0","49.75","35","0","4.35","21","20","0","1","689.5","0","53.35","27","0","4.15","21","20","0","1","476.125","0","38.85","18","0","3.85","21","20","0","1","223.75","0","38.1","19","0","4.15","21","20","0","1","198","125","43.7","47","0","4.55"
,"22","20","0","1","1075.375","0","48.25","22","0","3.9","22","20","0","1","948.875","0","34.05","32","0","4.3","22","20","0","1","966","0","49.75","35","0","4.35","22","20","0","1","669.5","0","53.35","27","0","4.15","22","20","0","1","446.125","0","38.85","18","0","3.85","22","20","0","1","183.75","0","38.1","19","0","4.15","22","20","0","1","173","150","43.7","48","0","4.6"
,"23","20","0","1","1075.375","0","48.25","22","0","3.9","23","20","0","1","943.875","0","34.05","32","0","4.3","23","20","0","1","956","0","49.75","35","0","4.35","23","20","0","1","649.5","0","53.35","27","0","4.15","23","20","0","1","416.125","0","38.85","18","0","3.85","23","20","0","1","143.75","0","38.1","19","0","4.15","23","20","0","1","198","225","43.7","48","0","4.6"
,"24","20","0","1","1075.375","0","48.25","22","0","3.95","24","20","0","1","938.875","0","34.05","32","0","4.3","24","20","0","1","946","0","49.75","35","0","4.35","24","20","0","1","629.5","0","53.35","27","0","4.15","24","20","0","1","386.125","0","38.85","18","0","3.85","24","20","0","1","103.75","0","38.1","19","0","4.15","24","20","0","1","173","250","43.7","48","0","4.6"
,"25","20","0","1","1075.375","0","48.25","23","0","4","25","20","0","1","933.875","0","34.05","32","0","4.3","25","20","0","1","936","0","49.75","35","0","4.35","25","20","0","1","609.5","0","53.35","27","0","4.15","25","20","0","1","356.125","0","38.85","18","0","3.9","25","20","0","1","63.75","0","38.1","19","0","4.15","25","20","0","1","148","275","43.7","48","0","4.6"
,"26","20","0","1","1075.375","0","48.25","23","0","4","26","20","0","1","928.875","0","34.05","32","0","4.3","26","20","0","1","926","0","49.75","40","0","4.4","26","20","0","1","589.5","0","53.35","27","0","4.15","26","20","0","1","326.125","0","38.85","20","0","3.95","26","20","0","1","198.75","175","38.1","19","0","4.15","26","20","0","1","98","275","43.7","48","0","4.6"
,"27","20","0","1","1075.375","0","48.25","28","0","4.05","27","20","0","1","923.875","0","34.05","32","0","4.3","27","20","0","1","916","0","49.75","40","0","4.4","27","20","0","1","569.5","0","53.35","27","0","4.15","27","20","0","1","296.125","0","38.85","20","0","3.95","27","20","0","1","283.75","300","38.1","19","0","4.15","27","20","0","1","48","275","43.7","48","0","4.65"
,"28","20","0","1","1075.375","0","48.25","28","0","4.05","28","20","0","1","918.875","0","34.05","32","0","4.3","28","20","0","1","906","0","49.75","44","0","4.45","28","20","0","1","549.5","0","53.35","27","0","4.15","28","20","0","1","266.125","0","38.85","20","0","4","28","20","0","1","243.75","300","38.1","19","0","4.15","28","20","0","1","23","300","43.7","48","0","4.65"
,"29","20","0","1","1075.375","0","48.25","28","0","4.05","29","20","0","1","913.875","0","34.05","32","0","4.3","29","20","0","1","896","0","49.75","44","0","4.45","29","20","0","1","529.5","0","53.35","27","0","4.15","29","20","0","1","236.125","0","38.85","22","0","4.1","29","20","0","1","228.75","325","38.1","19","0","4.15","29","20","0","1","-2","325","43.7","48","0","4.65"
,"30","20","0","1","1075.375","0","48.25","28","0","4.05","30","20","0","1","908.875","0","34.05","32","0","4.35","30","20","0","1","886","0","49.75","44","0","4.45","30","20","0","1","509.5","0","53.35","27","0","4.15","30","20","0","1","206.125","0","38.85","22","0","4.1","30","20","0","1","188.75","325","38.1","19","0","4.2","30","20","0","1","-52","325","43.7","48","0","4.65"
,"31","20","0","1","1075.375","0","48.25","28","0","4.1","31","20","0","1","903.875","0","34.05","32","0","4.35","31","20","0","1","876","0","49.75","44","0","4.45","31","20","0","1","489.5","0","53.35","27","0","4.2","31","20","0","1","176.125","0","38.85","22","0","4.1","31","20","0","1","173.75","350","38.1","19","0","4.25","31","20","0","1","148","575","43.7","48","0","4.65"
,"32","20","0","1","1075.375","0","48.25","28","0","4.1","32","20","0","1","898.875","0","34.05","32","0","4.35","32","20","0","1","866","0","49.75","44","0","4.45","32","20","0","1","469.5","0","53.35","27","0","4.2","32","20","0","1","146.125","0","38.85","22","0","4.1","32","20","0","1","133.75","350","38.1","19","0","4.25","32","20","0","1","148","625","43.7","48","0","4.65"
,"33","20","0","1","1075.375","0","48.25","28","0","4.1","33","20","0","1","893.875","0","34.05","32","0","4.35","33","20","0","1","856","0","49.75","44","0","4.45","33","20","0","1","449.5","0","53.35","27","0","4.2","33","20","0","1","116.125","0","38.85","22","0","4.15","33","20","0","1","143.75","400","38.1","19","0","4.25","33","20","0","1","123","650","43.7","48","0","4.7"
,"34","20","0","1","1075.375","0","48.25","28","0","4.1","34","20","0","1","888.875","0","34.05","32","0","4.35","34","20","0","1","846","0","49.75","44","0","4.45","34","20","0","1","429.5","0","53.35","27","0","4.2","34","20","0","1","286.125","200","38.85","22","0","4.15","34","20","0","1","128.75","425","38.1","19","0","4.25","34","20","0","1","123","700","43.7","48","0","4.75"
,"35","20","0","1","1075.375","0","48.25","28","0","4.1","35","20","0","1","883.875","0","34.05","32","0","4.35","35","20","0","1","836","0","49.75","44","0","4.45","35","20","0","1","409.5","0","53.35","27","0","4.2","35","20","0","1","281.125","225","38.85","22","0","4.15","35","20","0","1","88.75","425","38.1","19","0","4.25","35","20","0","1","98","725","43.7","48","0","4.75"
,"36","20","0","1","1075.375","0","48.25","28","0","4.1","36","20","0","1","878.875","0","34.05","32","0","4.35","36","20","0","1","826","0","49.75","44","0","4.45","36","20","0","1","389.5","0","53.35","27","0","4.2","36","20","0","1","276.125","250","38.85","22","0","4.15","36","20","0","1","48.75","425","38.1","19","0","4.25","36","20","0","1","48","725","43.7","48","0","4.75"
,"37","20","0","1","1075.375","0","48.25","28","0","4.1","37","20","0","1","873.875","0","34.05","32","0","4.35","37","20","0","1","816","0","49.75","44","0","4.45","37","20","0","1","369.5","0","53.35","27","0","4.2","37","20","0","1","246.125","250","38.85","22","0","4.2","37","20","0","1","58.75","475","38.1","19","0","4.25","37","20","0","1","-2","725","43.7","48","0","4.75"
,"38","20","0","1","1075.375","0","48.25","28","0","4.1","38","20","0","1","868.875","0","34.05","32","0","4.35","38","20","0","1","806","0","49.75","44","0","4.45","38","20","0","1","349.5","0","53.35","27","0","4.2","38","20","0","1","341.125","375","38.85","22","0","4.2","38","20","0","1","193.75","650","38.1","19","0","4.25","38","20","0","1","-52","725","43.7","48","0","4.75"
,"39","20","0","1","1075.375","0","48.25","30","0","4.15","39","20","0","1","863.875","0","34.05","32","0","4.35","39","20","0","1","796","0","49.75","44","0","4.45","39","20","0","1","329.5","0","53.35","27","0","4.25","39","20","0","1","361.125","425","38.85","22","0","4.2","39","20","0","1","203.75","700","38.1","19","0","4.25","39","20","0","1","-102","725","43.7","48","0","4.75"
,"40","20","0","1","1075.375","0","48.25","30","0","4.2","40","20","0","1","858.875","0","34.05","32","0","4.35","40","20","0","1","786","0","49.75","44","0","4.45","40","20","0","1","309.5","0","53.35","27","0","4.25","40","20","0","1","331.125","425","38.85","22","0","4.2","40","20","0","1","213.75","750","38.1","19","0","4.25","40","20","0","1","-127","750","43.7","48","0","4.75"
,"41","20","0","1","1075.375","0","48.25","35","0","4.25","41","20","0","1","853.875","0","34.05","32","0","4.35","41","20","0","1","776","0","49.75","44","0","4.45","41","20","0","1","289.5","0","53.35","27","0","4.25","41","20","0","1","301.125","425","38.85","22","0","4.2","41","20","0","1","198.75","775","38.1","19","0","4.25","41","20","0","1","-27","900","43.7","48","0","4.75"
,"42","20","0","1","1075.375","0","48.25","35","0","4.25","42","20","0","1","848.875","0","34.05","32","0","4.35","42","20","0","1","766","0","49.75","44","0","4.5","42","20","0","1","269.5","0","53.35","27","0","4.25","42","20","0","1","271.125","425","38.85","22","0","4.25","42","20","0","1","208.75","825","38.1","19","0","4.25","42","20","0","1","-2","975","43.7","48","0","4.75"
,"43","20","0","1","1075.375","0","48.25","35","0","4.25","43","20","0","1","843.875","0","34.05","32","0","4.35","43","20","0","1","756","0","49.75","44","0","4.5","43","20","0","1","249.5","0","53.35","27","0","4.25","43","20","0","1","266.125","450","38.85","22","0","4.25","43","20","0","1","193.75","850","38.1","19","0","4.25","43","20","0","1","23","1050","43.7","48","0","4.75"
,"44","20","0","1","1075.375","0","48.25","35","0","4.25","44","20","0","1","838.875","0","34.05","32","0","4.4","44","20","0","1","746","0","49.75","44","0","4.5","44","20","0","1","229.5","0","53.35","27","0","4.3","44","20","0","1","236.125","450","38.85","22","0","4.25","44","20","0","1","153.75","850","38.1","19","0","4.25","44","20","0","1","-27","1050","43.7","48","0","4.75"
,"45","20","0","1","1075.375","0","48.25","35","0","4.25","45","20","0","1","833.875","0","34.05","32","0","4.4","45","20","0","1","736","0","49.75","44","0","4.5","45","20","0","1","209.5","0","53.35","30","0","4.35","45","20","0","1","206.125","450","38.85","22","0","4.25","45","20","0","1","113.75","850","38.1","19","0","4.25","45","20","0","1","-27","1100","43.7","49","0","4.8"
,"46","20","0","1","1075.375","0","48.25","35","0","4.25","46","20","0","1","828.875","0","34.05","32","0","4.4","46","20","0","1","726","0","49.75","44","0","4.55","46","20","0","1","189.5","0","53.35","30","0","4.35","46","20","0","1","176.125","450","38.85","22","0","4.25","46","20","0","1","73.75","850","38.1","19","0","4.3","46","20","0","1","-52","1125","43.7","49","0","4.85"
,"47","20","0","1","1075.375","0","48.25","35","0","4.3","47","20","0","1","823.875","0","34.05","32","0","4.4","47","20","0","1","716","0","49.75","44","0","4.55","47","20","0","1","169.5","0","53.35","30","0","4.35","47","20","0","1","146.125","450","38.85","22","0","4.25","47","20","0","1","58.75","875","38.1","19","0","4.3","47","20","0","1","-77","1150","43.7","50","0","4.9"
,"48","20","0","1","1075.375","0","48.25","35","0","4.35","48","20","0","1","818.875","0","34.05","32","0","4.4","48","20","0","1","706","0","49.75","44","0","4.55","48","20","0","1","149.5","0","53.35","30","0","4.35","48","20","0","1","116.125","450","38.85","22","0","4.25","48","20","0","1","18.75","875","38.1","19","0","4.3","48","20","0","1","-77","1200","43.7","50","0","4.9"
,"49","20","0","1","1075.375","0","48.25","35","0","4.35","49","20","0","1","813.875","0","34.05","32","0","4.4","49","20","0","1","696","0","49.75","44","0","4.55","49","20","0","1","129.5","0","53.35","30","0","4.35","49","20","0","1","86.125","450","38.85","22","0","4.25","49","20","0","1","-21.25","875","38.1","19","0","4.3","49","20","0","1","-77","1250","43.7","50","0","4.9"
,"50","20","0","1","1075.375","0","48.25","35","0","4.35","50","20","0","1","808.875","0","34.05","32","0","4.4","50","20","0","1","686","0","49.75","44","0","4.6","50","20","0","1","109.5","0","53.35","30","0","4.35","50","20","0","1","56.125","450","38.85","22","0","4.25","50","20","0","1","-61.25","875","38.1","19","0","4.3","50","20","0","1","-102","1275","43.7","56","0","4.95"
,"51","20","0","1","1075.375","0","48.25","35","0","4.35","51","20","0","1","803.875","0","34.05","32","0","4.45","51","20","0","1","676","0","49.75","44","0","4.6","51","20","0","1","289.5","200","53.35","30","0","4.35","51","20","0","1","176.125","600","38.85","22","0","4.25","51","20","0","1","123.75","1100","38.1","19","0","4.3","51","20","0","1","-2","1425","43.7","56","0","4.95"
,"52","20","0","1","1075.375","0","48.25","35","0","4.35","52","20","0","1","798.875","0","34.05","32","0","4.45","52","20","0","1","666","0","49.75","44","0","4.6","52","20","0","1","294.5","225","53.35","30","0","4.35","52","20","0","1","171.125","625","38.85","22","0","4.25","52","20","0","1","108.75","1125","38.1","19","0","4.3","52","20","0","1","23","1500","43.7","56","0","4.95"
,"53","20","0","1","1075.375","0","48.25","35","0","4.35","53","20","0","1","793.875","0","34.05","32","0","4.45","53","20","0","1","656","0","49.75","44","0","4.6","53","20","0","1","324.5","275","53.35","30","0","4.35","53","20","0","1","166.125","650","38.85","22","0","4.3","53","20","0","1","143.75","1200","38.1","19","0","4.3","53","20","0","1","73","1600","43.7","56","0","4.95"
,"54","20","0","1","1075.375","0","48.25","35","0","4.35","54","20","0","1","788.875","0","34.05","32","0","4.45","54","20","0","1","646","0","49.75","44","0","4.6","54","20","0","1","304.5","275","53.35","30","0","4.35","54","20","0","1","211.125","725","38.85","22","0","4.3","54","20","0","1","128.75","1225","38.1","19","0","4.35","54","20","0","1","23","1600","43.7","56","0","5"
,"55","20","0","1","1075.375","0","48.25","35","0","4.35","55","20","0","1","783.875","0","34.05","32","0","4.45","55","20","0","1","636","0","49.75","45","0","4.65","55","20","0","1","284.5","275","53.35","30","0","4.35","55","20","0","1","281.125","825","38.85","22","0","4.3","55","20","0","1","113.75","1250","38.1","19","0","4.35","55","20","0","1","-2","1625","43.7","56","0","5"
,"56","20","0","1","1075.375","0","48.25","35","0","4.4","56","20","0","1","778.875","0","34.05","32","0","4.45","56","20","0","1","626","0","49.75","45","0","4.65","56","20","0","1","264.5","275","53.35","30","0","4.35","56","20","0","1","276.125","850","38.85","22","0","4.3","56","20","0","1","98.75","1275","38.1","19","0","4.35","56","20","0","1","-52","1625","43.7","56","0","5"
,"57","20","0","1","1075.375","0","48.25","35","0","4.4","57","20","0","1","773.875","0","34.05","32","0","4.45","57","20","0","1","616","0","49.75","46","0","4.7","57","20","0","1","294.5","325","53.35","33","0","4.4","57","20","0","1","246.125","850","38.85","22","0","4.3","57","20","0","1","58.75","1275","38.1","19","0","4.35","57","20","0","1","-77","1650","43.7","56","0","5"
,"58","20","0","1","1075.375","0","48.25","35","0","4.4","58","20","0","1","768.875","0","34.05","32","0","4.5","58","20","0","1","606","0","49.75","46","0","4.7","58","20","0","1","274.5","325","53.35","33","0","4.4","58","20","0","1","241.125","875","38.85","22","0","4.3","58","20","0","1","18.75","1275","38.1","19","0","4.35","58","20","0","1","-52","1725","43.7","56","0","5"
,"59","20","0","1","1075.375","0","48.25","35","0","4.4","59","20","0","1","763.875","0","34.05","32","0","4.5","59","20","0","1","596","0","49.75","46","0","4.7","59","20","0","1","254.5","325","53.35","33","0","4.4","59","20","0","1","211.125","875","38.85","27","0","4.35","59","20","0","1","3.75","1300","38.1","19","0","4.35","59","20","0","1","-102","1725","43.7","56","0","5"
,"60","20","0","1","1075.375","0","48.25","35","0","4.4","60","20","0","1","758.875","0","34.05","32","0","4.5","60","20","0","1","586","0","49.75","46","0","4.7","60","20","0","1","234.5","325","53.35","33","0","4.4","60","20","0","1","181.125","875","38.85","27","0","4.35","60","20","0","1","-36.25","1300","38.1","19","0","4.35","60","20","0","1","-127","1750","43.7","56","0","5"
,"61","20","0","1","1075.375","0","48.25","35","0","4.4","61","20","0","1","753.875","0","34.05","32","0","4.5","61","20","0","1","576","0","49.75","46","0","4.7","61","20","0","1","239.5","350","53.35","33","0","4.4","61","20","0","1","151.125","875","38.85","27","0","4.35","61","20","0","1","-76.25","1300","38.1","19","0","4.35","61","20","0","1","-52","1875","43.7","56","0","5"
,"62","20","0","1","1075.375","0","48.25","35","0","4.4","62","20","0","1","748.875","0","34.05","32","0","4.5","62","20","0","1","566","0","49.75","46","0","4.7","62","20","0","1","219.5","350","53.35","33","0","4.4","62","20","0","1","121.125","875","38.85","27","0","4.35","62","20","0","1","-91.25","1325","38.1","19","0","4.35","62","20","0","1","-2","1975","43.7","56","0","5"
,"63","20","0","1","1075.375","0","48.25","35","0","4.4","63","20","0","1","743.875","0","34.05","32","0","4.5","63","20","0","1","556","0","49.75","46","0","4.7","63","20","0","1","199.5","350","53.35","37","0","4.5","63","20","0","1","91.125","875","38.85","27","0","4.4","63","20","0","1","43.75","1500","38.1","19","0","4.4","63","20","0","1","23","2050","43.7","56","0","5"
,"64","20","0","1","1075.375","0","48.25","35","0","4.4","64","20","0","1","738.875","0","34.05","32","0","4.5","64","20","0","1","546","0","49.75","46","0","4.7","64","20","0","1","179.5","350","53.35","37","0","4.55","64","20","0","1","61.125","875","38.85","27","0","4.4","64","20","0","1","78.75","1575","38.1","19","0","4.45","64","20","0","1","-2","2075","43.7","56","0","5"
,"65","20","0","1","1075.375","0","48.25","35","0","4.4","65","20","0","1","733.875","0","34.05","32","0","4.5","65","20","0","1","536","0","49.75","46","0","4.7","65","20","0","1","159.5","350","53.35","37","0","4.6","65","20","0","1","31.125","875","38.85","27","0","4.4","65","20","0","1","188.75","1725","38.1","19","0","4.45","65","20","0","1","-27","2100","43.7","56","0","5.05"
,"66","20","0","1","1075.375","0","48.25","35","0","4.45","66","20","0","1","728.875","0","34.05","32","0","4.5","66","20","0","1","526","0","49.75","46","0","4.75","66","20","0","1","189.5","400","53.35","37","0","4.6","66","20","0","1","1.125","875","38.85","27","0","4.4","66","20","0","1","148.75","1725","38.1","19","0","4.45","66","20","0","1","-27","2150","43.7","56","0","5.05"
,"67","20","0","1","1075.375","0","48.25","38","0","4.5","67","20","0","1","723.875","0","34.05","32","0","4.5","67","20","0","1","516","0","49.75","46","0","4.75","67","20","0","1","194.5","425","53.35","37","0","4.6","67","20","0","1","121.125","1025","38.85","27","0","4.4","67","20","0","1","108.75","1725","38.1","19","0","4.45","67","20","0","1","-77","2150","43.7","57","0","5.1"
,"68","20","0","1","1075.375","0","48.25","38","0","4.5","68","20","0","1","718.875","0","34.05","32","0","4.55","68","20","0","1","506","0","49.75","46","0","4.8","68","20","0","1","174.5","425","53.35","37","0","4.6","68","20","0","1","141.125","1075","38.85","27","0","4.4","68","20","0","1","118.75","1775","38.1","19","0","4.45","68","20","0","1","-102","2175","43.7","57","0","5.1"
,"69","20","0","1","1075.375","0","48.25","38","0","4.5","69","20","0","1","713.875","0","34.05","32","0","4.55","69","20","0","1","496","0","49.75","46","0","4.8","69","20","0","1","154.5","425","53.35","37","0","4.6","69","20","0","1","111.125","1075","38.85","27","0","4.4","69","20","0","1","78.75","1775","38.1","19","0","4.45","69","20","0","1","-77","2250","43.7","57","0","5.1"
,"70","20","0","1","1075.375","0","48.25","38","0","4.5","70","20","0","1","708.875","0","34.05","32","0","4.55","70","20","0","1","486","0","49.75","46","0","4.8","70","20","0","1","134.5","425","53.35","37","0","4.6","70","20","0","1","81.125","1075","38.85","27","0","4.4","70","20","0","1","38.75","1775","38.1","19","0","4.45","70","20","0","1","-127","2250","43.7","57","0","5.15"
,"71","20","0","1","1075.375","0","48.25","38","0","4.5","71","20","0","1","703.875","0","34.05","35","0","4.6","71","20","0","1","476","0","49.75","46","0","4.8","71","20","0","1","114.5","425","53.35","37","0","4.6","71","20","0","1","201.125","1225","38.85","30","0","4.45","71","20","0","1","-1.25","1775","38.1","19","0","4.45","71","15","5","0.75","80.66666666666667","2466.6666666666665","43.7","45","12","5.466666666666667"
,"72","20","0","1","1075.375","0","48.25","38","0","4.5","72","20","0","1","698.875","0","34.05","35","0","4.6","72","20","0","1","466","0","49.75","46","0","4.8","72","20","0","1","94.5","425","53.35","37","0","4.6","72","20","0","1","246.125","1300","38.85","30","0","4.45","72","20","0","1","-16.25","1800","38.1","19","0","4.45","72","15","5","0.75","30.666666666666668","2466.6666666666665","43.7","45","12","5.466666666666667"
,"73","20","0","1","1075.375","0","48.25","43","0","4.55","73","20","0","1","693.875","0","34.05","35","0","4.65","73","20","0","1","456","0","49.75","46","0","4.8","73","20","0","1","74.5","425","53.35","41","0","4.65","73","20","0","1","216.125","1300","38.85","30","0","4.45","73","20","0","1","-56.25","1800","38.1","19","0","4.5","73","15","5","0.75","-19.333333333333332","2466.6666666666665","43.7","45","12","5.466666666666667"
,"74","20","0","1","1075.375","0","48.25","43","0","4.55","74","20","0","1","688.875","0","34.05","35","0","4.65","74","20","0","1","446","0","49.75","46","0","4.8","74","20","0","1","54.5","425","53.35","41","0","4.65","74","20","0","1","186.125","1300","38.85","30","0","4.5","74","20","0","1","-96.25","1800","38.1","19","0","4.5","74","15","5","0.75","-69.33333333333333","2466.6666666666665","43.7","45","12","5.466666666666667"
,"75","20","0","1","1075.375","0","48.25","43","0","4.55","75","20","0","1","683.875","0","34.05","35","0","4.65","75","20","0","1","436","0","49.75","46","0","4.8","75","20","0","1","34.5","425","53.35","41","0","4.65","75","20","0","1","156.125","1300","38.85","33","0","4.55","75","20","0","1","-136.25","1800","38.1","19","0","4.55","75","15","5","0.75","-52.666666666666664","2533.3333333333335","43.7","45","12","5.466666666666667"
,"76","20","0","1","1075.375","0","48.25","43","0","4.55","76","20","0","1","678.875","0","34.05","35","0","4.65","76","20","0","1","426","0","49.75","46","0","4.85","76","20","0","1","214.5","625","53.35","41","0","4.65","76","20","0","1","126.125","1300","38.85","33","0","4.55","76","20","0","1","-1.25","1975","38.1","19","0","4.55","76","15","5","0.75","-102.66666666666667","2533.3333333333335","43.7","45","12","5.466666666666667"
,"77","20","0","1","1075.375","0","48.25","43","0","4.55","77","20","0","1","673.875","0","34.05","35","0","4.65","77","20","0","1","416","0","49.75","46","0","4.85","77","20","0","1","244.5","675","53.35","41","0","4.65","77","20","0","1","96.125","1300","38.85","33","0","4.55","77","20","0","1","8.75","2025","38.1","19","0","4.55","77","14","6","0.7","-67.14285714285714","2607.1428571428573","43.7","45","12","5.642857142857143"
,"78","20","0","1","1075.375","0","48.25","43","0","4.55","78","20","0","1","668.875","0","34.05","35","0","4.65","78","20","0","1","406","0","49.75","46","0","4.85","78","20","0","1","274.5","725","53.35","41","0","4.7","78","20","0","1","66.125","1300","38.85","33","0","4.55","78","20","0","1","43.75","2100","38.1","19","0","4.55","78","14","6","0.7","-117.14285714285714","2607.1428571428573","43.7","45","12","5.642857142857143"
,"79","20","0","1","1075.375","0","48.25","43","0","4.6","79","20","0","1","663.875","0","34.05","35","0","4.65","79","20","0","1","396","0","49.75","46","0","4.85","79","20","0","1","254.5","725","53.35","41","0","4.75","79","20","0","1","36.125","1300","38.85","33","0","4.55","79","20","0","1","53.75","2150","38.1","19","0","4.55","79","14","6","0.7","-167.14285714285714","2607.1428571428573","43.7","47","12","5.714285714285714"
,"80","20","0","1","1075.375","0","48.25","43","0","4.6","80","20","0","1","658.875","0","34.05","35","0","4.75","80","20","0","1","386","0","49.75","46","0","4.9","80","20","0","1","234.5","725","53.35","41","0","4.75","80","20","0","1","6.125","1300","38.85","33","0","4.6","80","20","0","1","13.75","2150","38.1","19","0","4.55","80","14","6","0.7","-181.42857142857142","2642.8571428571427","43.7","47","12","5.714285714285714"
,"81","20","0","1","1075.375","0","48.25","43","0","4.6","81","20","0","1","653.875","0","34.05","35","0","4.8","81","20","0","1","376","0","49.75","46","0","4.95","81","20","0","1","214.5","725","53.35","41","0","4.8","81","20","0","1","1.125","1325","38.85","35","0","4.65","81","20","0","1","-1.25","2175","38.1","19","0","4.6","81","9","11","0.45","-168.88888888888889","2611.1111111111113","43.7","46","13","6.666666666666667"
,"82","20","0","1","1075.375","0","48.25","43","0","4.6","82","20","0","1","648.875","0","34.05","35","0","4.8","82","20","0","1","366","0","49.75","46","0","4.95","82","20","0","1","194.5","725","53.35","41","0","4.8","82","20","0","1","-3.875","1350","38.85","38","0","4.7","82","20","0","1","-16.25","2200","38.1","19","0","4.6","82","9","11","0.45","-218.88888888888889","2611.1111111111113","43.7","46","13","6.666666666666667"
,"83","20","0","1","1075.375","0","48.25","43","0","4.6","83","20","0","1","643.875","0","34.05","35","0","4.8","83","20","0","1","356","0","49.75","46","0","4.95","83","20","0","1","199.5","750","53.35","41","0","4.8","83","20","0","1","-33.875","1350","38.85","38","0","4.7","83","20","0","1","-56.25","2200","38.1","19","0","4.6","83","9","11","0.45","-213.33333333333334","2666.6666666666665","43.7","46","13","6.666666666666667"
,"84","20","0","1","1075.375","0","48.25","43","0","4.6","84","20","0","1","638.875","0","34.05","35","0","4.8","84","20","0","1","346","0","49.75","46","0","4.95","84","20","0","1","179.5","750","53.35","41","0","4.8","84","20","0","1","86.125","1500","38.85","38","0","4.7","84","20","0","1","-71.25","2225","38.1","19","0","4.6","84","9","11","0.45","-263.3333333333333","2666.6666666666665","43.7","46","13","6.666666666666667"
,"85","20","0","1","1075.375","0","48.25","43","0","4.65","85","20","0","1","633.875","0","34.05","37","0","4.85","85","20","0","1","336","0","49.75","46","0","4.95","85","20","0","1","184.5","775","53.35","41","0","4.8","85","20","0","1","106.125","1550","38.85","38","0","4.7","85","20","0","1","-111.25","2225","38.1","19","0","4.6","85","8","12","0.4","-351.25","2625","43.7","40","19","6.5"
,"86","20","0","1","1075.375","0","48.25","43","0","4.65","86","20","0","1","628.875","0","34.05","38","0","4.9","86","20","0","1","326","0","49.75","46","0","4.95","86","20","0","1","189.5","800","53.35","41","0","4.8","86","20","0","1","126.125","1600","38.85","38","0","4.7","86","20","0","1","-151.25","2225","38.1","19","0","4.6","86","8","12","0.4","-401.25","2625","43.7","40","19","6.5"
,"87","20","0","1","1075.375","0","48.25","43","0","4.65","87","20","0","1","623.875","0","34.05","41","0","5","87","20","0","1","316","0","49.75","46","0","4.95","87","20","0","1","169.5","800","53.35","41","0","4.8","87","20","0","1","171.125","1675","38.85","38","0","4.7","87","20","0","1","-191.25","2225","38.1","19","0","4.6","87","7","13","0.35","-512.8571428571429","2571.4285714285716","43.7","33","26","6.428571428571429"
,"88","20","0","1","1075.375","0","48.25","43","0","4.65","88","20","0","1","618.875","0","34.05","41","0","5.05","88","20","0","1","306","0","49.75","46","0","4.95","88","20","0","1","174.5","825","53.35","41","0","4.85","88","20","0","1","166.125","1700","38.85","38","0","4.7","88","17","3","0.85","-33.23529411764706","2411.764705882353","38.1","19","0","4.764705882352941","88","7","13","0.35","-562.8571428571429","2571.4285714285716","43.7","33","26","6.571428571428571"
,"89","20","0","1","1075.375","0","48.25","43","0","4.65","89","20","0","1","613.875","0","34.05","41","0","5.05","89","20","0","1","296","0","49.75","46","0","5","89","20","0","1","154.5","825","53.35","41","0","4.85","89","20","0","1","186.125","1750","38.85","38","0","4.75","89","17","3","0.85","-73.23529411764706","2411.764705882353","38.1","19","0","4.764705882352941","89","7","13","0.35","-612.8571428571429","2571.4285714285716","43.7","33","26","6.571428571428571"
,"90","20","0","1","1075.375","0","48.25","43","0","4.65","90","20","0","1","608.875","0","34.05","42","0","5.1","90","20","0","1","286","0","49.75","46","0","5.05","90","20","0","1","134.5","825","53.35","41","0","4.85","90","20","0","1","156.125","1750","38.85","38","0","4.75","90","16","4","0.8","-57.1875","2468.75","38.1","16","3","4.6875","90","7","13","0.35","-591.4285714285714","2642.8571428571427","43.7","33","26","6.571428571428571"
,"91","20","0","1","1075.375","0","48.25","43","0","4.65","91","20","0","1","603.875","0","34.05","42","0","5.2","91","20","0","1","276","0","49.75","46","0","5.05","91","20","0","1","114.5","825","53.35","41","0","4.85","91","20","0","1","151.125","1775","38.85","39","0","4.85","91","16","4","0.8","-34.6875","2531.25","38.1","16","3","4.6875","91","6","14","0.3","-573.3333333333334","2666.6666666666665","43.7","33","26","6.833333333333333"
,"92","20","0","1","1075.375","0","48.25","43","0","4.65","92","20","0","1","598.875","0","34.05","42","0","5.2","92","20","0","1","266","0","49.75","46","0","5.05","92","20","0","1","119.5","850","53.35","41","0","4.85","92","20","0","1","121.125","1775","38.85","39","0","4.85","92","16","4","0.8","-74.6875","2531.25","38.1","16","3","4.6875","92","6","14","0.3","-623.3333333333334","2666.6666666666665","43.7","33","26","6.833333333333333"
,"93","20","0","1","1075.375","0","48.25","43","0","4.65","93","20","0","1","593.875","0","34.05","42","0","5.2","93","20","0","1","256","0","49.75","46","0","5.05","93","20","0","1","149.5","900","53.35","41","0","4.85","93","20","0","1","91.125","1775","38.85","39","0","4.85","93","16","4","0.8","-83.4375","2562.5","38.1","16","3","4.6875","93","6","14","0.3","-590","2750","43.7","33","26","6.833333333333333"
,"94","20","0","1","1075.375","0","48.25","43","0","4.65","94","20","0","1","588.875","0","34.05","42","0","5.2","94","20","0","1","246","0","49.75","46","0","5.05","94","20","0","1","129.5","900","53.35","41","0","4.85","94","20","0","1","86.125","1800","38.85","39","0","4.85","94","16","4","0.8","-123.4375","2562.5","38.1","16","3","4.6875","94","6","14","0.3","-640","2750","43.7","33","26","6.833333333333333"
,"95","20","0","1","1075.375","0","48.25","43","0","4.65","95","20","0","1","583.875","0","34.05","42","0","5.2","95","20","0","1","236","0","49.75","46","0","5.05","95","20","0","1","109.5","900","53.35","41","0","4.85","95","20","0","1","56.125","1800","38.85","40","0","4.9","95","16","4","0.8","-163.4375","2562.5","38.1","16","3","4.6875","95","6","14","0.3","-606.6666666666666","2833.3333333333335","43.7","33","26","6.833333333333333"
,"96","20","0","1","1075.375","0","48.25","43","0","4.65","96","20","0","1","578.875","0","34.05","42","0","5.2","96","20","0","1","226","0","49.75","46","0","5.05","96","20","0","1","89.5","900","53.35","41","0","4.9","96","20","0","1","51.125","1825","38.85","40","0","4.9","96","16","4","0.8","-203.4375","2562.5","38.1","16","3","4.6875","96","6","14","0.3","-656.6666666666666","2833.3333333333335","43.7","33","26","6.833333333333333"
,"97","20","0","1","1075.375","0","48.25","43","0","4.7","97","20","0","1","573.875","0","34.05","42","0","5.2","97","20","0","1","216","0","49.75","46","0","5.05","97","20","0","1","69.5","900","53.35","41","0","4.9","97","20","0","1","21.125","1825","38.85","40","0","4.9","97","16","4","0.8","-212.1875","2593.75","38.1","16","3","4.6875","97","6","14","0.3","-706.6666666666666","2833.3333333333335","43.7","33","26","6.833333333333333"
,"98","20","0","1","1075.375","0","48.25","43","0","4.7","98","20","0","1","568.875","0","34.05","42","0","5.2","98","20","0","1","206","0","49.75","46","0","5.1","98","20","0","1","49.5","900","53.35","41","0","4.9","98","20","0","1","-8.875","1825","38.85","40","0","4.9","98","16","4","0.8","-252.1875","2593.75","38.1","16","3","4.6875","98","6","14","0.3","-756.6666666666666","2833.3333333333335","43.7","33","26","6.833333333333333"
,"99","20","0","1","1075.375","0","48.25","43","0","4.7","99","20","0","1","563.875","0","34.05","42","0","5.2","99","20","0","1","196","0","49.75","46","0","5.2","99","20","0","1","29.5","900","53.35","41","0","4.9","99","20","0","1","-38.875","1825","38.85","40","0","4.9","99","16","4","0.8","-292.1875","2593.75","38.1","16","3","4.6875","99","6","14","0.3","-806.6666666666666","2833.3333333333335","43.7","33","26","6.833333333333333"
,"100","20","0","1","1075.375","0","48.25","43","0","4.7","100","20","0","1","558.875","0","34.05","42","0","5.2","100","20","0","1","186","0","49.75","50","0","5.25","100","20","0","1","9.5","900","53.35","41","0","4.9","100","20","0","1","-68.875","1825","38.85","40","0","4.9","100","15","5","0.75","-352.5","2600","38.1","11","8","4.466666666666667","100","6","14","0.3","-773.3333333333334","2916.6666666666665","43.7","33","26","6.833333333333333"
,"101","20","0","1","1075.375","0","48.25","43","0","4.7","101","20","0","1","553.875","0","34.05","42","0","5.2","101","20","0","1","351","175","49.75","50","0","5.25","101","20","0","1","214.5","1125","53.35","41","0","4.9","101","20","0","1","101.125","2025","38.85","40","0","4.9","101","12","8","0.6","-272.2916666666667","2708.3333333333335","38.1","11","8","4.5","101","6","14","0.3","-656.6666666666666","3083.3333333333335","43.7","33","26","6.833333333333333"
,"102","20","0","1","1075.375","0","48.25","43","0","4.7","102","20","0","1","548.875","0","34.05","42","0","5.2","102","20","0","1","391","225","49.75","50","0","5.3","102","20","0","1","219.5","1150","53.35","41","0","4.9","102","20","0","1","96.125","2050","38.85","40","0","4.9","102","12","8","0.6","-270.625","2750","38.1","11","8","4.5","102","6","14","0.3","-706.6666666666666","3083.3333333333335","43.7","34","26","7"
,"103","20","0","1","1075.375","0","48.25","45","0","4.75","103","20","0","1","543.875","0","34.05","42","0","5.2","103","20","0","1","406","250","49.75","50","0","5.3","103","20","0","1","199.5","1150","53.35","45","0","5","103","20","0","1","66.125","2050","38.85","40","0","4.9","103","12","8","0.6","-268.9583333333333","2791.6666666666665","38.1","11","8","4.5","103","6","14","0.3","-673.3333333333334","3166.6666666666665","43.7","34","26","7"
,"104","20","0","1","1075.375","0","48.25","45","0","4.75","104","20","0","1","538.875","0","34.05","42","0","5.2","104","20","0","1","421","275","49.75","50","0","5.3","104","20","0","1","204.5","1175","53.35","45","0","5","104","20","0","1","111.125","2125","38.85","43","0","4.95","104","12","8","0.6","-308.9583333333333","2791.6666666666665","38.1","11","8","4.5","104","6","14","0.3","-723.3333333333334","3166.6666666666665","43.7","34","26","7"
,"105","20","0","1","1075.375","0","48.25","45","0","4.75","105","20","0","1","533.875","0","34.05","42","0","5.2","105","20","0","1","436","300","49.75","50","0","5.3","105","20","0","1","184.5","1175","53.35","45","0","5","105","20","0","1","156.125","2200","38.85","43","0","4.95","105","12","8","0.6","-348.9583333333333","2791.6666666666665","38.1","11","8","4.5","105","6","14","0.3","-773.3333333333334","3166.6666666666665","43.7","34","26","7"
,"106","20","0","1","1075.375","0","48.25","45","0","4.75","106","20","0","1","528.875","0","34.05","42","0","5.25","106","20","0","1","426","300","49.75","50","0","5.3","106","20","0","1","164.5","1175","53.35","45","0","5.05","106","20","0","1","176.125","2250","38.85","43","0","4.95","106","12","8","0.6","-347.2916666666667","2833.3333333333335","38.1","11","8","4.5","106","6","14","0.3","-823.3333333333334","3166.6666666666665","43.7","34","26","7"
,"107","20","0","1","1075.375","0","48.25","45","0","4.75","107","20","0","1","523.875","0","34.05","42","0","5.25","107","20","0","1","416","300","49.75","50","0","5.3","107","20","0","1","194.5","1225","53.35","45","0","5.05","107","20","0","1","146.125","2250","38.85","43","0","4.95","107","12","8","0.6","-387.2916666666667","2833.3333333333335","38.1","11","8","4.5","107","6","14","0.3","-873.3333333333334","3166.6666666666665","43.7","34","26","7"
,"108","20","0","1","1075.375","0","48.25","45","0","4.75","108","20","0","1","518.875","0","34.05","42","0","5.25","108","20","0","1","406","300","49.75","50","0","5.3","108","20","0","1","174.5","1225","53.35","45","0","5.05","108","20","0","1","116.125","2250","38.85","43","0","4.95","108","12","8","0.6","-427.2916666666667","2833.3333333333335","38.1","11","8","4.5","108","6","14","0.3","-923.3333333333334","3166.6666666666665","43.7","34","26","7"
,"109","20","0","1","1075.375","0","48.25","45","0","4.75","109","20","0","1","513.875","0","34.05","42","0","5.25","109","20","0","1","396","300","49.75","50","0","5.3","109","20","0","1","154.5","1225","53.35","45","0","5.05","109","20","0","1","86.125","2250","38.85","43","0","4.95","109","12","8","0.6","-425.625","2875","38.1","11","8","4.5","109","6","14","0.3","-973.3333333333334","3166.6666666666665","43.7","34","26","7"
,"110","20","0","1","1075.375","0","48.25","48","0","4.8","110","20","0","1","508.875","0","34.05","42","0","5.25","110","20","0","1","386","300","49.75","50","0","5.3","110","20","0","1","134.5","1225","53.35","45","0","5.05","110","20","0","1","56.125","2250","38.85","43","0","4.95","110","12","8","0.6","-465.625","2875","38.1","11","8","4.5","110","5","15","0.25","-1218","3000","43.7","24","36","6.6"
,"111","20","0","1","1075.375","0","48.25","48","0","4.8","111","20","0","1","503.875","0","34.05","42","0","5.25","111","20","0","1","376","300","49.75","50","0","5.3","111","20","0","1","164.5","1275","53.35","45","0","5.05","111","20","0","1","51.125","2275","38.85","43","0","4.95","111","12","8","0.6","-505.625","2875","38.1","11","8","4.5","111","5","15","0.25","-1068","3200","43.7","24","36","6.6"
,"112","20","0","1","1075.375","0","48.25","48","0","4.8","112","20","0","1","498.875","0","34.05","42","0","5.25","112","20","0","1","366","300","49.75","51","0","5.35","112","20","0","1","144.5","1275","53.35","45","0","5.05","112","20","0","1","46.125","2300","38.85","43","0","4.95","112","12","8","0.6","-503.9583333333333","2916.6666666666665","38.1","15","8","4.583333333333333","112","5","15","0.25","-1118","3200","43.7","24","36","6.6"
,"113","20","0","1","1075.375","0","48.25","48","0","4.8","113","20","0","1","493.875","0","34.05","42","0","5.25","113","20","0","1","356","300","49.75","51","0","5.35","113","20","0","1","124.5","1275","53.35","45","0","5.05","113","20","0","1","16.125","2300","38.85","43","0","4.95","113","11","9","0.55","-409.77272727272725","3045.4545454545455","38.1","15","8","4.636363636363637","113","5","15","0.25","-1068","3300","43.7","24","36","6.6"
,"114","20","0","1","1075.375","0","48.25","48","0","4.85","114","20","0","1","488.875","0","34.05","42","0","5.25","114","20","0","1","346","300","49.75","51","0","5.35","114","20","0","1","104.5","1275","53.35","45","0","5.05","114","20","0","1","-13.875","2300","38.85","43","0","4.95","114","11","9","0.55","-449.77272727272725","3045.4545454545455","38.1","15","8","4.636363636363637","114","5","15","0.25","-1118","3300","43.7","24","36","6.6"
,"115","20","0","1","1075.375","0","48.25","48","0","4.85","115","20","0","1","483.875","0","34.05","42","0","5.25","115","20","0","1","336","300","49.75","51","0","5.35","115","20","0","1","84.5","1275","53.35","45","0","5.05","115","20","0","1","-43.875","2300","38.85","43","0","4.95","115","10","10","0.5","-484.75","3050","38.1","13","10","4.6","115","5","15","0.25","-1168","3300","43.7","24","36","6.6"
,"116","20","0","1","1075.375","0","48.25","48","0","4.85","116","20","0","1","478.875","0","34.05","42","0","5.25","116","20","0","1","326","300","49.75","51","0","5.35","116","20","0","1","64.5","1275","53.35","45","0","5.05","116","20","0","1","-73.875","2300","38.85","43","0","5","116","10","10","0.5","-524.75","3050","38.1","13","10","4.6","116","5","15","0.25","-1218","3300","43.7","24","36","6.6"
,"117","20","0","1","1075.375","0","48.25","49","0","4.9","117","20","0","1","473.875","0","34.05","42","0","5.25","117","20","0","1","341","325","49.75","51","0","5.35","117","20","0","1","69.5","1300","53.35","45","0","5.05","117","16","4","0.8","60.15625","2437.5","38.85","42","1","5.375","117","10","10","0.5","-564.75","3050","38.1","13","10","4.6","117","5","15","0.25","-1268","3300","43.7","24","36","6.6"
,"118","20","0","1","1075.375","0","48.25","49","0","4.9","118","20","0","1","468.875","0","34.05","42","0","5.25","118","20","0","1","356","350","49.75","51","0","5.35","118","20","0","1","49.5","1300","53.35","45","0","5.05","118","16","4","0.8","30.15625","2437.5","38.85","42","1","5.375","118","10","10","0.5","-554.75","3100","38.1","13","10","4.6","118","5","15","0.25","-1318","3300","43.7","25","36","7"
,"119","20","0","1","1075.375","0","48.25","49","0","4.9","119","20","0","1","463.875","0","34.05","42","0","5.25","119","20","0","1","371","375","49.75","51","0","5.35","119","20","0","1","79.5","1350","53.35","45","0","5.05","119","16","4","0.8","0.15625","2437.5","38.85","42","1","5.375","119","10","10","0.5","-594.75","3100","38.1","14","10","4.7","119","5","15","0.25","-1368","3300","43.7","25","36","7"
,"120","20","0","1","1075.375","0","48.25","49","0","4.9","120","20","0","1","458.875","0","34.05","42","0","5.25","120","20","0","1","361","375","49.75","51","0","5.35","120","20","0","1","59.5","1350","53.35","45","0","5.05","120","15","5","0.75","35.5","2500","38.85","39","4","5.466666666666667","120","10","10","0.5","-634.75","3100","38.1","14","10","4.7","120","5","15","0.25","-1418","3300","43.7","25","36","7"
,"121","20","0","1","1075.375","0","48.25","49","0","4.9","121","20","0","1","453.875","0","34.05","42","0","5.25","121","20","0","1","351","375","49.75","51","0","5.35","121","20","0","1","39.5","1350","53.35","45","0","5.05","121","15","5","0.75","105.5","2600","38.85","39","4","5.466666666666667","121","10","10","0.5","-674.75","3100","38.1","14","10","4.7","121","4","16","0.2","-1700","3125","43.7","16","45","6.5"
,"122","20","0","1","1075.375","0","48.25","49","0","4.9","122","20","0","1","448.875","0","34.05","42","0","5.25","122","20","0","1","341","375","49.75","51","0","5.35","122","20","0","1","19.5","1350","53.35","45","0","5.05","122","15","5","0.75","108.83333333333333","2633.3333333333335","38.85","39","4","5.466666666666667","122","9","11","0.45","-790.2777777777778","3055.5555555555557","38.1","6","18","4.555555555555555","122","4","16","0.2","-1750","3125","43.7","16","45","6.5"
,"123","20","0","1","1075.375","0","48.25","49","0","4.9","123","20","0","1","443.875","0","34.05","42","0","5.25","123","20","0","1","331","375","49.75","56","0","5.4","123","20","0","1","-0.5","1350","53.35","45","0","5.05","123","15","5","0.75","78.83333333333333","2633.3333333333335","38.85","39","4","5.466666666666667","123","9","11","0.45","-830.2777777777778","3055.5555555555557","38.1","6","18","4.555555555555555","123","3","17","0.15","-2383.3333333333335","2666.6666666666665","43.7","9","52","6.333333333333333"
,"124","20","0","1","1075.375","0","48.25","49","0","4.9","124","20","0","1","438.875","0","34.05","42","0","5.25","124","20","0","1","321","375","49.75","56","0","5.4","124","20","0","1","-20.5","1350","53.35","45","0","5.05","124","15","5","0.75","48.833333333333336","2633.3333333333335","38.85","40","4","5.533333333333333","124","9","11","0.45","-870.2777777777778","3055.5555555555557","38.1","6","18","4.555555555555555","124","3","17","0.15","-2433.3333333333335","2666.6666666666665","43.7","9","52","6.333333333333333"
,"125","20","0","1","1075.375","0","48.25","49","0","4.9","125","20","0","1","433.875","0","34.05","42","0","5.25","125","20","0","1","311","375","49.75","56","0","5.4","125","20","0","1","-40.5","1350","53.35","45","0","5.1","125","15","5","0.75","18.833333333333332","2633.3333333333335","38.85","40","4","5.533333333333333","125","9","11","0.45","-910.2777777777778","3055.5555555555557","38.1","6","18","4.555555555555555","125","3","17","0.15","-2483.3333333333335","2666.6666666666665","43.7","9","52","6.333333333333333"
,"126","20","0","1","1075.375","0","48.25","49","0","4.9","126","20","0","1","428.875","0","34.05","42","0","5.3","126","20","0","1","301","375","49.75","56","0","5.4","126","20","0","1","164.5","1575","53.35","48","0","5.2","126","15","5","0.75","-11.166666666666666","2633.3333333333335","38.85","40","4","5.533333333333333","126","9","11","0.45","-728.0555555555555","3277.777777777778","38.1","6","18","4.555555555555555","126","3","17","0.15","-2533.3333333333335","2666.6666666666665","43.7","9","52","6.333333333333333"
,"127","20","0","1","1075.375","0","48.25","49","0","4.9","127","20","0","1","423.875","0","34.05","42","0","5.3","127","20","0","1","291","375","49.75","56","0","5.4","127","20","0","1","194.5","1625","53.35","50","0","5.25","127","15","5","0.75","-41.166666666666664","2633.3333333333335","38.85","40","4","5.533333333333333","127","9","11","0.45","-768.0555555555555","3277.777777777778","38.1","6","18","4.666666666666667","127","3","17","0.15","-2583.3333333333335","2666.6666666666665","43.7","9","52","6.333333333333333"
,"128","20","0","1","1075.375","0","48.25","49","0","4.9","128","20","0","1","418.875","0","34.05","42","0","5.35","128","20","0","1","281","375","49.75","56","0","5.4","128","20","0","1","199.5","1650","53.35","50","0","5.25","128","14","6","0.7","-20.535714285714285","2678.5714285714284","38.85","37","7","5.5","128","9","11","0.45","-752.5","3333.3333333333335","38.1","6","18","4.666666666666667","128","3","17","0.15","-2633.3333333333335","2666.6666666666665","43.7","9","52","6.333333333333333"
,"129","20","0","1","1075.375","0","48.25","49","0","4.95","129","20","0","1","413.875","0","34.05","42","0","5.35","129","20","0","1","271","375","49.75","56","0","5.4","129","20","0","1","179.5","1650","53.35","50","0","5.25","129","14","6","0.7","-50.535714285714285","2678.5714285714284","38.85","37","7","5.5","129","9","11","0.45","-792.5","3333.3333333333335","38.1","6","18","4.666666666666667","129","3","17","0.15","-2683.3333333333335","2666.6666666666665","43.7","9","52","6.333333333333333"
,"130","20","0","1","1075.375","0","48.25","49","0","4.95","130","20","0","1","408.875","0","34.05","42","0","5.35","130","20","0","1","261","375","49.75","56","0","5.4","130","20","0","1","159.5","1650","53.35","50","0","5.25","130","14","6","0.7","-80.53571428571429","2678.5714285714284","38.85","37","7","5.5","130","8","12","0.4","-661.5625","3500","38.1","6","18","4.75","130","3","17","0.15","-2733.3333333333335","2666.6666666666665","43.7","9","52","6.333333333333333"
,"131","20","0","1","1075.375","0","48.25","49","0","4.95","131","20","0","1","403.875","0","34.05","42","0","5.35","131","20","0","1","251","375","49.75","56","0","5.4","131","20","0","1","139.5","1650","53.35","50","0","5.25","131","14","6","0.7","-110.53571428571429","2678.5714285714284","38.85","37","7","5.5","131","8","12","0.4","-639.0625","3562.5","38.1","6","18","4.75","131","3","17","0.15","-2616.6666666666665","2833.3333333333335","43.7","9","52","6.333333333333333"
,"132","20","0","1","1075.375","0","48.25","49","0","4.95","132","20","0","1","398.875","0","34.05","42","0","5.35","132","20","0","1","241","375","49.75","56","0","5.4","132","20","0","1","169.5","1700","53.35","50","0","5.3","132","14","6","0.7","-140.53571428571428","2678.5714285714284","38.85","37","7","5.5","132","8","12","0.4","-679.0625","3562.5","38.1","6","18","4.75","132","3","17","0.15","-2666.6666666666665","2833.3333333333335","43.7","9","52","6.333333333333333"
,"133","20","0","1","1075.375","0","48.25","49","0","4.95","133","20","0","1","393.875","0","34.05","42","0","5.35","133","20","0","1","231","375","49.75","56","0","5.4","133","20","0","1","149.5","1700","53.35","50","0","5.35","133","14","6","0.7","-170.53571428571428","2678.5714285714284","38.85","37","7","5.5","133","8","12","0.4","-719.0625","3562.5","38.1","6","18","4.75","133","3","17","0.15","-2716.6666666666665","2833.3333333333335","43.7","9","52","6.333333333333333"
,"134","20","0","1","1075.375","0","48.25","49","0","4.95","134","20","0","1","388.875","0","34.05","42","0","5.35","134","20","0","1","221","375","49.75","56","0","5.4","134","20","0","1","129.5","1700","53.35","50","0","5.35","134","14","6","0.7","13.75","2892.8571428571427","38.85","37","7","5.5","134","8","12","0.4","-759.0625","3562.5","38.1","6","18","4.875","134","3","17","0.15","-2766.6666666666665","2833.3333333333335","43.7","9","52","6.333333333333333"
,"135","20","0","1","1075.375","0","48.25","49","0","4.95","135","20","0","1","383.875","0","34.05","42","0","5.35","135","20","0","1","211","375","49.75","56","0","5.4","135","20","0","1","109.5","1700","53.35","50","0","5.4","135","14","6","0.7","-16.25","2892.8571428571427","38.85","37","7","5.5","135","8","12","0.4","-799.0625","3562.5","38.1","6","18","4.875","135","3","17","0.15","-2816.6666666666665","2833.3333333333335","43.7","9","52","6.333333333333333"
,"136","20","0","1","1075.375","0","48.25","49","0","4.95","136","20","0","1","378.875","0","34.05","42","0","5.35","136","20","0","1","201","375","49.75","56","0","5.4","136","20","0","1","114.5","1725","53.35","50","0","5.45","136","14","6","0.7","-46.25","2892.8571428571427","38.85","37","7","5.5","136","8","12","0.4","-839.0625","3562.5","38.1","6","18","4.875","136","3","17","0.15","-2866.6666666666665","2833.3333333333335","43.7","9","52","6.333333333333333"
,"137","20","0","1","1075.375","0","48.25","49","0","4.95","137","20","0","1","373.875","0","34.05","42","0","5.35","137","20","0","1","191","375","49.75","56","0","5.4","137","20","0","1","94.5","1725","53.35","50","0","5.45","137","13","7","0.65","-42.11538461538461","2923.076923076923","38.85","33","11","5.384615384615385","137","8","12","0.4","-879.0625","3562.5","38.1","6","18","4.875","137","3","17","0.15","-2750","3000","43.7","9","52","6.333333333333333"
,"138","20","0","1","1075.375","0","48.25","49","0","4.95","138","20","0","1","368.875","0","34.05","42","0","5.35","138","20","0","1","181","375","49.75","56","0","5.4","138","20","0","1","74.5","1725","53.35","50","0","5.45","138","13","7","0.65","43.26923076923077","3038.4615384615386","38.85","33","11","5.384615384615385","138","7","13","0.35","-833.2142857142857","3642.8571428571427","38.1","6","18","4.714285714285714","138","3","17","0.15","-2800","3000","43.7","9","52","6.333333333333333"
,"139","20","0","1","1075.375","0","48.25","49","0","4.95","139","20","0","1","363.875","0","34.05","42","0","5.35","139","20","0","1","171","375","49.75","56","0","5.4","139","20","0","1","54.5","1725","53.35","50","0","5.45","139","13","7","0.65","51.73076923076923","3076.923076923077","38.85","33","11","5.384615384615385","139","7","13","0.35","-873.2142857142857","3642.8571428571427","38.1","6","18","4.714285714285714","139","3","17","0.15","-2850","3000","43.7","9","52","6.333333333333333"
,"140","20","0","1","1075.375","0","48.25","49","0","4.95","140","20","0","1","358.875","0","34.05","42","0","5.35","140","20","0","1","161","375","49.75","56","0","5.4","140","20","0","1","34.5","1725","53.35","50","0","5.45","140","13","7","0.65","21.73076923076923","3076.923076923077","38.85","33","11","5.384615384615385","140","7","13","0.35","-841.7857142857143","3714.285714285714","38.1","6","18","4.714285714285714","140","3","17","0.15","-2900","3000","43.7","9","52","6.333333333333333"
,"141","20","0","1","1075.375","0","48.25","49","0","5","141","20","0","1","353.875","0","34.05","42","0","5.35","141","20","0","1","176","400","49.75","56","0","5.4","141","20","0","1","39.5","1750","53.35","50","0","5.5","141","13","7","0.65","-8.26923076923077","3076.923076923077","38.85","33","11","5.384615384615385","141","7","13","0.35","-881.7857142857143","3714.285714285714","38.1","6","18","4.714285714285714","141","3","17","0.15","-2783.3333333333335","3166.6666666666665","43.7","9","52","6.333333333333333"
,"142","20","0","1","1075.375","0","48.25","49","0","5","142","20","0","1","348.875","0","34.05","42","0","5.35","142","20","0","1","166","400","49.75","56","0","5.4","142","20","0","1","44.5","1775","53.35","50","0","5.5","142","13","7","0.65","-38.26923076923077","3076.923076923077","38.85","33","11","5.384615384615385","142","7","13","0.35","-921.7857142857143","3714.285714285714","38.1","6","18","4.714285714285714","142","3","17","0.15","-2833.3333333333335","3166.6666666666665","43.7","9","52","6.333333333333333"
,"143","20","0","1","1075.375","0","48.25","49","0","5","143","20","0","1","343.875","0","34.05","42","0","5.35","143","20","0","1","156","400","49.75","56","0","5.45","143","20","0","1","24.5","1775","53.35","50","0","5.5","143","13","7","0.65","-68.26923076923077","3076.923076923077","38.85","33","11","5.384615384615385","143","7","13","0.35","-890.3571428571429","3785.714285714286","38.1","6","18","4.714285714285714","143","3","17","0.15","-2883.3333333333335","3166.6666666666665","43.7","9","52","6.333333333333333"
,"144","20","0","1","1075.375","0","48.25","49","0","5.05","144","20","0","1","338.875","0","34.05","45","0","5.4","144","20","0","1","171","425","49.75","56","0","5.45","144","20","0","1","4.5","1775","53.35","50","0","5.5","144","13","7","0.65","-98.26923076923077","3076.923076923077","38.85","33","11","5.384615384615385","144","7","13","0.35","-930.3571428571429","3785.714285714286","38.1","6","18","4.714285714285714","144","3","17","0.15","-2766.6666666666665","3333.3333333333335","43.7","9","52","6.333333333333333"
,"145","20","0","1","1075.375","0","48.25","49","0","5.05","145","20","0","1","333.875","0","34.05","45","0","5.4","145","20","0","1","161","425","49.75","56","0","5.5","145","20","0","1","9.5","1800","53.35","50","0","5.5","145","13","7","0.65","-128.26923076923077","3076.923076923077","38.85","33","11","5.384615384615385","145","7","13","0.35","-970.3571428571429","3785.714285714286","38.1","6","18","4.714285714285714","145","3","17","0.15","-2816.6666666666665","3333.3333333333335","43.7","9","52","6.333333333333333"
,"146","20","0","1","1075.375","0","48.25","49","0","5.05","146","20","0","1","328.875","0","34.05","45","0","5.4","146","20","0","1","151","425","49.75","56","0","5.5","146","20","0","1","-10.5","1800","53.35","50","0","5.5","146","13","7","0.65","-119.8076923076923","3115.3846153846152","38.85","33","11","5.384615384615385","146","7","13","0.35","-1010.3571428571429","3785.714285714286","38.1","6","18","4.714285714285714","146","3","17","0.15","-2866.6666666666665","3333.3333333333335","43.7","9","52","6.333333333333333"
,"147","20","0","1","1075.375","0","48.25","49","0","5.05","147","20","0","1","323.875","0","34.05","45","0","5.4","147","20","0","1","141","425","49.75","56","0","5.5","147","20","0","1","-30.5","1800","53.35","50","0","5.5","147","13","7","0.65","-149.80769230769232","3115.3846153846152","38.85","33","11","5.384615384615385","147","7","13","0.35","-1050.357142857143","3785.714285714286","38.1","6","18","4.714285714285714","147","3","17","0.15","-2916.6666666666665","3333.3333333333335","43.7","9","52","6.333333333333333"
,"148","20","0","1","1075.375","0","48.25","49","0","5.05","148","20","0","1","318.875","0","34.05","45","0","5.4","148","20","0","1","131","425","49.75","56","0","5.5","148","20","0","1","-50.5","1800","53.35","50","0","5.5","148","13","7","0.65","-179.80769230769232","3115.3846153846152","38.85","33","11","5.461538461538462","148","7","13","0.35","-1090.357142857143","3785.714285714286","38.1","6","18","4.714285714285714","148","3","17","0.15","-2966.6666666666665","3333.3333333333335","43.7","9","52","6.333333333333333"
,"149","20","0","1","1075.375","0","48.25","49","0","5.05","149","20","0","1","313.875","0","34.05","45","0","5.4","149","20","0","1","121","425","49.75","56","0","5.5","149","20","0","1","-70.5","1800","53.35","50","0","5.5","149","13","7","0.65","-171.34615384615384","3153.846153846154","38.85","33","11","5.461538461538462","149","7","13","0.35","-1130.357142857143","3785.714285714286","38.1","6","18","4.714285714285714","149","3","17","0.15","-3016.6666666666665","3333.3333333333335","43.7","9","52","6.333333333333333"
,"150","20","0","1","1075.375","0","48.25","49","0","5.05","150","20","0","1","308.875","0","34.05","45","0","5.4","150","20","0","1","111","425","49.75","56","0","5.5","150","20","0","1","-90.5","1800","53.35","50","0","5.5","150","13","7","0.65","-201.34615384615384","3153.846153846154","38.85","33","11","5.461538461538462","150","7","13","0.35","-1170.357142857143","3785.714285714286","38.1","6","18","4.714285714285714","150","3","17","0.15","-3066.6666666666665","3333.3333333333335","43.7","9","52","6.333333333333333"
,"151","20","0","1","1075.375","0","48.25","51","0","5.1","151","20","0","1","303.875","0","34.05","45","0","5.4","151","20","0","1","251","575","49.75","56","0","5.5","151","20","0","1","89.5","2000","53.35","50","0","5.5","151","13","7","0.65","-0.5769230769230769","3384.6153846153848","38.85","33","11","5.461538461538462","151","6","14","0.3","-1238.75","3750","38.1","6","18","4.666666666666667","151","3","17","0.15","-2950","3500","43.7","9","52","6.333333333333333"
,"152","20","0","1","1075.375","0","48.25","51","0","5.1","152","20","0","1","298.875","0","34.05","45","0","5.4","152","20","0","1","291","625","49.75","56","0","5.5","152","20","0","1","144.5","2075","53.35","53","0","5.55","152","13","7","0.65","-30.576923076923077","3384.6153846153848","38.85","33","11","5.461538461538462","152","6","14","0.3","-1278.75","3750","38.1","6","18","4.666666666666667","152","3","17","0.15","-2833.3333333333335","3666.6666666666665","43.7","9","52","6.333333333333333"
,"153","20","0","1","1075.375","0","48.25","51","0","5.1","153","20","0","1","293.875","0","34.05","45","0","5.4","153","20","0","1","306","650","49.75","56","0","5.5","153","20","0","1","149.5","2100","53.35","53","0","5.55","153","13","7","0.65","-60.57692307692308","3384.6153846153848","38.85","33","11","5.538461538461538","153","5","15","0.25","-1576.5","3500","38.1","4","20","4.4","153","3","17","0.15","-2883.3333333333335","3666.6666666666665","43.7","9","52","6.333333333333333"
,"154","20","0","1","1075.375","0","48.25","51","0","5.1","154","20","0","1","288.875","0","34.05","45","0","5.4","154","20","0","1","321","675","49.75","56","0","5.5","154","20","0","1","129.5","2100","53.35","53","0","5.55","154","13","7","0.65","-52.11538461538461","3423.076923076923","38.85","33","11","5.538461538461538","154","5","15","0.25","-1616.5","3500","38.1","4","20","4.4","154","3","17","0.15","-2933.3333333333335","3666.6666666666665","43.7","9","52","6.333333333333333"
,"155","20","0","1","1075.375","0","48.25","53","0","5.15","155","20","0","1","283.875","0","34.05","45","0","5.45","155","20","0","1","311","675","49.75","56","0","5.5","155","20","0","1","109.5","2100","53.35","53","0","5.6","155","11","9","0.55","-46.13636363636363","3454.5454545454545","38.85","29","20","5.454545454545454","155","5","15","0.25","-1656.5","3500","38.1","4","20","4.4","155","3","17","0.15","-2983.3333333333335","3666.6666666666665","43.7","9","52","6.333333333333333"
,"156","20","0","1","1075.375","0","48.25","53","0","5.15","156","20","0","1","278.875","0","34.05","45","0","5.45","156","20","0","1","301","675","49.75","56","0","5.5","156","20","0","1","89.5","2100","53.35","53","0","5.6","156","11","9","0.55","-30.681818181818183","3500","38.85","29","20","5.454545454545454","156","5","15","0.25","-1596.5","3600","38.1","4","20","4.4","156","3","17","0.15","-3033.3333333333335","3666.6666666666665","43.7","9","52","6.333333333333333"
,"157","20","0","1","1075.375","0","48.25","53","0","5.15","157","20","0","1","273.875","0","34.05","45","0","5.45","157","20","0","1","341","725","49.75","60","0","5.55","157","20","0","1","119.5","2150","53.35","54","0","5.65","157","11","9","0.55","-60.68181818181818","3500","38.85","29","20","5.454545454545454","157","5","15","0.25","-1636.5","3600","38.1","4","20","4.4","157","3","17","0.15","-3083.3333333333335","3666.6666666666665","43.7","9","52","6.333333333333333"
,"158","20","0","1","1075.375","0","48.25","53","0","5.15","158","20","0","1","268.875","0","34.05","45","0","5.45","158","20","0","1","331","725","49.75","60","0","5.55","158","20","0","1","124.5","2175","53.35","54","0","5.65","158","11","9","0.55","-90.68181818181819","3500","38.85","29","20","5.454545454545454","158","5","15","0.25","-1676.5","3600","38.1","4","20","4.4","158","3","17","0.15","-3133.3333333333335","3666.6666666666665","43.7","9","52","6.333333333333333"
,"159","20","0","1","1075.375","0","48.25","53","0","5.15","159","20","0","1","263.875","0","34.05","45","0","5.45","159","20","0","1","321","725","49.75","60","0","5.55","159","20","0","1","104.5","2175","53.35","54","0","5.65","159","11","9","0.55","-120.68181818181819","3500","38.85","29","20","5.454545454545454","159","5","15","0.25","-1716.5","3600","38.1","4","20","4.4","159","2","18","0.1","-2450","4500","43.7","3","58","6"
,"160","20","0","1","1075.375","0","48.25","53","0","5.15","160","20","0","1","258.875","0","34.05","45","0","5.45","160","20","0","1","311","725","49.75","60","0","5.55","160","20","0","1","84.5","2175","53.35","54","0","5.65","160","10","10","0.5","-164","3600","38.85","19","30","5.1","160","5","15","0.25","-1756.5","3600","38.1","4","20","4.4","160","2","18","0.1","-2500","4500","43.7","3","58","6"
,"161","20","0","1","1075.375","0","48.25","53","0","5.15","161","20","0","1","253.875","0","34.05","45","0","5.45","161","20","0","1","301","725","49.75","60","0","5.6","161","20","0","1","89.5","2200","53.35","54","0","5.65","161","10","10","0.5","-194","3600","38.85","19","30","5.2","161","5","15","0.25","-1796.5","3600","38.1","4","20","4.4","161","2","18","0.1","-2300","4750","43.7","3","58","6"
,"162","20","0","1","1075.375","0","48.25","53","0","5.15","162","20","0","1","248.875","0","34.05","45","0","5.45","162","20","0","1","291","725","49.75","60","0","5.6","162","20","0","1","94.5","2225","53.35","54","0","5.65","162","10","10","0.5","-224","3600","38.85","19","30","5.3","162","5","15","0.25","-1836.5","3600","38.1","4","20","4.4","162","2","18","0.1","-2350","4750","43.7","3","58","6"
,"163","20","0","1","1075.375","0","48.25","53","0","5.2","163","20","0","1","243.875","0","34.05","45","0","5.45","163","20","0","1","281","725","49.75","60","0","5.6","163","20","0","1","99.5","2250","53.35","54","0","5.65","163","10","10","0.5","-254","3600","38.85","19","30","5.3","163","5","15","0.25","-1676.5","3800","38.1","4","20","4.4","163","2","18","0.1","-2400","4750","43.7","3","58","6"
,"164","20","0","1","1075.375","0","48.25","55","0","5.25","164","20","0","1","238.875","0","34.05","45","0","5.45","164","20","0","1","271","725","49.75","60","0","5.6","164","20","0","1","104.5","2275","53.35","54","0","5.65","164","10","10","0.5","-284","3600","38.85","19","30","5.3","164","5","15","0.25","-1716.5","3800","38.1","4","20","4.4","164","2","18","0.1","-2450","4750","43.7","3","58","6"
,"165","20","0","1","1075.375","0","48.25","55","0","5.25","165","20","0","1","233.875","0","34.05","45","0","5.45","165","20","0","1","261","725","49.75","60","0","5.6","165","20","0","1","84.5","2275","53.35","54","0","5.65","165","10","10","0.5","-314","3600","38.85","19","30","5.3","165","5","15","0.25","-1756.5","3800","38.1","4","20","4.4","165","2","18","0.1","-2500","4750","43.7","3","58","6"
,"166","20","0","1","1075.375","0","48.25","55","0","5.25","166","20","0","1","228.875","0","34.05","45","0","5.5","166","20","0","1","276","750","49.75","60","0","5.65","166","20","0","1","64.5","2275","53.35","54","0","5.65","166","10","10","0.5","-344","3600","38.85","19","30","5.3","166","5","15","0.25","-1796.5","3800","38.1","4","20","4.4","166","2","18","0.1","-2550","4750","43.7","3","58","6"
,"167","20","0","1","1075.375","0","48.25","55","0","5.25","167","20","0","1","223.875","0","34.05","45","0","5.5","167","20","0","1","266","750","49.75","60","0","5.65","167","20","0","1","44.5","2275","53.35","54","0","5.65","167","10","10","0.5","-74","3900","38.85","19","30","5.3","167","5","15","0.25","-1836.5","3800","38.1","4","20","4.4","167","2","18","0.1","-2600","4750","43.7","3","58","6"
,"168","20","0","1","1075.375","0","48.25","55","0","5.25","168","20","0","1","218.875","0","34.05","45","0","5.5","168","20","0","1","256","750","49.75","60","0","5.65","168","20","0","1","49.5","2300","53.35","54","0","5.65","168","10","10","0.5","-104","3900","38.85","19","30","5.3","168","5","15","0.25","-1776.5","3900","38.1","4","20","4.4","168","2","18","0.1","-2650","4750","43.7","3","58","6"
,"169","20","0","1","1075.375","0","48.25","55","0","5.25","169","20","0","1","213.875","0","34.05","45","0","5.5","169","20","0","1","271","775","49.75","60","0","5.65","169","20","0","1","29.5","2300","53.35","57","0","5.75","169","10","10","0.5","-134","3900","38.85","19","30","5.4","169","5","15","0.25","-1816.5","3900","38.1","4","20","4.4","169","2","18","0.1","-2700","4750","43.7","3","58","6"
,"170","20","0","1","1075.375","0","48.25","55","0","5.3","170","20","0","1","208.875","0","34.05","45","0","5.5","170","20","0","1","261","775","49.75","60","0","5.65","170","20","0","1","9.5","2300","53.35","57","0","5.75","170","10","10","0.5","-114","3950","38.85","19","30","5.5","170","5","15","0.25","-1856.5","3900","38.1","4","20","4.4","170","2","18","0.1","-2750","4750","43.7","3","58","6"
,"171","20","0","1","1075.375","0","48.25","55","0","5.3","171","20","0","1","203.875","0","34.05","45","0","5.5","171","20","0","1","276","800","49.75","60","0","5.65","171","20","0","1","-10.5","2300","53.35","57","0","5.8","171","10","10","0.5","-94","4000","38.85","19","30","5.5","171","5","15","0.25","-1896.5","3900","38.1","4","20","4.4","171","2","18","0.1","-2550","5000","43.7","3","58","6"
,"172","20","0","1","1075.375","0","48.25","55","0","5.3","172","20","0","1","198.875","0","34.05","45","0","5.5","172","20","0","1","266","800","49.75","64","0","5.7","172","20","0","1","-5.5","2325","53.35","57","0","5.8","172","10","10","0.5","-74","4050","38.85","19","30","5.5","172","5","15","0.25","-1936.5","3900","38.1","4","20","4.4","172","2","18","0.1","-2600","5000","43.7","3","58","6"
,"173","20","0","1","1075.375","0","48.25","55","0","5.3","173","20","0","1","193.875","0","34.05","45","0","5.5","173","20","0","1","256","800","49.75","64","0","5.7","173","20","0","1","-25.5","2325","53.35","57","0","5.8","173","10","10","0.5","-104","4050","38.85","19","30","5.5","173","5","15","0.25","-1976.5","3900","38.1","4","20","4.4","173","2","18","0.1","-2650","5000","43.7","3","58","6"
,"174","20","0","1","1075.375","0","48.25","55","0","5.3","174","20","0","1","188.875","0","34.05","45","0","5.5","174","20","0","1","246","800","49.75","64","0","5.7","174","20","0","1","-45.5","2325","53.35","57","0","5.8","174","10","10","0.5","-134","4050","38.85","20","30","5.6","174","5","15","0.25","-2016.5","3900","38.1","4","20","4.4","174","2","18","0.1","-2700","5000","43.7","3","58","6"
,"175","20","0","1","1075.375","0","48.25","55","0","5.3","175","20","0","1","183.875","0","34.05","45","0","5.5","175","20","0","1","236","800","49.75","64","0","5.7","175","20","0","1","-65.5","2325","53.35","57","0","5.8","175","10","10","0.5","-164","4050","38.85","20","30","5.6","175","5","15","0.25","-2056.5","3900","38.1","4","20","4.4","175","2","18","0.1","-2750","5000","43.7","3","58","6"
,"176","20","0","1","1075.375","0","48.25","55","0","5.3","176","20","0","1","178.875","0","34.05","45","0","5.5","176","20","0","1","251","825","49.75","64","0","5.7","176","17","3","0.85","138.23529411764707","2529.4117647058824","53.35","54","3","5.882352941176471","176","10","10","0.5","-194","4050","38.85","20","30","5.6","176","5","15","0.25","-1896.5","4100","38.1","4","20","4.4","176","2","18","0.1","-2800","5000","43.7","3","58","6"
,"177","20","0","1","1075.375","0","48.25","55","0","5.3","177","20","0","1","173.875","0","34.05","45","0","5.5","177","20","0","1","241","825","49.75","64","0","5.7","177","17","3","0.85","118.23529411764706","2529.4117647058824","53.35","54","3","5.882352941176471","177","10","10","0.5","-224","4050","38.85","20","30","5.6","177","5","15","0.25","-1936.5","4100","38.1","4","20","4.4","177","2","18","0.1","-2850","5000","43.7","3","58","6"
,"178","20","0","1","1075.375","0","48.25","55","0","5.3","178","20","0","1","168.875","0","34.05","45","0","5.5","178","20","0","1","231","825","49.75","64","0","5.7","178","17","3","0.85","98.23529411764706","2529.4117647058824","53.35","54","3","5.882352941176471","178","10","10","0.5","-254","4050","38.85","20","30","5.6","178","5","15","0.25","-1976.5","4100","38.1","4","20","4.4","178","2","18","0.1","-2900","5000","43.7","3","58","6"
,"179","20","0","1","1075.375","0","48.25","55","0","5.3","179","20","0","1","163.875","0","34.05","45","0","5.5","179","20","0","1","221","825","49.75","64","0","5.7","179","17","3","0.85","78.23529411764706","2529.4117647058824","53.35","54","3","5.882352941176471","179","10","10","0.5","-284","4050","38.85","20","30","5.6","179","5","15","0.25","-2016.5","4100","38.1","4","20","4.4","179","2","18","0.1","-2950","5000","43.7","3","58","6"
,"180","20","0","1","1075.375","0","48.25","55","0","5.3","180","20","0","1","158.875","0","34.05","45","0","5.5","180","20","0","1","211","825","49.75","64","0","5.7","180","17","3","0.85","87.6470588235294","2558.823529411765","53.35","54","3","5.882352941176471","180","10","10","0.5","-314","4050","38.85","20","30","5.6","180","5","15","0.25","-2056.5","4100","38.1","4","20","4.4","180","2","18","0.1","-3000","5000","43.7","3","58","6"
,"181","20","0","1","1075.375","0","48.25","55","0","5.3","181","20","0","1","153.875","0","34.05","45","0","5.5","181","20","0","1","201","825","49.75","64","0","5.75","181","17","3","0.85","67.6470588235294","2558.823529411765","53.35","54","3","5.882352941176471","181","10","10","0.5","-344","4050","38.85","20","30","5.6","181","5","15","0.25","-1996.5","4200","38.1","4","20","4.4","181","2","18","0.1","-2800","5250","43.7","3","58","6"
,"182","20","0","1","1075.375","0","48.25","55","0","5.3","182","20","0","1","148.875","0","34.05","45","0","5.5","182","20","0","1","191","825","49.75","64","0","5.75","182","17","3","0.85","106.47058823529412","2617.6470588235293","53.35","57","3","6","182","10","10","0.5","-374","4050","38.85","20","30","5.6","182","5","15","0.25","-2036.5","4200","38.1","4","20","4.4","182","2","18","0.1","-2850","5250","43.7","3","58","6"
,"183","20","0","1","1075.375","0","48.25","55","0","5.3","183","20","0","1","143.875","0","34.05","45","0","5.5","183","20","0","1","181","825","49.75","64","0","5.75","183","17","3","0.85","86.47058823529412","2617.6470588235293","53.35","57","3","6","183","10","10","0.5","-404","4050","38.85","20","30","5.6","183","5","15","0.25","-2076.5","4200","38.1","4","20","4.4","183","2","18","0.1","-2900","5250","43.7","3","58","6"
,"184","20","0","1","1075.375","0","48.25","55","0","5.3","184","20","0","1","138.875","0","34.05","45","0","5.5","184","20","0","1","171","825","49.75","64","0","5.75","184","17","3","0.85","66.47058823529412","2617.6470588235293","53.35","59","3","6.0588235294117645","184","9","11","0.45","-202.22222222222223","4277.777777777777","38.85","20","30","5.666666666666667","184","5","15","0.25","-2116.5","4200","38.1","4","20","4.4","184","2","18","0.1","-2950","5250","43.7","3","58","6"
,"185","20","0","1","1075.375","0","48.25","55","0","5.35","185","20","0","1","133.875","0","34.05","45","0","5.5","185","20","0","1","161","825","49.75","64","0","5.75","185","17","3","0.85","75.88235294117646","2647.0588235294117","53.35","62","3","6.117647058823529","185","9","11","0.45","-232.22222222222223","4277.777777777777","38.85","20","30","5.666666666666667","185","5","15","0.25","-2156.5","4200","38.1","4","20","4.4","185","2","18","0.1","-3000","5250","43.7","3","58","6"
,"186","20","0","1","1075.375","0","48.25","55","0","5.35","186","20","0","1","128.875","0","34.05","45","0","5.5","186","20","0","1","151","825","49.75","64","0","5.75","186","17","3","0.85","85.29411764705883","2676.470588235294","53.35","62","3","6.117647058823529","186","9","11","0.45","-262.22222222222223","4277.777777777777","38.85","20","30","5.666666666666667","186","5","15","0.25","-2196.5","4200","38.1","4","20","4.4","186","2","18","0.1","-3050","5250","43.7","3","58","6"
,"187","20","0","1","1075.375","0","48.25","55","0","5.35","187","20","0","1","123.875","0","34.05","45","0","5.5","187","20","0","1","141","825","49.75","68","0","5.9","187","17","3","0.85","65.29411764705883","2676.470588235294","53.35","62","3","6.117647058823529","187","9","11","0.45","-236.66666666666666","4333.333333333333","38.85","20","30","5.666666666666667","187","5","15","0.25","-2136.5","4300","38.1","4","20","4.4","187","2","18","0.1","-3100","5250","43.7","3","58","6"
,"188","20","0","1","1075.375","0","48.25","55","0","5.35","188","20","0","1","118.875","0","34.05","45","0","5.5","188","20","0","1","156","850","49.75","68","0","5.9","188","17","3","0.85","45.294117647058826","2676.470588235294","53.35","62","3","6.117647058823529","188","9","11","0.45","-211.11111111111111","4388.888888888889","38.85","20","30","5.666666666666667","188","5","15","0.25","-1976.5","4500","38.1","4","20","4.4","188","2","18","0.1","-3150","5250","43.7","3","58","6"
,"189","20","0","1","1075.375","0","48.25","55","0","5.35","189","20","0","1","113.875","0","34.05","45","0","5.5","189","20","0","1","146","850","49.75","73","0","5.95","189","16","4","0.8","27.5","2687.5","53.35","56","9","6.0625","189","9","11","0.45","-185.55555555555554","4444.444444444444","38.85","20","30","5.666666666666667","189","5","15","0.25","-2016.5","4500","38.1","4","20","4.4","189","2","18","0.1","-3200","5250","43.7","3","58","6"
,"190","20","0","1","1075.375","0","48.25","55","0","5.35","190","20","0","1","108.875","0","34.05","45","0","5.5","190","20","0","1","136","850","49.75","73","0","5.95","190","16","4","0.8","7.5","2687.5","53.35","56","9","6.0625","190","9","11","0.45","-215.55555555555554","4444.444444444444","38.85","20","30","5.666666666666667","190","5","15","0.25","-2056.5","4500","38.1","4","20","4.4","190","2","18","0.1","-3250","5250","43.7","3","58","6"
,"191","20","0","1","1075.375","0","48.25","55","0","5.35","191","20","0","1","103.875","0","34.05","45","0","5.5","191","20","0","1","126","850","49.75","73","0","5.95","191","16","4","0.8","-12.5","2687.5","53.35","56","9","6.0625","191","9","11","0.45","-245.55555555555554","4444.444444444444","38.85","20","30","5.666666666666667","191","5","15","0.25","-2096.5","4500","38.1","4","20","4.4","191","2","18","0.1","-3050","5500","43.7","3","58","6"
,"192","20","0","1","1075.375","0","48.25","55","0","5.35","192","20","0","1","98.875","0","34.05","45","0","5.5","192","20","0","1","141","875","49.75","73","0","5.95","192","16","4","0.8","-1.25","2718.75","53.35","56","9","6.0625","192","9","11","0.45","-275.55555555555554","4444.444444444444","38.85","20","30","5.666666666666667","192","4","16","0.2","-1500.625","5125","38.1","4","20","4.75","192","2","18","0.1","-3100","5500","43.7","3","58","6"
,"193","20","0","1","1075.375","0","48.25","55","0","5.35","193","20","0","1","93.875","0","34.05","45","0","5.5","193","20","0","1","131","875","49.75","73","0","5.95","193","16","4","0.8","-21.25","2718.75","53.35","56","9","6.0625","193","9","11","0.45","-305.55555555555554","4444.444444444444","38.85","20","30","5.666666666666667","193","4","16","0.2","-1415.625","5250","38.1","4","20","5","193","2","18","0.1","-3150","5500","43.7","3","58","6"
,"194","20","0","1","1075.375","0","48.25","55","0","5.35","194","20","0","1","88.875","0","34.05","45","0","5.5","194","20","0","1","146","900","49.75","73","0","6","194","16","4","0.8","-41.25","2718.75","53.35","56","9","6.125","194","9","11","0.45","-335.55555555555554","4444.444444444444","38.85","20","30","5.666666666666667","194","4","16","0.2","-1455.625","5250","38.1","4","20","5","194","2","18","0.1","-3200","5500","43.7","3","58","6"
,"195","20","0","1","1075.375","0","48.25","55","0","5.35","195","20","0","1","83.875","0","34.05","45","0","5.5","195","20","0","1","136","900","49.75","73","0","6","195","16","4","0.8","-61.25","2718.75","53.35","56","9","6.125","195","9","11","0.45","-365.55555555555554","4444.444444444444","38.85","20","30","5.666666666666667","195","4","16","0.2","-1495.625","5250","38.1","4","20","5","195","2","18","0.1","-3250","5500","43.7","3","58","6"
,"196","20","0","1","1075.375","0","48.25","55","0","5.35","196","20","0","1","78.875","0","34.05","45","0","5.5","196","20","0","1","126","900","49.75","73","0","6","196","16","4","0.8","-81.25","2718.75","53.35","56","9","6.125","196","9","11","0.45","-395.55555555555554","4444.444444444444","38.85","20","30","5.666666666666667","196","4","16","0.2","-1535.625","5250","38.1","4","20","5","196","2","18","0.1","-3300","5500","43.7","3","58","6"
,"197","20","0","1","1075.375","0","48.25","55","0","5.35","197","20","0","1","73.875","0","34.05","45","0","5.55","197","20","0","1","116","900","49.75","73","0","6","197","16","4","0.8","-101.25","2718.75","53.35","56","9","6.125","197","9","11","0.45","-425.55555555555554","4444.444444444444","38.85","20","30","5.666666666666667","197","4","16","0.2","-1575.625","5250","38.1","4","20","5","197","2","18","0.1","-3350","5500","43.7","3","58","6"
,"198","20","0","1","1075.375","0","48.25","55","0","5.35","198","20","0","1","68.875","0","34.05","45","0","5.55","198","20","0","1","106","900","49.75","73","0","6","198","16","4","0.8","-121.25","2718.75","53.35","56","9","6.125","198","9","11","0.45","-455.55555555555554","4444.444444444444","38.85","20","30","5.666666666666667","198","4","16","0.2","-1615.625","5250","38.1","4","20","5","198","2","18","0.1","-3400","5500","43.7","3","58","6"
,"199","20","0","1","1075.375","0","48.25","55","0","5.35","199","20","0","1","63.875","0","34.05","45","0","5.55","199","20","0","1","96","900","49.75","73","0","6","199","16","4","0.8","-141.25","2718.75","53.35","56","9","6.125","199","9","11","0.45","-485.55555555555554","4444.444444444444","38.85","21","30","5.777777777777778","199","4","16","0.2","-1655.625","5250","38.1","4","20","5","199","2","18","0.1","-3450","5500","43.7","3","58","6"
,"200","20","0","1","1075.375","0","48.25","55","0","5.35","200","20","0","1","58.875","0","34.05","45","0","5.55","200","20","0","1","86","900","49.75","73","0","6","200","16","4","0.8","-161.25","2718.75","53.35","56","9","6.125","200","9","11","0.45","-515.5555555555555","4444.444444444444","38.85","21","30","5.777777777777778","200","4","16","0.2","-1695.625","5250","38.1","4","20","5","200","2","18","0.1","-3500","5500","43.7","3","58","6"
,"201","20","0","1","1075.375","0","48.25","55","0","5.35","201","20","0","1","178.875","125","34.05","45","0","5.55","201","20","0","1","226","1050","49.75","73","0","6","201","13","7","0.65","11.538461538461538","2923.076923076923","53.35","45","20","5.923076923076923","201","9","11","0.45","-267.77777777777777","4722.222222222223","38.85","21","30","5.777777777777778","201","4","16","0.2","-1485.625","5500","38.1","4","20","5","201","2","18","0.1","-3300","5750","43.7","3","58","6"
,"202","20","0","1","1075.375","0","48.25","55","0","5.35","202","20","0","1","198.875","150","34.05","45","0","5.55","202","20","0","1","241","1075","49.75","73","0","6","202","13","7","0.65","-8.461538461538462","2923.076923076923","53.35","45","20","5.923076923076923","202","9","11","0.45","-297.77777777777777","4722.222222222223","38.85","21","30","5.777777777777778","202","4","16","0.2","-1525.625","5500","38.1","4","20","5","202","2","18","0.1","-3350","5750","43.7","3","58","6"
,"203","20","0","1","1075.375","0","48.25","55","0","5.35","203","20","0","1","218.875","175","34.05","45","0","5.55","203","20","0","1","306","1150","49.75","73","0","6","203","13","7","0.65","-28.46153846153846","2923.076923076923","53.35","45","20","5.923076923076923","203","9","11","0.45","-327.77777777777777","4722.222222222223","38.85","21","30","5.777777777777778","203","4","16","0.2","-1565.625","5500","38.1","4","20","5","203","2","18","0.1","-3400","5750","43.7","3","58","6"
,"204","20","0","1","1075.375","0","48.25","55","0","5.35","204","20","0","1","213.875","175","34.05","45","0","5.55","204","20","0","1","321","1175","49.75","73","0","6","204","13","7","0.65","-48.46153846153846","2923.076923076923","53.35","45","20","5.923076923076923","204","8","12","0.4","-398.75","4687.5","38.85","18","33","5.875","204","4","16","0.2","-1605.625","5500","38.1","4","20","5","204","2","18","0.1","-3450","5750","43.7","3","58","6"
,"205","20","0","1","1075.375","0","48.25","55","0","5.35","205","20","0","1","208.875","175","34.05","45","0","5.55","205","20","0","1","336","1200","49.75","74","0","6.05","205","13","7","0.65","-68.46153846153847","2923.076923076923","53.35","45","20","5.923076923076923","205","8","12","0.4","-366.25","4750","38.85","18","33","5.875","205","4","16","0.2","-1520.625","5625","38.1","4","20","5","205","2","18","0.1","-3500","5750","43.7","3","58","6"
,"206","20","0","1","1075.375","0","48.25","55","0","5.35","206","20","0","1","203.875","175","34.05","45","0","5.55","206","20","0","1","326","1200","49.75","74","0","6.05","206","13","7","0.65","-88.46153846153847","2923.076923076923","53.35","45","20","5.923076923076923","206","8","12","0.4","-333.75","4812.5","38.85","18","33","5.875","206","4","16","0.2","-1435.625","5750","38.1","4","20","5","206","2","18","0.1","-3550","5750","43.7","3","58","6"
,"207","20","0","1","1075.375","0","48.25","55","0","5.35","207","20","0","1","223.875","200","34.05","45","0","5.55","207","20","0","1","316","1200","49.75","74","0","6.05","207","12","8","0.6","-74.16666666666667","2958.3333333333335","53.35","35","30","5.666666666666667","207","8","12","0.4","-363.75","4812.5","38.85","18","33","5.875","207","4","16","0.2","-1475.625","5750","38.1","4","20","5","207","2","18","0.1","-3600","5750","43.7","3","58","6"
,"208","20","0","1","1075.375","0","48.25","55","0","5.35","208","20","0","1","218.875","200","34.05","45","0","5.55","208","20","0","1","306","1200","49.75","74","0","6.05","208","12","8","0.6","-94.16666666666667","2958.3333333333335","53.35","35","30","5.666666666666667","208","8","12","0.4","-393.75","4812.5","38.85","18","33","5.875","208","4","16","0.2","-1515.625","5750","38.1","4","20","5","208","2","18","0.1","-3650","5750","43.7","3","58","6"
,"209","20","0","1","1075.375","0","48.25","55","0","5.35","209","20","0","1","263.875","250","34.05","45","0","5.55","209","20","0","1","296","1200","49.75","74","0","6.05","209","12","8","0.6","-114.16666666666667","2958.3333333333335","53.35","35","30","5.666666666666667","209","8","12","0.4","-423.75","4812.5","38.85","18","33","5.875","209","4","16","0.2","-1555.625","5750","38.1","4","20","5","209","2","18","0.1","-3700","5750","43.7","3","58","6"
,"210","20","0","1","1075.375","0","48.25","55","0","5.35","210","20","0","1","258.875","250","34.05","45","0","5.55","210","20","0","1","286","1200","49.75","74","0","6.05","210","11","9","0.55","-144.54545454545453","2954.5454545454545","53.35","29","36","5.454545454545454","210","8","12","0.4","-453.75","4812.5","38.85","18","33","5.875","210","4","16","0.2","-1595.625","5750","38.1","4","20","5","210","1","19","0.05","0","9500","43.7","2","59","7"
,"211","20","0","1","1075.375","0","48.25","55","0","5.35","211","20","0","1","253.875","250","34.05","45","0","5.6","211","20","0","1","276","1200","49.75","74","0","6.05","211","11","9","0.55","-119.0909090909091","3000","53.35","29","36","5.454545454545454","211","8","12","0.4","-483.75","4812.5","38.85","18","33","5.875","211","4","16","0.2","-1635.625","5750","38.1","4","20","5","211","1","19","0.05","450","10000","43.7","2","59","7"
,"212","20","0","1","1075.375","0","48.25","55","0","5.35","212","20","0","1","248.875","250","34.05","45","0","5.65","212","20","0","1","266","1200","49.75","74","0","6.05","212","11","9","0.55","-139.0909090909091","3000","53.35","33","36","5.545454545454546","212","8","12","0.4","-513.75","4812.5","38.85","18","33","5.875","212","4","16","0.2","-1675.625","5750","38.1","4","20","5","212","1","19","0.05","400","10000","43.7","2","59","7"
,"213","20","0","1","1075.375","0","48.25","55","0","5.35","213","20","0","1","243.875","250","34.05","45","0","5.65","213","20","0","1","256","1200","49.75","74","0","6.05","213","11","9","0.55","-159.0909090909091","3000","53.35","33","36","5.545454545454546","213","8","12","0.4","-543.75","4812.5","38.85","18","33","5.875","213","4","16","0.2","-1465.625","6000","38.1","4","20","5","213","1","19","0.05","350","10000","43.7","2","59","7"
,"214","20","0","1","1075.375","0","48.25","55","0","5.35","214","20","0","1","238.875","250","34.05","45","0","5.65","214","20","0","1","271","1225","49.75","74","0","6.05","214","11","9","0.55","-179.0909090909091","3000","53.35","33","36","5.545454545454546","214","8","12","0.4","-573.75","4812.5","38.85","18","33","5.875","214","4","16","0.2","-1505.625","6000","38.1","4","20","5","214","1","19","0.05","300","10000","43.7","2","59","7"
,"215","20","0","1","1075.375","0","48.25","55","0","5.35","215","20","0","1","258.875","275","34.05","45","0","5.65","215","20","0","1","286","1250","49.75","74","0","6.05","215","11","9","0.55","-199.0909090909091","3000","53.35","33","36","5.545454545454546","215","8","12","0.4","-603.75","4812.5","38.85","18","33","5.875","215","4","16","0.2","-1545.625","6000","38.1","4","20","5","215","1","19","0.05","250","10000","43.7","2","59","7"
,"216","20","0","1","1075.375","0","48.25","55","0","5.35","216","20","0","1","253.875","275","34.05","45","0","5.65","216","20","0","1","276","1250","49.75","74","0","6.05","216","11","9","0.55","-219.0909090909091","3000","53.35","33","36","5.545454545454546","216","8","12","0.4","-633.75","4812.5","38.85","18","33","5.875","216","4","16","0.2","-1585.625","6000","38.1","4","20","5","216","1","19","0.05","200","10000","43.7","2","59","7"
,"217","20","0","1","1075.375","0","48.25","55","0","5.35","217","20","0","1","248.875","275","34.05","45","0","5.65","217","20","0","1","266","1250","49.75","74","0","6.05","217","11","9","0.55","-193.63636363636363","3045.4545454545455","53.35","33","36","5.545454545454546","217","8","12","0.4","-351.25","5125","38.85","18","33","5.875","217","4","16","0.2","-1625.625","6000","38.1","4","20","5","217","1","19","0.05","150","10000","43.7","2","59","7"
,"218","20","0","1","1075.375","0","48.25","57","0","5.4","218","20","0","1","243.875","275","34.05","45","0","5.65","218","20","0","1","256","1250","49.75","74","0","6.05","218","11","9","0.55","-213.63636363636363","3045.4545454545455","53.35","33","36","5.545454545454546","218","8","12","0.4","-381.25","5125","38.85","18","33","5.875","218","4","16","0.2","-1540.625","6125","38.1","4","20","5","218","1","19","0.05","100","10000","43.7","2","59","7"
,"219","20","0","1","1075.375","0","48.25","57","0","5.45","219","20","0","1","238.875","275","34.05","45","0","5.65","219","20","0","1","271","1275","49.75","74","0","6.05","219","11","9","0.55","-233.63636363636363","3045.4545454545455","53.35","33","36","5.545454545454546","219","8","12","0.4","-411.25","5125","38.85","18","33","5.875","219","4","16","0.2","-1580.625","6125","38.1","4","20","5","219","1","19","0.05","50","10000","43.7","2","59","7"
,"220","20","0","1","1075.375","0","48.25","57","0","5.5","220","20","0","1","258.875","300","34.05","45","0","5.7","220","20","0","1","286","1300","49.75","75","0","6.1","220","11","9","0.55","-253.63636363636363","3045.4545454545455","53.35","33","36","5.545454545454546","220","8","12","0.4","-441.25","5125","38.85","18","33","5.875","220","4","16","0.2","-1620.625","6125","38.1","4","20","5","220","1","19","0.05","0","10000","43.7","2","59","7"
,"221","20","0","1","1075.375","0","48.25","57","0","5.5","221","20","0","1","253.875","300","34.05","45","0","5.7","221","20","0","1","276","1300","49.75","75","0","6.1","221","11","9","0.55","-273.6363636363636","3045.4545454545455","53.35","33","36","5.545454545454546","221","8","12","0.4","-408.75","5187.5","38.85","18","33","5.875","221","4","16","0.2","-1660.625","6125","38.1","4","20","5","221","1","19","0.05","450","10500","43.7","2","59","7"
,"222","20","0","1","1075.375","0","48.25","57","0","5.5","222","20","0","1","248.875","300","34.05","48","0","5.8","222","20","0","1","266","1300","49.75","75","0","6.15","222","11","9","0.55","-293.6363636363636","3045.4545454545455","53.35","33","36","5.545454545454546","222","8","12","0.4","-376.25","5250","38.85","18","33","5.875","222","4","16","0.2","-1700.625","6125","38.1","4","20","5","222","1","19","0.05","400","10500","43.7","2","59","7"
,"223","20","0","1","1075.375","0","48.25","57","0","5.5","223","20","0","1","243.875","300","34.05","49","0","5.85","223","20","0","1","256","1300","49.75","75","0","6.15","223","11","9","0.55","-313.6363636363636","3045.4545454545455","53.35","33","36","5.545454545454546","223","8","12","0.4","-406.25","5250","38.85","19","33","6","223","4","16","0.2","-1740.625","6125","38.1","4","20","5","223","1","19","0.05","350","10500","43.7","2","59","7"
,"224","20","0","1","1075.375","0","48.25","57","0","5.5","224","20","0","1","238.875","300","34.05","49","0","5.85","224","20","0","1","246","1300","49.75","75","0","6.15","224","11","9","0.55","-288.1818181818182","3090.909090909091","53.35","33","36","5.545454545454546","224","8","12","0.4","-436.25","5250","38.85","19","33","6","224","4","16","0.2","-1780.625","6125","38.1","4","20","5","224","1","19","0.05","300","10500","43.7","2","59","7"
,"225","20","0","1","1075.375","0","48.25","57","0","5.5","225","20","0","1","233.875","300","34.05","49","0","5.85","225","20","0","1","236","1300","49.75","75","0","6.15","225","11","9","0.55","-308.1818181818182","3090.909090909091","53.35","33","36","5.545454545454546","225","8","12","0.4","-466.25","5250","38.85","19","33","6","225","4","16","0.2","-1820.625","6125","38.1","4","20","5","225","1","19","0.05","250","10500","43.7","2","59","7"
,"226","20","0","1","1075.375","0","48.25","57","0","5.5","226","20","0","1","228.875","300","34.05","49","0","5.85","226","20","0","1","226","1300","49.75","75","0","6.15","226","11","9","0.55","-55.45454545454545","3363.6363636363635","53.35","33","36","5.545454545454546","226","8","12","0.4","-496.25","5250","38.85","19","33","6","226","4","16","0.2","-1610.625","6375","38.1","4","20","5","226","1","19","0.05","200","10500","43.7","2","59","7"
,"227","20","0","1","1075.375","0","48.25","57","0","5.5","227","20","0","1","223.875","300","34.05","49","0","5.85","227","20","0","1","216","1300","49.75","75","0","6.15","227","11","9","0.55","-75.45454545454545","3363.6363636363635","53.35","33","36","5.545454545454546","227","8","12","0.4","-526.25","5250","38.85","19","33","6","227","4","16","0.2","-1650.625","6375","38.1","4","20","5","227","1","19","0.05","150","10500","43.7","2","59","7"
,"228","20","0","1","1075.375","0","48.25","57","0","5.5","228","20","0","1","218.875","300","34.05","50","0","5.9","228","20","0","1","231","1325","49.75","75","0","6.15","228","11","9","0.55","-95.45454545454545","3363.6363636363635","53.35","33","36","5.545454545454546","228","8","12","0.4","-556.25","5250","38.85","19","33","6","228","4","16","0.2","-1690.625","6375","38.1","4","20","5","228","1","19","0.05","100","10500","43.7","2","59","7"
,"229","20","0","1","1075.375","0","48.25","57","0","5.55","229","20","0","1","213.875","300","34.05","50","0","5.9","229","20","0","1","221","1325","49.75","75","0","6.15","229","11","9","0.55","-115.45454545454545","3363.6363636363635","53.35","33","36","5.545454545454546","229","8","12","0.4","-586.25","5250","38.85","19","33","6","229","4","16","0.2","-1730.625","6375","38.1","4","20","5","229","1","19","0.05","50","10500","43.7","2","59","7"
,"230","20","0","1","1075.375","0","48.25","57","0","5.55","230","20","0","1","233.875","325","34.05","50","0","5.9","230","20","0","1","211","1325","49.75","75","0","6.2","230","11","9","0.55","-135.45454545454547","3363.6363636363635","53.35","33","36","5.545454545454546","230","8","12","0.4","-616.25","5250","38.85","19","33","6","230","4","16","0.2","-1770.625","6375","38.1","4","20","5","230","1","19","0.05","0","10500","43.7","2","59","7"
,"231","20","0","1","1075.375","0","48.25","57","0","5.55","231","20","0","1","228.875","325","34.05","50","0","5.9","231","20","0","1","201","1325","49.75","75","0","6.2","231","11","9","0.55","-155.45454545454547","3363.6363636363635","53.35","33","36","5.545454545454546","231","8","12","0.4","-646.25","5250","38.85","19","33","6","231","4","16","0.2","-1685.625","6500","38.1","4","20","5","231","1","19","0.05","450","11000","43.7","2","59","7"
,"232","20","0","1","1075.375","0","48.25","57","0","5.55","232","20","0","1","223.875","325","34.05","50","0","5.95","232","20","0","1","191","1325","49.75","75","0","6.2","232","11","9","0.55","-130","3409.090909090909","53.35","33","36","5.545454545454546","232","8","12","0.4","-676.25","5250","38.85","19","33","6","232","4","16","0.2","-1725.625","6500","38.1","4","20","5","232","1","19","0.05","400","11000","43.7","2","59","7"
,"233","20","0","1","1075.375","0","48.25","57","0","5.55","233","20","0","1","243.875","350","34.05","50","0","5.95","233","20","0","1","181","1325","49.75","75","0","6.2","233","11","9","0.55","-150","3409.090909090909","53.35","33","36","5.545454545454546","233","8","12","0.4","-706.25","5250","38.85","19","33","6","233","4","16","0.2","-1765.625","6500","38.1","4","20","5","233","1","19","0.05","350","11000","43.7","2","59","7"
,"234","20","0","1","1075.375","0","48.25","57","0","5.55","234","20","0","1","238.875","350","34.05","50","0","5.95","234","20","0","1","171","1325","49.75","75","0","6.2","234","11","9","0.55","-170","3409.090909090909","53.35","33","36","5.545454545454546","234","7","13","0.35","-552.8571428571429","5428.571428571428","38.85","19","33","6.142857142857143","234","4","16","0.2","-1805.625","6500","38.1","4","20","5","234","1","19","0.05","300","11000","43.7","2","59","7"
,"235","20","0","1","1075.375","0","48.25","57","0","5.55","235","20","0","1","233.875","350","34.05","50","0","5.95","235","20","0","1","161","1325","49.75","75","0","6.2","235","11","9","0.55","-190","3409.090909090909","53.35","33","36","5.545454545454546","235","7","13","0.35","-582.8571428571429","5428.571428571428","38.85","19","33","6.142857142857143","235","4","16","0.2","-1845.625","6500","38.1","4","20","5","235","1","19","0.05","250","11000","43.7","2","59","7"
,"236","20","0","1","1075.375","0","48.25","57","0","5.55","236","20","0","1","228.875","350","34.05","50","0","5.95","236","20","0","1","151","1325","49.75","75","0","6.2","236","11","9","0.55","-164.54545454545453","3454.5454545454545","53.35","33","36","5.545454545454546","236","7","13","0.35","-612.8571428571429","5428.571428571428","38.85","19","33","6.142857142857143","236","4","16","0.2","-1885.625","6500","38.1","4","20","5","236","1","19","0.05","200","11000","43.7","2","59","7"
,"237","20","0","1","1075.375","0","48.25","57","0","5.55","237","20","0","1","223.875","350","34.05","50","0","5.95","237","20","0","1","141","1325","49.75","75","0","6.2","237","11","9","0.55","-184.54545454545453","3454.5454545454545","53.35","34","36","5.636363636363637","237","7","13","0.35","-642.8571428571429","5428.571428571428","38.85","19","33","6.142857142857143","237","4","16","0.2","-1925.625","6500","38.1","4","20","5.25","237","1","19","0.05","150","11000","43.7","2","59","7"
,"238","20","0","1","1075.375","0","48.25","57","0","5.55","238","20","0","1","243.875","375","34.05","50","0","5.95","238","20","0","1","156","1350","49.75","75","0","6.2","238","11","9","0.55","-204.54545454545453","3454.5454545454545","53.35","34","36","5.636363636363637","238","7","13","0.35","-601.4285714285714","5500","38.85","19","33","6.142857142857143","238","4","16","0.2","-1715.625","6750","38.1","4","20","5.25","238","1","19","0.05","100","11000","43.7","2","59","7"
,"239","20","0","1","1075.375","0","48.25","57","0","5.55","239","20","0","1","238.875","375","34.05","50","0","5.95","239","20","0","1","146","1350","49.75","75","0","6.2","239","11","9","0.55","-224.54545454545453","3454.5454545454545","53.35","34","36","5.636363636363637","239","7","13","0.35","-560","5571.428571428572","38.85","19","33","6.142857142857143","239","4","16","0.2","-1755.625","6750","38.1","4","20","5.25","239","1","19","0.05","50","11000","43.7","2","59","7"
,"240","20","0","1","1075.375","0","48.25","57","0","5.6","240","20","0","1","233.875","375","34.05","50","0","5.95","240","20","0","1","136","1350","49.75","75","0","6.2","240","11","9","0.55","-244.54545454545453","3454.5454545454545","53.35","34","36","5.636363636363637","240","7","13","0.35","-590","5571.428571428572","38.85","19","33","6.142857142857143","240","4","16","0.2","-1795.625","6750","38.1","4","20","5.25","240","1","19","0.05","0","11000","43.7","2","59","7"
,"241","20","0","1","1075.375","0","48.25","58","0","5.65","241","20","0","1","228.875","375","34.05","50","0","5.95","241","20","0","1","126","1350","49.75","75","0","6.2","241","11","9","0.55","-264.54545454545456","3454.5454545454545","53.35","34","36","5.636363636363637","241","7","13","0.35","-620","5571.428571428572","38.85","19","33","6.142857142857143","241","4","16","0.2","-1835.625","6750","38.1","4","20","5.25","241","1","19","0.05","450","11500","43.7","2","59","7"
,"242","20","0","1","1075.375","0","48.25","58","0","5.65","242","20","0","1","223.875","375","34.05","50","0","5.95","242","20","0","1","116","1350","49.75","75","0","6.2","242","10","10","0.5","-312","3450","53.35","31","39","5.6","242","7","13","0.35","-650","5571.428571428572","38.85","19","33","6.142857142857143","242","4","16","0.2","-1875.625","6750","38.1","4","20","5.25","242","1","19","0.05","400","11500","43.7","2","59","7"
,"243","20","0","1","1075.375","0","48.25","58","0","5.65","243","20","0","1","268.875","425","34.05","50","0","5.95","243","20","0","1","106","1350","49.75","75","0","6.2","243","10","10","0.5","-332","3450","53.35","31","39","5.6","243","7","13","0.35","-680","5571.428571428572","38.85","19","33","6.142857142857143","243","4","16","0.2","-1790.625","6875","38.1","4","20","5.25","243","1","19","0.05","350","11500","43.7","2","59","7"
,"244","20","0","1","1075.375","0","48.25","58","0","5.65","244","20","0","1","288.875","450","34.05","50","0","5.95","244","20","0","1","96","1350","49.75","75","0","6.2","244","10","10","0.5","-352","3450","53.35","31","39","5.6","244","7","13","0.35","-710","5571.428571428572","38.85","19","33","6.142857142857143","244","4","16","0.2","-1830.625","6875","38.1","4","20","5.25","244","1","19","0.05","300","11500","43.7","2","59","7"
,"245","20","0","1","1075.375","0","48.25","58","0","5.65","245","20","0","1","283.875","450","34.05","50","0","5.95","245","20","0","1","111","1375","49.75","75","0","6.2","245","10","10","0.5","-372","3450","53.35","31","39","5.6","245","7","13","0.35","-740","5571.428571428572","38.85","19","33","6.142857142857143","245","4","16","0.2","-1870.625","6875","38.1","4","20","5.25","245","1","19","0.05","250","11500","43.7","2","59","7"
,"246","20","0","1","1075.375","0","48.25","58","0","5.65","246","20","0","1","278.875","450","34.05","50","0","5.95","246","20","0","1","101","1375","49.75","75","0","6.2","246","10","10","0.5","-392","3450","53.35","31","39","5.6","246","7","13","0.35","-770","5571.428571428572","38.85","19","33","6.142857142857143","246","4","16","0.2","-1910.625","6875","38.1","4","20","5.25","246","1","19","0.05","200","11500","43.7","2","59","7"
,"247","20","0","1","1075.375","0","48.25","58","0","5.7","247","20","0","1","273.875","450","34.05","50","0","5.95","247","20","0","1","91","1375","49.75","75","0","6.2","247","10","10","0.5","-412","3450","53.35","31","39","5.6","247","7","13","0.35","-800","5571.428571428572","38.85","19","33","6.142857142857143","247","4","16","0.2","-1950.625","6875","38.1","4","20","5.25","247","1","19","0.05","150","11500","43.7","2","59","7"
,"248","20","0","1","1075.375","0","48.25","58","0","5.7","248","20","0","1","268.875","450","34.05","50","0","5.95","248","20","0","1","81","1375","49.75","75","0","6.2","248","10","10","0.5","-432","3450","53.35","31","39","5.6","248","7","13","0.35","-830","5571.428571428572","38.85","19","33","6.142857142857143","248","4","16","0.2","-1990.625","6875","38.1","4","20","5.25","248","1","19","0.05","100","11500","43.7","2","59","7"
,"249","20","0","1","1075.375","0","48.25","58","0","5.7","249","20","0","1","263.875","450","34.05","50","0","5.95","249","20","0","1","71","1375","49.75","75","0","6.2","249","10","10","0.5","-452","3450","53.35","31","39","5.6","249","7","13","0.35","-860","5571.428571428572","38.85","19","33","6.285714285714286","249","4","16","0.2","-2030.625","6875","38.1","4","20","5.25","249","1","19","0.05","50","11500","43.7","2","59","7"
,"250","20","0","1","1075.375","0","48.25","58","0","5.7","250","20","0","1","258.875","450","34.05","50","0","5.95","250","20","0","1","61","1375","49.75","75","0","6.2","250","9","11","0.45","-352.22222222222223","3611.1111111111113","53.35","21","49","5.222222222222222","250","7","13","0.35","-890","5571.428571428572","38.85","19","33","6.285714285714286","250","4","16","0.2","-2070.625","6875","38.1","4","20","5.25","250","1","19","0.05","0","11500","43.7","2","59","7"
,"251","20","0","1","1075.375","0","48.25","58","0","5.7","251","20","0","1","253.875","450","34.05","50","0","5.95","251","20","0","1","226","1550","49.75","75","0","6.2","251","8","12","0.4","-103.75","3875","53.35","18","52","5.25","251","7","13","0.35","-634.2857142857143","5857.142857142857","38.85","19","33","6.285714285714286","251","4","16","0.2","-1860.625","7125","38.1","4","20","5.25","251","1","19","0.05","450","12000","43.7","2","59","7"
,"252","20","0","1","1075.375","0","48.25","58","0","5.7","252","20","0","1","273.875","475","34.05","50","0","5.95","252","20","0","1","266","1600","49.75","75","0","6.2","252","8","12","0.4","-123.75","3875","53.35","18","52","5.375","252","7","13","0.35","-664.2857142857143","5857.142857142857","38.85","19","33","6.285714285714286","252","4","16","0.2","-1900.625","7125","38.1","4","20","5.25","252","1","19","0.05","400","12000","43.7","2","59","7"
,"253","20","0","1","1075.375","0","48.25","58","0","5.7","253","20","0","1","268.875","475","34.05","50","0","5.95","253","20","0","1","256","1600","49.75","75","0","6.2","253","8","12","0.4","-143.75","3875","53.35","18","52","5.375","253","7","13","0.35","-694.2857142857143","5857.142857142857","38.85","19","33","6.285714285714286","253","4","16","0.2","-1940.625","7125","38.1","4","20","5.25","253","1","19","0.05","350","12000","43.7","2","59","7"
,"254","20","0","1","1075.375","0","48.25","58","0","5.7","254","20","0","1","263.875","475","34.05","50","0","6","254","20","0","1","296","1650","49.75","75","0","6.2","254","8","12","0.4","-163.75","3875","53.35","18","52","5.375","254","7","13","0.35","-724.2857142857143","5857.142857142857","38.85","19","33","6.285714285714286","254","4","16","0.2","-1980.625","7125","38.1","4","20","5.25","254","1","19","0.05","300","12000","43.7","2","59","7"
,"255","20","0","1","1075.375","0","48.25","58","0","5.7","255","20","0","1","258.875","475","34.05","50","0","6","255","20","0","1","286","1650","49.75","75","0","6.2","255","8","12","0.4","-183.75","3875","53.35","18","52","5.375","255","7","13","0.35","-682.8571428571429","5928.571428571428","38.85","19","33","6.285714285714286","255","4","16","0.2","-2020.625","7125","38.1","4","20","5.25","255","1","19","0.05","250","12000","43.7","2","59","7"
,"256","20","0","1","1075.375","0","48.25","58","0","5.75","256","20","0","1","253.875","475","34.05","50","0","6","256","20","0","1","276","1650","49.75","75","0","6.2","256","8","12","0.4","-203.75","3875","53.35","18","52","5.375","256","7","13","0.35","-641.4285714285714","6000","38.85","19","33","6.285714285714286","256","4","16","0.2","-1935.625","7250","38.1","4","20","5.25","256","1","19","0.05","200","12000","43.7","2","59","7"
,"257","20","0","1","1075.375","0","48.25","58","0","5.75","257","20","0","1","248.875","475","34.05","50","0","6","257","20","0","1","266","1650","49.75","75","0","6.2","257","8","12","0.4","-161.25","3937.5","53.35","18","52","5.375","257","7","13","0.35","-671.4285714285714","6000","38.85","19","33","6.285714285714286","257","4","16","0.2","-1975.625","7250","38.1","4","20","5.25","257","1","19","0.05","150","12000","43.7","2","59","7"
,"258","20","0","1","1075.375","0","48.25","58","0","5.75","258","20","0","1","243.875","475","34.05","50","0","6","258","20","0","1","256","1650","49.75","75","0","6.2","258","8","12","0.4","-181.25","3937.5","53.35","18","52","5.375","258","7","13","0.35","-701.4285714285714","6000","38.85","19","33","6.428571428571429","258","4","16","0.2","-2015.625","7250","38.1","4","20","5.25","258","1","19","0.05","100","12000","43.7","2","59","7"
,"259","20","0","1","1075.375","0","48.25","58","0","5.75","259","20","0","1","238.875","475","34.05","50","0","6","259","20","0","1","246","1650","49.75","75","0","6.2","259","8","12","0.4","-201.25","3937.5","53.35","18","52","5.375","259","7","13","0.35","-731.4285714285714","6000","38.85","19","33","6.428571428571429","259","4","16","0.2","-2055.625","7250","38.1","4","20","5.25","259","1","19","0.05","50","12000","43.7","2","59","7"
,"260","20","0","1","1075.375","0","48.25","58","0","5.75","260","20","0","1","233.875","475","34.05","50","0","6","260","20","0","1","261","1675","49.75","75","0","6.2","260","8","12","0.4","-221.25","3937.5","53.35","18","52","5.375","260","7","13","0.35","-761.4285714285714","6000","38.85","19","33","6.428571428571429","260","4","16","0.2","-2095.625","7250","38.1","4","20","5.25","260","1","19","0.05","0","12000","43.7","2","59","7"
,"261","20","0","1","1075.375","0","48.25","58","0","5.75","261","20","0","1","228.875","475","34.05","50","0","6","261","20","0","1","251","1675","49.75","75","0","6.25","261","8","12","0.4","-178.75","4000","53.35","18","52","5.375","261","7","13","0.35","-791.4285714285714","6000","38.85","19","33","6.428571428571429","261","4","16","0.2","-2135.625","7250","38.1","4","20","5.25","261","0","20","0","0","0","43.7","0","61","0"
,"262","20","0","1","1075.375","0","48.25","58","0","5.75","262","20","0","1","223.875","475","34.05","50","0","6","262","20","0","1","241","1675","49.75","75","0","6.25","262","8","12","0.4","-198.75","4000","53.35","18","52","5.375","262","7","13","0.35","-821.4285714285714","6000","38.85","19","33","6.428571428571429","262","4","16","0.2","-2175.625","7250","38.1","4","20","5.25","262","0","20","0","0","0","43.7","0","61","0"
,"263","20","0","1","1075.375","0","48.25","58","0","5.75","263","20","0","1","218.875","475","34.05","50","0","6","263","20","0","1","231","1675","49.75","75","0","6.25","263","8","12","0.4","-218.75","4000","53.35","18","52","5.375","263","7","13","0.35","-851.4285714285714","6000","38.85","19","33","6.571428571428571","263","4","16","0.2","-1965.625","7500","38.1","4","20","5.25","263","0","20","0","0","0","43.7","0","61","0"
,"264","20","0","1","1075.375","0","48.25","58","0","5.75","264","20","0","1","213.875","475","34.05","50","0","6","264","20","0","1","221","1675","49.75","75","0","6.25","264","8","12","0.4","-238.75","4000","53.35","18","52","5.375","264","7","13","0.35","-881.4285714285714","6000","38.85","19","33","6.571428571428571","264","4","16","0.2","-2005.625","7500","38.1","4","20","5.25","264","0","20","0","0","0","43.7","0","61","0"
,"265","20","0","1","1075.375","0","48.25","58","0","5.75","265","20","0","1","208.875","475","34.05","50","0","6.05","265","20","0","1","236","1700","49.75","75","0","6.25","265","8","12","0.4","-258.75","4000","53.35","18","52","5.375","265","7","13","0.35","-911.4285714285714","6000","38.85","19","33","6.571428571428571","265","4","16","0.2","-2045.625","7500","38.1","4","20","5.25","265","0","20","0","0","0","43.7","0","61","0"
,"266","20","0","1","1075.375","0","48.25","58","0","5.75","266","20","0","1","203.875","475","34.05","50","0","6.05","266","20","0","1","251","1725","49.75","75","0","6.25","266","8","12","0.4","-278.75","4000","53.35","18","52","5.375","266","7","13","0.35","-941.4285714285714","6000","38.85","19","33","6.571428571428571","266","4","16","0.2","-2085.625","7500","38.1","4","20","5.25","266","0","20","0","0","0","43.7","0","61","0"
,"267","20","0","1","1075.375","0","48.25","58","0","5.8","267","20","0","1","198.875","475","34.05","50","0","6.05","267","20","0","1","266","1750","49.75","75","0","6.25","267","8","12","0.4","-298.75","4000","53.35","18","52","5.375","267","7","13","0.35","-685.7142857142857","6285.714285714285","38.85","22","33","6.714285714285714","267","4","16","0.2","-2125.625","7500","38.1","4","20","5.25","267","0","20","0","0","0","43.7","0","61","0"
,"268","20","0","1","1075.375","0","48.25","58","0","5.8","268","20","0","1","193.875","475","34.05","50","0","6.05","268","20","0","1","256","1750","49.75","75","0","6.3","268","8","12","0.4","-318.75","4000","53.35","18","52","5.375","268","7","13","0.35","-715.7142857142857","6285.714285714285","38.85","22","33","6.714285714285714","268","4","16","0.2","-2040.625","7625","38.1","4","20","5.25","268","0","20","0","0","0","43.7","0","61","0"
,"269","20","0","1","1075.375","0","48.25","63","0","5.85","269","20","0","1","188.875","475","34.05","50","0","6.05","269","20","0","1","246","1750","49.75","75","0","6.3","269","8","12","0.4","-338.75","4000","53.35","18","52","5.375","269","7","13","0.35","-745.7142857142857","6285.714285714285","38.85","22","33","6.714285714285714","269","4","16","0.2","-2080.625","7625","38.1","4","20","5.25","269","0","20","0","0","0","43.7","0","61","0"
,"270","20","0","1","1075.375","0","48.25","67","0","5.9","270","20","0","1","183.875","475","34.05","51","0","6.1","270","20","0","1","236","1750","49.75","75","0","6.3","270","8","12","0.4","-358.75","4000","53.35","18","52","5.375","270","7","13","0.35","-775.7142857142857","6285.714285714285","38.85","22","33","6.714285714285714","270","4","16","0.2","-2120.625","7625","38.1","4","20","5.25","270","0","20","0","0","0","43.7","0","61","0"
,"271","20","0","1","1075.375","0","48.25","67","0","5.9","271","20","0","1","178.875","475","34.05","51","0","6.1","271","20","0","1","251","1775","49.75","75","0","6.3","271","8","12","0.4","-378.75","4000","53.35","18","52","5.375","271","7","13","0.35","-734.2857142857143","6357.142857142857","38.85","22","33","6.714285714285714","271","4","16","0.2","-2160.625","7625","38.1","4","20","5.25","271","0","20","0","0","0","43.7","0","61","0"
,"272","20","0","1","1075.375","0","48.25","67","0","5.95","272","20","0","1","173.875","475","34.05","51","0","6.1","272","20","0","1","266","1800","49.75","75","0","6.3","272","8","12","0.4","-398.75","4000","53.35","18","52","5.375","272","7","13","0.35","-692.8571428571429","6428.571428571428","38.85","22","33","6.714285714285714","272","4","16","0.2","-2200.625","7625","38.1","4","20","5.25","272","0","20","0","0","0","43.7","0","61","0"
,"273","20","0","1","1075.375","0","48.25","67","0","5.95","273","20","0","1","168.875","475","34.05","51","0","6.1","273","20","0","1","256","1800","49.75","75","0","6.3","273","8","12","0.4","-418.75","4000","53.35","18","52","5.375","273","7","13","0.35","-722.8571428571429","6428.571428571428","38.85","22","33","6.714285714285714","273","4","16","0.2","-2240.625","7625","38.1","4","20","5.25","273","0","20","0","0","0","43.7","0","61","0"
,"274","20","0","1","1075.375","0","48.25","67","0","5.95","274","20","0","1","163.875","475","34.05","51","0","6.1","274","20","0","1","246","1800","49.75","75","0","6.3","274","8","12","0.4","-438.75","4000","53.35","18","52","5.375","274","7","13","0.35","-752.8571428571429","6428.571428571428","38.85","22","33","6.714285714285714","274","4","16","0.2","-2280.625","7625","38.1","4","20","5.25","274","0","20","0","0","0","43.7","0","61","0"
,"275","20","0","1","1075.375","0","48.25","67","0","5.95","275","20","0","1","158.875","475","34.05","51","0","6.1","275","20","0","1","236","1800","49.75","75","0","6.3","275","8","12","0.4","-458.75","4000","53.35","18","52","5.375","275","7","13","0.35","-782.8571428571429","6428.571428571428","38.85","22","33","6.714285714285714","275","4","16","0.2","-2320.625","7625","38.1","4","20","5.25","275","0","20","0","0","0","43.7","0","61","0"
,"276","20","0","1","1075.375","0","48.25","67","0","5.95","276","20","0","1","153.875","475","34.05","51","0","6.1","276","20","0","1","226","1800","49.75","75","0","6.3","276","8","12","0.4","-166.25","4312.5","53.35","18","52","5.375","276","7","13","0.35","-812.8571428571429","6428.571428571428","38.85","22","33","6.714285714285714","276","4","16","0.2","-2110.625","7875","38.1","4","20","5.25","276","0","20","0","0","0","43.7","0","61","0"
,"277","20","0","1","1075.375","0","48.25","67","0","5.95","277","20","0","1","148.875","475","34.05","51","0","6.1","277","20","0","1","241","1825","49.75","75","0","6.3","277","8","12","0.4","-186.25","4312.5","53.35","18","52","5.375","277","7","13","0.35","-842.8571428571429","6428.571428571428","38.85","22","33","6.714285714285714","277","4","16","0.2","-2150.625","7875","38.1","4","20","5.25","277","0","20","0","0","0","43.7","0","61","0"
,"278","20","0","1","1075.375","0","48.25","67","0","5.95","278","20","0","1","143.875","475","34.05","51","0","6.1","278","20","0","1","231","1825","49.75","75","0","6.3","278","8","12","0.4","-206.25","4312.5","53.35","18","52","5.375","278","7","13","0.35","-872.8571428571429","6428.571428571428","38.85","22","33","6.714285714285714","278","4","16","0.2","-2190.625","7875","38.1","4","20","5.25","278","0","20","0","0","0","43.7","0","61","0"
,"279","20","0","1","1075.375","0","48.25","67","0","6","279","20","0","1","138.875","475","34.05","51","0","6.1","279","20","0","1","221","1825","49.75","75","0","6.3","279","8","12","0.4","-226.25","4312.5","53.35","18","52","5.375","279","7","13","0.35","-902.8571428571429","6428.571428571428","38.85","22","33","6.714285714285714","279","4","16","0.2","-2230.625","7875","38.1","4","20","5.25","279","0","20","0","0","0","43.7","0","61","0"
,"280","20","0","1","1075.375","0","48.25","67","0","6.05","280","20","0","1","133.875","475","34.05","51","0","6.1","280","20","0","1","211","1825","49.75","75","0","6.3","280","8","12","0.4","-246.25","4312.5","53.35","18","52","5.375","280","7","13","0.35","-932.8571428571429","6428.571428571428","38.85","22","33","6.714285714285714","280","4","16","0.2","-2270.625","7875","38.1","4","20","5.25","280","0","20","0","0","0","43.7","0","61","0"
,"281","20","0","1","1075.375","0","48.25","67","0","6.05","281","20","0","1","128.875","475","34.05","51","0","6.15","281","20","0","1","201","1825","49.75","75","0","6.3","281","8","12","0.4","-266.25","4312.5","53.35","18","52","5.375","281","7","13","0.35","-962.8571428571429","6428.571428571428","38.85","22","33","6.714285714285714","281","4","16","0.2","-2185.625","8000","38.1","4","20","5.25","281","0","20","0","0","0","43.7","0","61","0"
,"282","20","0","1","1075.375","0","48.25","67","0","6.1","282","20","0","1","123.875","475","34.05","51","0","6.15","282","20","0","1","191","1825","49.75","75","0","6.3","282","7","13","0.35","-324.2857142857143","4285.714285714285","53.35","13","57","5.428571428571429","282","7","13","0.35","-992.8571428571429","6428.571428571428","38.85","22","33","6.714285714285714","282","4","16","0.2","-2225.625","8000","38.1","4","20","5.25","282","0","20","0","0","0","43.7","0","61","0"
,"283","20","0","1","1075.375","0","48.25","67","0","6.1","283","20","0","1","118.875","475","34.05","51","0","6.15","283","20","0","1","181","1825","49.75","75","0","6.3","283","7","13","0.35","-344.2857142857143","4285.714285714285","53.35","13","57","5.428571428571429","283","7","13","0.35","-1022.8571428571429","6428.571428571428","38.85","22","33","6.714285714285714","283","4","16","0.2","-2265.625","8000","38.1","4","20","5.25","283","0","20","0","0","0","43.7","0","61","0"
,"284","20","0","1","1075.375","0","48.25","67","0","6.1","284","20","0","1","113.875","475","34.05","54","0","6.2","284","20","0","1","171","1825","49.75","75","0","6.3","284","7","13","0.35","-364.2857142857143","4285.714285714285","53.35","13","57","5.428571428571429","284","7","13","0.35","-767.1428571428571","6714.285714285715","38.85","22","33","6.714285714285714","284","4","16","0.2","-2305.625","8000","38.1","4","20","5.25","284","0","20","0","0","0","43.7","0","61","0"
,"285","20","0","1","1075.375","0","48.25","67","0","6.1","285","20","0","1","108.875","475","34.05","54","0","6.2","285","20","0","1","161","1825","49.75","79","0","6.35","285","7","13","0.35","-384.2857142857143","4285.714285714285","53.35","13","57","5.428571428571429","285","7","13","0.35","-797.1428571428571","6714.285714285715","38.85","22","33","6.714285714285714","285","4","16","0.2","-2345.625","8000","38.1","4","20","5.25","285","0","20","0","0","0","43.7","0","61","0"
,"286","20","0","1","1075.375","0","48.25","67","0","6.1","286","20","0","1","103.875","475","34.05","54","0","6.2","286","20","0","1","151","1825","49.75","79","0","6.35","286","7","13","0.35","-332.85714285714283","4357.142857142857","53.35","13","57","5.428571428571429","286","7","13","0.35","-827.1428571428571","6714.285714285715","38.85","22","33","6.714285714285714","286","4","16","0.2","-2385.625","8000","38.1","4","20","5.25","286","0","20","0","0","0","43.7","0","61","0"
,"287","20","0","1","1075.375","0","48.25","67","0","6.1","287","20","0","1","98.875","475","34.05","54","0","6.2","287","20","0","1","141","1825","49.75","79","0","6.35","287","7","13","0.35","-352.85714285714283","4357.142857142857","53.35","13","57","5.428571428571429","287","7","13","0.35","-857.1428571428571","6714.285714285715","38.85","22","33","6.714285714285714","287","4","16","0.2","-2425.625","8000","38.1","4","20","5.25","287","0","20","0","0","0","43.7","0","61","0"
,"288","20","0","1","1075.375","0","48.25","67","0","6.1","288","20","0","1","93.875","475","34.05","54","0","6.2","288","20","0","1","156","1850","49.75","79","0","6.35","288","7","13","0.35","-372.85714285714283","4357.142857142857","53.35","13","57","5.428571428571429","288","7","13","0.35","-815.7142857142857","6785.714285714285","38.85","22","33","6.714285714285714","288","4","16","0.2","-2215.625","8250","38.1","4","20","5.25","288","0","20","0","0","0","43.7","0","61","0"
,"289","20","0","1","1075.375","0","48.25","72","0","6.15","289","20","0","1","88.875","475","34.05","54","0","6.25","289","20","0","1","146","1850","49.75","79","0","6.35","289","7","13","0.35","-392.85714285714283","4357.142857142857","53.35","13","57","5.428571428571429","289","6","14","0.3","-983.3333333333334","6666.666666666667","38.85","17","38","6.5","289","4","16","0.2","-2255.625","8250","38.1","4","20","5.25","289","0","20","0","0","0","43.7","0","61","0"
,"290","20","0","1","1075.375","0","48.25","73","0","6.2","290","20","0","1","83.875","475","34.05","54","0","6.25","290","20","0","1","136","1850","49.75","79","0","6.35","290","7","13","0.35","-412.85714285714283","4357.142857142857","53.35","13","57","5.428571428571429","290","6","14","0.3","-1013.3333333333334","6666.666666666667","38.85","17","38","6.5","290","4","16","0.2","-2295.625","8250","38.1","4","20","5.25","290","0","20","0","0","0","43.7","0","61","0"
,"291","20","0","1","1075.375","0","48.25","73","0","6.2","291","20","0","1","78.875","475","34.05","54","0","6.25","291","20","0","1","126","1850","49.75","79","0","6.35","291","7","13","0.35","-432.85714285714283","4357.142857142857","53.35","13","57","5.428571428571429","291","6","14","0.3","-1043.3333333333333","6666.666666666667","38.85","17","38","6.5","291","4","16","0.2","-2335.625","8250","38.1","4","20","5.25","291","0","20","0","0","0","43.7","0","61","0"
,"292","20","0","1","1075.375","0","48.25","73","0","6.2","292","20","0","1","73.875","475","34.05","54","0","6.25","292","20","0","1","116","1850","49.75","79","0","6.35","292","7","13","0.35","-452.85714285714283","4357.142857142857","53.35","13","57","5.428571428571429","292","6","14","0.3","-1073.3333333333333","6666.666666666667","38.85","17","38","6.5","292","4","16","0.2","-2375.625","8250","38.1","4","20","5.25","292","0","20","0","0","0","43.7","0","61","0"
,"293","20","0","1","1075.375","0","48.25","73","0","6.2","293","20","0","1","68.875","475","34.05","54","0","6.25","293","20","0","1","131","1875","49.75","79","0","6.35","293","7","13","0.35","-472.85714285714283","4357.142857142857","53.35","13","57","5.428571428571429","293","6","14","0.3","-1103.3333333333333","6666.666666666667","38.85","17","38","6.5","293","4","16","0.2","-2290.625","8375","38.1","4","20","5.25","293","0","20","0","0","0","43.7","0","61","0"
,"294","20","0","1","1075.375","0","48.25","73","0","6.2","294","20","0","1","63.875","475","34.05","54","0","6.25","294","20","0","1","121","1875","49.75","79","0","6.35","294","7","13","0.35","-492.85714285714283","4357.142857142857","53.35","13","57","5.428571428571429","294","6","14","0.3","-1133.3333333333333","6666.666666666667","38.85","17","38","6.5","294","4","16","0.2","-2330.625","8375","38.1","4","20","5.25","294","0","20","0","0","0","43.7","0","61","0"
,"295","20","0","1","1075.375","0","48.25","73","0","6.2","295","20","0","1","58.875","475","34.05","54","0","6.25","295","20","0","1","111","1875","49.75","79","0","6.35","295","7","13","0.35","-512.8571428571429","4357.142857142857","53.35","13","57","5.428571428571429","295","6","14","0.3","-1163.3333333333333","6666.666666666667","38.85","17","38","6.5","295","4","16","0.2","-2370.625","8375","38.1","4","20","5.25","295","0","20","0","0","0","43.7","0","61","0"
,"296","20","0","1","1075.375","0","48.25","73","0","6.2","296","20","0","1","53.875","475","34.05","54","0","6.25","296","20","0","1","101","1875","49.75","79","0","6.35","296","7","13","0.35","-532.8571428571429","4357.142857142857","53.35","13","57","5.428571428571429","296","6","14","0.3","-1193.3333333333333","6666.666666666667","38.85","17","38","6.5","296","4","16","0.2","-2410.625","8375","38.1","4","20","5.25","296","0","20","0","0","0","43.7","0","61","0"
,"297","20","0","1","1075.375","0","48.25","73","0","6.2","297","20","0","1","48.875","475","34.05","54","0","6.25","297","20","0","1","91","1875","49.75","79","0","6.35","297","7","13","0.35","-552.8571428571429","4357.142857142857","53.35","13","57","5.428571428571429","297","6","14","0.3","-1223.3333333333333","6666.666666666667","38.85","17","38","6.5","297","4","16","0.2","-2450.625","8375","38.1","4","20","5.25","297","0","20","0","0","0","43.7","0","61","0"
,"298","20","0","1","1075.375","0","48.25","73","0","6.2","298","20","0","1","43.875","475","34.05","54","0","6.25","298","20","0","1","81","1875","49.75","79","0","6.35","298","7","13","0.35","-572.8571428571429","4357.142857142857","53.35","16","57","5.571428571428571","298","6","14","0.3","-1253.3333333333333","6666.666666666667","38.85","17","38","6.5","298","4","16","0.2","-2490.625","8375","38.1","4","20","5.25","298","0","20","0","0","0","43.7","0","61","0"
,"299","20","0","1","1075.375","0","48.25","73","0","6.2","299","20","0","1","38.875","475","34.05","54","0","6.25","299","20","0","1","71","1875","49.75","79","0","6.35","299","7","13","0.35","-592.8571428571429","4357.142857142857","53.35","16","57","5.571428571428571","299","6","14","0.3","-1283.3333333333333","6666.666666666667","38.85","17","38","6.5","299","4","16","0.2","-2530.625","8375","38.1","4","20","5.25","299","0","20","0","0","0","43.7","0","61","0"
,"300","20","0","1","1075.375","0","48.25","73","0","6.2","300","20","0","1","33.875","475","34.05","54","0","6.25","300","20","0","1","61","1875","49.75","79","0","6.4","300","7","13","0.35","-612.8571428571429","4357.142857142857","53.35","16","57","5.571428571428571","300","6","14","0.3","-1313.3333333333333","6666.666666666667","38.85","17","38","6.5","300","4","16","0.2","-2570.625","8375","38.1","4","20","5.25","300","0","20","0","0","0","43.7","0","61","0"
,"301","20","0","1","1075.375","0","48.25","73","0","6.2","301","20","0","1","178.875","625","34.05","54","0","6.25","301","20","0","1","176","2000","49.75","79","0","6.4","301","7","13","0.35","-275.7142857142857","4714.285714285715","53.35","16","57","5.571428571428571","301","5","15","0.25","-1306","6700","38.85","12","43","6.2","301","4","16","0.2","-2360.625","8625","38.1","4","20","5.25","301","0","20","0","0","0","43.7","0","61","0"
,"302","20","0","1","1075.375","0","48.25","73","0","6.2","302","20","0","1","198.875","650","34.05","54","0","6.25","302","20","0","1","216","2050","49.75","79","0","6.4","302","7","13","0.35","-295.7142857142857","4714.285714285715","53.35","16","57","5.571428571428571","302","5","15","0.25","-1336","6700","38.85","12","43","6.2","302","4","16","0.2","-2400.625","8625","38.1","4","20","5.25","302","0","20","0","0","0","43.7","0","61","0"
,"303","20","0","1","1075.375","0","48.25","73","0","6.2","303","20","0","1","218.875","675","34.05","54","0","6.25","303","20","0","1","256","2100","49.75","79","0","6.4","303","7","13","0.35","-315.7142857142857","4714.285714285715","53.35","16","57","5.571428571428571","303","5","15","0.25","-1366","6700","38.85","12","43","6.2","303","4","16","0.2","-2440.625","8625","38.1","4","20","5.25","303","0","20","0","0","0","43.7","0","61","0"
,"304","20","0","1","1075.375","0","48.25","74","0","6.25","304","20","0","1","213.875","675","34.05","54","0","6.25","304","20","0","1","296","2150","49.75","79","0","6.4","304","7","13","0.35","-335.7142857142857","4714.285714285715","53.35","16","57","5.571428571428571","304","5","15","0.25","-1396","6700","38.85","12","43","6.2","304","4","16","0.2","-2480.625","8625","38.1","4","20","5.25","304","0","20","0","0","0","43.7","0","61","0"
,"305","20","0","1","1075.375","0","48.25","74","0","6.25","305","20","0","1","208.875","675","34.05","54","0","6.3","305","20","0","1","286","2150","49.75","79","0","6.4","305","7","13","0.35","-355.7142857142857","4714.285714285715","53.35","16","57","5.571428571428571","305","5","15","0.25","-1326","6800","38.85","12","43","6.2","305","4","16","0.2","-2520.625","8625","38.1","4","20","5.25","305","0","20","0","0","0","43.7","0","61","0"
,"306","20","0","1","1075.375","0","48.25","74","0","6.25","306","20","0","1","203.875","675","34.05","54","0","6.3","306","20","0","1","276","2150","49.75","79","0","6.4","306","7","13","0.35","-375.7142857142857","4714.285714285715","53.35","19","57","5.714285714285714","306","5","15","0.25","-1356","6800","38.85","12","43","6.2","306","4","16","0.2","-2435.625","8750","38.1","4","20","5.5","306","0","20","0","0","0","43.7","0","61","0"
,"307","20","0","1","1075.375","0","48.25","74","0","6.25","307","20","0","1","223.875","700","34.05","54","0","6.3","307","20","0","1","266","2150","49.75","79","0","6.4","307","7","13","0.35","-395.7142857142857","4714.285714285715","53.35","19","57","5.714285714285714","307","5","15","0.25","-1386","6800","38.85","12","43","6.2","307","4","16","0.2","-2475.625","8750","38.1","4","20","5.5","307","0","20","0","0","0","43.7","0","61","0"
,"308","20","0","1","1075.375","0","48.25","74","0","6.25","308","20","0","1","243.875","725","34.05","54","0","6.3","308","20","0","1","256","2150","49.75","79","0","6.4","308","7","13","0.35","-415.7142857142857","4714.285714285715","53.35","19","57","5.714285714285714","308","5","15","0.25","-1416","6800","38.85","12","43","6.2","308","4","16","0.2","-2515.625","8750","38.1","4","20","5.5","308","0","20","0","0","0","43.7","0","61","0"
,"309","20","0","1","1075.375","0","48.25","74","0","6.25","309","20","0","1","238.875","725","34.05","54","0","6.3","309","20","0","1","246","2150","49.75","79","0","6.4","309","7","13","0.35","-435.7142857142857","4714.285714285715","53.35","19","57","5.714285714285714","309","5","15","0.25","-1446","6800","38.85","12","43","6.2","309","4","16","0.2","-2555.625","8750","38.1","4","20","5.5","309","0","20","0","0","0","43.7","0","61","0"
,"310","20","0","1","1075.375","0","48.25","74","0","6.25","310","20","0","1","233.875","725","34.05","54","0","6.3","310","20","0","1","261","2175","49.75","79","0","6.4","310","7","13","0.35","-455.7142857142857","4714.285714285715","53.35","19","57","5.714285714285714","310","5","15","0.25","-1476","6800","38.85","12","43","6.2","310","4","16","0.2","-2595.625","8750","38.1","4","20","5.5","310","0","20","0","0","0","43.7","0","61","0"
,"311","20","0","1","1075.375","0","48.25","74","0","6.25","311","20","0","1","228.875","725","34.05","54","0","6.3","311","20","0","1","251","2175","49.75","79","0","6.4","311","7","13","0.35","-404.2857142857143","4785.714285714285","53.35","19","57","5.714285714285714","311","5","15","0.25","-1506","6800","38.85","12","43","6.2","311","4","16","0.2","-2635.625","8750","38.1","4","20","5.5","311","0","20","0","0","0","43.7","0","61","0"
,"312","20","0","1","1075.375","0","48.25","74","0","6.25","312","20","0","1","223.875","725","34.05","54","0","6.3","312","20","0","1","241","2175","49.75","79","0","6.4","312","7","13","0.35","-424.2857142857143","4785.714285714285","53.35","19","57","5.714285714285714","312","5","15","0.25","-1536","6800","38.85","12","43","6.2","312","4","16","0.2","-2675.625","8750","38.1","4","20","5.5","312","0","20","0","0","0","43.7","0","61","0"
,"313","20","0","1","1075.375","0","48.25","74","0","6.35","313","20","0","1","268.875","775","34.05","54","0","6.3","313","20","0","1","256","2200","49.75","79","0","6.4","313","7","13","0.35","-444.2857142857143","4785.714285714285","53.35","19","57","5.714285714285714","313","5","15","0.25","-1566","6800","38.85","12","43","6.2","313","4","16","0.2","-2465.625","9000","38.1","4","20","5.5","313","0","20","0","0","0","43.7","0","61","0"
,"314","20","0","1","1075.375","0","48.25","74","0","6.35","314","20","0","1","263.875","775","34.05","54","0","6.3","314","20","0","1","246","2200","49.75","79","0","6.4","314","7","13","0.35","-464.2857142857143","4785.714285714285","53.35","19","57","5.714285714285714","314","5","15","0.25","-1596","6800","38.85","12","43","6.2","314","4","16","0.2","-2505.625","9000","38.1","4","20","5.5","314","0","20","0","0","0","43.7","0","61","0"
,"315","20","0","1","1075.375","0","48.25","74","0","6.35","315","20","0","1","258.875","775","34.05","54","0","6.3","315","20","0","1","261","2225","49.75","79","0","6.4","315","7","13","0.35","-484.2857142857143","4785.714285714285","53.35","19","57","5.714285714285714","315","5","15","0.25","-1626","6800","38.85","12","43","6.2","315","4","16","0.2","-2545.625","9000","38.1","4","20","5.5","315","0","20","0","0","0","43.7","0","61","0"
,"316","20","0","1","1075.375","0","48.25","74","0","6.35","316","20","0","1","253.875","775","34.05","54","0","6.3","316","20","0","1","251","2225","49.75","79","0","6.45","316","7","13","0.35","-504.2857142857143","4785.714285714285","53.35","19","57","5.714285714285714","316","5","15","0.25","-1656","6800","38.85","12","43","6.2","316","4","16","0.2","-2585.625","9000","38.1","4","20","5.5","316","0","20","0","0","0","43.7","0","61","0"
,"317","20","0","1","1075.375","0","48.25","74","0","6.35","317","20","0","1","248.875","775","34.05","54","0","6.3","317","20","0","1","266","2250","49.75","79","0","6.45","317","7","13","0.35","-524.2857142857143","4785.714285714285","53.35","19","57","5.714285714285714","317","5","15","0.25","-1386","7100","38.85","12","43","6.2","317","4","16","0.2","-2625.625","9000","38.1","4","20","5.5","317","0","20","0","0","0","43.7","0","61","0"
,"318","20","0","1","1075.375","0","48.25","74","0","6.35","318","20","0","1","243.875","775","34.05","54","0","6.3","318","20","0","1","256","2250","49.75","79","0","6.45","318","7","13","0.35","-544.2857142857143","4785.714285714285","53.35","19","57","5.714285714285714","318","5","15","0.25","-1416","7100","38.85","12","43","6.2","318","4","16","0.2","-2540.625","9125","38.1","4","20","5.5","318","0","20","0","0","0","43.7","0","61","0"
,"319","20","0","1","1075.375","0","48.25","74","0","6.35","319","20","0","1","263.875","800","34.05","54","0","6.3","319","20","0","1","271","2275","49.75","79","0","6.45","319","7","13","0.35","-564.2857142857143","4785.714285714285","53.35","19","57","5.714285714285714","319","5","15","0.25","-1446","7100","38.85","12","43","6.2","319","4","16","0.2","-2580.625","9125","38.1","4","20","5.5","319","0","20","0","0","0","43.7","0","61","0"
,"320","20","0","1","1075.375","0","48.25","74","0","6.35","320","20","0","1","258.875","800","34.05","54","0","6.3","320","20","0","1","261","2275","49.75","79","0","6.45","320","7","13","0.35","-584.2857142857143","4785.714285714285","53.35","19","57","5.714285714285714","320","5","15","0.25","-1476","7100","38.85","12","43","6.2","320","4","16","0.2","-2620.625","9125","38.1","4","20","5.5","320","0","20","0","0","0","43.7","0","61","0"
,"321","20","0","1","1075.375","0","48.25","74","0","6.35","321","20","0","1","253.875","800","34.05","54","0","6.3","321","20","0","1","251","2275","49.75","79","0","6.45","321","7","13","0.35","-604.2857142857143","4785.714285714285","53.35","19","57","5.714285714285714","321","5","15","0.25","-1406","7200","38.85","12","43","6.2","321","4","16","0.2","-2660.625","9125","38.1","4","20","5.5","321","0","20","0","0","0","43.7","0","61","0"
,"322","20","0","1","1075.375","0","48.25","74","0","6.35","322","20","0","1","248.875","800","34.05","54","0","6.3","322","20","0","1","241","2275","49.75","79","0","6.45","322","7","13","0.35","-624.2857142857143","4785.714285714285","53.35","19","57","5.714285714285714","322","5","15","0.25","-1436","7200","38.85","12","43","6.2","322","4","16","0.2","-2700.625","9125","38.1","4","20","5.5","322","0","20","0","0","0","43.7","0","61","0"
,"323","20","0","1","1075.375","0","48.25","74","0","6.35","323","20","0","1","243.875","800","34.05","54","0","6.3","323","20","0","1","231","2275","49.75","79","0","6.45","323","7","13","0.35","-644.2857142857143","4785.714285714285","53.35","19","57","5.714285714285714","323","5","15","0.25","-1466","7200","38.85","12","43","6.2","323","4","16","0.2","-2740.625","9125","38.1","4","20","5.5","323","0","20","0","0","0","43.7","0","61","0"
,"324","20","0","1","1075.375","0","48.25","74","0","6.35","324","20","0","1","238.875","800","34.05","54","0","6.3","324","20","0","1","221","2275","49.75","79","0","6.5","324","7","13","0.35","-664.2857142857143","4785.714285714285","53.35","19","57","5.714285714285714","324","5","15","0.25","-1496","7200","38.85","12","43","6.2","324","4","16","0.2","-2780.625","9125","38.1","4","20","5.5","324","0","20","0","0","0","43.7","0","61","0"
,"325","20","0","1","1075.375","0","48.25","74","0","6.4","325","20","0","1","233.875","800","34.05","54","0","6.3","325","20","0","1","211","2275","49.75","79","0","6.5","325","7","13","0.35","-684.2857142857143","4785.714285714285","53.35","19","57","5.714285714285714","325","5","15","0.25","-1526","7200","38.85","12","43","6.2","325","4","16","0.2","-2820.625","9125","38.1","4","20","5.5","325","0","20","0","0","0","43.7","0","61","0"
,"326","20","0","1","1075.375","0","48.25","74","0","6.4","326","20","0","1","228.875","800","34.05","54","0","6.3","326","20","0","1","201","2275","49.75","79","0","6.5","326","6","14","0.3","-485","5000","53.35","16","60","5.666666666666667","326","5","15","0.25","-1556","7200","38.85","12","43","6.2","326","4","16","0.2","-2610.625","9375","38.1","4","20","5.5","326","0","20","0","0","0","43.7","0","61","0"
,"327","20","0","1","1075.375","0","48.25","74","0","6.4","327","20","0","1","223.875","800","34.05","54","0","6.3","327","20","0","1","191","2275","49.75","79","0","6.5","327","6","14","0.3","-505","5000","53.35","16","60","5.666666666666667","327","5","15","0.25","-1586","7200","38.85","12","43","6.2","327","4","16","0.2","-2650.625","9375","38.1","4","20","5.5","327","0","20","0","0","0","43.7","0","61","0"
,"328","20","0","1","1075.375","0","48.25","74","0","6.4","328","20","0","1","218.875","800","34.05","54","0","6.3","328","20","0","1","206","2300","49.75","79","0","6.5","328","6","14","0.3","-525","5000","53.35","16","60","5.666666666666667","328","5","15","0.25","-1616","7200","38.85","12","43","6.2","328","4","16","0.2","-2690.625","9375","38.1","4","20","5.5","328","0","20","0","0","0","43.7","0","61","0"
,"329","20","0","1","1075.375","0","48.25","74","0","6.4","329","20","0","1","238.875","825","34.05","54","0","6.3","329","20","0","1","196","2300","49.75","79","0","6.5","329","6","14","0.3","-545","5000","53.35","16","60","5.666666666666667","329","5","15","0.25","-1646","7200","38.85","12","43","6.2","329","4","16","0.2","-2730.625","9375","38.1","4","20","5.5","329","0","20","0","0","0","43.7","0","61","0"
,"330","20","0","1","1075.375","0","48.25","74","0","6.4","330","20","0","1","233.875","825","34.05","57","0","6.35","330","20","0","1","186","2300","49.75","79","0","6.5","330","6","14","0.3","-565","5000","53.35","16","60","5.666666666666667","330","5","15","0.25","-1676","7200","38.85","12","43","6.2","330","4","16","0.2","-2770.625","9375","38.1","4","20","5.5","330","0","20","0","0","0","43.7","0","61","0"
,"331","20","0","1","1075.375","0","48.25","74","0","6.4","331","20","0","1","228.875","825","34.05","57","0","6.35","331","20","0","1","176","2300","49.75","79","0","6.5","331","6","14","0.3","-585","5000","53.35","16","60","5.666666666666667","331","5","15","0.25","-1706","7200","38.85","12","43","6.2","331","4","16","0.2","-2685.625","9500","38.1","4","20","5.5","331","0","20","0","0","0","43.7","0","61","0"
,"332","20","0","1","1075.375","0","48.25","74","0","6.45","332","20","0","1","223.875","825","34.05","57","0","6.35","332","20","0","1","166","2300","49.75","79","0","6.5","332","6","14","0.3","-605","5000","53.35","16","60","5.666666666666667","332","5","15","0.25","-1736","7200","38.85","12","43","6.2","332","4","16","0.2","-2725.625","9500","38.1","4","20","5.5","332","0","20","0","0","0","43.7","0","61","0"
,"333","20","0","1","1075.375","0","48.25","74","0","6.45","333","20","0","1","218.875","825","34.05","57","0","6.35","333","20","0","1","156","2300","49.75","79","0","6.5","333","6","14","0.3","-625","5000","53.35","16","60","5.666666666666667","333","5","15","0.25","-1766","7200","38.85","12","43","6.2","333","4","16","0.2","-2765.625","9500","38.1","4","20","5.5","333","0","20","0","0","0","43.7","0","61","0"
,"334","20","0","1","1075.375","0","48.25","74","0","6.45","334","20","0","1","213.875","825","34.05","57","0","6.35","334","20","0","1","146","2300","49.75","79","0","6.5","334","6","14","0.3","-645","5000","53.35","16","60","5.666666666666667","334","5","15","0.25","-1496","7500","38.85","12","43","6.2","334","4","16","0.2","-2805.625","9500","38.1","4","20","5.5","334","0","20","0","0","0","43.7","0","61","0"
,"335","20","0","1","1075.375","0","48.25","74","0","6.45","335","20","0","1","208.875","825","34.05","57","0","6.35","335","20","0","1","136","2300","49.75","79","0","6.5","335","6","14","0.3","-665","5000","53.35","16","60","5.666666666666667","335","5","15","0.25","-1526","7500","38.85","12","43","6.2","335","4","16","0.2","-2845.625","9500","38.1","4","20","5.5","335","0","20","0","0","0","43.7","0","61","0"
,"336","20","0","1","1075.375","0","48.25","74","0","6.45","336","20","0","1","203.875","825","34.05","57","0","6.35","336","20","0","1","126","2300","49.75","79","0","6.5","336","6","14","0.3","-601.6666666666666","5083.333333333333","53.35","16","60","5.666666666666667","336","5","15","0.25","-1556","7500","38.85","12","43","6.2","336","4","16","0.2","-2885.625","9500","38.1","4","20","5.5","336","0","20","0","0","0","43.7","0","61","0"
,"337","20","0","1","1075.375","0","48.25","74","0","6.45","337","20","0","1","198.875","825","34.05","57","0","6.35","337","20","0","1","141","2325","49.75","79","0","6.5","337","6","14","0.3","-621.6666666666666","5083.333333333333","53.35","16","60","5.666666666666667","337","5","15","0.25","-1586","7500","38.85","12","43","6.2","337","4","16","0.2","-2925.625","9500","38.1","4","20","5.5","337","0","20","0","0","0","43.7","0","61","0"
,"338","20","0","1","1075.375","0","48.25","74","0","6.45","338","20","0","1","218.875","850","34.05","57","0","6.35","338","20","0","1","131","2325","49.75","79","0","6.5","338","6","14","0.3","-641.6666666666666","5083.333333333333","53.35","16","60","5.666666666666667","338","5","15","0.25","-1516","7600","38.85","12","43","6.2","338","4","16","0.2","-2715.625","9750","38.1","4","20","5.5","338","0","20","0","0","0","43.7","0","61","0"
,"339","20","0","1","1075.375","0","48.25","74","0","6.45","339","20","0","1","238.875","875","34.05","57","0","6.35","339","20","0","1","121","2325","49.75","79","0","6.5","339","6","14","0.3","-661.6666666666666","5083.333333333333","53.35","16","60","5.666666666666667","339","5","15","0.25","-1546","7600","38.85","12","43","6.2","339","4","16","0.2","-2755.625","9750","38.1","4","20","5.5","339","0","20","0","0","0","43.7","0","61","0"
,"340","20","0","1","1075.375","0","48.25","74","0","6.45","340","20","0","1","233.875","875","34.05","57","0","6.35","340","20","0","1","111","2325","49.75","79","0","6.5","340","6","14","0.3","-681.6666666666666","5083.333333333333","53.35","16","60","5.666666666666667","340","5","15","0.25","-1576","7600","38.85","12","43","6.2","340","4","16","0.2","-2795.625","9750","38.1","4","20","5.5","340","0","20","0","0","0","43.7","0","61","0"
,"341","20","0","1","1075.375","0","48.25","74","0","6.45","341","20","0","1","228.875","875","34.05","57","0","6.35","341","20","0","1","101","2325","49.75","79","0","6.5","341","6","14","0.3","-701.6666666666666","5083.333333333333","53.35","16","60","5.666666666666667","341","5","15","0.25","-1606","7600","38.85","12","43","6.2","341","4","16","0.2","-2835.625","9750","38.1","4","20","5.5","341","0","20","0","0","0","43.7","0","61","0"
,"342","20","0","1","1075.375","0","48.25","74","0","6.45","342","20","0","1","223.875","875","34.05","57","0","6.35","342","20","0","1","91","2325","49.75","79","0","6.5","342","6","14","0.3","-721.6666666666666","5083.333333333333","53.35","16","60","5.666666666666667","342","5","15","0.25","-1636","7600","38.85","12","43","6.2","342","4","16","0.2","-2875.625","9750","38.1","4","20","5.5","342","0","20","0","0","0","43.7","0","61","0"
,"343","20","0","1","1075.375","0","48.25","74","0","6.45","343","20","0","1","218.875","875","34.05","57","0","6.35","343","20","0","1","81","2325","49.75","79","0","6.5","343","6","14","0.3","-741.6666666666666","5083.333333333333","53.35","16","60","5.666666666666667","343","5","15","0.25","-1666","7600","38.85","12","43","6.2","343","4","16","0.2","-2790.625","9875","38.1","4","20","5.5","343","0","20","0","0","0","43.7","0","61","0"
,"344","20","0","1","1075.375","0","48.25","74","0","6.5","344","20","0","1","213.875","875","34.05","57","0","6.35","344","20","0","1","71","2325","49.75","79","0","6.5","344","6","14","0.3","-761.6666666666666","5083.333333333333","53.35","16","60","5.666666666666667","344","5","15","0.25","-1696","7600","38.85","12","43","6.2","344","4","16","0.2","-2830.625","9875","38.1","4","20","5.5","344","0","20","0","0","0","43.7","0","61","0"
,"345","20","0","1","1075.375","0","48.25","74","0","6.5","345","20","0","1","233.875","900","34.05","57","0","6.35","345","20","0","1","86","2350","49.75","79","0","6.5","345","6","14","0.3","-781.6666666666666","5083.333333333333","53.35","16","60","5.666666666666667","345","5","15","0.25","-1726","7600","38.85","12","43","6.2","345","4","16","0.2","-2870.625","9875","38.1","4","20","5.5","345","0","20","0","0","0","43.7","0","61","0"
,"346","20","0","1","1075.375","0","48.25","74","0","6.55","346","20","0","1","228.875","900","34.05","57","0","6.35","346","20","0","1","76","2350","49.75","79","0","6.5","346","6","14","0.3","-801.6666666666666","5083.333333333333","53.35","16","60","5.666666666666667","346","5","15","0.25","-1756","7600","38.85","12","43","6.2","346","4","16","0.2","-2910.625","9875","38.1","4","20","5.5","346","0","20","0","0","0","43.7","0","61","0"
,"347","20","0","1","1075.375","0","48.25","74","0","6.55","347","20","0","1","223.875","900","34.05","57","0","6.35","347","20","0","1","66","2350","49.75","79","0","6.5","347","6","14","0.3","-821.6666666666666","5083.333333333333","53.35","16","60","5.666666666666667","347","5","15","0.25","-1786","7600","38.85","12","43","6.2","347","4","16","0.2","-2950.625","9875","38.1","4","20","5.5","347","0","20","0","0","0","43.7","0","61","0"
,"348","20","0","1","1075.375","0","48.25","74","0","6.55","348","20","0","1","218.875","900","34.05","57","0","6.35","348","20","0","1","56","2350","49.75","79","0","6.5","348","6","14","0.3","-841.6666666666666","5083.333333333333","53.35","16","60","5.666666666666667","348","5","15","0.25","-1816","7600","38.85","12","43","6.2","348","4","16","0.2","-2990.625","9875","38.1","4","20","5.5","348","0","20","0","0","0","43.7","0","61","0"
,"349","20","0","1","1075.375","0","48.25","75","0","6.6","349","20","0","1","213.875","900","34.05","57","0","6.35","349","20","0","1","46","2350","49.75","79","0","6.5","349","6","14","0.3","-861.6666666666666","5083.333333333333","53.35","16","60","5.666666666666667","349","5","15","0.25","-1846","7600","38.85","12","43","6.2","349","4","16","0.2","-3030.625","9875","38.1","4","20","5.5","349","0","20","0","0","0","43.7","0","61","0"
,"350","20","0","1","1075.375","0","48.25","75","0","6.6","350","20","0","1","208.875","900","34.05","57","0","6.35","350","20","0","1","36","2350","49.75","79","0","6.5","350","6","14","0.3","-881.6666666666666","5083.333333333333","53.35","16","60","5.666666666666667","350","5","15","0.25","-1876","7600","38.85","12","43","6.2","350","4","16","0.2","-3070.625","9875","38.1","4","20","5.5","350","0","20","0","0","0","43.7","0","61","0"
,"351","20","0","1","1075.375","0","48.25","75","0","6.6","351","20","0","1","203.875","900","34.05","57","0","6.35","351","15","5","0.75","271.3333333333333","2533.3333333333335","49.75","64","15","6.466666666666667","351","6","14","0.3","-568.3333333333334","5416.666666666667","53.35","16","60","5.666666666666667","351","5","15","0.25","-1606","7900","38.85","12","43","6.2","351","3","17","0.15","-3967.5","9000","38.1","4","20","6","351","0","20","0","0","0","43.7","0","61","0"
,"352","20","0","1","1075.375","0","48.25","75","0","6.6","352","20","0","1","223.875","925","34.05","57","0","6.4","352","15","5","0.75","261.3333333333333","2533.3333333333335","49.75","64","15","6.466666666666667","352","6","14","0.3","-588.3333333333334","5416.666666666667","53.35","16","60","5.666666666666667","352","5","15","0.25","-1636","7900","38.85","12","43","6.2","352","3","17","0.15","-4007.5","9000","38.1","4","20","6","352","0","20","0","0","0","43.7","0","61","0"
,"353","20","0","1","1075.375","0","48.25","75","0","6.6","353","20","0","1","218.875","925","34.05","57","0","6.4","353","15","5","0.75","251.33333333333334","2533.3333333333335","49.75","64","15","6.466666666666667","353","6","14","0.3","-608.3333333333334","5416.666666666667","53.35","16","60","5.666666666666667","353","5","15","0.25","-1666","7900","38.85","12","43","6.2","353","3","17","0.15","-4047.5","9000","38.1","4","20","6","353","0","20","0","0","0","43.7","0","61","0"
,"354","20","0","1","1075.375","0","48.25","75","0","6.6","354","20","0","1","213.875","925","34.05","57","0","6.45","354","14","6","0.7","259.2857142857143","2535.714285714286","49.75","59","20","6.428571428571429","354","6","14","0.3","-628.3333333333334","5416.666666666667","53.35","16","60","5.666666666666667","354","5","15","0.25","-1696","7900","38.85","12","43","6.2","354","3","17","0.15","-4087.5","9000","38.1","4","20","6","354","0","20","0","0","0","43.7","0","61","0"
,"355","20","0","1","1075.375","0","48.25","75","0","6.6","355","20","0","1","208.875","925","34.05","57","0","6.45","355","14","6","0.7","249.28571428571428","2535.714285714286","49.75","59","20","6.428571428571429","355","6","14","0.3","-648.3333333333334","5416.666666666667","53.35","16","60","5.666666666666667","355","5","15","0.25","-1626","8000","38.85","12","43","6.2","355","3","17","0.15","-4127.5","9000","38.1","4","20","6","355","0","20","0","0","0","43.7","0","61","0"
,"356","20","0","1","1075.375","0","48.25","75","0","6.6","356","20","0","1","203.875","925","34.05","57","0","6.45","356","14","6","0.7","239.28571428571428","2535.714285714286","49.75","59","20","6.428571428571429","356","6","14","0.3","-668.3333333333334","5416.666666666667","53.35","16","60","5.666666666666667","356","5","15","0.25","-1656","8000","38.85","12","43","6.2","356","3","17","0.15","-4000.8333333333335","9166.666666666666","38.1","4","20","6","356","0","20","0","0","0","43.7","0","61","0"
,"357","20","0","1","1075.375","0","48.25","75","0","6.6","357","20","0","1","198.875","925","34.05","57","0","6.45","357","14","6","0.7","229.28571428571428","2535.714285714286","49.75","59","20","6.428571428571429","357","6","14","0.3","-688.3333333333334","5416.666666666667","53.35","16","60","5.666666666666667","357","5","15","0.25","-1686","8000","38.85","12","43","6.2","357","3","17","0.15","-4040.8333333333335","9166.666666666666","38.1","4","20","6","357","0","20","0","0","0","43.7","0","61","0"
,"358","20","0","1","1075.375","0","48.25","75","0","6.6","358","20","0","1","193.875","925","34.05","57","0","6.45","358","14","6","0.7","219.28571428571428","2535.714285714286","49.75","59","20","6.428571428571429","358","6","14","0.3","-708.3333333333334","5416.666666666667","53.35","16","60","5.833333333333333","358","5","15","0.25","-1716","8000","38.85","12","43","6.2","358","3","17","0.15","-4080.8333333333335","9166.666666666666","38.1","4","20","6","358","0","20","0","0","0","43.7","0","61","0"
,"359","20","0","1","1075.375","0","48.25","75","0","6.6","359","20","0","1","188.875","925","34.05","57","0","6.45","359","14","6","0.7","209.28571428571428","2535.714285714286","49.75","59","20","6.428571428571429","359","6","14","0.3","-728.3333333333334","5416.666666666667","53.35","16","60","5.833333333333333","359","5","15","0.25","-1746","8000","38.85","12","43","6.2","359","3","17","0.15","-4120.833333333333","9166.666666666666","38.1","4","20","6","359","0","20","0","0","0","43.7","0","61","0"
,"360","20","0","1","1075.375","0","48.25","75","0","6.6","360","20","0","1","183.875","925","34.05","57","0","6.45","360","14","6","0.7","199.28571428571428","2535.714285714286","49.75","59","20","6.428571428571429","360","6","14","0.3","-748.3333333333334","5416.666666666667","53.35","16","60","5.833333333333333","360","5","15","0.25","-1776","8000","38.85","12","43","6.2","360","3","17","0.15","-4160.833333333333","9166.666666666666","38.1","4","20","6","360","0","20","0","0","0","43.7","0","61","0"
,"361","20","0","1","1075.375","0","48.25","75","0","6.6","361","20","0","1","178.875","925","34.05","57","0","6.45","361","14","6","0.7","189.28571428571428","2535.714285714286","49.75","59","20","6.428571428571429","361","6","14","0.3","-685","5500","53.35","16","60","5.833333333333333","361","5","15","0.25","-1806","8000","38.85","12","43","6.2","361","3","17","0.15","-4200.833333333333","9166.666666666666","38.1","4","20","6","361","0","20","0","0","0","43.7","0","61","0"
,"362","20","0","1","1075.375","0","48.25","80","0","6.65","362","20","0","1","173.875","925","34.05","57","0","6.45","362","14","6","0.7","179.28571428571428","2535.714285714286","49.75","59","20","6.428571428571429","362","6","14","0.3","-705","5500","53.35","16","60","5.833333333333333","362","5","15","0.25","-1836","8000","38.85","12","43","6.2","362","3","17","0.15","-4240.833333333333","9166.666666666666","38.1","4","20","6","362","0","20","0","0","0","43.7","0","61","0"
,"363","20","0","1","1075.375","0","48.25","80","0","6.65","363","20","0","1","168.875","925","34.05","57","0","6.45","363","14","6","0.7","205","2571.4285714285716","49.75","59","20","6.428571428571429","363","6","14","0.3","-725","5500","53.35","16","60","5.833333333333333","363","5","15","0.25","-1866","8000","38.85","12","43","6.2","363","3","17","0.15","-4114.166666666667","9333.333333333334","38.1","4","20","6","363","0","20","0","0","0","43.7","0","61","0"
,"364","20","0","1","1075.375","0","48.25","80","0","6.65","364","20","0","1","163.875","925","34.05","57","0","6.5","364","14","6","0.7","195","2571.4285714285716","49.75","59","20","6.5","364","6","14","0.3","-745","5500","53.35","16","60","5.833333333333333","364","5","15","0.25","-1896","8000","38.85","12","43","6.2","364","3","17","0.15","-4154.166666666667","9333.333333333334","38.1","4","20","6","364","0","20","0","0","0","43.7","0","61","0"
,"365","20","0","1","1075.375","0","48.25","80","0","6.65","365","20","0","1","158.875","925","34.05","57","0","6.5","365","14","6","0.7","220.71428571428572","2607.1428571428573","49.75","60","20","6.571428571428571","365","6","14","0.3","-765","5500","53.35","16","60","5.833333333333333","365","5","15","0.25","-1926","8000","38.85","12","43","6.2","365","3","17","0.15","-4194.166666666667","9333.333333333334","38.1","4","20","6","365","0","20","0","0","0","43.7","0","61","0"
,"366","20","0","1","1075.375","0","48.25","80","0","6.65","366","20","0","1","153.875","925","34.05","57","0","6.55","366","14","6","0.7","210.71428571428572","2607.1428571428573","49.75","60","20","6.571428571428571","366","6","14","0.3","-785","5500","53.35","16","60","5.833333333333333","366","5","15","0.25","-1956","8000","38.85","12","43","6.2","366","3","17","0.15","-4234.166666666667","9333.333333333334","38.1","4","20","6","366","0","20","0","0","0","43.7","0","61","0"
,"367","20","0","1","1075.375","0","48.25","81","0","6.7","367","20","0","1","148.875","925","34.05","57","0","6.55","367","14","6","0.7","200.71428571428572","2607.1428571428573","49.75","60","20","6.571428571428571","367","6","14","0.3","-805","5500","53.35","16","60","5.833333333333333","367","5","15","0.25","-1686","8300","38.85","12","43","6.2","367","3","17","0.15","-4274.166666666667","9333.333333333334","38.1","4","20","6","367","0","20","0","0","0","43.7","0","61","0"
,"368","20","0","1","1075.375","0","48.25","81","0","6.7","368","20","0","1","143.875","925","34.05","57","0","6.55","368","14","6","0.7","190.71428571428572","2607.1428571428573","49.75","60","20","6.571428571428571","368","6","14","0.3","-825","5500","53.35","16","60","5.833333333333333","368","5","15","0.25","-1716","8300","38.85","12","43","6.2","368","3","17","0.15","-4147.5","9500","38.1","4","20","6","368","0","20","0","0","0","43.7","0","61","0"
,"369","20","0","1","1075.375","0","48.25","84","0","6.8","369","20","0","1","138.875","925","34.05","57","0","6.55","369","13","7","0.65","195.3846153846154","2615.3846153846152","49.75","58","22","6.538461538461538","369","6","14","0.3","-845","5500","53.35","16","60","5.833333333333333","369","5","15","0.25","-1746","8300","38.85","12","43","6.2","369","3","17","0.15","-4187.5","9500","38.1","4","20","6","369","0","20","0","0","0","43.7","0","61","0"
,"370","20","0","1","1075.375","0","48.25","84","0","6.8","370","20","0","1","133.875","925","34.05","57","0","6.55","370","13","7","0.65","185.3846153846154","2615.3846153846152","49.75","58","22","6.538461538461538","370","6","14","0.3","-865","5500","53.35","16","60","5.833333333333333","370","5","15","0.25","-1776","8300","38.85","12","43","6.2","370","3","17","0.15","-4227.5","9500","38.1","4","20","6","370","0","20","0","0","0","43.7","0","61","0"
,"371","20","0","1","1075.375","0","48.25","84","0","6.8","371","20","0","1","128.875","925","34.05","57","0","6.55","371","13","7","0.65","175.3846153846154","2615.3846153846152","49.75","58","22","6.538461538461538","371","6","14","0.3","-885","5500","53.35","16","60","5.833333333333333","371","5","15","0.25","-1706","8400","38.85","12","43","6.2","371","3","17","0.15","-4267.5","9500","38.1","4","20","6","371","0","20","0","0","0","43.7","0","61","0"
,"372","20","0","1","1075.375","0","48.25","84","0","6.8","372","20","0","1","123.875","925","34.05","57","0","6.55","372","13","7","0.65","165.3846153846154","2615.3846153846152","49.75","58","22","6.538461538461538","372","6","14","0.3","-905","5500","53.35","16","60","5.833333333333333","372","5","15","0.25","-1736","8400","38.85","12","43","6.2","372","3","17","0.15","-4307.5","9500","38.1","4","20","6","372","0","20","0","0","0","43.7","0","61","0"
,"373","20","0","1","1075.375","0","48.25","84","0","6.8","373","20","0","1","118.875","925","34.05","57","0","6.55","373","13","7","0.65","155.3846153846154","2615.3846153846152","49.75","58","22","6.538461538461538","373","6","14","0.3","-925","5500","53.35","16","60","5.833333333333333","373","5","15","0.25","-1766","8400","38.85","12","43","6.2","373","3","17","0.15","-4347.5","9500","38.1","4","20","6","373","0","20","0","0","0","43.7","0","61","0"
,"374","20","0","1","1075.375","0","48.25","84","0","6.8","374","20","0","1","113.875","925","34.05","57","0","6.55","374","13","7","0.65","145.3846153846154","2615.3846153846152","49.75","58","22","6.538461538461538","374","6","14","0.3","-945","5500","53.35","16","60","5.833333333333333","374","5","15","0.25","-1796","8400","38.85","12","43","6.2","374","3","17","0.15","-4387.5","9500","38.1","4","20","6","374","0","20","0","0","0","43.7","0","61","0"
,"375","20","0","1","1075.375","0","48.25","84","0","6.8","375","20","0","1","108.875","925","34.05","57","0","6.6","375","13","7","0.65","173.84615384615384","2653.846153846154","49.75","58","22","6.538461538461538","375","6","14","0.3","-965","5500","53.35","16","60","5.833333333333333","375","5","15","0.25","-1826","8400","38.85","12","43","6.2","375","3","17","0.15","-4427.5","9500","38.1","4","20","6","375","0","20","0","0","0","43.7","0","61","0"
,"376","20","0","1","1075.375","0","48.25","84","0","6.8","376","20","0","1","103.875","925","34.05","57","0","6.6","376","13","7","0.65","163.84615384615384","2653.846153846154","49.75","58","22","6.538461538461538","376","6","14","0.3","-651.6666666666666","5833.333333333333","53.35","16","60","5.833333333333333","376","5","15","0.25","-1856","8400","38.85","12","43","6.2","376","3","17","0.15","-4300.833333333333","9666.666666666666","38.1","4","20","6","376","0","20","0","0","0","43.7","0","61","0"
,"377","20","0","1","1075.375","0","48.25","86","0","6.85","377","20","0","1","98.875","925","34.05","57","0","6.6","377","13","7","0.65","153.84615384615384","2653.846153846154","49.75","58","22","6.538461538461538","377","6","14","0.3","-671.6666666666666","5833.333333333333","53.35","16","60","5.833333333333333","377","5","15","0.25","-1886","8400","38.85","12","43","6.2","377","3","17","0.15","-4340.833333333333","9666.666666666666","38.1","4","20","6","377","0","20","0","0","0","43.7","0","61","0"
,"378","20","0","1","1075.375","0","48.25","86","0","6.85","378","20","0","1","93.875","925","34.05","57","0","6.6","378","13","7","0.65","182.30769230769232","2692.3076923076924","49.75","58","22","6.538461538461538","378","6","14","0.3","-691.6666666666666","5833.333333333333","53.35","16","60","5.833333333333333","378","5","15","0.25","-1916","8400","38.85","12","43","6.2","378","3","17","0.15","-4380.833333333333","9666.666666666666","38.1","4","20","6","378","0","20","0","0","0","43.7","0","61","0"
,"379","20","0","1","1075.375","0","48.25","86","0","6.85","379","20","0","1","88.875","925","34.05","57","0","6.6","379","13","7","0.65","172.30769230769232","2692.3076923076924","49.75","58","22","6.538461538461538","379","6","14","0.3","-711.6666666666666","5833.333333333333","53.35","16","60","5.833333333333333","379","5","15","0.25","-1946","8400","38.85","12","43","6.2","379","3","17","0.15","-4420.833333333333","9666.666666666666","38.1","4","20","6","379","0","20","0","0","0","43.7","0","61","0"
,"380","20","0","1","1075.375","0","48.25","86","0","6.85","380","20","0","1","83.875","925","34.05","57","0","6.6","380","13","7","0.65","162.30769230769232","2692.3076923076924","49.75","58","22","6.538461538461538","380","6","14","0.3","-731.6666666666666","5833.333333333333","53.35","16","60","5.833333333333333","380","5","15","0.25","-1976","8400","38.85","12","43","6.2","380","3","17","0.15","-4460.833333333333","9666.666666666666","38.1","4","20","6","380","0","20","0","0","0","43.7","0","61","0"
,"381","20","0","1","1075.375","0","48.25","88","0","6.9","381","20","0","1","78.875","925","34.05","57","0","6.6","381","13","7","0.65","152.30769230769232","2692.3076923076924","49.75","58","22","6.538461538461538","381","6","14","0.3","-751.6666666666666","5833.333333333333","53.35","16","60","5.833333333333333","381","5","15","0.25","-2006","8400","38.85","12","43","6.2","381","3","17","0.15","-4334.166666666667","9833.333333333334","38.1","4","20","6","381","0","20","0","0","0","43.7","0","61","0"
,"382","20","0","1","1075.375","0","48.25","88","0","6.9","382","20","0","1","73.875","925","34.05","57","0","6.6","382","13","7","0.65","142.30769230769232","2692.3076923076924","49.75","58","22","6.538461538461538","382","6","14","0.3","-771.6666666666666","5833.333333333333","53.35","16","60","5.833333333333333","382","5","15","0.25","-2036","8400","38.85","12","43","6.2","382","3","17","0.15","-4374.166666666667","9833.333333333334","38.1","4","20","6","382","0","20","0","0","0","43.7","0","61","0"
,"383","20","0","1","1075.375","0","48.25","88","0","6.9","383","20","0","1","68.875","925","34.05","57","0","6.6","383","13","7","0.65","132.30769230769232","2692.3076923076924","49.75","58","22","6.538461538461538","383","6","14","0.3","-791.6666666666666","5833.333333333333","53.35","16","60","5.833333333333333","383","5","15","0.25","-2066","8400","38.85","12","43","6.2","383","3","17","0.15","-4414.166666666667","9833.333333333334","38.1","4","20","6","383","0","20","0","0","0","43.7","0","61","0"
,"384","20","0","1","1075.375","0","48.25","88","0","6.9","384","20","0","1","63.875","925","34.05","57","0","6.6","384","12","8","0.6","133.33333333333334","2708.3333333333335","49.75","53","27","6.333333333333333","384","6","14","0.3","-811.6666666666666","5833.333333333333","53.35","16","60","5.833333333333333","384","5","15","0.25","-1796","8700","38.85","12","43","6.2","384","3","17","0.15","-4454.166666666667","9833.333333333334","38.1","4","20","6","384","0","20","0","0","0","43.7","0","61","0"
,"385","20","0","1","1075.375","0","48.25","88","0","6.9","385","20","0","1","58.875","925","34.05","57","0","6.6","385","12","8","0.6","123.33333333333333","2708.3333333333335","49.75","53","27","6.333333333333333","385","6","14","0.3","-831.6666666666666","5833.333333333333","53.35","16","60","5.833333333333333","385","5","15","0.25","-1826","8700","38.85","12","43","6.2","385","3","17","0.15","-4494.166666666667","9833.333333333334","38.1","4","20","6","385","0","20","0","0","0","43.7","0","61","0"
,"386","20","0","1","1075.375","0","48.25","88","0","6.9","386","20","0","1","53.875","925","34.05","57","0","6.6","386","12","8","0.6","113.33333333333333","2708.3333333333335","49.75","53","27","6.333333333333333","386","6","14","0.3","-768.3333333333334","5916.666666666667","53.35","16","60","5.833333333333333","386","5","15","0.25","-1856","8700","38.85","12","43","6.2","386","3","17","0.15","-4534.166666666667","9833.333333333334","38.1","4","20","6","386","0","20","0","0","0","43.7","0","61","0"
,"387","20","0","1","1075.375","0","48.25","88","0","6.9","387","20","0","1","48.875","925","34.05","57","0","6.6","387","12","8","0.6","103.33333333333333","2708.3333333333335","49.75","53","27","6.333333333333333","387","6","14","0.3","-788.3333333333334","5916.666666666667","53.35","16","60","5.833333333333333","387","5","15","0.25","-1886","8700","38.85","12","43","6.2","387","3","17","0.15","-4574.166666666667","9833.333333333334","38.1","4","20","6","387","0","20","0","0","0","43.7","0","61","0"
,"388","20","0","1","1075.375","0","48.25","88","0","6.9","388","20","0","1","43.875","925","34.05","57","0","6.6","388","12","8","0.6","93.33333333333333","2708.3333333333335","49.75","53","27","6.333333333333333","388","6","14","0.3","-808.3333333333334","5916.666666666667","53.35","16","60","5.833333333333333","388","5","15","0.25","-1816","8800","38.85","12","43","6.2","388","3","17","0.15","-4447.5","10000","38.1","4","20","6","388","0","20","0","0","0","43.7","0","61","0"
,"389","20","0","1","1075.375","0","48.25","88","0","6.9","389","20","0","1","38.875","925","34.05","57","0","6.6","389","12","8","0.6","83.33333333333333","2708.3333333333335","49.75","53","27","6.333333333333333","389","6","14","0.3","-828.3333333333334","5916.666666666667","53.35","16","60","5.833333333333333","389","5","15","0.25","-1846","8800","38.85","12","43","6.2","389","3","17","0.15","-4487.5","10000","38.1","4","20","6","389","0","20","0","0","0","43.7","0","61","0"
,"390","20","0","1","1075.375","0","48.25","90","0","6.95","390","20","0","1","33.875","925","34.05","57","0","6.6","390","12","8","0.6","73.33333333333333","2708.3333333333335","49.75","53","27","6.333333333333333","390","6","14","0.3","-848.3333333333334","5916.666666666667","53.35","16","60","5.833333333333333","390","5","15","0.25","-1876","8800","38.85","12","43","6.2","390","3","17","0.15","-4527.5","10000","38.1","4","20","6","390","0","20","0","0","0","43.7","0","61","0"
,"391","20","0","1","1075.375","0","48.25","91","0","7","391","20","0","1","28.875","925","34.05","57","0","6.6","391","12","8","0.6","63.333333333333336","2708.3333333333335","49.75","53","27","6.333333333333333","391","6","14","0.3","-868.3333333333334","5916.666666666667","53.35","16","60","5.833333333333333","391","5","15","0.25","-1906","8800","38.85","12","43","6.2","391","3","17","0.15","-4567.5","10000","38.1","4","20","6","391","0","20","0","0","0","43.7","0","61","0"
,"392","20","0","1","1075.375","0","48.25","91","0","7","392","20","0","1","23.875","925","34.05","57","0","6.6","392","12","8","0.6","95","2750","49.75","53","27","6.333333333333333","392","6","14","0.3","-888.3333333333334","5916.666666666667","53.35","16","60","5.833333333333333","392","5","15","0.25","-1936","8800","38.85","12","43","6.2","392","3","17","0.15","-4607.5","10000","38.1","4","20","6","392","0","20","0","0","0","43.7","0","61","0"
,"393","20","0","1","1075.375","0","48.25","91","0","7","393","20","0","1","18.875","925","34.05","57","0","6.6","393","11","9","0.55","93.63636363636364","2772.7272727272725","49.75","44","36","6.090909090909091","393","6","14","0.3","-908.3333333333334","5916.666666666667","53.35","16","60","5.833333333333333","393","5","15","0.25","-1966","8800","38.85","12","43","6.2","393","3","17","0.15","-4480.833333333333","10166.666666666666","38.1","4","20","6","393","0","20","0","0","0","43.7","0","61","0"
,"394","20","0","1","1075.375","0","48.25","91","0","7","394","20","0","1","13.875","925","34.05","57","0","6.6","394","11","9","0.55","83.63636363636364","2772.7272727272725","49.75","44","36","6.090909090909091","394","6","14","0.3","-928.3333333333334","5916.666666666667","53.35","16","60","5.833333333333333","394","5","15","0.25","-1996","8800","38.85","12","43","6.2","394","3","17","0.15","-4520.833333333333","10166.666666666666","38.1","4","20","6","394","0","20","0","0","0","43.7","0","61","0"
,"395","20","0","1","1075.375","0","48.25","92","0","7.05","395","20","0","1","8.875","925","34.05","57","0","6.6","395","11","9","0.55","73.63636363636364","2772.7272727272725","49.75","44","36","6.090909090909091","395","6","14","0.3","-948.3333333333334","5916.666666666667","53.35","16","60","5.833333333333333","395","5","15","0.25","-2026","8800","38.85","12","43","6.2","395","3","17","0.15","-4560.833333333333","10166.666666666666","38.1","4","20","6","395","0","20","0","0","0","43.7","0","61","0"
,"396","20","0","1","1075.375","0","48.25","92","0","7.05","396","20","0","1","3.875","925","34.05","57","0","6.6","396","11","9","0.55","63.63636363636363","2772.7272727272725","49.75","44","36","6.090909090909091","396","6","14","0.3","-968.3333333333334","5916.666666666667","53.35","16","60","5.833333333333333","396","5","15","0.25","-2056","8800","38.85","12","43","6.2","396","3","17","0.15","-4600.833333333333","10166.666666666666","38.1","4","20","6","396","0","20","0","0","0","43.7","0","61","0"
,"397","20","0","1","1075.375","0","48.25","92","0","7.05","397","20","0","1","-1.125","925","34.05","57","0","6.6","397","11","9","0.55","53.63636363636363","2772.7272727272725","49.75","44","36","6.090909090909091","397","6","14","0.3","-988.3333333333334","5916.666666666667","53.35","16","60","5.833333333333333","397","5","15","0.25","-2086","8800","38.85","12","43","6.2","397","3","17","0.15","-4640.833333333333","10166.666666666666","38.1","4","20","6","397","0","20","0","0","0","43.7","0","61","0"
,"398","20","0","1","1075.375","0","48.25","92","0","7.05","398","20","0","1","-6.125","925","34.05","57","0","6.6","398","11","9","0.55","43.63636363636363","2772.7272727272725","49.75","44","36","6.090909090909091","398","6","14","0.3","-1008.3333333333334","5916.666666666667","53.35","16","60","5.833333333333333","398","5","15","0.25","-2116","8800","38.85","12","43","6.2","398","3","17","0.15","-4680.833333333333","10166.666666666666","38.1","4","20","6","398","0","20","0","0","0","43.7","0","61","0"
,"399","20","0","1","1075.375","0","48.25","92","0","7.05","399","20","0","1","-11.125","925","34.05","57","0","6.6","399","11","9","0.55","33.63636363636363","2772.7272727272725","49.75","44","36","6.090909090909091","399","6","14","0.3","-1028.3333333333333","5916.666666666667","53.35","16","60","5.833333333333333","399","5","15","0.25","-2146","8800","38.85","12","43","6.2","399","3","17","0.15","-4720.833333333333","10166.666666666666","38.1","4","20","6","399","0","20","0","0","0","43.7","0","61","0"
,"400","20","0","1","1075.375","0","48.25","92","0","7.05","400","20","0","1","-16.125","925","34.05","57","0","6.65","400","11","9","0.55","23.636363636363637","2772.7272727272725","49.75","44","36","6.090909090909091","400","6","14","0.3","-1048.3333333333333","5916.666666666667","53.35","16","60","5.833333333333333","400","5","15","0.25","-2176","8800","38.85","12","43","6.2","400","3","17","0.15","-4760.833333333333","10166.666666666666","38.1","4","20","6","400","0","20","0","0","0","43.7","0","61","0"
,"401","20","0","1","1075.375","0","48.25","92","0","7.05","401","20","0","1","128.875","1075","34.05","57","0","6.65","401","7","13","0.35","241.42857142857142","2857.1428571428573","49.75","39","41","7.142857142857143","401","6","14","0.3","-735","6250","53.35","16","60","5.833333333333333","401","5","15","0.25","-1906","9100","38.85","12","43","6.2","401","3","17","0.15","-4634.166666666667","10333.333333333334","38.1","4","20","6","401","0","20","0","0","0","43.7","0","61","0"
,"402","20","0","1","1075.375","0","48.25","92","0","7.05","402","20","0","1","148.875","1100","34.05","57","0","6.65","402","7","13","0.35","231.42857142857142","2857.1428571428573","49.75","39","41","7.142857142857143","402","6","14","0.3","-755","6250","53.35","16","60","5.833333333333333","402","5","15","0.25","-1936","9100","38.85","12","43","6.2","402","3","17","0.15","-4674.166666666667","10333.333333333334","38.1","4","20","6","402","0","20","0","0","0","43.7","0","61","0"
,"403","20","0","1","1075.375","0","48.25","92","0","7.05","403","20","0","1","143.875","1100","34.05","57","0","6.65","403","7","13","0.35","221.42857142857142","2857.1428571428573","49.75","39","41","7.142857142857143","403","6","14","0.3","-775","6250","53.35","16","60","5.833333333333333","403","5","15","0.25","-1966","9100","38.85","12","43","6.2","403","3","17","0.15","-4714.166666666667","10333.333333333334","38.1","4","20","6","403","0","20","0","0","0","43.7","0","61","0"
,"404","20","0","1","1075.375","0","48.25","92","0","7.05","404","20","0","1","138.875","1100","34.05","57","0","6.65","404","7","13","0.35","211.42857142857142","2857.1428571428573","49.75","39","41","7.142857142857143","404","6","14","0.3","-795","6250","53.35","16","60","5.833333333333333","404","5","15","0.25","-1996","9100","38.85","12","43","6.2","404","3","17","0.15","-4754.166666666667","10333.333333333334","38.1","4","20","6","404","0","20","0","0","0","43.7","0","61","0"
,"405","20","0","1","1075.375","0","48.25","92","0","7.05","405","20","0","1","133.875","1100","34.05","57","0","6.65","405","7","13","0.35","201.42857142857142","2857.1428571428573","49.75","39","41","7.142857142857143","405","6","14","0.3","-815","6250","53.35","16","60","5.833333333333333","405","5","15","0.25","-1926","9200","38.85","12","43","6.2","405","3","17","0.15","-4794.166666666667","10333.333333333334","38.1","4","20","6","405","0","20","0","0","0","43.7","0","61","0"
,"406","20","0","1","1075.375","0","48.25","92","0","7.05","406","20","0","1","128.875","1100","34.05","57","0","6.65","406","7","13","0.35","191.42857142857142","2857.1428571428573","49.75","39","41","7.142857142857143","406","6","14","0.3","-835","6250","53.35","16","60","5.833333333333333","406","5","15","0.25","-1956","9200","38.85","12","43","6.2","406","3","17","0.15","-4667.5","10500","38.1","4","20","6","406","0","20","0","0","0","43.7","0","61","0"
,"407","20","0","1","1075.375","0","48.25","92","0","7.05","407","20","0","1","173.875","1150","34.05","57","0","6.65","407","7","13","0.35","181.42857142857142","2857.1428571428573","49.75","39","41","7.142857142857143","407","6","14","0.3","-855","6250","53.35","16","60","5.833333333333333","407","5","15","0.25","-1986","9200","38.85","12","43","6.2","407","3","17","0.15","-4707.5","10500","38.1","4","20","6","407","0","20","0","0","0","43.7","0","61","0"
,"408","20","0","1","1075.375","0","48.25","92","0","7.05","408","20","0","1","168.875","1150","34.05","57","0","6.65","408","7","13","0.35","171.42857142857142","2857.1428571428573","49.75","39","41","7.142857142857143","408","6","14","0.3","-875","6250","53.35","16","60","5.833333333333333","408","5","15","0.25","-2016","9200","38.85","12","43","6.2","408","3","17","0.15","-4747.5","10500","38.1","4","20","6","408","0","20","0","0","0","43.7","0","61","0"
,"409","20","0","1","1075.375","0","48.25","92","0","7.05","409","20","0","1","163.875","1150","34.05","57","0","6.65","409","7","13","0.35","161.42857142857142","2857.1428571428573","49.75","39","41","7.142857142857143","409","6","14","0.3","-895","6250","53.35","16","60","5.833333333333333","409","5","15","0.25","-2046","9200","38.85","12","43","6.2","409","3","17","0.15","-4787.5","10500","38.1","4","20","6","409","0","20","0","0","0","43.7","0","61","0"
,"410","20","0","1","1075.375","0","48.25","92","0","7.05","410","20","0","1","158.875","1150","34.05","57","0","6.65","410","7","13","0.35","151.42857142857142","2857.1428571428573","49.75","39","41","7.142857142857143","410","6","14","0.3","-915","6250","53.35","16","60","6","410","5","15","0.25","-2076","9200","38.85","12","43","6.2","410","3","17","0.15","-4827.5","10500","38.1","4","20","6","410","0","20","0","0","0","43.7","0","61","0"
,"411","20","0","1","1075.375","0","48.25","92","0","7.05","411","20","0","1","153.875","1150","34.05","57","0","6.65","411","7","13","0.35","141.42857142857142","2857.1428571428573","49.75","39","41","7.142857142857143","411","6","14","0.3","-851.6666666666666","6333.333333333333","53.35","16","60","6","411","5","15","0.25","-2106","9200","38.85","12","43","6.2","411","3","17","0.15","-4867.5","10500","38.1","4","20","6","411","0","20","0","0","0","43.7","0","61","0"
,"412","20","0","1","1075.375","0","48.25","92","0","7.05","412","20","0","1","148.875","1150","34.05","57","0","6.65","412","7","13","0.35","131.42857142857142","2857.1428571428573","49.75","39","41","7.142857142857143","412","6","14","0.3","-871.6666666666666","6333.333333333333","53.35","16","60","6","412","5","15","0.25","-2136","9200","38.85","12","43","6.2","412","3","17","0.15","-4907.5","10500","38.1","4","20","6","412","0","20","0","0","0","43.7","0","61","0"
,"413","20","0","1","1075.375","0","48.25","92","0","7.05","413","20","0","1","143.875","1150","34.05","57","0","6.65","413","6","14","0.3","143.33333333333334","2833.3333333333335","49.75","30","50","7.166666666666667","413","6","14","0.3","-891.6666666666666","6333.333333333333","53.35","16","60","6","413","5","15","0.25","-2166","9200","38.85","12","43","6.2","413","3","17","0.15","-4780.833333333333","10666.666666666666","38.1","4","20","6","413","0","20","0","0","0","43.7","0","61","0"
,"414","20","0","1","1075.375","0","48.25","92","0","7.1","414","20","0","1","138.875","1150","34.05","57","0","6.65","414","6","14","0.3","133.33333333333334","2833.3333333333335","49.75","30","50","7.166666666666667","414","6","14","0.3","-911.6666666666666","6333.333333333333","53.35","16","60","6","414","5","15","0.25","-2196","9200","38.85","12","43","6.2","414","3","17","0.15","-4820.833333333333","10666.666666666666","38.1","4","20","6","414","0","20","0","0","0","43.7","0","61","0"
,"415","20","0","1","1075.375","0","48.25","92","0","7.1","415","20","0","1","158.875","1175","34.05","57","0","6.65","415","6","14","0.3","206.66666666666666","2916.6666666666665","49.75","30","50","7.166666666666667","415","6","14","0.3","-931.6666666666666","6333.333333333333","53.35","16","60","6","415","5","15","0.25","-2226","9200","38.85","12","43","6.2","415","3","17","0.15","-4860.833333333333","10666.666666666666","38.1","4","20","6","415","0","20","0","0","0","43.7","0","61","0"
,"416","20","0","1","1075.375","0","48.25","92","0","7.1","416","20","0","1","153.875","1175","34.05","57","0","6.65","416","6","14","0.3","196.66666666666666","2916.6666666666665","49.75","30","50","7.166666666666667","416","6","14","0.3","-951.6666666666666","6333.333333333333","53.35","16","60","6","416","5","15","0.25","-2256","9200","38.85","12","43","6.2","416","3","17","0.15","-4900.833333333333","10666.666666666666","38.1","4","20","6","416","0","20","0","0","0","43.7","0","61","0"
,"417","20","0","1","1075.375","0","48.25","92","0","7.1","417","20","0","1","173.875","1200","34.05","57","0","6.65","417","6","14","0.3","186.66666666666666","2916.6666666666665","49.75","30","50","7.166666666666667","417","6","14","0.3","-971.6666666666666","6333.333333333333","53.35","16","60","6","417","4","16","0.2","-2605","8875","38.85","9","46","6.25","417","3","17","0.15","-4940.833333333333","10666.666666666666","38.1","4","20","6","417","0","20","0","0","0","43.7","0","61","0"
,"418","20","0","1","1075.375","0","48.25","92","0","7.1","418","20","0","1","168.875","1200","34.05","57","0","6.65","418","6","14","0.3","176.66666666666666","2916.6666666666665","49.75","30","50","7.166666666666667","418","6","14","0.3","-991.6666666666666","6333.333333333333","53.35","16","60","6","418","4","16","0.2","-2635","8875","38.85","9","46","6.25","418","3","17","0.15","-4814.166666666667","10833.333333333334","38.1","4","20","6","418","0","20","0","0","0","43.7","0","61","0"
,"419","20","0","1","1075.375","0","48.25","92","0","7.1","419","20","0","1","163.875","1200","34.05","57","0","6.65","419","6","14","0.3","166.66666666666666","2916.6666666666665","49.75","30","50","7.166666666666667","419","6","14","0.3","-1011.6666666666666","6333.333333333333","53.35","16","60","6","419","4","16","0.2","-2665","8875","38.85","9","46","6.25","419","3","17","0.15","-4854.166666666667","10833.333333333334","38.1","4","20","6","419","0","20","0","0","0","43.7","0","61","0"
,"420","20","0","1","1075.375","0","48.25","92","0","7.1","420","20","0","1","183.875","1225","34.05","63","0","6.7","420","6","14","0.3","156.66666666666666","2916.6666666666665","49.75","30","50","7.166666666666667","420","6","14","0.3","-1031.6666666666667","6333.333333333333","53.35","16","60","6","420","4","16","0.2","-2695","8875","38.85","9","46","6.25","420","3","17","0.15","-4894.166666666667","10833.333333333334","38.1","4","20","6","420","0","20","0","0","0","43.7","0","61","0"
,"421","20","0","1","1075.375","0","48.25","92","0","7.1","421","20","0","1","178.875","1225","34.05","63","0","6.7","421","6","14","0.3","146.66666666666666","2916.6666666666665","49.75","30","50","7.166666666666667","421","6","14","0.3","-1051.6666666666667","6333.333333333333","53.35","16","60","6","421","4","16","0.2","-2600","9000","38.85","9","46","6.25","421","3","17","0.15","-4934.166666666667","10833.333333333334","38.1","4","20","6","421","0","20","0","0","0","43.7","0","61","0"
,"422","20","0","1","1075.375","0","48.25","92","0","7.1","422","20","0","1","173.875","1225","34.05","66","0","6.75","422","6","14","0.3","136.66666666666666","2916.6666666666665","49.75","30","50","7.166666666666667","422","6","14","0.3","-1071.6666666666667","6333.333333333333","53.35","16","60","6","422","4","16","0.2","-2630","9000","38.85","9","46","6.25","422","3","17","0.15","-4974.166666666667","10833.333333333334","38.1","4","20","6","422","0","20","0","0","0","43.7","0","61","0"
,"423","20","0","1","1075.375","0","48.25","92","0","7.1","423","20","0","1","168.875","1225","34.05","66","0","6.75","423","6","14","0.3","126.66666666666667","2916.6666666666665","49.75","30","50","7.166666666666667","423","6","14","0.3","-1091.6666666666667","6333.333333333333","53.35","16","60","6","423","4","16","0.2","-2660","9000","38.85","9","46","6.5","423","3","17","0.15","-5014.166666666667","10833.333333333334","38.1","4","20","6","423","0","20","0","0","0","43.7","0","61","0"
,"424","20","0","1","1075.375","0","48.25","92","0","7.1","424","20","0","1","163.875","1225","34.05","66","0","6.75","424","6","14","0.3","116.66666666666667","2916.6666666666665","49.75","30","50","7.166666666666667","424","6","14","0.3","-1111.6666666666667","6333.333333333333","53.35","16","60","6","424","4","16","0.2","-2690","9000","38.85","9","46","6.5","424","3","17","0.15","-5054.166666666667","10833.333333333334","38.1","4","20","6","424","0","20","0","0","0","43.7","0","61","0"
,"425","20","0","1","1075.375","0","48.25","92","0","7.1","425","20","0","1","183.875","1250","34.05","66","0","6.75","425","6","14","0.3","106.66666666666667","2916.6666666666665","49.75","30","50","7.166666666666667","425","6","14","0.3","-1131.6666666666667","6333.333333333333","53.35","16","60","6","425","4","16","0.2","-2720","9000","38.85","9","46","6.5","425","3","17","0.15","-5094.166666666667","10833.333333333334","38.1","4","20","6","425","0","20","0","0","0","43.7","0","61","0"
,"426","20","0","1","1075.375","0","48.25","92","0","7.1","426","20","0","1","178.875","1250","34.05","69","0","6.8","426","5","15","0.25","118","3000","49.75","20","60","6.6","426","6","14","0.3","-818.3333333333334","6666.666666666667","53.35","16","60","6","426","4","16","0.2","-2750","9000","38.85","9","46","6.5","426","3","17","0.15","-4967.5","11000","38.1","4","20","6","426","0","20","0","0","0","43.7","0","61","0"
,"427","20","0","1","1075.375","0","48.25","92","0","7.1","427","20","0","1","173.875","1250","34.05","69","0","6.8","427","5","15","0.25","108","3000","49.75","20","60","6.6","427","6","14","0.3","-838.3333333333334","6666.666666666667","53.35","16","60","6","427","4","16","0.2","-2780","9000","38.85","9","46","6.5","427","3","17","0.15","-5007.5","11000","38.1","4","20","6","427","0","20","0","0","0","43.7","0","61","0"
,"428","20","0","1","1075.375","0","48.25","92","0","7.1","428","20","0","1","168.875","1250","34.05","69","0","6.8","428","5","15","0.25","98","3000","49.75","20","60","6.6","428","6","14","0.3","-858.3333333333334","6666.666666666667","53.35","16","60","6","428","4","16","0.2","-2810","9000","38.85","9","46","6.5","428","3","17","0.15","-5047.5","11000","38.1","4","20","6","428","0","20","0","0","0","43.7","0","61","0"
,"429","20","0","1","1075.375","0","48.25","92","0","7.1","429","20","0","1","188.875","1275","34.05","69","0","6.8","429","5","15","0.25","88","3000","49.75","20","60","6.6","429","6","14","0.3","-878.3333333333334","6666.666666666667","53.35","16","60","6","429","4","16","0.2","-2840","9000","38.85","9","46","6.5","429","3","17","0.15","-5087.5","11000","38.1","4","20","6","429","0","20","0","0","0","43.7","0","61","0"
,"430","20","0","1","1075.375","0","48.25","92","0","7.1","430","20","0","1","183.875","1275","34.05","69","0","6.8","430","5","15","0.25","78","3000","49.75","20","60","6.6","430","6","14","0.3","-898.3333333333334","6666.666666666667","53.35","16","60","6","430","4","16","0.2","-2870","9000","38.85","9","46","6.5","430","3","17","0.15","-5127.5","11000","38.1","4","20","6","430","0","20","0","0","0","43.7","0","61","0"
,"431","20","0","1","1075.375","0","48.25","92","0","7.1","431","20","0","1","178.875","1275","34.05","69","0","6.8","431","5","15","0.25","68","3000","49.75","20","60","6.6","431","6","14","0.3","-918.3333333333334","6666.666666666667","53.35","16","60","6","431","4","16","0.2","-2900","9000","38.85","9","46","6.5","431","3","17","0.15","-5000.833333333333","11166.666666666666","38.1","4","20","6","431","0","20","0","0","0","43.7","0","61","0"
,"432","20","0","1","1075.375","0","48.25","92","0","7.1","432","20","0","1","198.875","1300","34.05","69","0","6.8","432","5","15","0.25","58","3000","49.75","20","60","6.6","432","6","14","0.3","-938.3333333333334","6666.666666666667","53.35","16","60","6","432","4","16","0.2","-2930","9000","38.85","9","46","6.5","432","3","17","0.15","-5040.833333333333","11166.666666666666","38.1","4","20","6","432","0","20","0","0","0","43.7","0","61","0"
,"433","20","0","1","1075.375","0","48.25","92","0","7.1","433","20","0","1","193.875","1300","34.05","69","0","6.8","433","5","15","0.25","48","3000","49.75","20","60","6.6","433","6","14","0.3","-958.3333333333334","6666.666666666667","53.35","16","60","6","433","4","16","0.2","-2960","9000","38.85","9","46","6.5","433","3","17","0.15","-5080.833333333333","11166.666666666666","38.1","8","20","6.333333333333333","433","0","20","0","0","0","43.7","0","61","0"
,"434","20","0","1","1075.375","0","48.25","92","0","7.1","434","20","0","1","188.875","1300","34.05","69","0","6.8","434","5","15","0.25","38","3000","49.75","20","60","6.6","434","6","14","0.3","-978.3333333333334","6666.666666666667","53.35","16","60","6","434","3","17","0.15","-3813.3333333333335","8166.666666666667","38.85","9","46","7","434","3","17","0.15","-5120.833333333333","11166.666666666666","38.1","8","20","6.333333333333333","434","0","20","0","0","0","43.7","0","61","0"
,"435","20","0","1","1075.375","0","48.25","92","0","7.15","435","20","0","1","183.875","1300","34.05","69","0","6.8","435","5","15","0.25","28","3000","49.75","20","60","6.6","435","6","14","0.3","-998.3333333333334","6666.666666666667","53.35","16","60","6","435","3","17","0.15","-3843.3333333333335","8166.666666666667","38.85","9","46","7","435","3","17","0.15","-5160.833333333333","11166.666666666666","38.1","8","20","6.333333333333333","435","0","20","0","0","0","43.7","0","61","0"
,"436","20","0","1","1075.375","0","48.25","92","0","7.15","436","20","0","1","178.875","1300","34.05","69","0","6.8","436","5","15","0.25","18","3000","49.75","20","60","6.6","436","6","14","0.3","-935","6750","53.35","16","60","6","436","3","17","0.15","-3873.3333333333335","8166.666666666667","38.85","9","46","7","436","3","17","0.15","-5200.833333333333","11166.666666666666","38.1","8","20","6.333333333333333","436","0","20","0","0","0","43.7","0","61","0"
,"437","20","0","1","1075.375","0","48.25","92","0","7.15","437","20","0","1","173.875","1300","34.05","69","0","6.8","437","5","15","0.25","8","3000","49.75","20","60","6.6","437","6","14","0.3","-955","6750","53.35","16","60","6","437","3","17","0.15","-3903.3333333333335","8166.666666666667","38.85","9","46","7","437","3","17","0.15","-5240.833333333333","11166.666666666666","38.1","8","20","6.333333333333333","437","0","20","0","0","0","43.7","0","61","0"
,"438","20","0","1","1075.375","0","48.25","92","0","7.2","438","20","0","1","193.875","1325","34.05","70","0","6.85","438","4","16","0.2","155","3250","49.75","10","70","5.75","438","6","14","0.3","-975","6750","53.35","16","60","6","438","3","17","0.15","-3766.6666666666665","8333.333333333334","38.85","9","46","7","438","3","17","0.15","-5114.166666666667","11333.333333333334","38.1","8","20","6.333333333333333","438","0","20","0","0","0","43.7","0","61","0"
,"439","20","0","1","1075.375","0","48.25","92","0","7.2","439","20","0","1","188.875","1325","34.05","70","0","6.85","439","4","16","0.2","145","3250","49.75","10","70","5.75","439","6","14","0.3","-995","6750","53.35","16","60","6","439","3","17","0.15","-3796.6666666666665","8333.333333333334","38.85","9","46","7","439","3","17","0.15","-5154.166666666667","11333.333333333334","38.1","8","20","6.333333333333333","439","0","20","0","0","0","43.7","0","61","0"
,"440","20","0","1","1075.375","0","48.25","92","0","7.2","440","20","0","1","183.875","1325","34.05","70","0","6.85","440","4","16","0.2","135","3250","49.75","10","70","5.75","440","6","14","0.3","-1015","6750","53.35","16","60","6","440","3","17","0.15","-3826.6666666666665","8333.333333333334","38.85","9","46","7","440","3","17","0.15","-5194.166666666667","11333.333333333334","38.1","10","20","6.666666666666667","440","0","20","0","0","0","43.7","0","61","0"
,"441","20","0","1","1075.375","0","48.25","92","0","7.2","441","20","0","1","178.875","1325","34.05","70","0","6.85","441","4","16","0.2","125","3250","49.75","10","70","5.75","441","6","14","0.3","-1035","6750","53.35","16","60","6","441","3","17","0.15","-3856.6666666666665","8333.333333333334","38.85","9","46","7","441","3","17","0.15","-5234.166666666667","11333.333333333334","38.1","10","20","6.666666666666667","441","0","20","0","0","0","43.7","0","61","0"
,"442","20","0","1","1075.375","0","48.25","92","0","7.2","442","20","0","1","173.875","1325","34.05","70","0","6.85","442","4","16","0.2","115","3250","49.75","10","70","5.75","442","6","14","0.3","-1055","6750","53.35","16","60","6","442","3","17","0.15","-3886.6666666666665","8333.333333333334","38.85","9","46","7","442","3","17","0.15","-5274.166666666667","11333.333333333334","38.1","10","20","6.666666666666667","442","0","20","0","0","0","43.7","0","61","0"
,"443","20","0","1","1075.375","0","48.25","92","0","7.2","443","20","0","1","193.875","1350","34.05","70","0","6.85","443","4","16","0.2","105","3250","49.75","10","70","5.75","443","6","14","0.3","-1075","6750","53.35","16","60","6","443","3","17","0.15","-3916.6666666666665","8333.333333333334","38.85","9","46","7","443","3","17","0.15","-5147.5","11500","38.1","10","20","6.666666666666667","443","0","20","0","0","0","43.7","0","61","0"
,"444","20","0","1","1075.375","0","48.25","92","0","7.2","444","20","0","1","188.875","1350","34.05","70","0","6.85","444","4","16","0.2","95","3250","49.75","10","70","5.75","444","6","14","0.3","-1095","6750","53.35","16","60","6","444","3","17","0.15","-3946.6666666666665","8333.333333333334","38.85","9","46","7","444","3","17","0.15","-5187.5","11500","38.1","10","20","6.666666666666667","444","0","20","0","0","0","43.7","0","61","0"
,"445","20","0","1","1075.375","0","48.25","92","0","7.2","445","20","0","1","208.875","1375","34.05","70","0","6.85","445","4","16","0.2","85","3250","49.75","10","70","5.75","445","6","14","0.3","-1115","6750","53.35","16","60","6","445","3","17","0.15","-3976.6666666666665","8333.333333333334","38.85","9","46","7","445","3","17","0.15","-5227.5","11500","38.1","10","20","6.666666666666667","445","0","20","0","0","0","43.7","0","61","0"
,"446","20","0","1","1075.375","0","48.25","92","0","7.2","446","20","0","1","203.875","1375","34.05","70","0","6.85","446","4","16","0.2","75","3250","49.75","10","70","5.75","446","6","14","0.3","-1135","6750","53.35","16","60","6","446","3","17","0.15","-4006.6666666666665","8333.333333333334","38.85","9","46","7","446","3","17","0.15","-5267.5","11500","38.1","10","20","6.666666666666667","446","0","20","0","0","0","43.7","0","61","0"
,"447","20","0","1","1075.375","0","48.25","92","0","7.2","447","20","0","1","223.875","1400","34.05","70","0","6.85","447","4","16","0.2","65","3250","49.75","10","70","5.75","447","6","14","0.3","-1155","6750","53.35","16","60","6","447","3","17","0.15","-4036.6666666666665","8333.333333333334","38.85","9","46","7","447","3","17","0.15","-5307.5","11500","38.1","10","20","6.666666666666667","447","0","20","0","0","0","43.7","0","61","0"
,"448","20","0","1","1075.375","0","48.25","92","0","7.25","448","20","0","1","218.875","1400","34.05","70","0","6.85","448","4","16","0.2","55","3250","49.75","10","70","5.75","448","6","14","0.3","-1175","6750","53.35","16","60","6","448","3","17","0.15","-4066.6666666666665","8333.333333333334","38.85","9","46","7","448","3","17","0.15","-5347.5","11500","38.1","10","20","6.666666666666667","448","0","20","0","0","0","43.7","0","61","0"
,"449","20","0","1","1075.375","0","48.25","92","0","7.25","449","20","0","1","213.875","1400","34.05","70","0","6.85","449","4","16","0.2","45","3250","49.75","10","70","5.75","449","6","14","0.3","-1195","6750","53.35","16","60","6","449","3","17","0.15","-4096.666666666667","8333.333333333334","38.85","9","46","7","449","3","17","0.15","-5387.5","11500","38.1","10","20","6.666666666666667","449","0","20","0","0","0","43.7","0","61","0"
,"450","20","0","1","1075.375","0","48.25","92","0","7.25","450","20","0","1","208.875","1400","34.05","70","0","6.85","450","4","16","0.2","35","3250","49.75","10","70","5.75","450","6","14","0.3","-1215","6750","53.35","16","60","6","450","3","17","0.15","-4126.666666666667","8333.333333333334","38.85","9","46","7","450","3","17","0.15","-5427.5","11500","38.1","10","20","6.666666666666667","450","0","20","0","0","0","43.7","0","61","0"
,"451","20","0","1","1075.375","0","48.25","92","0","7.25","451","20","0","1","203.875","1400","34.05","70","0","6.85","451","3","17","0.15","370","3500","49.75","10","70","6.333333333333333","451","5","15","0.25","-1178","6800","53.35","16","60","6.6","451","3","17","0.15","-3990","8500","38.85","9","46","7","451","3","17","0.15","-5300.833333333333","11666.666666666666","38.1","10","20","6.666666666666667","451","0","20","0","0","0","43.7","0","61","0"
,"452","20","0","1","1075.375","0","48.25","92","0","7.25","452","20","0","1","223.875","1425","34.05","70","0","6.85","452","3","17","0.15","360","3500","49.75","10","70","6.333333333333333","452","5","15","0.25","-1198","6800","53.35","16","60","6.6","452","3","17","0.15","-4020","8500","38.85","9","46","7","452","3","17","0.15","-5340.833333333333","11666.666666666666","38.1","10","20","6.666666666666667","452","0","20","0","0","0","43.7","0","61","0"
,"453","20","0","1","1075.375","0","48.25","92","0","7.25","453","20","0","1","218.875","1425","34.05","70","0","6.85","453","3","17","0.15","350","3500","49.75","10","70","6.333333333333333","453","5","15","0.25","-1218","6800","53.35","16","60","6.6","453","3","17","0.15","-4050","8500","38.85","9","46","7","453","3","17","0.15","-5380.833333333333","11666.666666666666","38.1","10","20","6.666666666666667","453","0","20","0","0","0","43.7","0","61","0"
,"454","20","0","1","1075.375","0","48.25","92","0","7.25","454","20","0","1","213.875","1425","34.05","70","0","6.85","454","3","17","0.15","340","3500","49.75","10","70","6.333333333333333","454","5","15","0.25","-1238","6800","53.35","16","60","6.6","454","3","17","0.15","-4080","8500","38.85","9","46","7","454","3","17","0.15","-5420.833333333333","11666.666666666666","38.1","10","20","6.666666666666667","454","0","20","0","0","0","43.7","0","61","0"
,"455","20","0","1","1075.375","0","48.25","92","0","7.25","455","20","0","1","208.875","1425","34.05","70","0","6.85","455","3","17","0.15","330","3500","49.75","10","70","6.333333333333333","455","5","15","0.25","-1258","6800","53.35","16","60","6.6","455","3","17","0.15","-3943.3333333333335","8666.666666666666","38.85","9","46","7","455","3","17","0.15","-5460.833333333333","11666.666666666666","38.1","10","20","6.666666666666667","455","0","20","0","0","0","43.7","0","61","0"
,"456","20","0","1","1075.375","0","48.25","92","0","7.25","456","20","0","1","203.875","1425","34.05","70","0","6.85","456","3","17","0.15","320","3500","49.75","10","70","6.333333333333333","456","5","15","0.25","-1278","6800","53.35","16","60","6.6","456","3","17","0.15","-3973.3333333333335","8666.666666666666","38.85","9","46","7","456","3","17","0.15","-5334.166666666667","11833.333333333334","38.1","10","20","6.666666666666667","456","0","20","0","0","0","43.7","0","61","0"
,"457","20","0","1","1075.375","0","48.25","92","0","7.25","457","20","0","1","198.875","1425","34.05","70","0","6.85","457","3","17","0.15","310","3500","49.75","10","70","6.333333333333333","457","5","15","0.25","-1298","6800","53.35","16","60","6.6","457","3","17","0.15","-4003.3333333333335","8666.666666666666","38.85","9","46","7","457","3","17","0.15","-5374.166666666667","11833.333333333334","38.1","10","20","6.666666666666667","457","0","20","0","0","0","43.7","0","61","0"
,"458","20","0","1","1075.375","0","48.25","92","0","7.25","458","20","0","1","193.875","1425","34.05","70","0","6.85","458","3","17","0.15","300","3500","49.75","10","70","6.333333333333333","458","5","15","0.25","-1318","6800","53.35","16","60","6.6","458","3","17","0.15","-4033.3333333333335","8666.666666666666","38.85","9","46","7","458","3","17","0.15","-5414.166666666667","11833.333333333334","38.1","10","20","6.666666666666667","458","0","20","0","0","0","43.7","0","61","0"
,"459","20","0","1","1075.375","0","48.25","92","0","7.25","459","20","0","1","188.875","1425","34.05","70","0","6.85","459","3","17","0.15","290","3500","49.75","10","70","6.333333333333333","459","5","15","0.25","-1338","6800","53.35","16","60","6.6","459","3","17","0.15","-4063.3333333333335","8666.666666666666","38.85","9","46","7","459","3","17","0.15","-5454.166666666667","11833.333333333334","38.1","10","20","6.666666666666667","459","0","20","0","0","0","43.7","0","61","0"
,"460","20","0","1","1075.375","0","48.25","92","0","7.25","460","20","0","1","183.875","1425","34.05","70","0","6.85","460","3","17","0.15","280","3500","49.75","10","70","6.333333333333333","460","5","15","0.25","-1358","6800","53.35","16","60","6.6","460","3","17","0.15","-4093.3333333333335","8666.666666666666","38.85","9","46","7","460","3","17","0.15","-5494.166666666667","11833.333333333334","38.1","10","20","6.666666666666667","460","0","20","0","0","0","43.7","0","61","0"
,"461","20","0","1","1075.375","0","48.25","92","0","7.25","461","20","0","1","178.875","1425","34.05","70","0","6.85","461","3","17","0.15","270","3500","49.75","10","70","6.333333333333333","461","5","15","0.25","-1278","6900","53.35","16","60","6.6","461","3","17","0.15","-4123.333333333333","8666.666666666666","38.85","9","46","7","461","3","17","0.15","-5534.166666666667","11833.333333333334","38.1","10","20","6.666666666666667","461","0","20","0","0","0","43.7","0","61","0"
,"462","20","0","1","1075.375","0","48.25","92","0","7.25","462","20","0","1","173.875","1425","34.05","70","0","6.85","462","3","17","0.15","260","3500","49.75","10","70","6.333333333333333","462","5","15","0.25","-1298","6900","53.35","16","60","6.6","462","3","17","0.15","-4153.333333333333","8666.666666666666","38.85","9","46","7","462","3","17","0.15","-5574.166666666667","11833.333333333334","38.1","10","20","6.666666666666667","462","0","20","0","0","0","43.7","0","61","0"
,"463","20","0","1","1075.375","0","48.25","92","0","7.25","463","20","0","1","168.875","1425","34.05","70","0","6.85","463","3","17","0.15","250","3500","49.75","10","70","6.333333333333333","463","5","15","0.25","-1318","6900","53.35","16","60","6.6","463","3","17","0.15","-4183.333333333333","8666.666666666666","38.85","9","46","7","463","3","17","0.15","-5447.5","12000","38.1","10","20","6.666666666666667","463","0","20","0","0","0","43.7","0","61","0"
,"464","20","0","1","1075.375","0","48.25","92","0","7.25","464","20","0","1","163.875","1425","34.05","70","0","6.85","464","3","17","0.15","240","3500","49.75","10","70","6.333333333333333","464","5","15","0.25","-1338","6900","53.35","16","60","6.6","464","3","17","0.15","-4213.333333333333","8666.666666666666","38.85","9","46","7","464","3","17","0.15","-5487.5","12000","38.1","10","20","6.666666666666667","464","0","20","0","0","0","43.7","0","61","0"
,"465","20","0","1","1075.375","0","48.25","92","0","7.25","465","20","0","1","158.875","1425","34.05","70","0","6.85","465","3","17","0.15","396.6666666666667","3666.6666666666665","49.75","10","70","6.333333333333333","465","5","15","0.25","-1358","6900","53.35","16","60","6.6","465","3","17","0.15","-4243.333333333333","8666.666666666666","38.85","9","46","7","465","3","17","0.15","-5527.5","12000","38.1","10","20","6.666666666666667","465","0","20","0","0","0","43.7","0","61","0"
,"466","20","0","1","1075.375","0","48.25","92","0","7.25","466","20","0","1","153.875","1425","34.05","71","0","6.9","466","3","17","0.15","386.6666666666667","3666.6666666666665","49.75","10","70","6.333333333333333","466","5","15","0.25","-1378","6900","53.35","16","60","6.6","466","3","17","0.15","-4273.333333333333","8666.666666666666","38.85","9","46","7","466","3","17","0.15","-5567.5","12000","38.1","10","20","6.666666666666667","466","0","20","0","0","0","43.7","0","61","0"
,"467","20","0","1","1075.375","0","48.25","92","0","7.25","467","20","0","1","148.875","1425","34.05","71","0","6.9","467","3","17","0.15","376.6666666666667","3666.6666666666665","49.75","10","70","6.333333333333333","467","5","15","0.25","-1398","6900","53.35","16","60","6.6","467","3","17","0.15","-4136.666666666667","8833.333333333334","38.85","9","46","7","467","3","17","0.15","-5607.5","12000","38.1","10","20","6.666666666666667","467","0","20","0","0","0","43.7","0","61","0"
,"468","20","0","1","1075.375","0","48.25","92","0","7.25","468","20","0","1","143.875","1425","34.05","71","0","6.9","468","3","17","0.15","366.6666666666667","3666.6666666666665","49.75","10","70","6.333333333333333","468","5","15","0.25","-1418","6900","53.35","16","60","6.6","468","3","17","0.15","-4166.666666666667","8833.333333333334","38.85","9","46","7","468","3","17","0.15","-5480.833333333333","12166.666666666666","38.1","10","20","6.666666666666667","468","0","20","0","0","0","43.7","0","61","0"
,"469","20","0","1","1075.375","0","48.25","92","0","7.25","469","20","0","1","138.875","1425","34.05","74","0","6.95","469","3","17","0.15","356.6666666666667","3666.6666666666665","49.75","10","70","6.333333333333333","469","5","15","0.25","-1438","6900","53.35","16","60","6.6","469","3","17","0.15","-4196.666666666667","8833.333333333334","38.85","9","46","7","469","3","17","0.15","-5520.833333333333","12166.666666666666","38.1","10","20","6.666666666666667","469","0","20","0","0","0","43.7","0","61","0"
,"470","20","0","1","1075.375","0","48.25","92","0","7.25","470","20","0","1","133.875","1425","34.05","74","0","6.95","470","3","17","0.15","346.6666666666667","3666.6666666666665","49.75","10","70","6.333333333333333","470","5","15","0.25","-1458","6900","53.35","16","60","6.6","470","3","17","0.15","-4226.666666666667","8833.333333333334","38.85","9","46","7","470","3","17","0.15","-5560.833333333333","12166.666666666666","38.1","10","20","6.666666666666667","470","0","20","0","0","0","43.7","0","61","0"
,"471","20","0","1","1075.375","0","48.25","92","0","7.25","471","20","0","1","128.875","1425","34.05","74","0","6.95","471","3","17","0.15","336.6666666666667","3666.6666666666665","49.75","10","70","6.333333333333333","471","5","15","0.25","-1478","6900","53.35","16","60","6.6","471","3","17","0.15","-4090","9000","38.85","9","46","7","471","3","17","0.15","-5600.833333333333","12166.666666666666","38.1","10","20","6.666666666666667","471","0","20","0","0","0","43.7","0","61","0"
,"472","20","0","1","1075.375","0","48.25","92","0","7.25","472","20","0","1","123.875","1425","34.05","74","0","6.95","472","3","17","0.15","326.6666666666667","3666.6666666666665","49.75","10","70","6.333333333333333","472","5","15","0.25","-1498","6900","53.35","16","60","6.6","472","3","17","0.15","-4120","9000","38.85","9","46","7","472","3","17","0.15","-5640.833333333333","12166.666666666666","38.1","10","20","6.666666666666667","472","0","20","0","0","0","43.7","0","61","0"
,"473","20","0","1","1075.375","0","48.25","92","0","7.25","473","20","0","1","118.875","1425","34.05","74","0","6.95","473","3","17","0.15","316.6666666666667","3666.6666666666665","49.75","10","70","6.333333333333333","473","5","15","0.25","-1518","6900","53.35","16","60","6.6","473","3","17","0.15","-4150","9000","38.85","9","46","7","473","3","17","0.15","-5680.833333333333","12166.666666666666","38.1","10","20","6.666666666666667","473","0","20","0","0","0","43.7","0","61","0"
,"474","20","0","1","1075.375","0","48.25","97","0","7.3","474","20","0","1","113.875","1425","34.05","74","0","6.95","474","3","17","0.15","306.6666666666667","3666.6666666666665","49.75","10","70","6.333333333333333","474","5","15","0.25","-1538","6900","53.35","16","60","6.6","474","3","17","0.15","-4180","9000","38.85","9","46","7","474","3","17","0.15","-5720.833333333333","12166.666666666666","38.1","10","20","6.666666666666667","474","0","20","0","0","0","43.7","0","61","0"
,"475","20","0","1","1075.375","0","48.25","97","0","7.3","475","20","0","1","108.875","1425","34.05","74","0","6.95","475","3","17","0.15","296.6666666666667","3666.6666666666665","49.75","10","70","6.333333333333333","475","5","15","0.25","-1558","6900","53.35","16","60","6.6","475","3","17","0.15","-4210","9000","38.85","9","46","7","475","3","17","0.15","-5760.833333333333","12166.666666666666","38.1","10","20","6.666666666666667","475","0","20","0","0","0","43.7","0","61","0"
,"476","20","0","1","1075.375","0","48.25","97","0","7.3","476","20","0","1","103.875","1425","34.05","74","0","6.95","476","3","17","0.15","286.6666666666667","3666.6666666666665","49.75","10","70","6.333333333333333","476","4","16","0.2","-1717.5","6750","53.35","16","60","6.75","476","3","17","0.15","-4240","9000","38.85","9","46","7","476","3","17","0.15","-5634.166666666667","12333.333333333334","38.1","10","20","6.666666666666667","476","0","20","0","0","0","43.7","0","61","0"
,"477","20","0","1","1075.375","0","48.25","97","0","7.3","477","20","0","1","98.875","1425","34.05","74","0","6.95","477","3","17","0.15","276.6666666666667","3666.6666666666665","49.75","10","70","6.333333333333333","477","4","16","0.2","-1737.5","6750","53.35","16","60","6.75","477","3","17","0.15","-4270","9000","38.85","9","46","7","477","3","17","0.15","-5674.166666666667","12333.333333333334","38.1","10","20","6.666666666666667","477","0","20","0","0","0","43.7","0","61","0"
,"478","20","0","1","1075.375","0","48.25","97","0","7.3","478","20","0","1","93.875","1425","34.05","74","0","6.95","478","3","17","0.15","266.6666666666667","3666.6666666666665","49.75","10","70","6.333333333333333","478","4","16","0.2","-1757.5","6750","53.35","16","60","6.75","478","3","17","0.15","-4300","9000","38.85","9","46","7","478","3","17","0.15","-5714.166666666667","12333.333333333334","38.1","10","20","6.666666666666667","478","0","20","0","0","0","43.7","0","61","0"
,"479","20","0","1","1075.375","0","48.25","97","0","7.3","479","20","0","1","88.875","1425","34.05","74","0","6.95","479","3","17","0.15","256.6666666666667","3666.6666666666665","49.75","10","70","6.333333333333333","479","4","16","0.2","-1777.5","6750","53.35","16","60","6.75","479","3","17","0.15","-4330","9000","38.85","9","46","7","479","3","17","0.15","-5754.166666666667","12333.333333333334","38.1","10","20","6.666666666666667","479","0","20","0","0","0","43.7","0","61","0"
,"480","20","0","1","1075.375","0","48.25","97","0","7.3","480","20","0","1","83.875","1425","34.05","77","0","7","480","3","17","0.15","246.66666666666666","3666.6666666666665","49.75","10","70","6.333333333333333","480","4","16","0.2","-1797.5","6750","53.35","16","60","6.75","480","3","17","0.15","-4360","9000","38.85","9","46","7","480","3","17","0.15","-5794.166666666667","12333.333333333334","38.1","10","20","6.666666666666667","480","0","20","0","0","0","43.7","0","61","0"
,"481","20","0","1","1075.375","0","48.25","97","0","7.3","481","20","0","1","78.875","1425","34.05","77","0","7","481","3","17","0.15","236.66666666666666","3666.6666666666665","49.75","10","70","6.333333333333333","481","4","16","0.2","-1817.5","6750","53.35","16","60","6.75","481","3","17","0.15","-4390","9000","38.85","9","46","7","481","3","17","0.15","-5667.5","12500","38.1","10","20","6.666666666666667","481","0","20","0","0","0","43.7","0","61","0"
,"482","20","0","1","1075.375","0","48.25","97","0","7.35","482","20","0","1","73.875","1425","34.05","77","0","7","482","3","17","0.15","226.66666666666666","3666.6666666666665","49.75","10","70","6.333333333333333","482","4","16","0.2","-1837.5","6750","53.35","16","60","6.75","482","3","17","0.15","-4420","9000","38.85","9","46","7","482","3","17","0.15","-5707.5","12500","38.1","10","20","6.666666666666667","482","0","20","0","0","0","43.7","0","61","0"
,"483","20","0","1","1075.375","0","48.25","97","0","7.35","483","20","0","1","68.875","1425","34.05","77","0","7","483","3","17","0.15","216.66666666666666","3666.6666666666665","49.75","10","70","6.333333333333333","483","4","16","0.2","-1857.5","6750","53.35","16","60","6.75","483","3","17","0.15","-4450","9000","38.85","9","46","7","483","3","17","0.15","-5747.5","12500","38.1","10","20","6.666666666666667","483","0","20","0","0","0","43.7","0","61","0"
,"484","20","0","1","1075.375","0","48.25","97","0","7.35","484","20","0","1","63.875","1425","34.05","77","0","7","484","3","17","0.15","206.66666666666666","3666.6666666666665","49.75","10","70","6.333333333333333","484","4","16","0.2","-1877.5","6750","53.35","16","60","6.75","484","3","17","0.15","-4313.333333333333","9166.666666666666","38.85","9","46","7","484","3","17","0.15","-5787.5","12500","38.1","10","20","6.666666666666667","484","0","20","0","0","0","43.7","0","61","0"
,"485","20","0","1","1075.375","0","48.25","97","0","7.35","485","20","0","1","58.875","1425","34.05","77","0","7","485","3","17","0.15","196.66666666666666","3666.6666666666665","49.75","10","70","6.333333333333333","485","4","16","0.2","-1897.5","6750","53.35","16","60","6.75","485","3","17","0.15","-4343.333333333333","9166.666666666666","38.85","9","46","7","485","3","17","0.15","-5827.5","12500","38.1","10","20","6.666666666666667","485","0","20","0","0","0","43.7","0","61","0"
,"486","20","0","1","1075.375","0","48.25","97","0","7.35","486","20","0","1","53.875","1425","34.05","77","0","7","486","3","17","0.15","186.66666666666666","3666.6666666666665","49.75","10","70","6.333333333333333","486","4","16","0.2","-1792.5","6875","53.35","16","60","6.75","486","3","17","0.15","-4373.333333333333","9166.666666666666","38.85","9","46","7","486","3","17","0.15","-5867.5","12500","38.1","10","20","6.666666666666667","486","0","20","0","0","0","43.7","0","61","0"
,"487","20","0","1","1075.375","0","48.25","97","0","7.35","487","20","0","1","48.875","1425","34.05","80","0","7.05","487","3","17","0.15","176.66666666666666","3666.6666666666665","49.75","10","70","6.333333333333333","487","4","16","0.2","-1812.5","6875","53.35","16","60","6.75","487","3","17","0.15","-4403.333333333333","9166.666666666666","38.85","9","46","7","487","3","17","0.15","-5907.5","12500","38.1","10","20","6.666666666666667","487","0","20","0","0","0","43.7","0","61","0"
,"488","20","0","1","1075.375","0","48.25","97","0","7.4","488","20","0","1","43.875","1425","34.05","80","0","7.05","488","3","17","0.15","166.66666666666666","3666.6666666666665","49.75","10","70","6.333333333333333","488","4","16","0.2","-1832.5","6875","53.35","16","60","6.75","488","3","17","0.15","-4266.666666666667","9333.333333333334","38.85","9","46","7","488","3","17","0.15","-5780.833333333333","12666.666666666666","38.1","10","20","6.666666666666667","488","0","20","0","0","0","43.7","0","61","0"
,"489","20","0","1","1075.375","0","48.25","97","0","7.4","489","20","0","1","38.875","1425","34.05","80","0","7.05","489","3","17","0.15","156.66666666666666","3666.6666666666665","49.75","10","70","6.333333333333333","489","4","16","0.2","-1852.5","6875","53.35","16","60","6.75","489","3","17","0.15","-4296.666666666667","9333.333333333334","38.85","9","46","7","489","3","17","0.15","-5820.833333333333","12666.666666666666","38.1","10","20","6.666666666666667","489","0","20","0","0","0","43.7","0","61","0"
,"490","20","0","1","1075.375","0","48.25","97","0","7.4","490","20","0","1","33.875","1425","34.05","80","0","7.05","490","3","17","0.15","146.66666666666666","3666.6666666666665","49.75","10","70","6.333333333333333","490","4","16","0.2","-1872.5","6875","53.35","16","60","6.75","490","3","17","0.15","-4326.666666666667","9333.333333333334","38.85","12","46","7.333333333333333","490","3","17","0.15","-5860.833333333333","12666.666666666666","38.1","10","20","6.666666666666667","490","0","20","0","0","0","43.7","0","61","0"
,"491","20","0","1","1075.375","0","48.25","97","0","7.4","491","20","0","1","28.875","1425","34.05","80","0","7.05","491","3","17","0.15","136.66666666666666","3666.6666666666665","49.75","10","70","6.333333333333333","491","4","16","0.2","-1892.5","6875","53.35","16","60","6.75","491","3","17","0.15","-4356.666666666667","9333.333333333334","38.85","12","46","7.333333333333333","491","3","17","0.15","-5900.833333333333","12666.666666666666","38.1","10","20","6.666666666666667","491","0","20","0","0","0","43.7","0","61","0"
,"492","20","0","1","1075.375","0","48.25","97","0","7.4","492","20","0","1","23.875","1425","34.05","80","0","7.05","492","3","17","0.15","126.66666666666667","3666.6666666666665","49.75","10","70","6.333333333333333","492","4","16","0.2","-1912.5","6875","53.35","16","60","6.75","492","3","17","0.15","-4386.666666666667","9333.333333333334","38.85","12","46","7.333333333333333","492","3","17","0.15","-5940.833333333333","12666.666666666666","38.1","10","20","6.666666666666667","492","0","20","0","0","0","43.7","0","61","0"
,"493","20","0","1","1075.375","0","48.25","97","0","7.4","493","20","0","1","18.875","1425","34.05","80","0","7.05","493","3","17","0.15","116.66666666666667","3666.6666666666665","49.75","10","70","6.333333333333333","493","4","16","0.2","-1932.5","6875","53.35","16","60","6.75","493","3","17","0.15","-4416.666666666667","9333.333333333334","38.85","12","46","7.333333333333333","493","2","18","0.1","-8970","9750","38.1","2","28","5.5","493","0","20","0","0","0","43.7","0","61","0"
,"494","20","0","1","1075.375","0","48.25","97","0","7.4","494","20","0","1","13.875","1425","34.05","80","0","7.05","494","3","17","0.15","106.66666666666667","3666.6666666666665","49.75","10","70","6.333333333333333","494","4","16","0.2","-1952.5","6875","53.35","16","60","6.75","494","3","17","0.15","-4446.666666666667","9333.333333333334","38.85","12","46","7.333333333333333","494","2","18","0.1","-9010","9750","38.1","2","28","5.5","494","0","20","0","0","0","43.7","0","61","0"
,"495","20","0","1","1075.375","0","48.25","97","0","7.4","495","20","0","1","8.875","1425","34.05","80","0","7.05","495","3","17","0.15","96.66666666666667","3666.6666666666665","49.75","10","70","6.333333333333333","495","4","16","0.2","-1972.5","6875","53.35","16","60","6.75","495","3","17","0.15","-4476.666666666667","9333.333333333334","38.85","12","46","7.333333333333333","495","2","18","0.1","-9050","9750","38.1","2","28","5.5","495","0","20","0","0","0","43.7","0","61","0"
,"496","20","0","1","1075.375","0","48.25","97","0","7.4","496","20","0","1","3.875","1425","34.05","80","0","7.05","496","3","17","0.15","86.66666666666667","3666.6666666666665","49.75","10","70","6.333333333333333","496","4","16","0.2","-1992.5","6875","53.35","16","60","6.75","496","3","17","0.15","-4506.666666666667","9333.333333333334","38.85","12","46","7.333333333333333","496","2","18","0.1","-9090","9750","38.1","2","28","5.5","496","0","20","0","0","0","43.7","0","61","0"
,"497","20","0","1","1075.375","0","48.25","97","0","7.4","497","20","0","1","-1.125","1425","34.05","80","0","7.05","497","3","17","0.15","76.66666666666667","3666.6666666666665","49.75","10","70","6.333333333333333","497","4","16","0.2","-2012.5","6875","53.35","16","60","6.75","497","3","17","0.15","-4536.666666666667","9333.333333333334","38.85","12","46","7.333333333333333","497","2","18","0.1","-9130","9750","38.1","2","28","5.5","497","0","20","0","0","0","43.7","0","61","0"
,"498","20","0","1","1075.375","0","48.25","97","0","7.4","498","20","0","1","-6.125","1425","34.05","80","0","7.05","498","3","17","0.15","66.66666666666667","3666.6666666666665","49.75","10","70","6.333333333333333","498","4","16","0.2","-2032.5","6875","53.35","16","60","6.75","498","3","17","0.15","-4566.666666666667","9333.333333333334","38.85","12","46","7.333333333333333","498","2","18","0.1","-9170","9750","38.1","2","28","5.5","498","0","20","0","0","0","43.7","0","61","0"
,"499","20","0","1","1075.375","0","48.25","97","0","7.4","499","20","0","1","-11.125","1425","34.05","80","0","7.05","499","3","17","0.15","56.666666666666664","3666.6666666666665","49.75","10","70","6.333333333333333","499","4","16","0.2","-2052.5","6875","53.35","16","60","6.75","499","3","17","0.15","-4596.666666666667","9333.333333333334","38.85","12","46","7.333333333333333","499","2","18","0.1","-9210","9750","38.1","2","28","5.5","499","0","20","0","0","0","43.7","0","61","0"
,"500","20","0","1","1075.375","0","48.25","97","0","7.4","500","20","0","1","-16.125","1425","34.05","80","0","7.1","500","3","17","0.15","46.666666666666664","3666.6666666666665","49.75","10","70","6.333333333333333","500","4","16","0.2","-2072.5","6875","53.35","16","60","6.75","500","3","17","0.15","-4626.666666666667","9333.333333333334","38.85","12","46","7.333333333333333","500","2","18","0.1","-9250","9750","38.1","2","28","5.5","500","0","20","0","0","0","43.7","0","61","0"
,"501","20","0","1","1075.375","0","48.25","97","0","7.4","501","20","0","1","78.875","1525","34.05","80","0","7.1","501","3","17","0.15","370","4000","49.75","10","70","6.333333333333333","501","3","17","0.15","-2616.6666666666665","6333.333333333333","53.35","13","63","6.666666666666667","501","3","17","0.15","-4490","9500","38.85","12","46","7.333333333333333","501","2","18","0.1","-9040","10000","38.1","2","28","5.5","501","0","20","0","0","0","43.7","0","61","0"
,"502","20","0","1","1075.375","0","48.25","97","0","7.4","502","20","0","1","123.875","1575","34.05","80","0","7.1","502","3","17","0.15","360","4000","49.75","10","70","6.333333333333333","502","3","17","0.15","-2636.6666666666665","6333.333333333333","53.35","13","63","6.666666666666667","502","3","17","0.15","-4520","9500","38.85","12","46","7.333333333333333","502","2","18","0.1","-9080","10000","38.1","2","28","5.5","502","0","20","0","0","0","43.7","0","61","0"
,"503","20","0","1","1075.375","0","48.25","97","0","7.4","503","20","0","1","118.875","1575","34.05","80","0","7.1","503","3","17","0.15","350","4000","49.75","10","70","6.333333333333333","503","3","17","0.15","-2656.6666666666665","6333.333333333333","53.35","13","63","6.666666666666667","503","3","17","0.15","-4550","9500","38.85","12","46","7.333333333333333","503","2","18","0.1","-9120","10000","38.1","2","28","5.5","503","0","20","0","0","0","43.7","0","61","0"
,"504","20","0","1","1075.375","0","48.25","97","0","7.4","504","20","0","1","113.875","1575","34.05","80","0","7.1","504","3","17","0.15","340","4000","49.75","10","70","6.333333333333333","504","3","17","0.15","-2676.6666666666665","6333.333333333333","53.35","13","63","6.666666666666667","504","3","17","0.15","-4580","9500","38.85","12","46","7.333333333333333","504","2","18","0.1","-9160","10000","38.1","2","28","5.5","504","0","20","0","0","0","43.7","0","61","0"
,"505","20","0","1","1075.375","0","48.25","97","0","7.4","505","20","0","1","133.875","1600","34.05","80","0","7.1","505","3","17","0.15","330","4000","49.75","10","70","6.333333333333333","505","3","17","0.15","-2696.6666666666665","6333.333333333333","53.35","13","63","7","505","3","17","0.15","-4443.333333333333","9666.666666666666","38.85","12","46","7.333333333333333","505","2","18","0.1","-9200","10000","38.1","2","28","5.5","505","0","20","0","0","0","43.7","0","61","0"
,"506","20","0","1","1075.375","0","48.25","97","0","7.4","506","20","0","1","128.875","1600","34.05","80","0","7.1","506","3","17","0.15","320","4000","49.75","10","70","6.333333333333333","506","3","17","0.15","-2716.6666666666665","6333.333333333333","53.35","13","63","7","506","3","17","0.15","-4473.333333333333","9666.666666666666","38.85","12","46","7.333333333333333","506","2","18","0.1","-9240","10000","38.1","2","28","5.5","506","0","20","0","0","0","43.7","0","61","0"
,"507","20","0","1","1075.375","0","48.25","97","0","7.4","507","20","0","1","173.875","1650","34.05","80","0","7.1","507","3","17","0.15","310","4000","49.75","10","70","6.333333333333333","507","3","17","0.15","-2736.6666666666665","6333.333333333333","53.35","13","63","7","507","3","17","0.15","-4503.333333333333","9666.666666666666","38.85","12","46","7.333333333333333","507","2","18","0.1","-9280","10000","38.1","2","28","5.5","507","0","20","0","0","0","43.7","0","61","0"
,"508","20","0","1","1075.375","0","48.25","97","0","7.4","508","20","0","1","168.875","1650","34.05","80","0","7.1","508","3","17","0.15","300","4000","49.75","10","70","6.333333333333333","508","3","17","0.15","-2756.6666666666665","6333.333333333333","53.35","13","63","7","508","3","17","0.15","-4533.333333333333","9666.666666666666","38.85","12","46","7.333333333333333","508","2","18","0.1","-9320","10000","38.1","2","28","5.5","508","0","20","0","0","0","43.7","0","61","0"
,"509","20","0","1","1075.375","0","48.25","97","0","7.4","509","20","0","1","163.875","1650","34.05","80","0","7.1","509","3","17","0.15","290","4000","49.75","10","70","6.333333333333333","509","3","17","0.15","-2776.6666666666665","6333.333333333333","53.35","13","63","7","509","3","17","0.15","-4563.333333333333","9666.666666666666","38.85","12","46","7.333333333333333","509","2","18","0.1","-9360","10000","38.1","2","28","5.5","509","0","20","0","0","0","43.7","0","61","0"
,"510","20","0","1","1075.375","0","48.25","97","0","7.4","510","20","0","1","183.875","1675","34.05","80","0","7.1","510","3","17","0.15","280","4000","49.75","10","70","6.333333333333333","510","3","17","0.15","-2796.6666666666665","6333.333333333333","53.35","13","63","7","510","3","17","0.15","-4593.333333333333","9666.666666666666","38.85","12","46","7.333333333333333","510","2","18","0.1","-9400","10000","38.1","2","28","5.5","510","0","20","0","0","0","43.7","0","61","0"
,"511","20","0","1","1075.375","0","48.25","97","0","7.4","511","20","0","1","178.875","1675","34.05","80","0","7.1","511","3","17","0.15","270","4000","49.75","10","70","6.333333333333333","511","3","17","0.15","-2650","6500","53.35","13","63","7","511","3","17","0.15","-4623.333333333333","9666.666666666666","38.85","12","46","7.333333333333333","511","2","18","0.1","-9440","10000","38.1","2","28","5.5","511","0","20","0","0","0","43.7","0","61","0"
,"512","20","0","1","1075.375","0","48.25","97","0","7.4","512","20","0","1","173.875","1675","34.05","80","0","7.1","512","3","17","0.15","260","4000","49.75","10","70","6.333333333333333","512","3","17","0.15","-2670","6500","53.35","13","63","7","512","3","17","0.15","-4653.333333333333","9666.666666666666","38.85","12","46","7.333333333333333","512","2","18","0.1","-9480","10000","38.1","2","28","5.5","512","0","20","0","0","0","43.7","0","61","0"
,"513","20","0","1","1075.375","0","48.25","97","0","7.4","513","20","0","1","168.875","1675","34.05","80","0","7.1","513","3","17","0.15","250","4000","49.75","10","70","6.333333333333333","513","3","17","0.15","-2690","6500","53.35","13","63","7","513","3","17","0.15","-4683.333333333333","9666.666666666666","38.85","12","46","7.333333333333333","513","2","18","0.1","-9270","10250","38.1","2","28","5.5","513","0","20","0","0","0","43.7","0","61","0"
,"514","20","0","1","1075.375","0","48.25","97","0","7.4","514","20","0","1","188.875","1700","34.05","80","0","7.1","514","3","17","0.15","240","4000","49.75","10","70","6.333333333333333","514","3","17","0.15","-2710","6500","53.35","13","63","7","514","3","17","0.15","-4713.333333333333","9666.666666666666","38.85","12","46","7.333333333333333","514","2","18","0.1","-9310","10250","38.1","2","28","5.5","514","0","20","0","0","0","43.7","0","61","0"
,"515","20","0","1","1075.375","0","48.25","97","0","7.4","515","20","0","1","183.875","1700","34.05","80","0","7.1","515","2","18","0.1","350","4500","49.75","0","80","4.5","515","3","17","0.15","-2730","6500","53.35","13","63","7","515","3","17","0.15","-4743.333333333333","9666.666666666666","38.85","12","46","7.333333333333333","515","2","18","0.1","-9350","10250","38.1","2","28","5.5","515","0","20","0","0","0","43.7","0","61","0"
,"516","20","0","1","1075.375","0","48.25","97","0","7.4","516","20","0","1","178.875","1700","34.05","80","0","7.1","516","2","18","0.1","340","4500","49.75","0","80","4.5","516","3","17","0.15","-2750","6500","53.35","13","63","7","516","3","17","0.15","-4773.333333333333","9666.666666666666","38.85","12","46","7.333333333333333","516","2","18","0.1","-9390","10250","38.1","2","28","5.5","516","0","20","0","0","0","43.7","0","61","0"
,"517","20","0","1","1075.375","0","48.25","97","0","7.4","517","20","0","1","173.875","1700","34.05","80","0","7.1","517","2","18","0.1","330","4500","49.75","0","80","4.5","517","3","17","0.15","-2770","6500","53.35","13","63","7","517","3","17","0.15","-4636.666666666667","9833.333333333334","38.85","12","46","7.333333333333333","517","2","18","0.1","-9430","10250","38.1","2","28","5.5","517","0","20","0","0","0","43.7","0","61","0"
,"518","20","0","1","1075.375","0","48.25","97","0","7.45","518","20","0","1","168.875","1700","34.05","80","0","7.1","518","2","18","0.1","320","4500","49.75","0","80","4.5","518","3","17","0.15","-2790","6500","53.35","13","63","7","518","3","17","0.15","-4666.666666666667","9833.333333333334","38.85","12","46","7.333333333333333","518","2","18","0.1","-9470","10250","38.1","2","28","5.5","518","0","20","0","0","0","43.7","0","61","0"
,"519","20","0","1","1075.375","0","48.25","97","0","7.45","519","20","0","1","163.875","1700","34.05","80","0","7.1","519","2","18","0.1","310","4500","49.75","0","80","4.5","519","3","17","0.15","-2810","6500","53.35","13","63","7","519","3","17","0.15","-4696.666666666667","9833.333333333334","38.85","12","46","7.333333333333333","519","2","18","0.1","-9510","10250","38.1","2","28","5.5","519","0","20","0","0","0","43.7","0","61","0"
,"520","20","0","1","1075.375","0","48.25","97","0","7.45","520","20","0","1","208.875","1750","34.05","80","0","7.1","520","2","18","0.1","300","4500","49.75","0","80","4.5","520","3","17","0.15","-2830","6500","53.35","13","63","7","520","3","17","0.15","-4726.666666666667","9833.333333333334","38.85","12","46","7.333333333333333","520","2","18","0.1","-9550","10250","38.1","2","28","5.5","520","0","20","0","0","0","43.7","0","61","0"
,"521","20","0","1","1075.375","0","48.25","97","0","7.45","521","20","0","1","203.875","1750","34.05","80","0","7.1","521","2","18","0.1","290","4500","49.75","0","80","4.5","521","3","17","0.15","-2850","6500","53.35","13","63","7","521","3","17","0.15","-4590","10000","38.85","12","46","7.333333333333333","521","2","18","0.1","-9590","10250","38.1","2","28","5.5","521","0","20","0","0","0","43.7","0","61","0"
,"522","20","0","1","1075.375","0","48.25","97","0","7.45","522","20","0","1","198.875","1750","34.05","86","0","7.15","522","2","18","0.1","280","4500","49.75","0","80","4.5","522","3","17","0.15","-2870","6500","53.35","13","63","7","522","3","17","0.15","-4620","10000","38.85","12","46","7.333333333333333","522","2","18","0.1","-9630","10250","38.1","2","28","5.5","522","0","20","0","0","0","43.7","0","61","0"
,"523","20","0","1","1075.375","0","48.25","97","0","7.45","523","20","0","1","193.875","1750","34.05","86","0","7.15","523","2","18","0.1","270","4500","49.75","0","80","4.5","523","3","17","0.15","-2890","6500","53.35","13","63","7","523","3","17","0.15","-4650","10000","38.85","12","46","7.333333333333333","523","2","18","0.1","-9670","10250","38.1","2","28","5.5","523","0","20","0","0","0","43.7","0","61","0"
,"524","20","0","1","1075.375","0","48.25","97","0","7.45","524","20","0","1","188.875","1750","34.05","86","0","7.15","524","2","18","0.1","260","4500","49.75","0","80","4.5","524","3","17","0.15","-2910","6500","53.35","13","63","7","524","3","17","0.15","-4680","10000","38.85","12","46","7.333333333333333","524","2","18","0.1","-9710","10250","38.1","2","28","5.5","524","0","20","0","0","0","43.7","0","61","0"
,"525","20","0","1","1075.375","0","48.25","97","0","7.45","525","20","0","1","183.875","1750","34.05","86","0","7.15","525","2","18","0.1","250","4500","49.75","0","80","4.5","525","3","17","0.15","-2930","6500","53.35","13","63","7","525","3","17","0.15","-4710","10000","38.85","12","46","7.333333333333333","525","2","18","0.1","-9750","10250","38.1","2","28","5.5","525","0","20","0","0","0","43.7","0","61","0"
,"526","20","0","1","1075.375","0","48.25","97","0","7.45","526","20","0","1","178.875","1750","34.05","86","0","7.15","526","2","18","0.1","240","4500","49.75","0","80","4.5","526","2","18","0.1","-4165","5250","53.35","13","63","8","526","3","17","0.15","-4740","10000","38.85","12","46","7.333333333333333","526","2","18","0.1","-9540","10500","38.1","2","28","5.5","526","0","20","0","0","0","43.7","0","61","0"
,"527","20","0","1","1075.375","0","48.25","97","0","7.45","527","20","0","1","173.875","1750","34.05","86","0","7.15","527","2","18","0.1","230","4500","49.75","0","80","4.5","527","2","18","0.1","-4185","5250","53.35","13","63","8","527","3","17","0.15","-4770","10000","38.85","12","46","7.333333333333333","527","2","18","0.1","-9580","10500","38.1","2","28","5.5","527","0","20","0","0","0","43.7","0","61","0"
,"528","20","0","1","1075.375","0","48.25","97","0","7.45","528","20","0","1","168.875","1750","34.05","86","0","7.15","528","2","18","0.1","220","4500","49.75","0","80","4.5","528","2","18","0.1","-4205","5250","53.35","13","63","8","528","3","17","0.15","-4800","10000","38.85","12","46","7.333333333333333","528","2","18","0.1","-9620","10500","38.1","2","28","5.5","528","0","20","0","0","0","43.7","0","61","0"
,"529","20","0","1","1075.375","0","48.25","97","0","7.45","529","20","0","1","188.875","1775","34.05","86","0","7.15","529","2","18","0.1","210","4500","49.75","0","80","4.5","529","2","18","0.1","-4225","5250","53.35","13","63","8","529","3","17","0.15","-4830","10000","38.85","12","46","7.333333333333333","529","2","18","0.1","-9660","10500","38.1","2","28","5.5","529","0","20","0","0","0","43.7","0","61","0"
,"530","20","0","1","1075.375","0","48.25","97","0","7.45","530","20","0","1","183.875","1775","34.05","86","0","7.15","530","2","18","0.1","200","4500","49.75","0","80","4.5","530","2","18","0.1","-4245","5250","53.35","13","63","8","530","3","17","0.15","-4860","10000","38.85","12","46","7.333333333333333","530","2","18","0.1","-9700","10500","38.1","2","28","5.5","530","0","20","0","0","0","43.7","0","61","0"
,"531","20","0","1","1075.375","0","48.25","97","0","7.45","531","20","0","1","178.875","1775","34.05","86","0","7.15","531","2","18","0.1","190","4500","49.75","0","80","4.5","531","2","18","0.1","-4265","5250","53.35","13","63","8","531","3","17","0.15","-4890","10000","38.85","12","46","7.333333333333333","531","2","18","0.1","-9740","10500","38.1","2","28","5.5","531","0","20","0","0","0","43.7","0","61","0"
,"532","20","0","1","1075.375","0","48.25","97","0","7.45","532","20","0","1","173.875","1775","34.05","86","0","7.2","532","2","18","0.1","180","4500","49.75","0","80","4.5","532","2","18","0.1","-4285","5250","53.35","13","63","8","532","3","17","0.15","-4920","10000","38.85","12","46","7.333333333333333","532","2","18","0.1","-9780","10500","38.1","2","28","5.5","532","0","20","0","0","0","43.7","0","61","0"
,"533","20","0","1","1075.375","0","48.25","97","0","7.45","533","20","0","1","168.875","1775","34.05","86","0","7.2","533","2","18","0.1","170","4500","49.75","0","80","5","533","2","18","0.1","-4305","5250","53.35","13","63","8","533","3","17","0.15","-4950","10000","38.85","12","46","7.333333333333333","533","2","18","0.1","-9820","10500","38.1","2","28","5.5","533","0","20","0","0","0","43.7","0","61","0"
,"534","20","0","1","1075.375","0","48.25","97","0","7.45","534","20","0","1","163.875","1775","34.05","86","0","7.2","534","2","18","0.1","160","4500","49.75","0","80","5","534","2","18","0.1","-4325","5250","53.35","13","63","8","534","3","17","0.15","-4813.333333333333","10166.666666666666","38.85","12","46","7.333333333333333","534","2","18","0.1","-9860","10500","38.1","2","28","5.5","534","0","20","0","0","0","43.7","0","61","0"
,"535","20","0","1","1075.375","0","48.25","97","0","7.45","535","20","0","1","208.875","1825","34.05","86","0","7.2","535","2","18","0.1","150","4500","49.75","0","80","5","535","2","18","0.1","-4345","5250","53.35","13","63","8","535","3","17","0.15","-4843.333333333333","10166.666666666666","38.85","12","46","7.333333333333333","535","2","18","0.1","-9900","10500","38.1","2","28","5.5","535","0","20","0","0","0","43.7","0","61","0"
,"536","20","0","1","1075.375","0","48.25","97","0","7.45","536","20","0","1","203.875","1825","34.05","86","0","7.2","536","2","18","0.1","140","4500","49.75","0","80","5","536","2","18","0.1","-4115","5500","53.35","13","63","8","536","3","17","0.15","-4873.333333333333","10166.666666666666","38.85","12","46","7.333333333333333","536","2","18","0.1","-9940","10500","38.1","2","28","5.5","536","0","20","0","0","0","43.7","0","61","0"
,"537","20","0","1","1075.375","0","48.25","97","0","7.45","537","20","0","1","223.875","1850","34.05","86","0","7.2","537","2","18","0.1","130","4500","49.75","0","80","5","537","2","18","0.1","-4135","5500","53.35","13","63","8","537","3","17","0.15","-4903.333333333333","10166.666666666666","38.85","12","46","7.333333333333333","537","2","18","0.1","-9980","10500","38.1","2","28","5.5","537","0","20","0","0","0","43.7","0","61","0"
,"538","20","0","1","1075.375","0","48.25","97","0","7.45","538","20","0","1","218.875","1850","34.05","86","0","7.2","538","2","18","0.1","120","4500","49.75","0","80","5","538","2","18","0.1","-4155","5500","53.35","13","63","8","538","3","17","0.15","-4766.666666666667","10333.333333333334","38.85","12","46","7.333333333333333","538","2","18","0.1","-9770","10750","38.1","2","28","5.5","538","0","20","0","0","0","43.7","0","61","0"
,"539","20","0","1","1075.375","0","48.25","97","0","7.45","539","20","0","1","213.875","1850","34.05","86","0","7.2","539","2","18","0.1","110","4500","49.75","0","80","5","539","2","18","0.1","-4175","5500","53.35","13","63","8","539","3","17","0.15","-4796.666666666667","10333.333333333334","38.85","12","46","7.333333333333333","539","2","18","0.1","-9810","10750","38.1","2","28","5.5","539","0","20","0","0","0","43.7","0","61","0"
,"540","20","0","1","1075.375","0","48.25","97","0","7.5","540","20","0","1","208.875","1850","34.05","86","0","7.2","540","2","18","0.1","100","4500","49.75","0","80","5","540","2","18","0.1","-4195","5500","53.35","13","63","8","540","3","17","0.15","-4826.666666666667","10333.333333333334","38.85","12","46","7.333333333333333","540","2","18","0.1","-9850","10750","38.1","2","28","5.5","540","0","20","0","0","0","43.7","0","61","0"
,"541","20","0","1","1075.375","0","48.25","97","0","7.5","541","20","0","1","203.875","1850","34.05","92","0","7.25","541","2","18","0.1","90","4500","49.75","0","80","5","541","2","18","0.1","-4215","5500","53.35","13","63","8","541","3","17","0.15","-4856.666666666667","10333.333333333334","38.85","12","46","7.333333333333333","541","2","18","0.1","-9890","10750","38.1","2","28","5.5","541","0","20","0","0","0","43.7","0","61","0"
,"542","20","0","1","1075.375","0","48.25","97","0","7.5","542","20","0","1","198.875","1850","34.05","92","0","7.25","542","2","18","0.1","80","4500","49.75","0","80","5","542","2","18","0.1","-4235","5500","53.35","13","63","8","542","3","17","0.15","-4886.666666666667","10333.333333333334","38.85","12","46","7.333333333333333","542","2","18","0.1","-9930","10750","38.1","2","28","5.5","542","0","20","0","0","0","43.7","0","61","0"
,"543","20","0","1","1075.375","0","48.25","97","0","7.5","543","20","0","1","218.875","1875","34.05","92","0","7.25","543","2","18","0.1","70","4500","49.75","0","80","5","543","2","18","0.1","-4255","5500","53.35","13","63","8","543","3","17","0.15","-4916.666666666667","10333.333333333334","38.85","12","46","7.333333333333333","543","2","18","0.1","-9970","10750","38.1","2","28","5.5","543","0","20","0","0","0","43.7","0","61","0"
,"544","20","0","1","1075.375","0","48.25","97","0","7.5","544","20","0","1","213.875","1875","34.05","92","0","7.25","544","2","18","0.1","60","4500","49.75","0","80","5","544","2","18","0.1","-4275","5500","53.35","13","63","8","544","3","17","0.15","-4946.666666666667","10333.333333333334","38.85","12","46","7.333333333333333","544","2","18","0.1","-10010","10750","38.1","2","28","5.5","544","0","20","0","0","0","43.7","0","61","0"
,"545","20","0","1","1075.375","0","48.25","97","0","7.5","545","20","0","1","208.875","1875","34.05","92","0","7.25","545","2","18","0.1","50","4500","49.75","0","80","5","545","2","18","0.1","-4295","5500","53.35","13","63","8","545","3","17","0.15","-4976.666666666667","10333.333333333334","38.85","12","46","7.333333333333333","545","2","18","0.1","-10050","10750","38.1","2","28","5.5","545","0","20","0","0","0","43.7","0","61","0"
,"546","20","0","1","1075.375","0","48.25","97","0","7.5","546","20","0","1","203.875","1875","34.05","92","0","7.25","546","2","18","0.1","40","4500","49.75","0","80","5","546","2","18","0.1","-4315","5500","53.35","13","63","8","546","3","17","0.15","-5006.666666666667","10333.333333333334","38.85","12","46","7.333333333333333","546","2","18","0.1","-10090","10750","38.1","2","28","5.5","546","0","20","0","0","0","43.7","0","61","0"
,"547","20","0","1","1075.375","0","48.25","97","0","7.5","547","20","0","1","198.875","1875","34.05","92","0","7.25","547","2","18","0.1","30","4500","49.75","0","80","5","547","2","18","0.1","-4335","5500","53.35","13","63","8","547","3","17","0.15","-5036.666666666667","10333.333333333334","38.85","12","46","7.333333333333333","547","2","18","0.1","-10130","10750","38.1","2","28","5.5","547","0","20","0","0","0","43.7","0","61","0"
,"548","20","0","1","1075.375","0","48.25","97","0","7.5","548","20","0","1","193.875","1875","34.05","92","0","7.25","548","2","18","0.1","20","4500","49.75","0","80","5","548","2","18","0.1","-4355","5500","53.35","13","63","8","548","3","17","0.15","-5066.666666666667","10333.333333333334","38.85","12","46","7.333333333333333","548","2","18","0.1","-10170","10750","38.1","2","28","5.5","548","0","20","0","0","0","43.7","0","61","0"
,"549","20","0","1","1075.375","0","48.25","97","0","7.5","549","20","0","1","188.875","1875","34.05","92","0","7.25","549","2","18","0.1","10","4500","49.75","0","80","5","549","2","18","0.1","-4375","5500","53.35","13","63","8","549","3","17","0.15","-5096.666666666667","10333.333333333334","38.85","12","46","7.333333333333333","549","2","18","0.1","-10210","10750","38.1","2","28","5.5","549","0","20","0","0","0","43.7","0","61","0"
,"550","20","0","1","1075.375","0","48.25","97","0","7.5","550","20","0","1","183.875","1875","34.05","92","0","7.25","550","2","18","0.1","0","4500","49.75","0","80","5","550","2","18","0.1","-4395","5500","53.35","13","63","8","550","3","17","0.15","-5126.666666666667","10333.333333333334","38.85","12","46","7.333333333333333","550","2","18","0.1","-10250","10750","38.1","2","28","5.5","550","0","20","0","0","0","43.7","0","61","0"
,"551","20","0","1","1075.375","0","48.25","97","0","7.5","551","20","0","1","178.875","1875","34.05","92","0","7.25","551","1","19","0.05","490","5000","49.75","0","80","4","551","2","18","0.1","-4415","5500","53.35","13","63","8","551","3","17","0.15","-4990","10500","38.85","12","46","7.333333333333333","551","2","18","0.1","-10040","11000","38.1","2","28","5.5","551","0","20","0","0","0","43.7","0","61","0"
,"552","20","0","1","1075.375","0","48.25","97","0","7.5","552","20","0","1","198.875","1900","34.05","92","0","7.25","552","1","19","0.05","480","5000","49.75","0","80","4","552","2","18","0.1","-4435","5500","53.35","13","63","8","552","3","17","0.15","-5020","10500","38.85","12","46","7.333333333333333","552","2","18","0.1","-10080","11000","38.1","2","28","5.5","552","0","20","0","0","0","43.7","0","61","0"
,"553","20","0","1","1075.375","0","48.25","97","0","7.5","553","20","0","1","193.875","1900","34.05","92","0","7.25","553","1","19","0.05","470","5000","49.75","0","80","4","553","2","18","0.1","-4455","5500","53.35","13","63","8","553","3","17","0.15","-5050","10500","38.85","12","46","7.333333333333333","553","2","18","0.1","-10120","11000","38.1","2","28","5.5","553","0","20","0","0","0","43.7","0","61","0"
,"554","20","0","1","1075.375","0","48.25","97","0","7.55","554","20","0","1","188.875","1900","34.05","92","0","7.25","554","1","19","0.05","460","5000","49.75","0","80","4","554","2","18","0.1","-4475","5500","53.35","13","63","8","554","3","17","0.15","-5080","10500","38.85","12","46","7.333333333333333","554","2","18","0.1","-10160","11000","38.1","2","28","5.5","554","0","20","0","0","0","43.7","0","61","0"
,"555","20","0","1","1075.375","0","48.25","97","0","7.55","555","20","0","1","183.875","1900","34.05","92","0","7.25","555","1","19","0.05","450","5000","49.75","0","80","4","555","2","18","0.1","-4495","5500","53.35","13","63","8","555","3","17","0.15","-4943.333333333333","10666.666666666666","38.85","12","46","7.333333333333333","555","2","18","0.1","-10200","11000","38.1","2","28","5.5","555","0","20","0","0","0","43.7","0","61","0"
,"556","20","0","1","1075.375","0","48.25","97","0","7.55","556","20","0","1","178.875","1900","34.05","92","0","7.25","556","1","19","0.05","440","5000","49.75","0","80","4","556","2","18","0.1","-4515","5500","53.35","13","63","8","556","3","17","0.15","-4973.333333333333","10666.666666666666","38.85","12","46","7.333333333333333","556","2","18","0.1","-10240","11000","38.1","2","28","5.5","556","0","20","0","0","0","43.7","0","61","0"
,"557","20","0","1","1075.375","0","48.25","97","0","7.55","557","20","0","1","173.875","1900","34.05","92","0","7.25","557","1","19","0.05","430","5000","49.75","0","80","4","557","2","18","0.1","-4535","5500","53.35","17","63","8.5","557","3","17","0.15","-5003.333333333333","10666.666666666666","38.85","12","46","7.333333333333333","557","2","18","0.1","-10280","11000","38.1","2","28","5.5","557","0","20","0","0","0","43.7","0","61","0"
,"558","20","0","1","1075.375","0","48.25","97","0","7.6","558","20","0","1","168.875","1900","34.05","92","0","7.25","558","1","19","0.05","420","5000","49.75","0","80","4","558","2","18","0.1","-4555","5500","53.35","17","63","8.5","558","3","17","0.15","-5033.333333333333","10666.666666666666","38.85","12","46","7.333333333333333","558","2","18","0.1","-10320","11000","38.1","2","28","5.5","558","0","20","0","0","0","43.7","0","61","0"
,"559","20","0","1","1075.375","0","48.25","97","0","7.6","559","20","0","1","163.875","1900","34.05","92","0","7.25","559","1","19","0.05","410","5000","49.75","0","80","4","559","2","18","0.1","-4575","5500","53.35","17","63","8.5","559","3","17","0.15","-5063.333333333333","10666.666666666666","38.85","12","46","7.333333333333333","559","2","18","0.1","-10360","11000","38.1","2","28","5.5","559","0","20","0","0","0","43.7","0","61","0"
,"560","20","0","1","1075.375","0","48.25","97","0","7.6","560","20","0","1","158.875","1900","34.05","92","0","7.25","560","1","19","0.05","400","5000","49.75","0","80","4","560","2","18","0.1","-4595","5500","53.35","17","63","8.5","560","3","17","0.15","-5093.333333333333","10666.666666666666","38.85","12","46","7.333333333333333","560","2","18","0.1","-10400","11000","38.1","2","28","5.5","560","0","20","0","0","0","43.7","0","61","0"
,"561","20","0","1","1075.375","0","48.25","97","0","7.6","561","20","0","1","153.875","1900","34.05","92","0","7.25","561","1","19","0.05","390","5000","49.75","0","80","4","561","2","18","0.1","-4365","5750","53.35","17","63","8.5","561","3","17","0.15","-5123.333333333333","10666.666666666666","38.85","12","46","7.333333333333333","561","2","18","0.1","-10440","11000","38.1","2","28","5.5","561","0","20","0","0","0","43.7","0","61","0"
,"562","20","0","1","1075.375","0","48.25","97","0","7.6","562","20","0","1","148.875","1900","34.05","92","0","7.25","562","1","19","0.05","380","5000","49.75","0","80","4","562","2","18","0.1","-4385","5750","53.35","17","63","8.5","562","3","17","0.15","-5153.333333333333","10666.666666666666","38.85","12","46","7.333333333333333","562","2","18","0.1","-10480","11000","38.1","2","28","5.5","562","0","20","0","0","0","43.7","0","61","0"
,"563","20","0","1","1075.375","0","48.25","97","0","7.6","563","20","0","1","143.875","1900","34.05","92","0","7.25","563","1","19","0.05","370","5000","49.75","0","80","4","563","2","18","0.1","-4405","5750","53.35","17","63","8.5","563","3","17","0.15","-5183.333333333333","10666.666666666666","38.85","12","46","7.333333333333333","563","2","18","0.1","-10270","11250","38.1","2","28","5.5","563","0","20","0","0","0","43.7","0","61","0"
,"564","20","0","1","1075.375","0","48.25","97","0","7.6","564","20","0","1","138.875","1900","34.05","92","0","7.25","564","1","19","0.05","360","5000","49.75","0","80","4","564","2","18","0.1","-4425","5750","53.35","17","63","8.5","564","3","17","0.15","-5213.333333333333","10666.666666666666","38.85","12","46","7.333333333333333","564","2","18","0.1","-10310","11250","38.1","2","28","5.5","564","0","20","0","0","0","43.7","0","61","0"
,"565","20","0","1","1075.375","0","48.25","101","0","7.65","565","20","0","1","133.875","1900","34.05","98","0","7.3","565","1","19","0.05","350","5000","49.75","0","80","4","565","2","18","0.1","-4445","5750","53.35","17","63","8.5","565","3","17","0.15","-5243.333333333333","10666.666666666666","38.85","12","46","7.333333333333333","565","2","18","0.1","-10350","11250","38.1","2","28","5.5","565","0","20","0","0","0","43.7","0","61","0"
,"566","20","0","1","1075.375","0","48.25","101","0","7.65","566","20","0","1","128.875","1900","34.05","98","0","7.3","566","1","19","0.05","340","5000","49.75","0","80","4","566","2","18","0.1","-4465","5750","53.35","17","63","8.5","566","3","17","0.15","-5273.333333333333","10666.666666666666","38.85","12","46","7.333333333333333","566","2","18","0.1","-10390","11250","38.1","2","28","5.5","566","0","20","0","0","0","43.7","0","61","0"
,"567","20","0","1","1075.375","0","48.25","101","0","7.65","567","20","0","1","123.875","1900","34.05","98","0","7.3","567","1","19","0.05","330","5000","49.75","0","80","4","567","2","18","0.1","-4485","5750","53.35","17","63","8.5","567","3","17","0.15","-5136.666666666667","10833.333333333334","38.85","12","46","7.333333333333333","567","2","18","0.1","-10430","11250","38.1","2","28","5.5","567","0","20","0","0","0","43.7","0","61","0"
,"568","20","0","1","1075.375","0","48.25","101","0","7.65","568","20","0","1","118.875","1900","34.05","98","0","7.3","568","1","19","0.05","320","5000","49.75","0","80","4","568","2","18","0.1","-4505","5750","53.35","17","63","8.5","568","3","17","0.15","-5166.666666666667","10833.333333333334","38.85","12","46","7.333333333333333","568","2","18","0.1","-10470","11250","38.1","2","28","5.5","568","0","20","0","0","0","43.7","0","61","0"
,"569","20","0","1","1075.375","0","48.25","101","0","7.65","569","20","0","1","113.875","1900","34.05","98","0","7.3","569","1","19","0.05","310","5000","49.75","0","80","4","569","2","18","0.1","-4525","5750","53.35","17","63","8.5","569","3","17","0.15","-5196.666666666667","10833.333333333334","38.85","12","46","7.333333333333333","569","2","18","0.1","-10510","11250","38.1","2","28","5.5","569","0","20","0","0","0","43.7","0","61","0"
,"570","20","0","1","1075.375","0","48.25","101","0","7.65","570","20","0","1","108.875","1900","34.05","98","0","7.3","570","1","19","0.05","300","5000","49.75","0","80","4","570","2","18","0.1","-4545","5750","53.35","17","63","8.5","570","3","17","0.15","-5226.666666666667","10833.333333333334","38.85","12","46","7.333333333333333","570","2","18","0.1","-10550","11250","38.1","2","28","5.5","570","0","20","0","0","0","43.7","0","61","0"
,"571","20","0","1","1075.375","0","48.25","101","0","7.65","571","20","0","1","103.875","1900","34.05","98","0","7.3","571","1","19","0.05","290","5000","49.75","0","80","4","571","2","18","0.1","-4565","5750","53.35","17","63","8.5","571","3","17","0.15","-5090","11000","38.85","12","46","7.333333333333333","571","2","18","0.1","-10590","11250","38.1","2","28","5.5","571","0","20","0","0","0","43.7","0","61","0"
,"572","20","0","1","1075.375","0","48.25","101","0","7.65","572","20","0","1","98.875","1900","34.05","98","0","7.3","572","1","19","0.05","280","5000","49.75","0","80","4","572","2","18","0.1","-4585","5750","53.35","17","63","8.5","572","3","17","0.15","-5120","11000","38.85","12","46","7.333333333333333","572","2","18","0.1","-10630","11250","38.1","2","28","5.5","572","0","20","0","0","0","43.7","0","61","0"
,"573","20","0","1","1075.375","0","48.25","101","0","7.65","573","20","0","1","93.875","1900","34.05","98","0","7.3","573","1","19","0.05","270","5000","49.75","0","80","4","573","2","18","0.1","-4605","5750","53.35","17","63","8.5","573","3","17","0.15","-5150","11000","38.85","12","46","7.333333333333333","573","2","18","0.1","-10670","11250","38.1","2","28","5.5","573","0","20","0","0","0","43.7","0","61","0"
,"574","20","0","1","1075.375","0","48.25","101","0","7.65","574","20","0","1","88.875","1900","34.05","99","0","7.35","574","1","19","0.05","260","5000","49.75","0","80","4","574","2","18","0.1","-4625","5750","53.35","17","63","8.5","574","3","17","0.15","-5180","11000","38.85","12","46","7.333333333333333","574","2","18","0.1","-10710","11250","38.1","2","28","5.5","574","0","20","0","0","0","43.7","0","61","0"
,"575","20","0","1","1075.375","0","48.25","101","0","7.65","575","20","0","1","83.875","1900","34.05","99","0","7.35","575","1","19","0.05","250","5000","49.75","0","80","4","575","2","18","0.1","-4645","5750","53.35","17","63","8.5","575","3","17","0.15","-5210","11000","38.85","12","46","7.333333333333333","575","2","18","0.1","-10750","11250","38.1","2","28","5.5","575","0","20","0","0","0","43.7","0","61","0"
,"576","20","0","1","1075.375","0","48.25","101","0","7.65","576","20","0","1","78.875","1900","34.05","99","0","7.4","576","1","19","0.05","240","5000","49.75","0","80","4","576","2","18","0.1","-4665","5750","53.35","17","63","8.5","576","3","17","0.15","-5240","11000","38.85","12","46","7.333333333333333","576","2","18","0.1","-10540","11500","38.1","2","28","5.5","576","0","20","0","0","0","43.7","0","61","0"
,"577","20","0","1","1075.375","0","48.25","101","0","7.65","577","20","0","1","73.875","1900","34.05","99","0","7.4","577","1","19","0.05","230","5000","49.75","0","80","4","577","2","18","0.1","-4685","5750","53.35","17","63","8.5","577","3","17","0.15","-5270","11000","38.85","12","46","7.333333333333333","577","2","18","0.1","-10580","11500","38.1","2","28","5.5","577","0","20","0","0","0","43.7","0","61","0"
,"578","20","0","1","1075.375","0","48.25","101","0","7.65","578","20","0","1","68.875","1900","34.05","99","0","7.4","578","1","19","0.05","220","5000","49.75","0","80","4","578","2","18","0.1","-4705","5750","53.35","17","63","8.5","578","3","17","0.15","-5300","11000","38.85","12","46","7.333333333333333","578","2","18","0.1","-10620","11500","38.1","2","28","5.5","578","0","20","0","0","0","43.7","0","61","0"
,"579","20","0","1","1075.375","0","48.25","101","0","7.65","579","20","0","1","63.875","1900","34.05","99","0","7.4","579","1","19","0.05","210","5000","49.75","0","80","4","579","2","18","0.1","-4725","5750","53.35","17","63","8.5","579","3","17","0.15","-5330","11000","38.85","12","46","7.333333333333333","579","2","18","0.1","-10660","11500","38.1","2","28","5.5","579","0","20","0","0","0","43.7","0","61","0"
,"580","20","0","1","1075.375","0","48.25","101","0","7.65","580","20","0","1","58.875","1900","34.05","99","0","7.4","580","1","19","0.05","200","5000","49.75","0","80","4","580","2","18","0.1","-4745","5750","53.35","17","63","8.5","580","3","17","0.15","-5360","11000","38.85","12","46","7.333333333333333","580","2","18","0.1","-10700","11500","38.1","2","28","5.5","580","0","20","0","0","0","43.7","0","61","0"
,"581","20","0","1","1075.375","0","48.25","101","0","7.65","581","20","0","1","53.875","1900","34.05","99","0","7.4","581","1","19","0.05","190","5000","49.75","0","80","4","581","2","18","0.1","-4765","5750","53.35","17","63","8.5","581","3","17","0.15","-5390","11000","38.85","12","46","7.333333333333333","581","2","18","0.1","-10740","11500","38.1","2","28","5.5","581","0","20","0","0","0","43.7","0","61","0"
,"582","20","0","1","1075.375","0","48.25","101","0","7.65","582","20","0","1","48.875","1900","34.05","99","0","7.4","582","1","19","0.05","180","5000","49.75","0","80","4","582","2","18","0.1","-4785","5750","53.35","17","63","8.5","582","3","17","0.15","-5420","11000","38.85","12","46","7.333333333333333","582","2","18","0.1","-10780","11500","38.1","2","28","5.5","582","0","20","0","0","0","43.7","0","61","0"
,"583","20","0","1","1075.375","0","48.25","101","0","7.65","583","20","0","1","43.875","1900","34.05","99","0","7.4","583","1","19","0.05","170","5000","49.75","0","80","4","583","2","18","0.1","-4805","5750","53.35","17","63","8.5","583","3","17","0.15","-5450","11000","38.85","12","46","7.333333333333333","583","2","18","0.1","-10820","11500","38.1","2","28","5.5","583","0","20","0","0","0","43.7","0","61","0"
,"584","20","0","1","1075.375","0","48.25","101","0","7.65","584","20","0","1","38.875","1900","34.05","99","0","7.4","584","1","19","0.05","160","5000","49.75","0","80","4","584","2","18","0.1","-4825","5750","53.35","17","63","8.5","584","3","17","0.15","-5313.333333333333","11166.666666666666","38.85","12","46","7.333333333333333","584","2","18","0.1","-10860","11500","38.1","2","28","5.5","584","0","20","0","0","0","43.7","0","61","0"
,"585","20","0","1","1075.375","0","48.25","101","0","7.65","585","20","0","1","33.875","1900","34.05","99","0","7.4","585","1","19","0.05","150","5000","49.75","0","80","4","585","2","18","0.1","-4845","5750","53.35","17","63","8.5","585","3","17","0.15","-5343.333333333333","11166.666666666666","38.85","12","46","7.333333333333333","585","2","18","0.1","-10900","11500","38.1","2","28","5.5","585","0","20","0","0","0","43.7","0","61","0"
,"586","20","0","1","1075.375","0","48.25","101","0","7.65","586","20","0","1","28.875","1900","34.05","99","0","7.4","586","1","19","0.05","140","5000","49.75","0","80","4","586","2","18","0.1","-4615","6000","53.35","17","63","8.5","586","3","17","0.15","-5373.333333333333","11166.666666666666","38.85","12","46","7.333333333333333","586","2","18","0.1","-10940","11500","38.1","2","28","5.5","586","0","20","0","0","0","43.7","0","61","0"
,"587","20","0","1","1075.375","0","48.25","101","0","7.65","587","20","0","1","23.875","1900","34.05","108","0","7.5","587","1","19","0.05","130","5000","49.75","0","80","4","587","2","18","0.1","-4635","6000","53.35","17","63","8.5","587","3","17","0.15","-5403.333333333333","11166.666666666666","38.85","12","46","7.333333333333333","587","2","18","0.1","-10980","11500","38.1","2","28","5.5","587","0","20","0","0","0","43.7","0","61","0"
,"588","20","0","1","1075.375","0","48.25","101","0","7.65","588","20","0","1","18.875","1900","34.05","108","0","7.5","588","1","19","0.05","120","5000","49.75","0","80","4","588","2","18","0.1","-4655","6000","53.35","17","63","8.5","588","3","17","0.15","-5266.666666666667","11333.333333333334","38.85","12","46","7.333333333333333","588","2","18","0.1","-10770","11750","38.1","2","28","5.5","588","0","20","0","0","0","43.7","0","61","0"
,"589","20","0","1","1075.375","0","48.25","101","0","7.65","589","20","0","1","13.875","1900","34.05","108","0","7.5","589","1","19","0.05","110","5000","49.75","0","80","4","589","2","18","0.1","-4675","6000","53.35","17","63","8.5","589","3","17","0.15","-5296.666666666667","11333.333333333334","38.85","12","46","7.333333333333333","589","2","18","0.1","-10810","11750","38.1","2","28","5.5","589","0","20","0","0","0","43.7","0","61","0"
,"590","20","0","1","1075.375","0","48.25","101","0","7.65","590","20","0","1","8.875","1900","34.05","108","0","7.5","590","1","19","0.05","100","5000","49.75","0","80","4","590","2","18","0.1","-4695","6000","53.35","17","63","8.5","590","3","17","0.15","-5326.666666666667","11333.333333333334","38.85","12","46","7.333333333333333","590","2","18","0.1","-10850","11750","38.1","2","28","5.5","590","0","20","0","0","0","43.7","0","61","0"
,"591","20","0","1","1075.375","0","48.25","101","0","7.65","591","20","0","1","3.875","1900","34.05","108","0","7.5","591","1","19","0.05","90","5000","49.75","0","80","4","591","2","18","0.1","-4715","6000","53.35","17","63","8.5","591","3","17","0.15","-5356.666666666667","11333.333333333334","38.85","12","46","7.333333333333333","591","2","18","0.1","-10890","11750","38.1","2","28","5.5","591","0","20","0","0","0","43.7","0","61","0"
,"592","20","0","1","1075.375","0","48.25","101","0","7.65","592","20","0","1","-1.125","1900","34.05","108","0","7.5","592","1","19","0.05","80","5000","49.75","0","80","4","592","2","18","0.1","-4735","6000","53.35","17","63","8.5","592","3","17","0.15","-5386.666666666667","11333.333333333334","38.85","12","46","7.333333333333333","592","2","18","0.1","-10930","11750","38.1","2","28","5.5","592","0","20","0","0","0","43.7","0","61","0"
,"593","20","0","1","1075.375","0","48.25","101","0","7.65","593","20","0","1","-6.125","1900","34.05","108","0","7.5","593","1","19","0.05","70","5000","49.75","0","80","4","593","2","18","0.1","-4755","6000","53.35","17","63","8.5","593","3","17","0.15","-5416.666666666667","11333.333333333334","38.85","12","46","7.333333333333333","593","2","18","0.1","-10970","11750","38.1","2","28","5.5","593","0","20","0","0","0","43.7","0","61","0"
,"594","20","0","1","1075.375","0","48.25","101","0","7.65","594","20","0","1","-11.125","1900","34.05","108","0","7.5","594","1","19","0.05","60","5000","49.75","0","80","4","594","2","18","0.1","-4775","6000","53.35","17","63","8.5","594","3","17","0.15","-5446.666666666667","11333.333333333334","38.85","12","46","7.333333333333333","594","2","18","0.1","-11010","11750","38.1","2","28","5.5","594","0","20","0","0","0","43.7","0","61","0"
,"595","20","0","1","1075.375","0","48.25","101","0","7.65","595","20","0","1","-16.125","1900","34.05","108","0","7.5","595","1","19","0.05","50","5000","49.75","0","80","4","595","2","18","0.1","-4795","6000","53.35","17","63","8.5","595","3","17","0.15","-5476.666666666667","11333.333333333334","38.85","12","46","7.333333333333333","595","2","18","0.1","-11050","11750","38.1","2","28","5.5","595","0","20","0","0","0","43.7","0","61","0"
,"596","20","0","1","1075.375","0","48.25","101","0","7.65","596","20","0","1","-21.125","1900","34.05","108","0","7.5","596","1","19","0.05","40","5000","49.75","0","80","4","596","2","18","0.1","-4815","6000","53.35","17","63","8.5","596","3","17","0.15","-5506.666666666667","11333.333333333334","38.85","12","46","7.333333333333333","596","2","18","0.1","-11090","11750","38.1","2","28","5.5","596","0","20","0","0","0","43.7","0","61","0"
,"597","20","0","1","1075.375","0","48.25","101","0","7.65","597","20","0","1","-26.125","1900","34.05","108","0","7.5","597","1","19","0.05","30","5000","49.75","0","80","4","597","2","18","0.1","-4835","6000","53.35","17","63","8.5","597","3","17","0.15","-5536.666666666667","11333.333333333334","38.85","12","46","7.333333333333333","597","2","18","0.1","-11130","11750","38.1","2","28","5.5","597","0","20","0","0","0","43.7","0","61","0"
,"598","20","0","1","1075.375","0","48.25","101","0","7.65","598","20","0","1","-31.125","1900","34.05","108","0","7.5","598","1","19","0.05","20","5000","49.75","0","80","4","598","2","18","0.1","-4855","6000","53.35","17","63","8.5","598","3","17","0.15","-5566.666666666667","11333.333333333334","38.85","12","46","7.333333333333333","598","2","18","0.1","-11170","11750","38.1","2","28","5.5","598","0","20","0","0","0","43.7","0","61","0"
,"599","20","0","1","1075.375","0","48.25","101","0","7.65","599","20","0","1","-36.125","1900","34.05","108","0","7.5","599","1","19","0.05","10","5000","49.75","0","80","4","599","2","18","0.1","-4875","6000","53.35","17","63","8.5","599","3","17","0.15","-5596.666666666667","11333.333333333334","38.85","12","46","7.333333333333333","599","2","18","0.1","-11210","11750","38.1","2","28","5.5","599","0","20","0","0","0","43.7","0","61","0"
,"600","20","0","1","1075.375","0","48.25","101","0","7.65","600","20","0","1","-41.125","1900","34.05","108","0","7.5","600","1","19","0.05","0","5000","49.75","0","80","4","600","2","18","0.1","-4895","6000","53.35","17","63","8.5","600","3","17","0.15","-5626.666666666667","11333.333333333334","38.85","12","46","7.333333333333333","600","2","18","0.1","-11250","11750","38.1","2","28","5.5","600","0","20","0","0","0","43.7","0","61","0"
,"601","20","0","1","1075.375","0","48.25","101","0","7.65","601","20","0","1","78.875","2025","34.05","108","0","7.5","601","1","19","0.05","490","5500","49.75","0","80","4","601","2","18","0.1","-4915","6000","53.35","17","63","8.5","601","3","17","0.15","-5490","11500","38.85","12","46","7.333333333333333","601","2","18","0.1","-11040","12000","38.1","2","28","5.5","601","0","20","0","0","0","43.7","0","61","0"
,"602","20","0","1","1075.375","0","48.25","101","0","7.65","602","20","0","1","98.875","2050","34.05","108","0","7.5","602","1","19","0.05","480","5500","49.75","0","80","4","602","2","18","0.1","-4935","6000","53.35","17","63","8.5","602","3","17","0.15","-5520","11500","38.85","12","46","7.333333333333333","602","2","18","0.1","-11080","12000","38.1","2","28","5.5","602","0","20","0","0","0","43.7","0","61","0"
,"603","20","0","1","1075.375","0","48.25","101","0","7.65","603","20","0","1","93.875","2050","34.05","108","0","7.5","603","1","19","0.05","470","5500","49.75","0","80","4","603","2","18","0.1","-4955","6000","53.35","17","63","8.5","603","3","17","0.15","-5550","11500","38.85","12","46","7.333333333333333","603","2","18","0.1","-11120","12000","38.1","2","28","5.5","603","0","20","0","0","0","43.7","0","61","0"
,"604","20","0","1","1075.375","0","48.25","101","0","7.65","604","20","0","1","113.875","2075","34.05","108","0","7.5","604","1","19","0.05","460","5500","49.75","0","80","4","604","2","18","0.1","-4975","6000","53.35","17","63","8.5","604","3","17","0.15","-5580","11500","38.85","12","46","7.333333333333333","604","2","18","0.1","-11160","12000","38.1","2","28","5.5","604","0","20","0","0","0","43.7","0","61","0"
,"605","20","0","1","1075.375","0","48.25","101","0","7.65","605","20","0","1","133.875","2100","34.05","108","0","7.5","605","1","19","0.05","450","5500","49.75","0","80","4","605","2","18","0.1","-4995","6000","53.35","17","63","8.5","605","3","17","0.15","-5443.333333333333","11666.666666666666","38.85","12","46","7.333333333333333","605","2","18","0.1","-11200","12000","38.1","2","28","5.5","605","0","20","0","0","0","43.7","0","61","0"
,"606","20","0","1","1075.375","0","48.25","101","0","7.65","606","20","0","1","128.875","2100","34.05","108","0","7.5","606","1","19","0.05","440","5500","49.75","0","80","4","606","2","18","0.1","-5015","6000","53.35","17","63","8.5","606","3","17","0.15","-5473.333333333333","11666.666666666666","38.85","12","46","7.333333333333333","606","2","18","0.1","-11240","12000","38.1","2","28","6","606","0","20","0","0","0","43.7","0","61","0"
,"607","20","0","1","1075.375","0","48.25","101","0","7.65","607","20","0","1","148.875","2125","34.05","108","0","7.5","607","1","19","0.05","430","5500","49.75","0","80","4","607","2","18","0.1","-5035","6000","53.35","17","63","8.5","607","3","17","0.15","-5503.333333333333","11666.666666666666","38.85","12","46","7.333333333333333","607","2","18","0.1","-11280","12000","38.1","2","28","6","607","0","20","0","0","0","43.7","0","61","0"
,"608","20","0","1","1075.375","0","48.25","101","0","7.65","608","20","0","1","143.875","2125","34.05","108","0","7.5","608","1","19","0.05","420","5500","49.75","0","80","4","608","2","18","0.1","-5055","6000","53.35","17","63","8.5","608","3","17","0.15","-5533.333333333333","11666.666666666666","38.85","12","46","7.333333333333333","608","2","18","0.1","-11320","12000","38.1","2","28","6","608","0","20","0","0","0","43.7","0","61","0"
,"609","20","0","1","1075.375","0","48.25","101","0","7.65","609","20","0","1","163.875","2150","34.05","108","0","7.5","609","1","19","0.05","410","5500","49.75","0","80","4","609","2","18","0.1","-5075","6000","53.35","17","63","8.5","609","3","17","0.15","-5563.333333333333","11666.666666666666","38.85","12","46","7.333333333333333","609","2","18","0.1","-11360","12000","38.1","4","28","6.5","609","0","20","0","0","0","43.7","0","61","0"
,"610","20","0","1","1075.375","0","48.25","101","0","7.65","610","20","0","1","158.875","2150","34.05","108","0","7.5","610","1","19","0.05","400","5500","49.75","0","80","4","610","2","18","0.1","-5095","6000","53.35","17","63","8.5","610","3","17","0.15","-5593.333333333333","11666.666666666666","38.85","12","46","7.333333333333333","610","2","18","0.1","-11400","12000","38.1","4","28","6.5","610","0","20","0","0","0","43.7","0","61","0"
,"611","20","0","1","1075.375","0","48.25","101","0","7.65","611","20","0","1","153.875","2150","34.05","108","0","7.5","611","1","19","0.05","390","5500","49.75","0","80","4","611","2","18","0.1","-4865","6250","53.35","17","63","8.5","611","3","17","0.15","-5623.333333333333","11666.666666666666","38.85","12","46","7.333333333333333","611","2","18","0.1","-11440","12000","38.1","4","28","6.5","611","0","20","0","0","0","43.7","0","61","0"
,"612","20","0","1","1075.375","0","48.25","101","0","7.65","612","20","0","1","148.875","2150","34.05","108","0","7.5","612","1","19","0.05","380","5500","49.75","0","80","4","612","2","18","0.1","-4885","6250","53.35","17","63","8.5","612","3","17","0.15","-5653.333333333333","11666.666666666666","38.85","12","46","7.333333333333333","612","2","18","0.1","-11480","12000","38.1","4","28","6.5","612","0","20","0","0","0","43.7","0","61","0"
,"613","20","0","1","1075.375","0","48.25","101","0","7.65","613","20","0","1","168.875","2175","34.05","108","0","7.5","613","1","19","0.05","370","5500","49.75","0","80","4","613","2","18","0.1","-4905","6250","53.35","17","63","8.5","613","3","17","0.15","-5683.333333333333","11666.666666666666","38.85","12","46","7.333333333333333","613","2","18","0.1","-11270","12250","38.1","4","28","6.5","613","0","20","0","0","0","43.7","0","61","0"
,"614","20","0","1","1075.375","0","48.25","101","0","7.65","614","20","0","1","163.875","2175","34.05","108","0","7.5","614","1","19","0.05","360","5500","49.75","0","80","4","614","2","18","0.1","-4675","6500","53.35","17","63","8.5","614","3","17","0.15","-5713.333333333333","11666.666666666666","38.85","12","46","7.333333333333333","614","2","18","0.1","-11310","12250","38.1","4","28","6.5","614","0","20","0","0","0","43.7","0","61","0"
,"615","20","0","1","1075.375","0","48.25","101","0","7.65","615","20","0","1","158.875","2175","34.05","108","0","7.5","615","1","19","0.05","350","5500","49.75","0","80","4","615","2","18","0.1","-4695","6500","53.35","17","63","8.5","615","3","17","0.15","-5743.333333333333","11666.666666666666","38.85","12","46","7.333333333333333","615","2","18","0.1","-11350","12250","38.1","4","28","6.5","615","0","20","0","0","0","43.7","0","61","0"
,"616","20","0","1","1075.375","0","48.25","101","0","7.65","616","20","0","1","153.875","2175","34.05","108","0","7.5","616","1","19","0.05","340","5500","49.75","0","80","4","616","2","18","0.1","-4715","6500","53.35","17","63","8.5","616","3","17","0.15","-5773.333333333333","11666.666666666666","38.85","12","46","7.333333333333333","616","2","18","0.1","-11390","12250","38.1","4","28","6.5","616","0","20","0","0","0","43.7","0","61","0"
,"617","20","0","1","1075.375","0","48.25","101","0","7.65","617","20","0","1","148.875","2175","34.05","108","0","7.5","617","1","19","0.05","330","5500","49.75","0","80","4","617","2","18","0.1","-4735","6500","53.35","17","63","8.5","617","3","17","0.15","-5636.666666666667","11833.333333333334","38.85","12","46","7.333333333333333","617","2","18","0.1","-11430","12250","38.1","4","28","6.5","617","0","20","0","0","0","43.7","0","61","0"
,"618","20","0","1","1075.375","0","48.25","101","0","7.65","618","20","0","1","143.875","2175","34.05","108","0","7.5","618","1","19","0.05","320","5500","49.75","0","80","4","618","2","18","0.1","-4755","6500","53.35","17","63","8.5","618","3","17","0.15","-5666.666666666667","11833.333333333334","38.85","12","46","7.333333333333333","618","2","18","0.1","-11470","12250","38.1","4","28","6.5","618","0","20","0","0","0","43.7","0","61","0"
,"619","20","0","1","1075.375","0","48.25","101","0","7.65","619","20","0","1","138.875","2175","34.05","108","0","7.5","619","1","19","0.05","310","5500","49.75","0","80","4","619","2","18","0.1","-4775","6500","53.35","17","63","8.5","619","3","17","0.15","-5696.666666666667","11833.333333333334","38.85","12","46","7.333333333333333","619","2","18","0.1","-11510","12250","38.1","4","28","6.5","619","0","20","0","0","0","43.7","0","61","0"
,"620","20","0","1","1075.375","0","48.25","101","0","7.65","620","20","0","1","158.875","2200","34.05","108","0","7.5","620","1","19","0.05","300","5500","49.75","0","80","4","620","2","18","0.1","-4795","6500","53.35","17","63","8.5","620","3","17","0.15","-5726.666666666667","11833.333333333334","38.85","12","46","7.333333333333333","620","2","18","0.1","-11550","12250","38.1","4","28","6.5","620","0","20","0","0","0","43.7","0","61","0"
,"621","20","0","1","1075.375","0","48.25","101","0","7.65","621","20","0","1","178.875","2225","34.05","108","0","7.5","621","1","19","0.05","290","5500","49.75","0","80","4","621","2","18","0.1","-4815","6500","53.35","17","63","8.5","621","3","17","0.15","-5590","12000","38.85","12","46","7.333333333333333","621","2","18","0.1","-11590","12250","38.1","4","28","6.5","621","0","20","0","0","0","43.7","0","61","0"
,"622","20","0","1","1075.375","0","48.25","101","0","7.65","622","20","0","1","173.875","2225","34.05","108","0","7.5","622","1","19","0.05","280","5500","49.75","0","80","4","622","2","18","0.1","-4835","6500","53.35","17","63","8.5","622","3","17","0.15","-5620","12000","38.85","12","46","7.333333333333333","622","2","18","0.1","-11630","12250","38.1","4","28","6.5","622","0","20","0","0","0","43.7","0","61","0"
,"623","20","0","1","1075.375","0","48.25","101","0","7.65","623","20","0","1","168.875","2225","34.05","108","0","7.5","623","1","19","0.05","270","5500","49.75","0","80","4","623","2","18","0.1","-4855","6500","53.35","17","63","8.5","623","3","17","0.15","-5650","12000","38.85","12","46","7.333333333333333","623","2","18","0.1","-11670","12250","38.1","4","28","6.5","623","0","20","0","0","0","43.7","0","61","0"
,"624","20","0","1","1075.375","0","48.25","101","0","7.65","624","20","0","1","163.875","2225","34.05","108","0","7.5","624","1","19","0.05","260","5500","49.75","0","80","4","624","2","18","0.1","-4875","6500","53.35","17","63","8.5","624","3","17","0.15","-5680","12000","38.85","12","46","7.333333333333333","624","2","18","0.1","-11710","12250","38.1","4","28","6.5","624","0","20","0","0","0","43.7","0","61","0"
,"625","20","0","1","1075.375","0","48.25","101","0","7.65","625","20","0","1","158.875","2225","34.05","108","0","7.5","625","1","19","0.05","250","5500","49.75","0","80","4","625","2","18","0.1","-4895","6500","53.35","17","63","8.5","625","3","17","0.15","-5710","12000","38.85","12","46","7.333333333333333","625","2","18","0.1","-11750","12250","38.1","4","28","6.5","625","0","20","0","0","0","43.7","0","61","0"
,"626","20","0","1","1075.375","0","48.25","101","0","7.65","626","20","0","1","153.875","2225","34.05","108","0","7.5","626","1","19","0.05","240","5500","49.75","0","80","4","626","2","18","0.1","-4915","6500","53.35","17","63","8.5","626","3","17","0.15","-5740","12000","38.85","12","46","7.333333333333333","626","2","18","0.1","-11540","12500","38.1","4","28","6.5","626","0","20","0","0","0","43.7","0","61","0"
,"627","20","0","1","1075.375","0","48.25","101","0","7.65","627","20","0","1","148.875","2225","34.05","108","0","7.5","627","1","19","0.05","230","5500","49.75","0","80","4","627","2","18","0.1","-4935","6500","53.35","17","63","8.5","627","3","17","0.15","-5770","12000","38.85","12","46","7.333333333333333","627","2","18","0.1","-11580","12500","38.1","4","28","6.5","627","0","20","0","0","0","43.7","0","61","0"
,"628","20","0","1","1075.375","0","48.25","101","0","7.65","628","20","0","1","143.875","2225","34.05","108","0","7.5","628","1","19","0.05","220","5500","49.75","0","80","4","628","2","18","0.1","-4955","6500","53.35","17","63","8.5","628","3","17","0.15","-5800","12000","38.85","12","46","7.333333333333333","628","2","18","0.1","-11620","12500","38.1","4","28","6.5","628","0","20","0","0","0","43.7","0","61","0"
,"629","20","0","1","1075.375","0","48.25","101","0","7.65","629","20","0","1","163.875","2250","34.05","108","0","7.5","629","1","19","0.05","210","5500","49.75","0","80","4","629","2","18","0.1","-4975","6500","53.35","17","63","8.5","629","3","17","0.15","-5830","12000","38.85","12","46","7.333333333333333","629","2","18","0.1","-11660","12500","38.1","4","28","6.5","629","0","20","0","0","0","43.7","0","61","0"
,"630","20","0","1","1075.375","0","48.25","101","0","7.65","630","20","0","1","158.875","2250","34.05","108","0","7.5","630","1","19","0.05","200","5500","49.75","0","80","4","630","2","18","0.1","-4995","6500","53.35","17","63","8.5","630","3","17","0.15","-5860","12000","38.85","12","46","7.333333333333333","630","2","18","0.1","-11700","12500","38.1","4","28","6.5","630","0","20","0","0","0","43.7","0","61","0"
,"631","20","0","1","1075.375","0","48.25","101","0","7.65","631","20","0","1","153.875","2250","34.05","108","0","7.5","631","1","19","0.05","190","5500","49.75","0","80","4","631","2","18","0.1","-5015","6500","53.35","17","63","8.5","631","3","17","0.15","-5890","12000","38.85","12","46","7.333333333333333","631","2","18","0.1","-11740","12500","38.1","4","28","6.5","631","0","20","0","0","0","43.7","0","61","0"
,"632","20","0","1","1075.375","0","48.25","101","0","7.65","632","20","0","1","148.875","2250","34.05","108","0","7.5","632","1","19","0.05","180","5500","49.75","0","80","4","632","2","18","0.1","-5035","6500","53.35","17","63","8.5","632","3","17","0.15","-5920","12000","38.85","12","46","7.333333333333333","632","2","18","0.1","-11780","12500","38.1","4","28","6.5","632","0","20","0","0","0","43.7","0","61","0"
,"633","20","0","1","1075.375","0","48.25","101","0","7.65","633","20","0","1","143.875","2250","34.05","108","0","7.55","633","1","19","0.05","170","5500","49.75","0","80","4","633","2","18","0.1","-5055","6500","53.35","17","63","8.5","633","3","17","0.15","-5950","12000","38.85","12","46","7.333333333333333","633","2","18","0.1","-11820","12500","38.1","4","28","6.5","633","0","20","0","0","0","43.7","0","61","0"
,"634","20","0","1","1075.375","0","48.25","101","0","7.65","634","20","0","1","138.875","2250","34.05","108","0","7.55","634","1","19","0.05","160","5500","49.75","0","80","4","634","2","18","0.1","-5075","6500","53.35","17","63","8.5","634","3","17","0.15","-5813.333333333333","12166.666666666666","38.85","12","46","7.333333333333333","634","2","18","0.1","-11860","12500","38.1","4","28","6.5","634","0","20","0","0","0","43.7","0","61","0"
,"635","20","0","1","1075.375","0","48.25","101","0","7.65","635","20","0","1","158.875","2275","34.05","108","0","7.55","635","1","19","0.05","150","5500","49.75","0","80","4","635","2","18","0.1","-5095","6500","53.35","17","63","8.5","635","3","17","0.15","-5843.333333333333","12166.666666666666","38.85","12","46","7.333333333333333","635","2","18","0.1","-11900","12500","38.1","4","28","6.5","635","0","20","0","0","0","43.7","0","61","0"
,"636","20","0","1","1075.375","0","48.25","101","0","7.65","636","20","0","1","153.875","2275","34.05","108","0","7.55","636","1","19","0.05","140","5500","49.75","0","80","4","636","2","18","0.1","-4865","6750","53.35","17","63","8.5","636","3","17","0.15","-5873.333333333333","12166.666666666666","38.85","12","46","7.333333333333333","636","2","18","0.1","-11940","12500","38.1","4","28","6.5","636","0","20","0","0","0","43.7","0","61","0"
,"637","20","0","1","1075.375","0","48.25","101","0","7.65","637","20","0","1","148.875","2275","34.05","108","0","7.55","637","1","19","0.05","130","5500","49.75","0","80","4","637","2","18","0.1","-4885","6750","53.35","17","63","8.5","637","3","17","0.15","-5903.333333333333","12166.666666666666","38.85","12","46","7.333333333333333","637","2","18","0.1","-11980","12500","38.1","4","28","6.5","637","0","20","0","0","0","43.7","0","61","0"
,"638","20","0","1","1075.375","0","48.25","101","0","7.65","638","20","0","1","143.875","2275","34.05","108","0","7.55","638","1","19","0.05","120","5500","49.75","0","80","4","638","2","18","0.1","-4905","6750","53.35","17","63","8.5","638","3","17","0.15","-5766.666666666667","12333.333333333334","38.85","12","46","7.333333333333333","638","2","18","0.1","-11770","12750","38.1","4","28","6.5","638","0","20","0","0","0","43.7","0","61","0"
,"639","20","0","1","1075.375","0","48.25","101","0","7.65","639","20","0","1","163.875","2300","34.05","108","0","7.55","639","1","19","0.05","110","5500","49.75","0","80","4","639","2","18","0.1","-4925","6750","53.35","17","63","8.5","639","3","17","0.15","-5796.666666666667","12333.333333333334","38.85","12","46","7.333333333333333","639","2","18","0.1","-11810","12750","38.1","4","28","6.5","639","0","20","0","0","0","43.7","0","61","0"
,"640","20","0","1","1075.375","0","48.25","101","0","7.65","640","20","0","1","158.875","2300","34.05","108","0","7.55","640","1","19","0.05","100","5500","49.75","0","80","4","640","2","18","0.1","-4945","6750","53.35","17","63","8.5","640","3","17","0.15","-5826.666666666667","12333.333333333334","38.85","12","46","7.333333333333333","640","2","18","0.1","-11850","12750","38.1","4","28","6.5","640","0","20","0","0","0","43.7","0","61","0"
,"641","20","0","1","1075.375","0","48.25","101","0","7.65","641","20","0","1","153.875","2300","34.05","108","0","7.55","641","1","19","0.05","90","5500","49.75","0","80","4","641","2","18","0.1","-4965","6750","53.35","17","63","8.5","641","3","17","0.15","-5856.666666666667","12333.333333333334","38.85","12","46","7.333333333333333","641","2","18","0.1","-11890","12750","38.1","4","28","6.5","641","0","20","0","0","0","43.7","0","61","0"
,"642","20","0","1","1075.375","0","48.25","101","0","7.65","642","20","0","1","148.875","2300","34.05","108","0","7.55","642","1","19","0.05","80","5500","49.75","0","80","4","642","2","18","0.1","-4985","6750","53.35","17","63","8.5","642","3","17","0.15","-5886.666666666667","12333.333333333334","38.85","12","46","7.333333333333333","642","2","18","0.1","-11930","12750","38.1","4","28","6.5","642","0","20","0","0","0","43.7","0","61","0"
,"643","20","0","1","1075.375","0","48.25","101","0","7.65","643","20","0","1","168.875","2325","34.05","108","0","7.55","643","1","19","0.05","70","5500","49.75","0","80","4","643","2","18","0.1","-5005","6750","53.35","17","63","8.5","643","3","17","0.15","-5916.666666666667","12333.333333333334","38.85","12","46","7.333333333333333","643","2","18","0.1","-11970","12750","38.1","4","28","6.5","643","0","20","0","0","0","43.7","0","61","0"
,"644","20","0","1","1075.375","0","48.25","101","0","7.65","644","20","0","1","163.875","2325","34.05","109","0","7.6","644","1","19","0.05","60","5500","49.75","0","80","4","644","2","18","0.1","-5025","6750","53.35","17","63","8.5","644","3","17","0.15","-5946.666666666667","12333.333333333334","38.85","12","46","7.333333333333333","644","2","18","0.1","-12010","12750","38.1","4","28","6.5","644","0","20","0","0","0","43.7","0","61","0"
,"645","20","0","1","1075.375","0","48.25","101","0","7.65","645","20","0","1","158.875","2325","34.05","109","0","7.6","645","1","19","0.05","50","5500","49.75","0","80","4","645","2","18","0.1","-5045","6750","53.35","17","63","8.5","645","3","17","0.15","-5976.666666666667","12333.333333333334","38.85","12","46","7.333333333333333","645","2","18","0.1","-12050","12750","38.1","4","28","6.5","645","0","20","0","0","0","43.7","0","61","0"
,"646","20","0","1","1075.375","0","48.25","101","0","7.65","646","20","0","1","153.875","2325","34.05","109","0","7.6","646","1","19","0.05","40","5500","49.75","0","80","4","646","2","18","0.1","-5065","6750","53.35","17","63","8.5","646","3","17","0.15","-6006.666666666667","12333.333333333334","38.85","12","46","7.333333333333333","646","2","18","0.1","-12090","12750","38.1","4","28","6.5","646","0","20","0","0","0","43.7","0","61","0"
,"647","20","0","1","1075.375","0","48.25","101","0","7.65","647","20","0","1","148.875","2325","34.05","109","0","7.6","647","1","19","0.05","30","5500","49.75","0","80","4","647","2","18","0.1","-5085","6750","53.35","17","63","8.5","647","3","17","0.15","-6036.666666666667","12333.333333333334","38.85","12","46","7.333333333333333","647","2","18","0.1","-12130","12750","38.1","4","28","6.5","647","0","20","0","0","0","43.7","0","61","0"
,"648","20","0","1","1075.375","0","48.25","101","0","7.65","648","20","0","1","143.875","2325","34.05","109","0","7.6","648","1","19","0.05","20","5500","49.75","0","80","4","648","2","18","0.1","-5105","6750","53.35","17","63","8.5","648","3","17","0.15","-6066.666666666667","12333.333333333334","38.85","12","46","7.333333333333333","648","2","18","0.1","-12170","12750","38.1","4","28","6.5","648","0","20","0","0","0","43.7","0","61","0"
,"649","20","0","1","1075.375","0","48.25","101","0","7.65","649","20","0","1","138.875","2325","34.05","109","0","7.6","649","1","19","0.05","10","5500","49.75","4","80","5","649","2","18","0.1","-5125","6750","53.35","17","63","8.5","649","3","17","0.15","-6096.666666666667","12333.333333333334","38.85","12","46","7.333333333333333","649","2","18","0.1","-12210","12750","38.1","4","28","6.5","649","0","20","0","0","0","43.7","0","61","0"
,"650","20","0","1","1075.375","0","48.25","101","0","7.65","650","20","0","1","133.875","2325","34.05","109","0","7.6","650","1","19","0.05","0","5500","49.75","4","80","5","650","2","18","0.1","-5145","6750","53.35","17","63","8.5","650","3","17","0.15","-6126.666666666667","12333.333333333334","38.85","12","46","7.333333333333333","650","2","18","0.1","-12250","12750","38.1","4","28","6.5","650","0","20","0","0","0","43.7","0","61","0"
,"651","20","0","1","1075.375","0","48.25","101","0","7.65","651","20","0","1","128.875","2325","34.05","109","0","7.6","651","0","20","0","0","0","49.75","0","84","0","651","2","18","0.1","-5165","6750","53.35","17","63","8.5","651","3","17","0.15","-5990","12500","38.85","12","46","7.333333333333333","651","2","18","0.1","-12040","13000","38.1","4","28","6.5","651","0","20","0","0","0","43.7","0","61","0"
,"652","20","0","1","1075.375","0","48.25","101","0","7.65","652","20","0","1","148.875","2350","34.05","109","0","7.6","652","0","20","0","0","0","49.75","0","84","0","652","2","18","0.1","-5185","6750","53.35","17","63","8.5","652","3","17","0.15","-6020","12500","38.85","12","46","7.333333333333333","652","2","18","0.1","-12080","13000","38.1","4","28","6.5","652","0","20","0","0","0","43.7","0","61","0"
,"653","20","0","1","1075.375","0","48.25","101","0","7.65","653","20","0","1","143.875","2350","34.05","109","0","7.6","653","0","20","0","0","0","49.75","0","84","0","653","2","18","0.1","-5205","6750","53.35","17","63","8.5","653","3","17","0.15","-6050","12500","38.85","12","46","7.333333333333333","653","2","18","0.1","-12120","13000","38.1","4","28","6.5","653","0","20","0","0","0","43.7","0","61","0"
,"654","20","0","1","1075.375","0","48.25","101","0","7.65","654","20","0","1","138.875","2350","34.05","109","0","7.6","654","0","20","0","0","0","49.75","0","84","0","654","2","18","0.1","-5225","6750","53.35","17","63","8.5","654","3","17","0.15","-6080","12500","38.85","12","46","7.333333333333333","654","2","18","0.1","-12160","13000","38.1","4","28","6.5","654","0","20","0","0","0","43.7","0","61","0"
,"655","20","0","1","1075.375","0","48.25","101","0","7.65","655","20","0","1","133.875","2350","34.05","109","0","7.6","655","0","20","0","0","0","49.75","0","84","0","655","2","18","0.1","-5245","6750","53.35","17","63","8.5","655","2","18","0.1","-9150","9500","38.85","2","56","6","655","2","18","0.1","-12200","13000","38.1","4","28","6.5","655","0","20","0","0","0","43.7","0","61","0"
,"656","20","0","1","1075.375","0","48.25","101","0","7.65","656","20","0","1","128.875","2350","34.05","109","0","7.6","656","0","20","0","0","0","49.75","0","84","0","656","2","18","0.1","-5265","6750","53.35","17","63","8.5","656","2","18","0.1","-9180","9500","38.85","2","56","6","656","2","18","0.1","-12240","13000","38.1","4","28","6.5","656","0","20","0","0","0","43.7","0","61","0"
,"657","20","0","1","1075.375","0","48.25","101","0","7.65","657","20","0","1","123.875","2350","34.05","109","0","7.6","657","0","20","0","0","0","49.75","0","84","0","657","2","18","0.1","-5285","6750","53.35","17","63","8.5","657","2","18","0.1","-9210","9500","38.85","2","56","6","657","2","18","0.1","-12280","13000","38.1","4","28","6.5","657","0","20","0","0","0","43.7","0","61","0"
,"658","20","0","1","1075.375","0","48.25","101","0","7.65","658","20","0","1","118.875","2350","34.05","109","0","7.6","658","0","20","0","0","0","49.75","0","84","0","658","2","18","0.1","-5305","6750","53.35","17","63","8.5","658","2","18","0.1","-9240","9500","38.85","2","56","6","658","2","18","0.1","-12320","13000","38.1","4","28","6.5","658","0","20","0","0","0","43.7","0","61","0"
,"659","20","0","1","1075.375","0","48.25","101","0","7.65","659","20","0","1","113.875","2350","34.05","109","0","7.6","659","0","20","0","0","0","49.75","0","84","0","659","2","18","0.1","-5325","6750","53.35","17","63","8.5","659","2","18","0.1","-9270","9500","38.85","2","56","6","659","2","18","0.1","-12360","13000","38.1","4","28","6.5","659","0","20","0","0","0","43.7","0","61","0"
,"660","20","0","1","1075.375","0","48.25","101","0","7.65","660","20","0","1","108.875","2350","34.05","109","0","7.65","660","0","20","0","0","0","49.75","0","84","0","660","2","18","0.1","-5345","6750","53.35","17","63","8.5","660","2","18","0.1","-9300","9500","38.85","2","56","6","660","2","18","0.1","-12400","13000","38.1","4","28","6.5","660","0","20","0","0","0","43.7","0","61","0"
,"661","20","0","1","1075.375","0","48.25","101","0","7.65","661","20","0","1","103.875","2350","34.05","112","0","7.7","661","0","20","0","0","0","49.75","0","84","0","661","2","18","0.1","-5115","7000","53.35","17","63","8.5","661","2","18","0.1","-9330","9500","38.85","2","56","6","661","2","18","0.1","-12440","13000","38.1","4","28","6.5","661","0","20","0","0","0","43.7","0","61","0"
,"662","20","0","1","1075.375","0","48.25","101","0","7.65","662","20","0","1","98.875","2350","34.05","112","0","7.7","662","0","20","0","0","0","49.75","0","84","0","662","2","18","0.1","-5135","7000","53.35","17","63","8.5","662","2","18","0.1","-9360","9500","38.85","2","56","6","662","2","18","0.1","-12480","13000","38.1","4","28","6.5","662","0","20","0","0","0","43.7","0","61","0"
,"663","20","0","1","1075.375","0","48.25","101","0","7.65","663","20","0","1","93.875","2350","34.05","112","0","7.7","663","0","20","0","0","0","49.75","0","84","0","663","2","18","0.1","-5155","7000","53.35","17","63","8.5","663","2","18","0.1","-9390","9500","38.85","2","56","6","663","2","18","0.1","-12270","13250","38.1","4","28","6.5","663","0","20","0","0","0","43.7","0","61","0"
,"664","20","0","1","1075.375","0","48.25","101","0","7.65","664","20","0","1","88.875","2350","34.05","112","0","7.7","664","0","20","0","0","0","49.75","0","84","0","664","2","18","0.1","-5175","7000","53.35","17","63","8.5","664","2","18","0.1","-9420","9500","38.85","2","56","6","664","2","18","0.1","-12310","13250","38.1","4","28","6.5","664","0","20","0","0","0","43.7","0","61","0"
,"665","20","0","1","1075.375","0","48.25","101","0","7.65","665","20","0","1","83.875","2350","34.05","112","0","7.7","665","0","20","0","0","0","49.75","0","84","0","665","2","18","0.1","-5195","7000","53.35","17","63","8.5","665","2","18","0.1","-9450","9500","38.85","2","56","6","665","2","18","0.1","-12350","13250","38.1","4","28","6.5","665","0","20","0","0","0","43.7","0","61","0"
,"666","20","0","1","1075.375","0","48.25","101","0","7.65","666","20","0","1","78.875","2350","34.05","112","0","7.7","666","0","20","0","0","0","49.75","0","84","0","666","2","18","0.1","-5215","7000","53.35","17","63","8.5","666","2","18","0.1","-9480","9500","38.85","2","56","6","666","2","18","0.1","-12390","13250","38.1","4","28","6.5","666","0","20","0","0","0","43.7","0","61","0"
,"667","20","0","1","1075.375","0","48.25","101","0","7.65","667","20","0","1","73.875","2350","34.05","113","0","7.75","667","0","20","0","0","0","49.75","0","84","0","667","2","18","0.1","-5235","7000","53.35","17","63","8.5","667","2","18","0.1","-9260","9750","38.85","2","56","6","667","2","18","0.1","-12430","13250","38.1","4","28","6.5","667","0","20","0","0","0","43.7","0","61","0"
,"668","20","0","1","1075.375","0","48.25","101","0","7.65","668","20","0","1","68.875","2350","34.05","113","0","7.75","668","0","20","0","0","0","49.75","0","84","0","668","2","18","0.1","-5255","7000","53.35","17","63","8.5","668","2","18","0.1","-9290","9750","38.85","2","56","6","668","2","18","0.1","-12470","13250","38.1","4","28","6.5","668","0","20","0","0","0","43.7","0","61","0"
,"669","20","0","1","1075.375","0","48.25","101","0","7.65","669","20","0","1","88.875","2375","34.05","115","0","7.8","669","0","20","0","0","0","49.75","0","84","0","669","2","18","0.1","-5275","7000","53.35","17","63","8.5","669","2","18","0.1","-9320","9750","38.85","2","56","6","669","2","18","0.1","-12510","13250","38.1","4","28","6.5","669","0","20","0","0","0","43.7","0","61","0"
,"670","20","0","1","1075.375","0","48.25","105","0","7.7","670","20","0","1","83.875","2375","34.05","115","0","7.8","670","0","20","0","0","0","49.75","0","84","0","670","2","18","0.1","-5295","7000","53.35","17","63","8.5","670","2","18","0.1","-9350","9750","38.85","2","56","6","670","2","18","0.1","-12550","13250","38.1","4","28","6.5","670","0","20","0","0","0","43.7","0","61","0"
,"671","20","0","1","1075.375","0","48.25","105","0","7.7","671","20","0","1","78.875","2375","34.05","115","0","7.8","671","0","20","0","0","0","49.75","0","84","0","671","2","18","0.1","-5315","7000","53.35","17","63","8.5","671","2","18","0.1","-9380","9750","38.85","2","56","6","671","2","18","0.1","-12590","13250","38.1","4","28","6.5","671","0","20","0","0","0","43.7","0","61","0"
,"672","20","0","1","1075.375","0","48.25","105","0","7.7","672","20","0","1","73.875","2375","34.05","115","0","7.8","672","0","20","0","0","0","49.75","0","84","0","672","2","18","0.1","-5335","7000","53.35","17","63","8.5","672","2","18","0.1","-9410","9750","38.85","2","56","6","672","2","18","0.1","-12630","13250","38.1","4","28","6.5","672","0","20","0","0","0","43.7","0","61","0"
,"673","20","0","1","1075.375","0","48.25","105","0","7.7","673","20","0","1","68.875","2375","34.05","115","0","7.8","673","0","20","0","0","0","49.75","0","84","0","673","2","18","0.1","-5355","7000","53.35","17","63","8.5","673","2","18","0.1","-9440","9750","38.85","2","56","6","673","2","18","0.1","-12670","13250","38.1","4","28","6.5","673","0","20","0","0","0","43.7","0","61","0"
,"674","20","0","1","1075.375","0","48.25","105","0","7.7","674","20","0","1","63.875","2375","34.05","115","0","7.8","674","0","20","0","0","0","49.75","0","84","0","674","2","18","0.1","-5375","7000","53.35","17","63","8.5","674","2","18","0.1","-9470","9750","38.85","2","56","6","674","2","18","0.1","-12710","13250","38.1","4","28","6.5","674","0","20","0","0","0","43.7","0","61","0"
,"675","20","0","1","1075.375","0","48.25","105","0","7.7","675","20","0","1","58.875","2375","34.05","115","0","7.8","675","0","20","0","0","0","49.75","0","84","0","675","2","18","0.1","-5395","7000","53.35","17","63","8.5","675","2","18","0.1","-9500","9750","38.85","2","56","6","675","2","18","0.1","-12750","13250","38.1","4","28","6.5","675","0","20","0","0","0","43.7","0","61","0"
,"676","20","0","1","1075.375","0","48.25","105","0","7.7","676","20","0","1","53.875","2375","34.05","115","0","7.8","676","0","20","0","0","0","49.75","0","84","0","676","2","18","0.1","-5415","7000","53.35","17","63","8.5","676","2","18","0.1","-9530","9750","38.85","2","56","6","676","2","18","0.1","-12540","13500","38.1","4","28","6.5","676","0","20","0","0","0","43.7","0","61","0"
,"677","20","0","1","1075.375","0","48.25","105","0","7.7","677","20","0","1","48.875","2375","34.05","115","0","7.8","677","0","20","0","0","0","49.75","0","84","0","677","2","18","0.1","-5435","7000","53.35","17","63","8.5","677","2","18","0.1","-9560","9750","38.85","2","56","6","677","2","18","0.1","-12580","13500","38.1","4","28","6.5","677","0","20","0","0","0","43.7","0","61","0"
,"678","20","0","1","1075.375","0","48.25","105","0","7.7","678","20","0","1","43.875","2375","34.05","115","0","7.8","678","0","20","0","0","0","49.75","0","84","0","678","2","18","0.1","-5455","7000","53.35","17","63","8.5","678","2","18","0.1","-9590","9750","38.85","2","56","6","678","2","18","0.1","-12620","13500","38.1","4","28","6.5","678","0","20","0","0","0","43.7","0","61","0"
,"679","20","0","1","1075.375","0","48.25","105","0","7.7","679","20","0","1","38.875","2375","34.05","115","0","7.8","679","0","20","0","0","0","49.75","0","84","0","679","2","18","0.1","-5475","7000","53.35","17","63","8.5","679","2","18","0.1","-9620","9750","38.85","2","56","6","679","2","18","0.1","-12660","13500","38.1","4","28","6.5","679","0","20","0","0","0","43.7","0","61","0"
,"680","20","0","1","1075.375","0","48.25","105","0","7.7","680","20","0","1","33.875","2375","34.05","115","0","7.8","680","0","20","0","0","0","49.75","0","84","0","680","2","18","0.1","-5495","7000","53.35","17","63","8.5","680","2","18","0.1","-9650","9750","38.85","2","56","6","680","2","18","0.1","-12700","13500","38.1","4","28","6.5","680","0","20","0","0","0","43.7","0","61","0"
,"681","20","0","1","1075.375","0","48.25","105","0","7.7","681","20","0","1","28.875","2375","34.05","115","0","7.8","681","0","20","0","0","0","49.75","0","84","0","681","2","18","0.1","-5515","7000","53.35","17","63","8.5","681","2","18","0.1","-9680","9750","38.85","2","56","6","681","2","18","0.1","-12740","13500","38.1","4","28","6.5","681","0","20","0","0","0","43.7","0","61","0"
,"682","20","0","1","1075.375","0","48.25","105","0","7.7","682","20","0","1","23.875","2375","34.05","115","0","7.8","682","0","20","0","0","0","49.75","0","84","0","682","2","18","0.1","-5535","7000","53.35","17","63","8.5","682","2","18","0.1","-9710","9750","38.85","2","56","6","682","2","18","0.1","-12780","13500","38.1","4","28","6.5","682","0","20","0","0","0","43.7","0","61","0"
,"683","20","0","1","1075.375","0","48.25","105","0","7.7","683","20","0","1","18.875","2375","34.05","115","0","7.8","683","0","20","0","0","0","49.75","0","84","0","683","2","18","0.1","-5555","7000","53.35","17","63","8.5","683","2","18","0.1","-9740","9750","38.85","2","56","6","683","2","18","0.1","-12820","13500","38.1","4","28","6.5","683","0","20","0","0","0","43.7","0","61","0"
,"684","20","0","1","1075.375","0","48.25","105","0","7.7","684","20","0","1","13.875","2375","34.05","115","0","7.8","684","0","20","0","0","0","49.75","0","84","0","684","2","18","0.1","-5575","7000","53.35","17","63","8.5","684","2","18","0.1","-9520","10000","38.85","2","56","6","684","2","18","0.1","-12860","13500","38.1","4","28","6.5","684","0","20","0","0","0","43.7","0","61","0"
,"685","20","0","1","1075.375","0","48.25","105","0","7.7","685","20","0","1","8.875","2375","34.05","115","0","7.8","685","0","20","0","0","0","49.75","0","84","0","685","2","18","0.1","-5595","7000","53.35","17","63","8.5","685","2","18","0.1","-9550","10000","38.85","2","56","6","685","2","18","0.1","-12900","13500","38.1","4","28","6.5","685","0","20","0","0","0","43.7","0","61","0"
,"686","20","0","1","1075.375","0","48.25","105","0","7.7","686","20","0","1","3.875","2375","34.05","115","0","7.8","686","0","20","0","0","0","49.75","0","84","0","686","2","18","0.1","-5365","7250","53.35","17","63","8.5","686","2","18","0.1","-9580","10000","38.85","2","56","6","686","2","18","0.1","-12940","13500","38.1","4","28","6.5","686","0","20","0","0","0","43.7","0","61","0"
,"687","20","0","1","1075.375","0","48.25","105","0","7.7","687","20","0","1","-1.125","2375","34.05","115","0","7.8","687","0","20","0","0","0","49.75","0","84","0","687","2","18","0.1","-5385","7250","53.35","17","63","8.5","687","2","18","0.1","-9610","10000","38.85","2","56","6","687","2","18","0.1","-12980","13500","38.1","4","28","6.5","687","0","20","0","0","0","43.7","0","61","0"
,"688","20","0","1","1075.375","0","48.25","105","0","7.7","688","20","0","1","-6.125","2375","34.05","115","0","7.8","688","0","20","0","0","0","49.75","0","84","0","688","2","18","0.1","-5405","7250","53.35","17","63","8.5","688","2","18","0.1","-9640","10000","38.85","2","56","6","688","2","18","0.1","-12770","13750","38.1","4","28","6.5","688","0","20","0","0","0","43.7","0","61","0"
,"689","20","0","1","1075.375","0","48.25","105","0","7.7","689","20","0","1","-11.125","2375","34.05","115","0","7.8","689","0","20","0","0","0","49.75","0","84","0","689","2","18","0.1","-5425","7250","53.35","17","63","8.5","689","2","18","0.1","-9670","10000","38.85","2","56","6","689","2","18","0.1","-12810","13750","38.1","4","28","6.5","689","0","20","0","0","0","43.7","0","61","0"
,"690","20","0","1","1075.375","0","48.25","105","0","7.7","690","20","0","1","-16.125","2375","34.05","121","0","7.85","690","0","20","0","0","0","49.75","0","84","0","690","2","18","0.1","-5445","7250","53.35","17","63","8.5","690","2","18","0.1","-9700","10000","38.85","2","56","6","690","2","18","0.1","-12850","13750","38.1","4","28","6.5","690","0","20","0","0","0","43.7","0","61","0"
,"691","20","0","1","1075.375","0","48.25","105","0","7.7","691","20","0","1","-21.125","2375","34.05","121","0","7.85","691","0","20","0","0","0","49.75","0","84","0","691","2","18","0.1","-5465","7250","53.35","17","63","8.5","691","2","18","0.1","-9730","10000","38.85","2","56","6","691","2","18","0.1","-12890","13750","38.1","4","28","6.5","691","0","20","0","0","0","43.7","0","61","0"
,"692","20","0","1","1075.375","0","48.25","105","0","7.7","692","20","0","1","-26.125","2375","34.05","121","0","7.85","692","0","20","0","0","0","49.75","0","84","0","692","2","18","0.1","-5485","7250","53.35","17","63","8.5","692","2","18","0.1","-9760","10000","38.85","2","56","6","692","2","18","0.1","-12930","13750","38.1","4","28","6.5","692","0","20","0","0","0","43.7","0","61","0"
,"693","20","0","1","1075.375","0","48.25","105","0","7.7","693","20","0","1","-31.125","2375","34.05","121","0","7.85","693","0","20","0","0","0","49.75","0","84","0","693","2","18","0.1","-5505","7250","53.35","17","63","8.5","693","2","18","0.1","-9790","10000","38.85","2","56","6","693","2","18","0.1","-12970","13750","38.1","4","28","6.5","693","0","20","0","0","0","43.7","0","61","0"
,"694","20","0","1","1075.375","0","48.25","105","0","7.7","694","20","0","1","-36.125","2375","34.05","123","0","7.9","694","0","20","0","0","0","49.75","0","84","0","694","2","18","0.1","-5525","7250","53.35","17","63","8.5","694","2","18","0.1","-9820","10000","38.85","2","56","6","694","2","18","0.1","-13010","13750","38.1","4","28","6.5","694","0","20","0","0","0","43.7","0","61","0"
,"695","20","0","1","1075.375","0","48.25","106","0","7.75","695","20","0","1","-41.125","2375","34.05","123","0","7.9","695","0","20","0","0","0","49.75","0","84","0","695","2","18","0.1","-5545","7250","53.35","17","63","8.5","695","2","18","0.1","-9850","10000","38.85","2","56","6","695","2","18","0.1","-13050","13750","38.1","4","28","6.5","695","0","20","0","0","0","43.7","0","61","0"
,"696","20","0","1","1075.375","0","48.25","106","0","7.75","696","20","0","1","-46.125","2375","34.05","123","0","7.9","696","0","20","0","0","0","49.75","0","84","0","696","2","18","0.1","-5565","7250","53.35","17","63","8.5","696","2","18","0.1","-9880","10000","38.85","2","56","6.5","696","2","18","0.1","-13090","13750","38.1","4","28","6.5","696","0","20","0","0","0","43.7","0","61","0"
,"697","20","0","1","1075.375","0","48.25","106","0","7.75","697","20","0","1","-51.125","2375","34.05","123","0","7.9","697","0","20","0","0","0","49.75","0","84","0","697","2","18","0.1","-5585","7250","53.35","17","63","8.5","697","2","18","0.1","-9910","10000","38.85","2","56","6.5","697","2","18","0.1","-13130","13750","38.1","4","28","6.5","697","0","20","0","0","0","43.7","0","61","0"
,"698","20","0","1","1075.375","0","48.25","106","0","7.75","698","20","0","1","-56.125","2375","34.05","123","0","7.9","698","0","20","0","0","0","49.75","0","84","0","698","2","18","0.1","-5605","7250","53.35","17","63","8.5","698","2","18","0.1","-9940","10000","38.85","2","56","6.5","698","2","18","0.1","-13170","13750","38.1","4","28","6.5","698","0","20","0","0","0","43.7","0","61","0"
,"699","20","0","1","1075.375","0","48.25","106","0","7.75","699","20","0","1","-61.125","2375","34.05","123","0","7.9","699","0","20","0","0","0","49.75","0","84","0","699","2","18","0.1","-5625","7250","53.35","17","63","8.5","699","2","18","0.1","-9970","10000","38.85","2","56","6.5","699","2","18","0.1","-13210","13750","38.1","4","28","6.5","699","0","20","0","0","0","43.7","0","61","0"
,"700","20","0","1","1075.375","0","48.25","106","0","7.75","700","20","0","1","-66.125","2375","34.05","123","0","7.9","700","0","20","0","0","0","49.75","0","84","0","700","2","18","0.1","-5645","7250","53.35","17","63","8.5","700","2","18","0.1","-10000","10000","38.85","2","56","6.5","700","2","18","0.1","-13250","13750","38.1","4","28","6.5","700","0","20","0","0","0","43.7","0","61","0"
,"701","20","0","1","1075.375","0","48.25","106","0","7.75","701","15","5","0.75","73.5","2500","34.05","106","17","8.4","701","0","20","0","0","0","49.75","0","84","0","701","2","18","0.1","-5665","7250","53.35","17","63","8.5","701","2","18","0.1","-9780","10250","38.85","2","56","6.5","701","2","18","0.1","-13040","14000","38.1","4","28","6.5","701","0","20","0","0","0","43.7","0","61","0"
,"702","20","0","1","1075.375","0","48.25","106","0","7.75","702","15","5","0.75","68.5","2500","34.05","106","17","8.4","702","0","20","0","0","0","49.75","0","84","0","702","2","18","0.1","-5685","7250","53.35","17","63","8.5","702","2","18","0.1","-9810","10250","38.85","2","56","6.5","702","2","18","0.1","-13080","14000","38.1","4","28","6.5","702","0","20","0","0","0","43.7","0","61","0"
,"703","20","0","1","1075.375","0","48.25","106","0","7.75","703","15","5","0.75","63.5","2500","34.05","106","17","8.466666666666667","703","0","20","0","0","0","49.75","0","84","0","703","2","18","0.1","-5705","7250","53.35","17","63","8.5","703","2","18","0.1","-9840","10250","38.85","2","56","6.5","703","2","18","0.1","-13120","14000","38.1","4","28","6.5","703","0","20","0","0","0","43.7","0","61","0"
,"704","20","0","1","1075.375","0","48.25","106","0","7.75","704","15","5","0.75","58.5","2500","34.05","106","17","8.466666666666667","704","0","20","0","0","0","49.75","0","84","0","704","2","18","0.1","-5725","7250","53.35","17","63","8.5","704","2","18","0.1","-9870","10250","38.85","2","56","6.5","704","2","18","0.1","-13160","14000","38.1","4","28","6.5","704","0","20","0","0","0","43.7","0","61","0"
,"705","20","0","1","1075.375","0","48.25","106","0","7.75","705","15","5","0.75","53.5","2500","34.05","106","17","8.466666666666667","705","0","20","0","0","0","49.75","0","84","0","705","2","18","0.1","-5745","7250","53.35","17","63","8.5","705","2","18","0.1","-9900","10250","38.85","2","56","6.5","705","2","18","0.1","-13200","14000","38.1","4","28","6.5","705","0","20","0","0","0","43.7","0","61","0"
,"706","20","0","1","1075.375","0","48.25","106","0","7.75","706","15","5","0.75","48.5","2500","34.05","106","17","8.466666666666667","706","0","20","0","0","0","49.75","0","84","0","706","2","18","0.1","-5765","7250","53.35","17","63","8.5","706","2","18","0.1","-9930","10250","38.85","2","56","6.5","706","2","18","0.1","-13240","14000","38.1","4","28","6.5","706","0","20","0","0","0","43.7","0","61","0"
,"707","20","0","1","1075.375","0","48.25","106","0","7.75","707","14","6","0.7","82.67857142857143","2535.714285714286","34.05","99","27","8.5","707","0","20","0","0","0","49.75","0","84","0","707","2","18","0.1","-5785","7250","53.35","17","63","8.5","707","2","18","0.1","-9960","10250","38.85","2","56","6.5","707","2","18","0.1","-13280","14000","38.1","4","28","6.5","707","0","20","0","0","0","43.7","0","61","0"
,"708","20","0","1","1075.375","0","48.25","106","0","7.75","708","14","6","0.7","77.67857142857143","2535.714285714286","34.05","99","27","8.5","708","0","20","0","0","0","49.75","0","84","0","708","2","18","0.1","-5805","7250","53.35","17","63","8.5","708","2","18","0.1","-9990","10250","38.85","2","56","6.5","708","2","18","0.1","-13320","14000","38.1","4","28","6.5","708","0","20","0","0","0","43.7","0","61","0"
,"709","20","0","1","1075.375","0","48.25","106","0","7.75","709","14","6","0.7","72.67857142857143","2535.714285714286","34.05","99","27","8.5","709","0","20","0","0","0","49.75","0","84","0","709","2","18","0.1","-5825","7250","53.35","17","63","8.5","709","2","18","0.1","-10020","10250","38.85","2","56","6.5","709","2","18","0.1","-13360","14000","38.1","4","28","6.5","709","0","20","0","0","0","43.7","0","61","0"
,"710","20","0","1","1075.375","0","48.25","106","0","7.75","710","14","6","0.7","67.67857142857143","2535.714285714286","34.05","99","27","8.5","710","0","20","0","0","0","49.75","0","84","0","710","2","18","0.1","-5845","7250","53.35","17","63","8.5","710","2","18","0.1","-10050","10250","38.85","2","56","6.5","710","2","18","0.1","-13400","14000","38.1","4","28","6.5","710","0","20","0","0","0","43.7","0","61","0"
,"711","20","0","1","1075.375","0","48.25","106","0","7.75","711","14","6","0.7","62.67857142857143","2535.714285714286","34.05","99","27","8.5","711","0","20","0","0","0","49.75","0","84","0","711","2","18","0.1","-5615","7500","53.35","17","63","8.5","711","2","18","0.1","-10080","10250","38.85","2","56","6.5","711","2","18","0.1","-13440","14000","38.1","4","28","6.5","711","0","20","0","0","0","43.7","0","61","0"
,"712","20","0","1","1075.375","0","48.25","106","0","7.75","712","14","6","0.7","57.67857142857143","2535.714285714286","34.05","99","27","8.5","712","0","20","0","0","0","49.75","0","84","0","712","2","18","0.1","-5635","7500","53.35","17","63","9","712","2","18","0.1","-10110","10250","38.85","2","56","6.5","712","2","18","0.1","-13480","14000","38.1","4","28","6.5","712","0","20","0","0","0","43.7","0","61","0"
,"713","20","0","1","1075.375","0","48.25","106","0","7.75","713","14","6","0.7","88.39285714285714","2571.4285714285716","34.05","99","27","8.5","713","0","20","0","0","0","49.75","0","84","0","713","2","18","0.1","-5655","7500","53.35","17","63","9","713","2","18","0.1","-10140","10250","38.85","2","56","6.5","713","2","18","0.1","-13270","14250","38.1","4","28","6.5","713","0","20","0","0","0","43.7","0","61","0"
,"714","20","0","1","1075.375","0","48.25","106","0","7.75","714","14","6","0.7","83.39285714285714","2571.4285714285716","34.05","99","27","8.5","714","0","20","0","0","0","49.75","0","84","0","714","2","18","0.1","-5675","7500","53.35","17","63","9","714","2","18","0.1","-10170","10250","38.85","2","56","6.5","714","2","18","0.1","-13310","14250","38.1","4","28","6.5","714","0","20","0","0","0","43.7","0","61","0"
,"715","20","0","1","1075.375","0","48.25","106","0","7.75","715","14","6","0.7","78.39285714285714","2571.4285714285716","34.05","99","27","8.5","715","0","20","0","0","0","49.75","0","84","0","715","2","18","0.1","-5695","7500","53.35","17","63","9","715","2","18","0.1","-10200","10250","38.85","5","56","7","715","2","18","0.1","-13350","14250","38.1","4","28","6.5","715","0","20","0","0","0","43.7","0","61","0"
,"716","20","0","1","1075.375","0","48.25","106","0","7.75","716","14","6","0.7","73.39285714285714","2571.4285714285716","34.05","99","27","8.5","716","0","20","0","0","0","49.75","0","84","0","716","2","18","0.1","-5715","7500","53.35","17","63","9","716","2","18","0.1","-10230","10250","38.85","5","56","7","716","2","18","0.1","-13390","14250","38.1","4","28","6.5","716","0","20","0","0","0","43.7","0","61","0"
,"717","20","0","1","1075.375","0","48.25","106","0","7.75","717","14","6","0.7","68.39285714285714","2571.4285714285716","34.05","99","27","8.5","717","0","20","0","0","0","49.75","0","84","0","717","2","18","0.1","-5735","7500","53.35","17","63","9","717","2","18","0.1","-10010","10500","38.85","5","56","7","717","2","18","0.1","-13430","14250","38.1","4","28","6.5","717","0","20","0","0","0","43.7","0","61","0"
,"718","20","0","1","1075.375","0","48.25","106","0","7.75","718","14","6","0.7","63.392857142857146","2571.4285714285716","34.05","99","27","8.5","718","0","20","0","0","0","49.75","0","84","0","718","2","18","0.1","-5755","7500","53.35","17","63","9","718","2","18","0.1","-10040","10500","38.85","5","56","7","718","2","18","0.1","-13470","14250","38.1","4","28","6.5","718","0","20","0","0","0","43.7","0","61","0"
,"719","20","0","1","1075.375","0","48.25","106","0","7.75","719","14","6","0.7","94.10714285714286","2607.1428571428573","34.05","99","27","8.5","719","0","20","0","0","0","49.75","0","84","0","719","2","18","0.1","-5775","7500","53.35","17","63","9","719","2","18","0.1","-10070","10500","38.85","5","56","7","719","2","18","0.1","-13510","14250","38.1","4","28","6.5","719","0","20","0","0","0","43.7","0","61","0"
,"720","20","0","1","1075.375","0","48.25","106","0","7.75","720","14","6","0.7","89.10714285714286","2607.1428571428573","34.05","99","27","8.5","720","0","20","0","0","0","49.75","0","84","0","720","2","18","0.1","-5795","7500","53.35","17","63","9","720","2","18","0.1","-10100","10500","38.85","5","56","7","720","2","18","0.1","-13550","14250","38.1","4","28","6.5","720","0","20","0","0","0","43.7","0","61","0"
,"721","20","0","1","1075.375","0","48.25","106","0","7.75","721","14","6","0.7","84.10714285714286","2607.1428571428573","34.05","99","27","8.5","721","0","20","0","0","0","49.75","0","84","0","721","2","18","0.1","-5815","7500","53.35","17","63","9","721","2","18","0.1","-10130","10500","38.85","5","56","7","721","2","18","0.1","-13590","14250","38.1","4","28","6.5","721","0","20","0","0","0","43.7","0","61","0"
,"722","20","0","1","1075.375","0","48.25","106","0","7.75","722","14","6","0.7","79.10714285714286","2607.1428571428573","34.05","99","27","8.5","722","0","20","0","0","0","49.75","0","84","0","722","2","18","0.1","-5835","7500","53.35","17","63","9","722","2","18","0.1","-10160","10500","38.85","5","56","7","722","2","18","0.1","-13630","14250","38.1","4","28","6.5","722","0","20","0","0","0","43.7","0","61","0"
,"723","20","0","1","1075.375","0","48.25","106","0","7.75","723","14","6","0.7","74.10714285714286","2607.1428571428573","34.05","99","27","8.5","723","0","20","0","0","0","49.75","0","84","0","723","2","18","0.1","-5855","7500","53.35","17","63","9","723","2","18","0.1","-10190","10500","38.85","5","56","7","723","2","18","0.1","-13670","14250","38.1","4","28","6.5","723","0","20","0","0","0","43.7","0","61","0"
,"724","20","0","1","1075.375","0","48.25","106","0","7.75","724","14","6","0.7","69.10714285714286","2607.1428571428573","34.05","99","27","8.5","724","0","20","0","0","0","49.75","0","84","0","724","2","18","0.1","-5875","7500","53.35","17","63","9","724","2","18","0.1","-10220","10500","38.85","5","56","7","724","2","18","0.1","-13710","14250","38.1","4","28","6.5","724","0","20","0","0","0","43.7","0","61","0"
,"725","20","0","1","1075.375","0","48.25","106","0","7.8","725","14","6","0.7","64.10714285714286","2607.1428571428573","34.05","99","27","8.5","725","0","20","0","0","0","49.75","0","84","0","725","2","18","0.1","-5895","7500","53.35","17","63","9","725","2","18","0.1","-10250","10500","38.85","5","56","7","725","2","18","0.1","-13750","14250","38.1","4","28","6.5","725","0","20","0","0","0","43.7","0","61","0"
,"726","20","0","1","1075.375","0","48.25","106","0","7.8","726","14","6","0.7","59.107142857142854","2607.1428571428573","34.05","99","27","8.5","726","0","20","0","0","0","49.75","0","84","0","726","2","18","0.1","-5915","7500","53.35","17","63","9","726","2","18","0.1","-10280","10500","38.85","5","56","7","726","2","18","0.1","-13540","14500","38.1","4","28","6.5","726","0","20","0","0","0","43.7","0","61","0"
,"727","20","0","1","1075.375","0","48.25","106","0","7.8","727","14","6","0.7","54.107142857142854","2607.1428571428573","34.05","99","27","8.5","727","0","20","0","0","0","49.75","0","84","0","727","2","18","0.1","-5935","7500","53.35","17","63","9","727","2","18","0.1","-10310","10500","38.85","5","56","7","727","2","18","0.1","-13580","14500","38.1","4","28","6.5","727","0","20","0","0","0","43.7","0","61","0"
,"728","20","0","1","1075.375","0","48.25","106","0","7.8","728","14","6","0.7","49.107142857142854","2607.1428571428573","34.05","99","27","8.5","728","0","20","0","0","0","49.75","0","84","0","728","2","18","0.1","-5955","7500","53.35","17","63","9","728","2","18","0.1","-10340","10500","38.85","5","56","7","728","2","18","0.1","-13620","14500","38.1","4","28","6.5","728","0","20","0","0","0","43.7","0","61","0"
,"729","20","0","1","1075.375","0","48.25","106","0","7.8","729","14","6","0.7","79.82142857142857","2642.8571428571427","34.05","99","27","8.5","729","0","20","0","0","0","49.75","0","84","0","729","2","18","0.1","-5975","7500","53.35","17","63","9","729","2","18","0.1","-10370","10500","38.85","5","56","7","729","2","18","0.1","-13660","14500","38.1","4","28","6.5","729","0","20","0","0","0","43.7","0","61","0"
,"730","20","0","1","1075.375","0","48.25","106","0","7.8","730","14","6","0.7","74.82142857142857","2642.8571428571427","34.05","99","27","8.5","730","0","20","0","0","0","49.75","0","84","0","730","2","18","0.1","-5995","7500","53.35","17","63","9","730","2","18","0.1","-10400","10500","38.85","5","56","7","730","2","18","0.1","-13700","14500","38.1","4","28","6.5","730","0","20","0","0","0","43.7","0","61","0"
,"731","20","0","1","1075.375","0","48.25","106","0","7.8","731","14","6","0.7","105.53571428571429","2678.5714285714284","34.05","99","27","8.5","731","0","20","0","0","0","49.75","0","84","0","731","2","18","0.1","-6015","7500","53.35","17","63","9","731","2","18","0.1","-10430","10500","38.85","5","56","7","731","2","18","0.1","-13740","14500","38.1","4","28","6.5","731","0","20","0","0","0","43.7","0","61","0"
,"732","20","0","1","1075.375","0","48.25","106","0","7.8","732","14","6","0.7","100.53571428571429","2678.5714285714284","34.05","99","27","8.5","732","0","20","0","0","0","49.75","0","84","0","732","2","18","0.1","-6035","7500","53.35","17","63","9","732","2","18","0.1","-10460","10500","38.85","5","56","7","732","2","18","0.1","-13780","14500","38.1","4","28","6.5","732","0","20","0","0","0","43.7","0","61","0"
,"733","20","0","1","1075.375","0","48.25","106","0","7.8","733","14","6","0.7","95.53571428571429","2678.5714285714284","34.05","99","27","8.5","733","0","20","0","0","0","49.75","0","84","0","733","2","18","0.1","-6055","7500","53.35","17","63","9","733","2","18","0.1","-10490","10500","38.85","5","56","7","733","2","18","0.1","-13820","14500","38.1","4","28","6.5","733","0","20","0","0","0","43.7","0","61","0"
,"734","20","0","1","1075.375","0","48.25","106","0","7.8","734","14","6","0.7","90.53571428571429","2678.5714285714284","34.05","99","27","8.5","734","0","20","0","0","0","49.75","0","84","0","734","2","18","0.1","-6075","7500","53.35","17","63","9","734","2","18","0.1","-10270","10750","38.85","5","56","7","734","2","18","0.1","-13860","14500","38.1","4","28","6.5","734","0","20","0","0","0","43.7","0","61","0"
,"735","20","0","1","1075.375","0","48.25","106","0","7.8","735","14","6","0.7","85.53571428571429","2678.5714285714284","34.05","99","27","8.5","735","0","20","0","0","0","49.75","0","84","0","735","2","18","0.1","-6095","7500","53.35","17","63","9","735","2","18","0.1","-10300","10750","38.85","5","56","7","735","2","18","0.1","-13900","14500","38.1","4","28","6.5","735","0","20","0","0","0","43.7","0","61","0"
,"736","20","0","1","1075.375","0","48.25","106","0","7.8","736","14","6","0.7","80.53571428571429","2678.5714285714284","34.05","99","27","8.5","736","0","20","0","0","0","49.75","0","84","0","736","2","18","0.1","-5865","7750","53.35","17","63","9","736","2","18","0.1","-10330","10750","38.85","5","56","7","736","2","18","0.1","-13940","14500","38.1","4","28","6.5","736","0","20","0","0","0","43.7","0","61","0"
,"737","20","0","1","1075.375","0","48.25","106","0","7.8","737","13","7","0.65","81.73076923076923","2692.3076923076924","34.05","89","37","8.384615384615385","737","0","20","0","0","0","49.75","0","84","0","737","2","18","0.1","-5885","7750","53.35","17","63","9","737","2","18","0.1","-10360","10750","38.85","5","56","7","737","2","18","0.1","-13980","14500","38.1","4","28","6.5","737","0","20","0","0","0","43.7","0","61","0"
,"738","20","0","1","1075.375","0","48.25","106","0","7.8","738","13","7","0.65","76.73076923076923","2692.3076923076924","34.05","89","37","8.384615384615385","738","0","20","0","0","0","49.75","0","84","0","738","2","18","0.1","-5905","7750","53.35","17","63","9","738","2","18","0.1","-10390","10750","38.85","5","56","7","738","2","18","0.1","-13770","14750","38.1","4","28","6.5","738","0","20","0","0","0","43.7","0","61","0"
,"739","20","0","1","1075.375","0","48.25","106","0","7.8","739","13","7","0.65","71.73076923076923","2692.3076923076924","34.05","89","37","8.384615384615385","739","0","20","0","0","0","49.75","0","84","0","739","2","18","0.1","-5925","7750","53.35","17","63","9","739","2","18","0.1","-10420","10750","38.85","5","56","7","739","2","18","0.1","-13810","14750","38.1","4","28","6.5","739","0","20","0","0","0","43.7","0","61","0"
,"740","20","0","1","1075.375","0","48.25","106","0","7.8","740","13","7","0.65","66.73076923076923","2692.3076923076924","34.05","89","37","8.384615384615385","740","0","20","0","0","0","49.75","0","84","0","740","2","18","0.1","-5945","7750","53.35","17","63","9","740","2","18","0.1","-10450","10750","38.85","5","56","7","740","2","18","0.1","-13850","14750","38.1","4","28","6.5","740","0","20","0","0","0","43.7","0","61","0"
,"741","20","0","1","1075.375","0","48.25","106","0","7.8","741","13","7","0.65","61.73076923076923","2692.3076923076924","34.05","89","37","8.384615384615385","741","0","20","0","0","0","49.75","0","84","0","741","2","18","0.1","-5965","7750","53.35","17","63","9","741","2","18","0.1","-10480","10750","38.85","5","56","7","741","2","18","0.1","-13890","14750","38.1","4","28","6.5","741","0","20","0","0","0","43.7","0","61","0"
,"742","20","0","1","1075.375","0","48.25","106","0","7.8","742","13","7","0.65","56.73076923076923","2692.3076923076924","34.05","89","37","8.384615384615385","742","0","20","0","0","0","49.75","0","84","0","742","2","18","0.1","-5985","7750","53.35","17","63","9","742","2","18","0.1","-10510","10750","38.85","5","56","7","742","2","18","0.1","-13930","14750","38.1","4","28","6.5","742","0","20","0","0","0","43.7","0","61","0"
,"743","20","0","1","1075.375","0","48.25","106","0","7.8","743","12","8","0.6","56.458333333333336","2708.3333333333335","34.05","79","47","8.25","743","0","20","0","0","0","49.75","0","84","0","743","2","18","0.1","-6005","7750","53.35","17","63","9","743","2","18","0.1","-10540","10750","38.85","5","56","7","743","2","18","0.1","-13970","14750","38.1","4","28","6.5","743","0","20","0","0","0","43.7","0","61","0"
,"744","20","0","1","1075.375","0","48.25","106","0","7.8","744","12","8","0.6","51.458333333333336","2708.3333333333335","34.05","79","47","8.25","744","0","20","0","0","0","49.75","0","84","0","744","2","18","0.1","-6025","7750","53.35","17","63","9","744","2","18","0.1","-10570","10750","38.85","5","56","7","744","2","18","0.1","-14010","14750","38.1","4","28","6.5","744","0","20","0","0","0","43.7","0","61","0"
,"745","20","0","1","1075.375","0","48.25","106","0","7.8","745","12","8","0.6","46.458333333333336","2708.3333333333335","34.05","79","47","8.25","745","0","20","0","0","0","49.75","0","84","0","745","2","18","0.1","-6045","7750","53.35","17","63","9","745","2","18","0.1","-10600","10750","38.85","5","56","7","745","2","18","0.1","-14050","14750","38.1","4","28","6.5","745","0","20","0","0","0","43.7","0","61","0"
,"746","20","0","1","1075.375","0","48.25","106","0","7.8","746","12","8","0.6","41.458333333333336","2708.3333333333335","34.05","79","47","8.25","746","0","20","0","0","0","49.75","0","84","0","746","2","18","0.1","-6065","7750","53.35","17","63","9","746","2","18","0.1","-10630","10750","38.85","5","56","7","746","2","18","0.1","-14090","14750","38.1","4","28","6.5","746","0","20","0","0","0","43.7","0","61","0"
,"747","20","0","1","1075.375","0","48.25","106","0","7.85","747","12","8","0.6","36.458333333333336","2708.3333333333335","34.05","79","47","8.25","747","0","20","0","0","0","49.75","0","84","0","747","2","18","0.1","-6085","7750","53.35","17","63","9","747","2","18","0.1","-10660","10750","38.85","5","56","7","747","2","18","0.1","-14130","14750","38.1","4","28","6.5","747","0","20","0","0","0","43.7","0","61","0"
,"748","20","0","1","1075.375","0","48.25","106","0","7.85","748","12","8","0.6","31.458333333333332","2708.3333333333335","34.05","79","47","8.25","748","0","20","0","0","0","49.75","0","84","0","748","2","18","0.1","-6105","7750","53.35","17","63","9","748","2","18","0.1","-10690","10750","38.85","5","56","7","748","2","18","0.1","-14170","14750","38.1","4","28","6.5","748","0","20","0","0","0","43.7","0","61","0"
,"749","20","0","1","1075.375","0","48.25","106","0","7.85","749","12","8","0.6","26.458333333333332","2708.3333333333335","34.05","79","47","8.25","749","0","20","0","0","0","49.75","0","84","0","749","2","18","0.1","-6125","7750","53.35","17","63","9","749","2","18","0.1","-10720","10750","38.85","5","56","7","749","2","18","0.1","-14210","14750","38.1","4","28","6.5","749","0","20","0","0","0","43.7","0","61","0"
,"750","20","0","1","1075.375","0","48.25","106","0","7.85","750","12","8","0.6","21.458333333333332","2708.3333333333335","34.05","79","47","8.25","750","0","20","0","0","0","49.75","0","84","0","750","2","18","0.1","-6145","7750","53.35","17","63","9","750","2","18","0.1","-10750","10750","38.85","5","56","7","750","2","18","0.1","-14250","14750","38.1","4","28","6.5","750","0","20","0","0","0","43.7","0","61","0"
,"751","20","0","1","1075.375","0","48.25","106","0","7.85","751","12","8","0.6","16.458333333333332","2708.3333333333335","34.05","79","47","8.25","751","0","20","0","0","0","49.75","0","84","0","751","2","18","0.1","-6165","7750","53.35","17","63","9","751","2","18","0.1","-10530","11000","38.85","5","56","7","751","2","18","0.1","-14040","15000","38.1","4","28","6.5","751","0","20","0","0","0","43.7","0","61","0"
,"752","20","0","1","1075.375","0","48.25","106","0","7.85","752","12","8","0.6","53.125","2750","34.05","79","47","8.25","752","0","20","0","0","0","49.75","0","84","0","752","2","18","0.1","-6185","7750","53.35","17","63","9","752","2","18","0.1","-10560","11000","38.85","5","56","7","752","2","18","0.1","-14080","15000","38.1","4","28","6.5","752","0","20","0","0","0","43.7","0","61","0"
,"753","20","0","1","1075.375","0","48.25","106","0","7.85","753","12","8","0.6","48.125","2750","34.05","79","47","8.25","753","0","20","0","0","0","49.75","0","84","0","753","2","18","0.1","-6205","7750","53.35","17","63","9","753","2","18","0.1","-10590","11000","38.85","5","56","7","753","2","18","0.1","-14120","15000","38.1","4","28","6.5","753","0","20","0","0","0","43.7","0","61","0"
,"754","20","0","1","1075.375","0","48.25","106","0","7.85","754","12","8","0.6","43.125","2750","34.05","79","47","8.25","754","0","20","0","0","0","49.75","0","84","0","754","2","18","0.1","-6225","7750","53.35","17","63","9","754","2","18","0.1","-10620","11000","38.85","5","56","7","754","2","18","0.1","-14160","15000","38.1","4","28","6.5","754","0","20","0","0","0","43.7","0","61","0"
,"755","20","0","1","1075.375","0","48.25","106","0","7.85","755","12","8","0.6","38.125","2750","34.05","79","47","8.25","755","0","20","0","0","0","49.75","0","84","0","755","2","18","0.1","-6245","7750","53.35","17","63","9","755","2","18","0.1","-10650","11000","38.85","5","56","7","755","2","18","0.1","-14200","15000","38.1","4","28","6.5","755","0","20","0","0","0","43.7","0","61","0"
,"756","20","0","1","1075.375","0","48.25","106","0","7.85","756","12","8","0.6","33.125","2750","34.05","79","47","8.25","756","0","20","0","0","0","49.75","0","84","0","756","2","18","0.1","-6265","7750","53.35","17","63","9","756","2","18","0.1","-10680","11000","38.85","5","56","7","756","2","18","0.1","-14240","15000","38.1","4","28","6.5","756","0","20","0","0","0","43.7","0","61","0"
,"757","20","0","1","1075.375","0","48.25","106","0","7.85","757","12","8","0.6","28.125","2750","34.05","79","47","8.25","757","0","20","0","0","0","49.75","0","84","0","757","2","18","0.1","-6285","7750","53.35","17","63","9","757","2","18","0.1","-10710","11000","38.85","5","56","7","757","2","18","0.1","-14280","15000","38.1","4","28","6.5","757","0","20","0","0","0","43.7","0","61","0"
,"758","20","0","1","1075.375","0","48.25","106","0","7.85","758","12","8","0.6","23.125","2750","34.05","79","47","8.25","758","0","20","0","0","0","49.75","0","84","0","758","2","18","0.1","-6305","7750","53.35","17","63","9","758","2","18","0.1","-10740","11000","38.85","5","56","7","758","2","18","0.1","-14320","15000","38.1","9","28","7","758","0","20","0","0","0","43.7","0","61","0"
,"759","20","0","1","1075.375","0","48.25","106","0","7.85","759","12","8","0.6","18.125","2750","34.05","79","47","8.25","759","0","20","0","0","0","49.75","0","84","0","759","2","18","0.1","-6325","7750","53.35","17","63","9","759","2","18","0.1","-10770","11000","38.85","5","56","7","759","2","18","0.1","-14360","15000","38.1","9","28","7","759","0","20","0","0","0","43.7","0","61","0"
,"760","20","0","1","1075.375","0","48.25","106","0","7.85","760","12","8","0.6","13.125","2750","34.05","79","47","8.25","760","0","20","0","0","0","49.75","0","84","0","760","2","18","0.1","-6345","7750","53.35","17","63","9","760","2","18","0.1","-10800","11000","38.85","5","56","7","760","2","18","0.1","-14400","15000","38.1","9","28","7","760","0","20","0","0","0","43.7","0","61","0"
,"761","20","0","1","1075.375","0","48.25","106","0","7.85","761","12","8","0.6","8.125","2750","34.05","79","47","8.25","761","0","20","0","0","0","49.75","0","84","0","761","2","18","0.1","-6115","8000","53.35","17","63","9","761","2","18","0.1","-10830","11000","38.85","5","56","7","761","2","18","0.1","-14440","15000","38.1","9","28","7","761","0","20","0","0","0","43.7","0","61","0"
,"762","20","0","1","1075.375","0","48.25","106","0","7.85","762","12","8","0.6","3.125","2750","34.05","79","47","8.25","762","0","20","0","0","0","49.75","0","84","0","762","2","18","0.1","-6135","8000","53.35","17","63","9","762","2","18","0.1","-10860","11000","38.85","5","56","7","762","2","18","0.1","-14480","15000","38.1","9","28","7","762","0","20","0","0","0","43.7","0","61","0"
,"763","20","0","1","1075.375","0","48.25","106","0","7.85","763","12","8","0.6","-1.875","2750","34.05","79","47","8.25","763","0","20","0","0","0","49.75","0","84","0","763","2","18","0.1","-6155","8000","53.35","17","63","9","763","2","18","0.1","-10890","11000","38.85","5","56","7","763","2","18","0.1","-14270","15250","38.1","9","28","7","763","0","20","0","0","0","43.7","0","61","0"
,"764","20","0","1","1075.375","0","48.25","106","0","7.85","764","12","8","0.6","-6.875","2750","34.05","79","47","8.25","764","0","20","0","0","0","49.75","0","84","0","764","2","18","0.1","-6175","8000","53.35","17","63","9","764","2","18","0.1","-10920","11000","38.85","5","56","7","764","2","18","0.1","-14310","15250","38.1","9","28","7","764","0","20","0","0","0","43.7","0","61","0"
,"765","20","0","1","1075.375","0","48.25","106","0","7.85","765","12","8","0.6","-11.875","2750","34.05","79","47","8.25","765","0","20","0","0","0","49.75","0","84","0","765","2","18","0.1","-6195","8000","53.35","17","63","9","765","2","18","0.1","-10950","11000","38.85","5","56","7","765","2","18","0.1","-14350","15250","38.1","9","28","7","765","0","20","0","0","0","43.7","0","61","0"
,"766","20","0","1","1075.375","0","48.25","106","0","7.85","766","12","8","0.6","-16.875","2750","34.05","79","47","8.25","766","0","20","0","0","0","49.75","0","84","0","766","2","18","0.1","-6215","8000","53.35","17","63","9","766","2","18","0.1","-10980","11000","38.85","5","56","7","766","2","18","0.1","-14390","15250","38.1","9","28","7","766","0","20","0","0","0","43.7","0","61","0"
,"767","20","0","1","1075.375","0","48.25","106","0","7.85","767","12","8","0.6","-21.875","2750","34.05","79","47","8.25","767","0","20","0","0","0","49.75","0","84","0","767","2","18","0.1","-6235","8000","53.35","17","63","9","767","2","18","0.1","-10760","11250","38.85","5","56","7","767","2","18","0.1","-14430","15250","38.1","9","28","7","767","0","20","0","0","0","43.7","0","61","0"
,"768","20","0","1","1075.375","0","48.25","106","0","7.85","768","12","8","0.6","-26.875","2750","34.05","79","47","8.25","768","0","20","0","0","0","49.75","0","84","0","768","2","18","0.1","-6255","8000","53.35","17","63","9","768","2","18","0.1","-10790","11250","38.85","5","56","7","768","2","18","0.1","-14470","15250","38.1","9","28","7","768","0","20","0","0","0","43.7","0","61","0"
,"769","20","0","1","1075.375","0","48.25","106","0","7.85","769","12","8","0.6","-31.875","2750","34.05","79","47","8.25","769","0","20","0","0","0","49.75","0","84","0","769","2","18","0.1","-6275","8000","53.35","17","63","9","769","2","18","0.1","-10820","11250","38.85","5","56","7","769","2","18","0.1","-14510","15250","38.1","9","28","7","769","0","20","0","0","0","43.7","0","61","0"
,"770","20","0","1","1075.375","0","48.25","106","0","7.85","770","12","8","0.6","-36.875","2750","34.05","79","47","8.25","770","0","20","0","0","0","49.75","0","84","0","770","2","18","0.1","-6295","8000","53.35","17","63","9","770","2","18","0.1","-10850","11250","38.85","5","56","7","770","2","18","0.1","-14550","15250","38.1","9","28","7","770","0","20","0","0","0","43.7","0","61","0"
,"771","20","0","1","1075.375","0","48.25","106","0","7.85","771","12","8","0.6","-41.875","2750","34.05","79","47","8.25","771","0","20","0","0","0","49.75","0","84","0","771","2","18","0.1","-6315","8000","53.35","17","63","9","771","2","18","0.1","-10880","11250","38.85","5","56","7","771","2","18","0.1","-14590","15250","38.1","9","28","7","771","0","20","0","0","0","43.7","0","61","0"
,"772","20","0","1","1075.375","0","48.25","106","0","7.85","772","12","8","0.6","-46.875","2750","34.05","79","47","8.25","772","0","20","0","0","0","49.75","0","84","0","772","2","18","0.1","-6335","8000","53.35","17","63","9","772","2","18","0.1","-10910","11250","38.85","5","56","7","772","2","18","0.1","-14630","15250","38.1","9","28","7","772","0","20","0","0","0","43.7","0","61","0"
,"773","20","0","1","1075.375","0","48.25","106","0","7.85","773","12","8","0.6","-51.875","2750","34.05","79","47","8.25","773","0","20","0","0","0","49.75","0","84","0","773","2","18","0.1","-6355","8000","53.35","17","63","9","773","2","18","0.1","-10940","11250","38.85","5","56","7","773","2","18","0.1","-14670","15250","38.1","9","28","7","773","0","20","0","0","0","43.7","0","61","0"
,"774","20","0","1","1075.375","0","48.25","106","0","7.85","774","12","8","0.6","-56.875","2750","34.05","79","47","8.25","774","0","20","0","0","0","49.75","0","84","0","774","2","18","0.1","-6375","8000","53.35","17","63","9","774","2","18","0.1","-10970","11250","38.85","5","56","7","774","2","18","0.1","-14710","15250","38.1","9","28","7","774","0","20","0","0","0","43.7","0","61","0"
,"775","20","0","1","1075.375","0","48.25","106","0","7.85","775","12","8","0.6","-61.875","2750","34.05","79","47","8.25","775","0","20","0","0","0","49.75","0","84","0","775","2","18","0.1","-6395","8000","53.35","17","63","9","775","2","18","0.1","-11000","11250","38.85","5","56","7","775","2","18","0.1","-14750","15250","38.1","9","28","7","775","0","20","0","0","0","43.7","0","61","0"
,"776","20","0","1","1075.375","0","48.25","106","0","7.9","776","12","8","0.6","-66.875","2750","34.05","79","47","8.25","776","0","20","0","0","0","49.75","0","84","0","776","2","18","0.1","-6415","8000","53.35","17","63","9","776","2","18","0.1","-11030","11250","38.85","5","56","7","776","2","18","0.1","-14540","15500","38.1","9","28","7","776","0","20","0","0","0","43.7","0","61","0"
,"777","20","0","1","1075.375","0","48.25","106","0","7.9","777","12","8","0.6","-71.875","2750","34.05","79","47","8.25","777","0","20","0","0","0","49.75","0","84","0","777","2","18","0.1","-6435","8000","53.35","17","63","9","777","2","18","0.1","-11060","11250","38.85","5","56","7","777","2","18","0.1","-14580","15500","38.1","9","28","7","777","0","20","0","0","0","43.7","0","61","0"
,"778","20","0","1","1075.375","0","48.25","107","0","7.95","778","12","8","0.6","-76.875","2750","34.05","79","47","8.25","778","0","20","0","0","0","49.75","0","84","0","778","2","18","0.1","-6455","8000","53.35","17","63","9","778","2","18","0.1","-11090","11250","38.85","5","56","7","778","2","18","0.1","-14620","15500","38.1","9","28","7","778","0","20","0","0","0","43.7","0","61","0"
,"779","20","0","1","1075.375","0","48.25","107","0","7.95","779","12","8","0.6","-81.875","2750","34.05","79","47","8.25","779","0","20","0","0","0","49.75","0","84","0","779","2","18","0.1","-6475","8000","53.35","17","63","9","779","2","18","0.1","-11120","11250","38.85","5","56","7","779","2","18","0.1","-14660","15500","38.1","9","28","7","779","0","20","0","0","0","43.7","0","61","0"
,"780","20","0","1","1075.375","0","48.25","107","0","7.95","780","12","8","0.6","-86.875","2750","34.05","79","47","8.25","780","0","20","0","0","0","49.75","0","84","0","780","2","18","0.1","-6495","8000","53.35","17","63","9","780","2","18","0.1","-11150","11250","38.85","5","56","7","780","2","18","0.1","-14700","15500","38.1","9","28","7","780","0","20","0","0","0","43.7","0","61","0"
,"781","20","0","1","1075.375","0","48.25","107","0","7.95","781","12","8","0.6","-91.875","2750","34.05","79","47","8.25","781","0","20","0","0","0","49.75","0","84","0","781","2","18","0.1","-6515","8000","53.35","17","63","9","781","2","18","0.1","-11180","11250","38.85","5","56","7","781","2","18","0.1","-14740","15500","38.1","9","28","7","781","0","20","0","0","0","43.7","0","61","0"
,"782","20","0","1","1075.375","0","48.25","107","0","7.95","782","12","8","0.6","-96.875","2750","34.05","79","47","8.25","782","0","20","0","0","0","49.75","0","84","0","782","2","18","0.1","-6535","8000","53.35","17","63","9","782","2","18","0.1","-10960","11500","38.85","5","56","7","782","2","18","0.1","-14780","15500","38.1","9","28","7","782","0","20","0","0","0","43.7","0","61","0"
,"783","20","0","1","1075.375","0","48.25","107","0","7.95","783","12","8","0.6","-101.875","2750","34.05","79","47","8.25","783","0","20","0","0","0","49.75","0","84","0","783","2","18","0.1","-6555","8000","53.35","17","63","9","783","2","18","0.1","-10990","11500","38.85","5","56","7","783","2","18","0.1","-14820","15500","38.1","9","28","7","783","0","20","0","0","0","43.7","0","61","0"
,"784","20","0","1","1075.375","0","48.25","107","0","7.95","784","12","8","0.6","-106.875","2750","34.05","79","47","8.25","784","0","20","0","0","0","49.75","0","84","0","784","2","18","0.1","-6575","8000","53.35","17","63","9","784","2","18","0.1","-10770","11750","38.85","5","56","7","784","2","18","0.1","-14860","15500","38.1","9","28","7","784","0","20","0","0","0","43.7","0","61","0"
,"785","20","0","1","1075.375","0","48.25","107","0","7.95","785","12","8","0.6","-111.875","2750","34.05","79","47","8.25","785","0","20","0","0","0","49.75","0","84","0","785","2","18","0.1","-6595","8000","53.35","17","63","9","785","2","18","0.1","-10800","11750","38.85","5","56","7","785","2","18","0.1","-14900","15500","38.1","9","28","7","785","0","20","0","0","0","43.7","0","61","0"
,"786","20","0","1","1075.375","0","48.25","107","0","7.95","786","12","8","0.6","-116.875","2750","34.05","79","47","8.25","786","0","20","0","0","0","49.75","0","84","0","786","2","18","0.1","-6365","8250","53.35","17","63","9","786","2","18","0.1","-10830","11750","38.85","5","56","7","786","2","18","0.1","-14940","15500","38.1","9","28","7","786","0","20","0","0","0","43.7","0","61","0"
,"787","20","0","1","1075.375","0","48.25","107","0","7.95","787","12","8","0.6","-121.875","2750","34.05","79","47","8.25","787","0","20","0","0","0","49.75","0","84","0","787","2","18","0.1","-6385","8250","53.35","17","63","9","787","2","18","0.1","-10860","11750","38.85","5","56","7","787","2","18","0.1","-14980","15500","38.1","9","28","7","787","0","20","0","0","0","43.7","0","61","0"
,"788","20","0","1","1075.375","0","48.25","107","0","7.95","788","12","8","0.6","-126.875","2750","34.05","79","47","8.25","788","0","20","0","0","0","49.75","0","84","0","788","2","18","0.1","-6405","8250","53.35","17","63","9","788","2","18","0.1","-10890","11750","38.85","5","56","7","788","2","18","0.1","-14770","15750","38.1","9","28","7","788","0","20","0","0","0","43.7","0","61","0"
,"789","20","0","1","1075.375","0","48.25","107","0","7.95","789","12","8","0.6","-131.875","2750","34.05","79","47","8.25","789","0","20","0","0","0","49.75","0","84","0","789","2","18","0.1","-6425","8250","53.35","17","63","9","789","2","18","0.1","-10920","11750","38.85","5","56","7","789","2","18","0.1","-14810","15750","38.1","9","28","7","789","0","20","0","0","0","43.7","0","61","0"
,"790","20","0","1","1075.375","0","48.25","107","0","7.95","790","12","8","0.6","-136.875","2750","34.05","79","47","8.25","790","0","20","0","0","0","49.75","0","84","0","790","2","18","0.1","-6445","8250","53.35","17","63","9","790","2","18","0.1","-10950","11750","38.85","5","56","7","790","2","18","0.1","-14850","15750","38.1","9","28","7","790","0","20","0","0","0","43.7","0","61","0"
,"791","20","0","1","1075.375","0","48.25","112","0","8","791","12","8","0.6","-141.875","2750","34.05","79","47","8.25","791","0","20","0","0","0","49.75","0","84","0","791","2","18","0.1","-6465","8250","53.35","17","63","9","791","2","18","0.1","-10980","11750","38.85","5","56","7","791","2","18","0.1","-14890","15750","38.1","9","28","7","791","0","20","0","0","0","43.7","0","61","0"
,"792","20","0","1","1075.375","0","48.25","115","0","8.05","792","12","8","0.6","-146.875","2750","34.05","79","47","8.25","792","0","20","0","0","0","49.75","0","84","0","792","2","18","0.1","-6485","8250","53.35","17","63","9","792","2","18","0.1","-11010","11750","38.85","5","56","7","792","2","18","0.1","-14930","15750","38.1","9","28","7","792","0","20","0","0","0","43.7","0","61","0"
,"793","20","0","1","1075.375","0","48.25","115","0","8.05","793","12","8","0.6","-151.875","2750","34.05","79","47","8.25","793","0","20","0","0","0","49.75","0","84","0","793","2","18","0.1","-6505","8250","53.35","17","63","9","793","2","18","0.1","-11040","11750","38.85","5","56","7","793","2","18","0.1","-14970","15750","38.1","9","28","7","793","0","20","0","0","0","43.7","0","61","0"
,"794","20","0","1","1075.375","0","48.25","119","0","8.1","794","12","8","0.6","-156.875","2750","34.05","79","47","8.25","794","0","20","0","0","0","49.75","0","84","0","794","2","18","0.1","-6525","8250","53.35","17","63","9","794","2","18","0.1","-11070","11750","38.85","5","56","7","794","2","18","0.1","-15010","15750","38.1","9","28","7","794","0","20","0","0","0","43.7","0","61","0"
,"795","20","0","1","1075.375","0","48.25","119","0","8.1","795","12","8","0.6","-161.875","2750","34.05","79","47","8.25","795","0","20","0","0","0","49.75","0","84","0","795","2","18","0.1","-6545","8250","53.35","17","63","9.5","795","2","18","0.1","-11100","11750","38.85","5","56","7","795","2","18","0.1","-15050","15750","38.1","9","28","7","795","0","20","0","0","0","43.7","0","61","0"
,"796","20","0","1","1075.375","0","48.25","119","0","8.1","796","12","8","0.6","-166.875","2750","34.05","79","47","8.25","796","0","20","0","0","0","49.75","0","84","0","796","2","18","0.1","-6565","8250","53.35","17","63","9.5","796","2","18","0.1","-11130","11750","38.85","5","56","7","796","2","18","0.1","-15090","15750","38.1","9","28","7","796","0","20","0","0","0","43.7","0","61","0"
,"797","20","0","1","1075.375","0","48.25","119","0","8.1","797","12","8","0.6","-171.875","2750","34.05","79","47","8.25","797","0","20","0","0","0","49.75","0","84","0","797","2","18","0.1","-6585","8250","53.35","17","63","9.5","797","2","18","0.1","-11160","11750","38.85","5","56","7","797","2","18","0.1","-15130","15750","38.1","9","28","7","797","0","20","0","0","0","43.7","0","61","0"
,"798","20","0","1","1075.375","0","48.25","119","0","8.1","798","12","8","0.6","-176.875","2750","34.05","79","47","8.25","798","0","20","0","0","0","49.75","0","84","0","798","2","18","0.1","-6605","8250","53.35","17","63","9.5","798","2","18","0.1","-11190","11750","38.85","5","56","7","798","2","18","0.1","-15170","15750","38.1","9","28","7","798","0","20","0","0","0","43.7","0","61","0"
,"799","20","0","1","1075.375","0","48.25","119","0","8.1","799","12","8","0.6","-181.875","2750","34.05","79","47","8.25","799","0","20","0","0","0","49.75","0","84","0","799","2","18","0.1","-6625","8250","53.35","17","63","9.5","799","2","18","0.1","-11220","11750","38.85","5","56","7","799","2","18","0.1","-15210","15750","38.1","9","28","7","799","0","20","0","0","0","43.7","0","61","0"
,"800","20","0","1","1075.375","0","48.25","119","0","8.1","800","12","8","0.6","-186.875","2750","34.05","79","47","8.25","800","0","20","0","0","0","49.75","0","84","0","800","2","18","0.1","-6645","8250","53.35","17","63","9.5","800","2","18","0.1","-11250","11750","38.85","5","56","7","800","2","18","0.1","-15250","15750","38.1","9","28","7","800","0","20","0","0","0","43.7","0","61","0"
,"801","20","0","1","1075.375","0","48.25","119","0","8.1","801","12","8","0.6","16.458333333333332","2958.3333333333335","34.05","79","47","8.25","801","0","20","0","0","0","49.75","0","84","0","801","2","18","0.1","-6665","8250","53.35","17","63","9.5","801","2","18","0.1","-11030","12000","38.85","5","56","7","801","2","18","0.1","-15040","16000","38.1","9","28","7","801","0","20","0","0","0","43.7","0","61","0"
,"802","20","0","1","1075.375","0","48.25","119","0","8.1","802","12","8","0.6","11.458333333333334","2958.3333333333335","34.05","79","47","8.25","802","0","20","0","0","0","49.75","0","84","0","802","2","18","0.1","-6685","8250","53.35","17","63","9.5","802","2","18","0.1","-11060","12000","38.85","5","56","7","802","2","18","0.1","-15080","16000","38.1","9","28","7","802","0","20","0","0","0","43.7","0","61","0"
,"803","20","0","1","1075.375","0","48.25","119","0","8.1","803","12","8","0.6","6.458333333333333","2958.3333333333335","34.05","79","47","8.25","803","0","20","0","0","0","49.75","0","84","0","803","2","18","0.1","-6705","8250","53.35","17","63","9.5","803","2","18","0.1","-11090","12000","38.85","5","56","7","803","2","18","0.1","-15120","16000","38.1","9","28","7","803","0","20","0","0","0","43.7","0","61","0"
,"804","20","0","1","1075.375","0","48.25","119","0","8.1","804","12","8","0.6","1.4583333333333333","2958.3333333333335","34.05","79","47","8.25","804","0","20","0","0","0","49.75","0","84","0","804","2","18","0.1","-6725","8250","53.35","17","63","9.5","804","2","18","0.1","-11120","12000","38.85","5","56","7","804","2","18","0.1","-15160","16000","38.1","9","28","7","804","0","20","0","0","0","43.7","0","61","0"
,"805","20","0","1","1075.375","0","48.25","119","0","8.1","805","12","8","0.6","-3.5416666666666665","2958.3333333333335","34.05","79","47","8.25","805","0","20","0","0","0","49.75","0","84","0","805","2","18","0.1","-6745","8250","53.35","17","63","9.5","805","2","18","0.1","-11150","12000","38.85","5","56","7","805","2","18","0.1","-15200","16000","38.1","9","28","7","805","0","20","0","0","0","43.7","0","61","0"
,"806","20","0","1","1075.375","0","48.25","119","0","8.1","806","12","8","0.6","-8.541666666666666","2958.3333333333335","34.05","79","47","8.25","806","0","20","0","0","0","49.75","0","84","0","806","2","18","0.1","-6765","8250","53.35","17","63","9.5","806","2","18","0.1","-11180","12000","38.85","5","56","7","806","2","18","0.1","-15240","16000","38.1","9","28","7","806","0","20","0","0","0","43.7","0","61","0"
,"807","20","0","1","1075.375","0","48.25","119","0","8.1","807","11","9","0.55","-14.318181818181818","2954.5454545454545","34.05","72","54","8.272727272727273","807","0","20","0","0","0","49.75","0","84","0","807","2","18","0.1","-6785","8250","53.35","17","63","9.5","807","2","18","0.1","-11210","12000","38.85","5","56","7","807","2","18","0.1","-15280","16000","38.1","9","28","7","807","0","20","0","0","0","43.7","0","61","0"
,"808","20","0","1","1075.375","0","48.25","119","0","8.1","808","11","9","0.55","-19.318181818181817","2954.5454545454545","34.05","72","54","8.272727272727273","808","0","20","0","0","0","49.75","0","84","0","808","2","18","0.1","-6805","8250","53.35","17","63","9.5","808","2","18","0.1","-11240","12000","38.85","5","56","7","808","2","18","0.1","-15320","16000","38.1","9","28","7","808","0","20","0","0","0","43.7","0","61","0"
,"809","20","0","1","1075.375","0","48.25","119","0","8.1","809","11","9","0.55","-24.318181818181817","2954.5454545454545","34.05","72","54","8.272727272727273","809","0","20","0","0","0","49.75","0","84","0","809","2","18","0.1","-6825","8250","53.35","17","63","9.5","809","2","18","0.1","-11270","12000","38.85","5","56","7","809","2","18","0.1","-15360","16000","38.1","9","28","7","809","0","20","0","0","0","43.7","0","61","0"
,"810","20","0","1","1075.375","0","48.25","119","0","8.1","810","11","9","0.55","-29.318181818181817","2954.5454545454545","34.05","72","54","8.272727272727273","810","0","20","0","0","0","49.75","0","84","0","810","2","18","0.1","-6845","8250","53.35","17","63","9.5","810","2","18","0.1","-11300","12000","38.85","5","56","7","810","2","18","0.1","-15400","16000","38.1","9","28","7","810","0","20","0","0","0","43.7","0","61","0"
,"811","20","0","1","1075.375","0","48.25","119","0","8.1","811","11","9","0.55","-34.31818181818182","2954.5454545454545","34.05","72","54","8.272727272727273","811","0","20","0","0","0","49.75","0","84","0","811","2","18","0.1","-6615","8500","53.35","17","63","9.5","811","2","18","0.1","-11330","12000","38.85","5","56","7","811","2","18","0.1","-15440","16000","38.1","9","28","7","811","0","20","0","0","0","43.7","0","61","0"
,"812","20","0","1","1075.375","0","48.25","119","0","8.1","812","11","9","0.55","-39.31818181818182","2954.5454545454545","34.05","72","54","8.272727272727273","812","0","20","0","0","0","49.75","0","84","0","812","2","18","0.1","-6635","8500","53.35","17","63","9.5","812","2","18","0.1","-11360","12000","38.85","5","56","7","812","2","18","0.1","-15480","16000","38.1","9","28","7","812","0","20","0","0","0","43.7","0","61","0"
,"813","20","0","1","1075.375","0","48.25","119","0","8.1","813","10","10","0.5","-48.25","2950","34.05","62","64","8.1","813","0","20","0","0","0","49.75","0","84","0","813","2","18","0.1","-6655","8500","53.35","17","63","9.5","813","2","18","0.1","-11390","12000","38.85","5","56","7","813","2","18","0.1","-15270","16250","38.1","9","28","7","813","0","20","0","0","0","43.7","0","61","0"
,"814","20","0","1","1075.375","0","48.25","119","0","8.1","814","10","10","0.5","-53.25","2950","34.05","62","64","8.1","814","0","20","0","0","0","49.75","0","84","0","814","2","18","0.1","-6675","8500","53.35","17","63","9.5","814","2","18","0.1","-11420","12000","38.85","5","56","7","814","2","18","0.1","-15310","16250","38.1","9","28","7","814","0","20","0","0","0","43.7","0","61","0"
,"815","20","0","1","1075.375","0","48.25","119","0","8.1","815","10","10","0.5","-58.25","2950","34.05","62","64","8.1","815","0","20","0","0","0","49.75","0","84","0","815","2","18","0.1","-6695","8500","53.35","17","63","9.5","815","2","18","0.1","-11450","12000","38.85","5","56","7","815","2","18","0.1","-15350","16250","38.1","9","28","7","815","0","20","0","0","0","43.7","0","61","0"
,"816","20","0","1","1075.375","0","48.25","119","0","8.1","816","10","10","0.5","-63.25","2950","34.05","62","64","8.1","816","0","20","0","0","0","49.75","0","84","0","816","2","18","0.1","-6715","8500","53.35","17","63","9.5","816","2","18","0.1","-11480","12000","38.85","5","56","7","816","2","18","0.1","-15390","16250","38.1","9","28","7","816","0","20","0","0","0","43.7","0","61","0"
,"817","20","0","1","1075.375","0","48.25","119","0","8.1","817","10","10","0.5","-68.25","2950","34.05","62","64","8.1","817","0","20","0","0","0","49.75","0","84","0","817","2","18","0.1","-6735","8500","53.35","17","63","9.5","817","2","18","0.1","-11260","12250","38.85","5","56","7","817","2","18","0.1","-15430","16250","38.1","9","28","7","817","0","20","0","0","0","43.7","0","61","0"
,"818","20","0","1","1075.375","0","48.25","119","0","8.1","818","10","10","0.5","-73.25","2950","34.05","62","64","8.1","818","0","20","0","0","0","49.75","0","84","0","818","2","18","0.1","-6755","8500","53.35","17","63","9.5","818","2","18","0.1","-11290","12250","38.85","5","56","7","818","2","18","0.1","-15470","16250","38.1","9","28","7","818","0","20","0","0","0","43.7","0","61","0"
,"819","20","0","1","1075.375","0","48.25","119","0","8.1","819","9","11","0.45","-86.38888888888889","2944.4444444444443","34.05","58","68","8.11111111111111","819","0","20","0","0","0","49.75","0","84","0","819","2","18","0.1","-6775","8500","53.35","17","63","9.5","819","2","18","0.1","-11320","12250","38.85","5","56","7","819","2","18","0.1","-15510","16250","38.1","9","28","7","819","0","20","0","0","0","43.7","0","61","0"
,"820","20","0","1","1075.375","0","48.25","119","0","8.1","820","9","11","0.45","-91.38888888888889","2944.4444444444443","34.05","58","68","8.11111111111111","820","0","20","0","0","0","49.75","0","84","0","820","2","18","0.1","-6795","8500","53.35","17","63","9.5","820","2","18","0.1","-11350","12250","38.85","5","56","7","820","2","18","0.1","-15550","16250","38.1","9","28","7","820","0","20","0","0","0","43.7","0","61","0"
,"821","20","0","1","1075.375","0","48.25","119","0","8.1","821","9","11","0.45","-96.38888888888889","2944.4444444444443","34.05","58","68","8.11111111111111","821","0","20","0","0","0","49.75","0","84","0","821","2","18","0.1","-6815","8500","53.35","17","63","9.5","821","2","18","0.1","-11380","12250","38.85","5","56","7","821","2","18","0.1","-15590","16250","38.1","9","28","7","821","0","20","0","0","0","43.7","0","61","0"
,"822","20","0","1","1075.375","0","48.25","119","0","8.1","822","9","11","0.45","-101.38888888888889","2944.4444444444443","34.05","58","68","8.11111111111111","822","0","20","0","0","0","49.75","0","84","0","822","2","18","0.1","-6835","8500","53.35","17","63","9.5","822","2","18","0.1","-11410","12250","38.85","5","56","7","822","2","18","0.1","-15630","16250","38.1","9","28","7","822","0","20","0","0","0","43.7","0","61","0"
,"823","20","0","1","1075.375","0","48.25","119","0","8.1","823","9","11","0.45","-106.38888888888889","2944.4444444444443","34.05","58","68","8.11111111111111","823","0","20","0","0","0","49.75","0","84","0","823","2","18","0.1","-6855","8500","53.35","17","63","9.5","823","2","18","0.1","-11440","12250","38.85","5","56","7","823","2","18","0.1","-15670","16250","38.1","9","28","7","823","0","20","0","0","0","43.7","0","61","0"
,"824","20","0","1","1075.375","0","48.25","119","0","8.1","824","9","11","0.45","-111.38888888888889","2944.4444444444443","34.05","58","68","8.11111111111111","824","0","20","0","0","0","49.75","0","84","0","824","2","18","0.1","-6875","8500","53.35","17","63","9.5","824","2","18","0.1","-11470","12250","38.85","5","56","7","824","2","18","0.1","-15710","16250","38.1","9","28","7","824","0","20","0","0","0","43.7","0","61","0"
,"825","20","0","1","1075.375","0","48.25","119","0","8.1","825","9","11","0.45","-116.38888888888889","2944.4444444444443","34.05","58","68","8.11111111111111","825","0","20","0","0","0","49.75","0","84","0","825","2","18","0.1","-6895","8500","53.35","17","63","9.5","825","2","18","0.1","-11500","12250","38.85","5","56","7","825","2","18","0.1","-15750","16250","38.1","9","28","7","825","0","20","0","0","0","43.7","0","61","0"
,"826","20","0","1","1075.375","0","48.25","119","0","8.1","826","9","11","0.45","-121.38888888888889","2944.4444444444443","34.05","58","68","8.11111111111111","826","0","20","0","0","0","49.75","0","84","0","826","2","18","0.1","-6915","8500","53.35","17","63","9.5","826","2","18","0.1","-11530","12250","38.85","5","56","7","826","2","18","0.1","-15540","16500","38.1","9","28","7","826","0","20","0","0","0","43.7","0","61","0"
,"827","20","0","1","1075.375","0","48.25","119","0","8.1","827","9","11","0.45","-126.38888888888889","2944.4444444444443","34.05","58","68","8.11111111111111","827","0","20","0","0","0","49.75","0","84","0","827","2","18","0.1","-6935","8500","53.35","17","63","9.5","827","2","18","0.1","-11560","12250","38.85","5","56","7","827","2","18","0.1","-15580","16500","38.1","9","28","7","827","0","20","0","0","0","43.7","0","61","0"
,"828","20","0","1","1075.375","0","48.25","119","0","8.1","828","9","11","0.45","-131.38888888888889","2944.4444444444443","34.05","58","68","8.11111111111111","828","0","20","0","0","0","49.75","0","84","0","828","2","18","0.1","-6955","8500","53.35","17","63","9.5","828","2","18","0.1","-11590","12250","38.85","5","56","7","828","2","18","0.1","-15620","16500","38.1","9","28","7","828","0","20","0","0","0","43.7","0","61","0"
,"829","20","0","1","1075.375","0","48.25","119","0","8.1","829","8","12","0.4","-153.125","2937.5","34.05","48","78","8","829","0","20","0","0","0","49.75","0","84","0","829","2","18","0.1","-6975","8500","53.35","17","63","9.5","829","2","18","0.1","-11620","12250","38.85","5","56","7","829","2","18","0.1","-15660","16500","38.1","9","28","7","829","0","20","0","0","0","43.7","0","61","0"
,"830","20","0","1","1075.375","0","48.25","119","0","8.1","830","8","12","0.4","-158.125","2937.5","34.05","48","78","8.125","830","0","20","0","0","0","49.75","0","84","0","830","2","18","0.1","-6995","8500","53.35","17","63","9.5","830","2","18","0.1","-11650","12250","38.85","5","56","7","830","2","18","0.1","-15700","16500","38.1","9","28","7","830","0","20","0","0","0","43.7","0","61","0"
,"831","20","0","1","1075.375","0","48.25","119","0","8.1","831","7","13","0.35","-185.71428571428572","2928.5714285714284","34.05","41","85","8","831","0","20","0","0","0","49.75","0","84","0","831","2","18","0.1","-7015","8500","53.35","17","63","9.5","831","2","18","0.1","-11680","12250","38.85","5","56","7","831","2","18","0.1","-15740","16500","38.1","9","28","7","831","0","20","0","0","0","43.7","0","61","0"
,"832","20","0","1","1075.375","0","48.25","119","0","8.1","832","7","13","0.35","-190.71428571428572","2928.5714285714284","34.05","41","85","8","832","0","20","0","0","0","49.75","0","84","0","832","2","18","0.1","-7035","8500","53.35","17","63","9.5","832","2","18","0.1","-11710","12250","38.85","5","56","7","832","2","18","0.1","-15780","16500","38.1","9","28","7","832","0","20","0","0","0","43.7","0","61","0"
,"833","20","0","1","1075.375","0","48.25","119","0","8.1","833","7","13","0.35","-195.71428571428572","2928.5714285714284","34.05","41","85","8","833","0","20","0","0","0","49.75","0","84","0","833","2","18","0.1","-7055","8500","53.35","17","63","9.5","833","2","18","0.1","-11740","12250","38.85","5","56","7","833","2","18","0.1","-15820","16500","38.1","9","28","7","833","0","20","0","0","0","43.7","0","61","0"
,"834","20","0","1","1075.375","0","48.25","119","0","8.1","834","7","13","0.35","-200.71428571428572","2928.5714285714284","34.05","41","85","8","834","0","20","0","0","0","49.75","0","84","0","834","2","18","0.1","-7075","8500","53.35","17","63","9.5","834","2","18","0.1","-11520","12500","38.85","5","56","7","834","2","18","0.1","-15860","16500","38.1","9","28","7.5","834","0","20","0","0","0","43.7","0","61","0"
,"835","20","0","1","1075.375","0","48.25","119","0","8.1","835","7","13","0.35","-205.71428571428572","2928.5714285714284","34.05","41","85","8","835","0","20","0","0","0","49.75","0","84","0","835","2","18","0.1","-7095","8500","53.35","17","63","9.5","835","2","18","0.1","-11550","12500","38.85","5","56","7","835","2","18","0.1","-15900","16500","38.1","9","28","7.5","835","0","20","0","0","0","43.7","0","61","0"
,"836","20","0","1","1075.375","0","48.25","119","0","8.1","836","7","13","0.35","-210.71428571428572","2928.5714285714284","34.05","41","85","8","836","0","20","0","0","0","49.75","0","84","0","836","2","18","0.1","-6865","8750","53.35","17","63","9.5","836","2","18","0.1","-11580","12500","38.85","5","56","7","836","2","18","0.1","-15940","16500","38.1","9","28","7.5","836","0","20","0","0","0","43.7","0","61","0"
,"837","20","0","1","1075.375","0","48.25","119","0","8.1","837","7","13","0.35","-215.71428571428572","2928.5714285714284","34.05","41","85","8","837","0","20","0","0","0","49.75","0","84","0","837","2","18","0.1","-6885","8750","53.35","17","63","9.5","837","2","18","0.1","-11610","12500","38.85","5","56","7","837","2","18","0.1","-15980","16500","38.1","9","28","7.5","837","0","20","0","0","0","43.7","0","61","0"
,"838","20","0","1","1075.375","0","48.25","119","0","8.1","838","7","13","0.35","-220.71428571428572","2928.5714285714284","34.05","41","85","8","838","0","20","0","0","0","49.75","0","84","0","838","2","18","0.1","-6905","8750","53.35","17","63","9.5","838","2","18","0.1","-11640","12500","38.85","5","56","7","838","2","18","0.1","-15770","16750","38.1","9","28","7.5","838","0","20","0","0","0","43.7","0","61","0"
,"839","20","0","1","1075.375","0","48.25","119","0","8.1","839","7","13","0.35","-225.71428571428572","2928.5714285714284","34.05","41","85","8","839","0","20","0","0","0","49.75","0","84","0","839","2","18","0.1","-6925","8750","53.35","17","63","9.5","839","2","18","0.1","-11670","12500","38.85","5","56","7","839","2","18","0.1","-15810","16750","38.1","9","28","7.5","839","0","20","0","0","0","43.7","0","61","0"
,"840","20","0","1","1075.375","0","48.25","119","0","8.1","840","7","13","0.35","-230.71428571428572","2928.5714285714284","34.05","41","85","8","840","0","20","0","0","0","49.75","0","84","0","840","2","18","0.1","-6945","8750","53.35","17","63","9.5","840","2","18","0.1","-11700","12500","38.85","5","56","7","840","2","18","0.1","-15850","16750","38.1","9","28","7.5","840","0","20","0","0","0","43.7","0","61","0"
,"841","20","0","1","1075.375","0","48.25","119","0","8.1","841","7","13","0.35","-235.71428571428572","2928.5714285714284","34.05","41","85","8","841","0","20","0","0","0","49.75","0","84","0","841","2","18","0.1","-6965","8750","53.35","17","63","9.5","841","2","18","0.1","-11730","12500","38.85","5","56","7","841","2","18","0.1","-15890","16750","38.1","9","28","7.5","841","0","20","0","0","0","43.7","0","61","0"
,"842","20","0","1","1075.375","0","48.25","119","0","8.1","842","7","13","0.35","-240.71428571428572","2928.5714285714284","34.05","41","85","8","842","0","20","0","0","0","49.75","0","84","0","842","2","18","0.1","-6985","8750","53.35","17","63","9.5","842","2","18","0.1","-11760","12500","38.85","5","56","7","842","2","18","0.1","-15930","16750","38.1","9","28","7.5","842","0","20","0","0","0","43.7","0","61","0"
,"843","20","0","1","1075.375","0","48.25","119","0","8.1","843","7","13","0.35","-245.71428571428572","2928.5714285714284","34.05","41","85","8","843","0","20","0","0","0","49.75","0","84","0","843","2","18","0.1","-7005","8750","53.35","17","63","9.5","843","2","18","0.1","-11790","12500","38.85","5","56","7","843","2","18","0.1","-15970","16750","38.1","9","28","7.5","843","0","20","0","0","0","43.7","0","61","0"
,"844","20","0","1","1075.375","0","48.25","119","0","8.1","844","7","13","0.35","-250.71428571428572","2928.5714285714284","34.05","41","85","8","844","0","20","0","0","0","49.75","0","84","0","844","2","18","0.1","-7025","8750","53.35","17","63","9.5","844","2","18","0.1","-11820","12500","38.85","5","56","7","844","2","18","0.1","-16010","16750","38.1","9","28","7.5","844","0","20","0","0","0","43.7","0","61","0"
,"845","20","0","1","1075.375","0","48.25","119","0","8.1","845","7","13","0.35","-255.71428571428572","2928.5714285714284","34.05","41","85","8","845","0","20","0","0","0","49.75","0","84","0","845","2","18","0.1","-7045","8750","53.35","17","63","9.5","845","2","18","0.1","-11850","12500","38.85","5","56","7","845","2","18","0.1","-16050","16750","38.1","9","28","7.5","845","0","20","0","0","0","43.7","0","61","0"
,"846","20","0","1","1075.375","0","48.25","119","0","8.1","846","7","13","0.35","-260.7142857142857","2928.5714285714284","34.05","41","85","8","846","0","20","0","0","0","49.75","0","84","0","846","2","18","0.1","-7065","8750","53.35","17","63","9.5","846","2","18","0.1","-11880","12500","38.85","5","56","7","846","2","18","0.1","-16090","16750","38.1","9","28","7.5","846","0","20","0","0","0","43.7","0","61","0"
,"847","20","0","1","1075.375","0","48.25","119","0","8.1","847","7","13","0.35","-265.7142857142857","2928.5714285714284","34.05","41","85","8","847","0","20","0","0","0","49.75","0","84","0","847","2","18","0.1","-7085","8750","53.35","17","63","9.5","847","2","18","0.1","-11910","12500","38.85","5","56","7","847","2","18","0.1","-16130","16750","38.1","9","28","7.5","847","0","20","0","0","0","43.7","0","61","0"
,"848","20","0","1","1075.375","0","48.25","119","0","8.1","848","7","13","0.35","-270.7142857142857","2928.5714285714284","34.05","41","85","8","848","0","20","0","0","0","49.75","0","84","0","848","2","18","0.1","-7105","8750","53.35","17","63","9.5","848","2","18","0.1","-11940","12500","38.85","5","56","7","848","2","18","0.1","-16170","16750","38.1","9","28","7.5","848","0","20","0","0","0","43.7","0","61","0"
,"849","20","0","1","1075.375","0","48.25","119","0","8.1","849","7","13","0.35","-275.7142857142857","2928.5714285714284","34.05","41","85","8","849","0","20","0","0","0","49.75","0","84","0","849","2","18","0.1","-7125","8750","53.35","17","63","9.5","849","2","18","0.1","-11970","12500","38.85","5","56","7","849","2","18","0.1","-16210","16750","38.1","9","28","7.5","849","0","20","0","0","0","43.7","0","61","0"
,"850","20","0","1","1075.375","0","48.25","119","0","8.1","850","7","13","0.35","-280.7142857142857","2928.5714285714284","34.05","41","85","8","850","0","20","0","0","0","49.75","0","84","0","850","2","18","0.1","-7145","8750","53.35","17","63","9.5","850","2","18","0.1","-12000","12500","38.85","5","56","7","850","2","18","0.1","-16250","16750","38.1","9","28","7.5","850","0","20","0","0","0","43.7","0","61","0"
,"851","20","0","1","1075.375","0","48.25","119","0","8.1","851","7","13","0.35","-285.7142857142857","2928.5714285714284","34.05","41","85","8","851","0","20","0","0","0","49.75","0","84","0","851","2","18","0.1","-7165","8750","53.35","17","63","9.5","851","2","18","0.1","-11780","12750","38.85","5","56","7","851","2","18","0.1","-16040","17000","38.1","9","28","7.5","851","0","20","0","0","0","43.7","0","61","0"
,"852","20","0","1","1075.375","0","48.25","119","0","8.1","852","7","13","0.35","-219.28571428571428","3000","34.05","41","85","8","852","0","20","0","0","0","49.75","0","84","0","852","2","18","0.1","-7185","8750","53.35","17","63","9.5","852","2","18","0.1","-11810","12750","38.85","5","56","7","852","2","18","0.1","-16080","17000","38.1","9","28","7.5","852","0","20","0","0","0","43.7","0","61","0"
,"853","20","0","1","1075.375","0","48.25","119","0","8.1","853","7","13","0.35","-224.28571428571428","3000","34.05","41","85","8","853","0","20","0","0","0","49.75","0","84","0","853","2","18","0.1","-7205","8750","53.35","17","63","9.5","853","2","18","0.1","-11840","12750","38.85","5","56","7","853","2","18","0.1","-16120","17000","38.1","9","28","7.5","853","0","20","0","0","0","43.7","0","61","0"
,"854","20","0","1","1075.375","0","48.25","119","0","8.1","854","7","13","0.35","-229.28571428571428","3000","34.05","41","85","8","854","0","20","0","0","0","49.75","0","84","0","854","2","18","0.1","-7225","8750","53.35","17","63","9.5","854","2","18","0.1","-11870","12750","38.85","5","56","7","854","2","18","0.1","-16160","17000","38.1","9","28","7.5","854","0","20","0","0","0","43.7","0","61","0"
,"855","20","0","1","1075.375","0","48.25","119","0","8.1","855","7","13","0.35","-234.28571428571428","3000","34.05","41","85","8","855","0","20","0","0","0","49.75","0","84","0","855","2","18","0.1","-7245","8750","53.35","17","63","9.5","855","2","18","0.1","-11900","12750","38.85","5","56","7","855","2","18","0.1","-16200","17000","38.1","9","28","7.5","855","0","20","0","0","0","43.7","0","61","0"
,"856","20","0","1","1075.375","0","48.25","119","0","8.1","856","7","13","0.35","-239.28571428571428","3000","34.05","41","85","8","856","0","20","0","0","0","49.75","0","84","0","856","2","18","0.1","-7265","8750","53.35","17","63","9.5","856","2","18","0.1","-11930","12750","38.85","5","56","7","856","2","18","0.1","-16240","17000","38.1","9","28","7.5","856","0","20","0","0","0","43.7","0","61","0"
,"857","20","0","1","1075.375","0","48.25","119","0","8.1","857","7","13","0.35","-244.28571428571428","3000","34.05","41","85","8","857","0","20","0","0","0","49.75","0","84","0","857","2","18","0.1","-7285","8750","53.35","17","63","9.5","857","2","18","0.1","-11960","12750","38.85","5","56","7","857","2","18","0.1","-16280","17000","38.1","9","28","7.5","857","0","20","0","0","0","43.7","0","61","0"
,"858","20","0","1","1075.375","0","48.25","119","0","8.1","858","7","13","0.35","-249.28571428571428","3000","34.05","41","85","8","858","0","20","0","0","0","49.75","0","84","0","858","2","18","0.1","-7305","8750","53.35","17","63","9.5","858","2","18","0.1","-11990","12750","38.85","5","56","7","858","2","18","0.1","-16320","17000","38.1","9","28","7.5","858","0","20","0","0","0","43.7","0","61","0"
,"859","20","0","1","1075.375","0","48.25","119","0","8.1","859","7","13","0.35","-254.28571428571428","3000","34.05","41","85","8","859","0","20","0","0","0","49.75","0","84","0","859","2","18","0.1","-7325","8750","53.35","17","63","9.5","859","2","18","0.1","-12020","12750","38.85","5","56","7","859","2","18","0.1","-16360","17000","38.1","9","28","7.5","859","0","20","0","0","0","43.7","0","61","0"
,"860","20","0","1","1075.375","0","48.25","119","0","8.1","860","7","13","0.35","-259.2857142857143","3000","34.05","41","85","8","860","0","20","0","0","0","49.75","0","84","0","860","2","18","0.1","-7345","8750","53.35","17","63","9.5","860","2","18","0.1","-12050","12750","38.85","5","56","7","860","2","18","0.1","-16400","17000","38.1","9","28","7.5","860","0","20","0","0","0","43.7","0","61","0"
,"861","20","0","1","1075.375","0","48.25","119","0","8.1","861","7","13","0.35","-264.2857142857143","3000","34.05","41","85","8","861","0","20","0","0","0","49.75","0","84","0","861","2","18","0.1","-7115","9000","53.35","17","63","9.5","861","2","18","0.1","-12080","12750","38.85","5","56","7","861","2","18","0.1","-16440","17000","38.1","9","28","7.5","861","0","20","0","0","0","43.7","0","61","0"
,"862","20","0","1","1075.375","0","48.25","119","0","8.1","862","7","13","0.35","-269.2857142857143","3000","34.05","41","85","8","862","0","20","0","0","0","49.75","0","84","0","862","2","18","0.1","-7135","9000","53.35","17","63","9.5","862","2","18","0.1","-12110","12750","38.85","5","56","7","862","2","18","0.1","-16480","17000","38.1","9","28","8","862","0","20","0","0","0","43.7","0","61","0"
,"863","20","0","1","1075.375","0","48.25","119","0","8.1","863","7","13","0.35","-274.2857142857143","3000","34.05","41","85","8","863","0","20","0","0","0","49.75","0","84","0","863","2","18","0.1","-7155","9000","53.35","17","63","9.5","863","2","18","0.1","-12140","12750","38.85","5","56","7","863","2","18","0.1","-16270","17250","38.1","9","28","8","863","0","20","0","0","0","43.7","0","61","0"
,"864","20","0","1","1075.375","0","48.25","119","0","8.1","864","7","13","0.35","-279.2857142857143","3000","34.05","41","85","8","864","0","20","0","0","0","49.75","0","84","0","864","2","18","0.1","-7175","9000","53.35","17","63","9.5","864","2","18","0.1","-12170","12750","38.85","5","56","7","864","2","18","0.1","-16310","17250","38.1","9","28","8","864","0","20","0","0","0","43.7","0","61","0"
,"865","20","0","1","1075.375","0","48.25","119","0","8.1","865","7","13","0.35","-284.2857142857143","3000","34.05","41","85","8","865","0","20","0","0","0","49.75","0","84","0","865","2","18","0.1","-7195","9000","53.35","17","63","9.5","865","2","18","0.1","-12200","12750","38.85","5","56","7","865","2","18","0.1","-16350","17250","38.1","9","28","8","865","0","20","0","0","0","43.7","0","61","0"
,"866","20","0","1","1075.375","0","48.25","119","0","8.1","866","7","13","0.35","-289.2857142857143","3000","34.05","41","85","8","866","0","20","0","0","0","49.75","0","84","0","866","2","18","0.1","-7215","9000","53.35","17","63","9.5","866","2","18","0.1","-12230","12750","38.85","5","56","7","866","2","18","0.1","-16390","17250","38.1","9","28","8","866","0","20","0","0","0","43.7","0","61","0"
,"867","20","0","1","1075.375","0","48.25","119","0","8.1","867","7","13","0.35","-294.2857142857143","3000","34.05","41","85","8","867","0","20","0","0","0","49.75","0","84","0","867","2","18","0.1","-7235","9000","53.35","17","63","9.5","867","2","18","0.1","-12010","13000","38.85","5","56","7","867","2","18","0.1","-16430","17250","38.1","9","28","8","867","0","20","0","0","0","43.7","0","61","0"
,"868","20","0","1","1075.375","0","48.25","119","0","8.1","868","7","13","0.35","-299.2857142857143","3000","34.05","41","85","8","868","0","20","0","0","0","49.75","0","84","0","868","2","18","0.1","-7255","9000","53.35","17","63","9.5","868","2","18","0.1","-12040","13000","38.85","5","56","7","868","2","18","0.1","-16470","17250","38.1","9","28","8","868","0","20","0","0","0","43.7","0","61","0"
,"869","20","0","1","1075.375","0","48.25","119","0","8.1","869","7","13","0.35","-304.2857142857143","3000","34.05","41","85","8","869","0","20","0","0","0","49.75","0","84","0","869","2","18","0.1","-7275","9000","53.35","17","63","9.5","869","2","18","0.1","-12070","13000","38.85","5","56","7","869","2","18","0.1","-16510","17250","38.1","9","28","8","869","0","20","0","0","0","43.7","0","61","0"
,"870","20","0","1","1075.375","0","48.25","119","0","8.1","870","7","13","0.35","-309.2857142857143","3000","34.05","41","85","8","870","0","20","0","0","0","49.75","0","84","0","870","2","18","0.1","-7295","9000","53.35","17","63","9.5","870","2","18","0.1","-12100","13000","38.85","5","56","7","870","2","18","0.1","-16550","17250","38.1","9","28","8","870","0","20","0","0","0","43.7","0","61","0"
,"871","20","0","1","1075.375","0","48.25","119","0","8.1","871","7","13","0.35","-314.2857142857143","3000","34.05","41","85","8","871","0","20","0","0","0","49.75","0","84","0","871","2","18","0.1","-7315","9000","53.35","17","63","9.5","871","2","18","0.1","-12130","13000","38.85","5","56","7","871","2","18","0.1","-16590","17250","38.1","9","28","8","871","0","20","0","0","0","43.7","0","61","0"
,"872","20","0","1","1075.375","0","48.25","119","0","8.1","872","7","13","0.35","-319.2857142857143","3000","34.05","41","85","8","872","0","20","0","0","0","49.75","0","84","0","872","2","18","0.1","-7335","9000","53.35","17","63","9.5","872","2","18","0.1","-12160","13000","38.85","5","56","7","872","2","18","0.1","-16630","17250","38.1","9","28","8","872","0","20","0","0","0","43.7","0","61","0"
,"873","20","0","1","1075.375","0","48.25","119","0","8.1","873","7","13","0.35","-324.2857142857143","3000","34.05","41","85","8","873","0","20","0","0","0","49.75","0","84","0","873","2","18","0.1","-7355","9000","53.35","17","63","9.5","873","2","18","0.1","-12190","13000","38.85","5","56","7","873","2","18","0.1","-16670","17250","38.1","9","28","8","873","0","20","0","0","0","43.7","0","61","0"
,"874","20","0","1","1075.375","0","48.25","119","0","8.1","874","7","13","0.35","-329.2857142857143","3000","34.05","41","85","8","874","0","20","0","0","0","49.75","0","84","0","874","2","18","0.1","-7375","9000","53.35","17","63","9.5","874","2","18","0.1","-12220","13000","38.85","5","56","7","874","2","18","0.1","-16710","17250","38.1","9","28","8","874","0","20","0","0","0","43.7","0","61","0"
,"875","20","0","1","1075.375","0","48.25","119","0","8.1","875","7","13","0.35","-334.2857142857143","3000","34.05","41","85","8","875","0","20","0","0","0","49.75","0","84","0","875","2","18","0.1","-7395","9000","53.35","17","63","9.5","875","2","18","0.1","-12250","13000","38.85","5","56","7","875","2","18","0.1","-16750","17250","38.1","9","28","8","875","0","20","0","0","0","43.7","0","61","0"
,"876","20","0","1","1075.375","0","48.25","119","0","8.1","876","7","13","0.35","-339.2857142857143","3000","34.05","41","85","8","876","0","20","0","0","0","49.75","0","84","0","876","2","18","0.1","-7415","9000","53.35","17","63","9.5","876","2","18","0.1","-12280","13000","38.85","5","56","7","876","2","18","0.1","-16540","17500","38.1","9","28","8","876","0","20","0","0","0","43.7","0","61","0"
,"877","20","0","1","1075.375","0","48.25","119","0","8.1","877","7","13","0.35","-344.2857142857143","3000","34.05","41","85","8","877","0","20","0","0","0","49.75","0","84","0","877","2","18","0.1","-7435","9000","53.35","17","63","9.5","877","2","18","0.1","-12310","13000","38.85","5","56","7","877","2","18","0.1","-16580","17500","38.1","9","28","8","877","0","20","0","0","0","43.7","0","61","0"
,"878","20","0","1","1075.375","0","48.25","119","0","8.1","878","7","13","0.35","-349.2857142857143","3000","34.05","41","85","8","878","0","20","0","0","0","49.75","0","84","0","878","2","18","0.1","-7455","9000","53.35","17","63","9.5","878","2","18","0.1","-12340","13000","38.85","5","56","7","878","2","18","0.1","-16620","17500","38.1","9","28","8","878","0","20","0","0","0","43.7","0","61","0"
,"879","20","0","1","1075.375","0","48.25","119","0","8.1","879","7","13","0.35","-354.2857142857143","3000","34.05","41","85","8","879","0","20","0","0","0","49.75","0","84","0","879","2","18","0.1","-7475","9000","53.35","17","63","9.5","879","2","18","0.1","-12370","13000","38.85","5","56","7","879","2","18","0.1","-16660","17500","38.1","9","28","8","879","0","20","0","0","0","43.7","0","61","0"
,"880","20","0","1","1075.375","0","48.25","119","0","8.1","880","7","13","0.35","-359.2857142857143","3000","34.05","41","85","8","880","0","20","0","0","0","49.75","0","84","0","880","2","18","0.1","-7495","9000","53.35","17","63","9.5","880","2","18","0.1","-12400","13000","38.85","5","56","7","880","2","18","0.1","-16700","17500","38.1","9","28","8","880","0","20","0","0","0","43.7","0","61","0"
,"881","20","0","1","1075.375","0","48.25","119","0","8.1","881","7","13","0.35","-364.2857142857143","3000","34.05","41","85","8","881","0","20","0","0","0","49.75","0","84","0","881","2","18","0.1","-7515","9000","53.35","17","63","9.5","881","2","18","0.1","-12430","13000","38.85","5","56","7","881","2","18","0.1","-16740","17500","38.1","9","28","8","881","0","20","0","0","0","43.7","0","61","0"
,"882","20","0","1","1075.375","0","48.25","119","0","8.1","882","7","13","0.35","-369.2857142857143","3000","34.05","41","85","8","882","0","20","0","0","0","49.75","0","84","0","882","2","18","0.1","-7535","9000","53.35","17","63","9.5","882","2","18","0.1","-12460","13000","38.85","5","56","7","882","2","18","0.1","-16780","17500","38.1","9","28","8","882","0","20","0","0","0","43.7","0","61","0"
,"883","20","0","1","1075.375","0","48.25","119","0","8.1","883","7","13","0.35","-374.2857142857143","3000","34.05","41","85","8","883","0","20","0","0","0","49.75","0","84","0","883","2","18","0.1","-7555","9000","53.35","17","63","9.5","883","2","18","0.1","-12490","13000","38.85","5","56","7","883","2","18","0.1","-16820","17500","38.1","9","28","8","883","0","20","0","0","0","43.7","0","61","0"
,"884","20","0","1","1075.375","0","48.25","119","0","8.1","884","7","13","0.35","-379.2857142857143","3000","34.05","41","85","8","884","0","20","0","0","0","49.75","0","84","0","884","2","18","0.1","-7575","9000","53.35","17","63","9.5","884","2","18","0.1","-12270","13250","38.85","5","56","7","884","2","18","0.1","-16860","17500","38.1","9","28","8","884","0","20","0","0","0","43.7","0","61","0"
,"885","20","0","1","1075.375","0","48.25","119","0","8.1","885","7","13","0.35","-384.2857142857143","3000","34.05","41","85","8","885","0","20","0","0","0","49.75","0","84","0","885","2","18","0.1","-7595","9000","53.35","17","63","9.5","885","2","18","0.1","-12300","13250","38.85","5","56","7","885","2","18","0.1","-16900","17500","38.1","9","28","8","885","0","20","0","0","0","43.7","0","61","0"
,"886","20","0","1","1075.375","0","48.25","119","0","8.1","886","7","13","0.35","-389.2857142857143","3000","34.05","41","85","8","886","0","20","0","0","0","49.75","0","84","0","886","2","18","0.1","-7365","9250","53.35","17","63","9.5","886","2","18","0.1","-12330","13250","38.85","5","56","7","886","2","18","0.1","-16940","17500","38.1","9","28","8","886","0","20","0","0","0","43.7","0","61","0"
,"887","20","0","1","1075.375","0","48.25","119","0","8.1","887","7","13","0.35","-394.2857142857143","3000","34.05","41","85","8","887","0","20","0","0","0","49.75","0","84","0","887","2","18","0.1","-7385","9250","53.35","17","63","9.5","887","2","18","0.1","-12360","13250","38.85","5","56","7","887","2","18","0.1","-16980","17500","38.1","9","28","8","887","0","20","0","0","0","43.7","0","61","0"
,"888","20","0","1","1075.375","0","48.25","119","0","8.1","888","7","13","0.35","-399.2857142857143","3000","34.05","41","85","8","888","0","20","0","0","0","49.75","0","84","0","888","2","18","0.1","-7405","9250","53.35","17","63","9.5","888","2","18","0.1","-12390","13250","38.85","5","56","7","888","2","18","0.1","-16770","17750","38.1","9","28","8","888","0","20","0","0","0","43.7","0","61","0"
,"889","20","0","1","1075.375","0","48.25","119","0","8.1","889","7","13","0.35","-404.2857142857143","3000","34.05","41","85","8","889","0","20","0","0","0","49.75","0","84","0","889","2","18","0.1","-7425","9250","53.35","17","63","9.5","889","2","18","0.1","-12420","13250","38.85","5","56","7","889","2","18","0.1","-16810","17750","38.1","9","28","8","889","0","20","0","0","0","43.7","0","61","0"
,"890","20","0","1","1075.375","0","48.25","119","0","8.1","890","7","13","0.35","-409.2857142857143","3000","34.05","41","85","8","890","0","20","0","0","0","49.75","0","84","0","890","2","18","0.1","-7445","9250","53.35","17","63","9.5","890","2","18","0.1","-12450","13250","38.85","5","56","7","890","2","18","0.1","-16850","17750","38.1","9","28","8","890","0","20","0","0","0","43.7","0","61","0"
,"891","20","0","1","1075.375","0","48.25","121","0","8.15","891","7","13","0.35","-414.2857142857143","3000","34.05","41","85","8","891","0","20","0","0","0","49.75","0","84","0","891","2","18","0.1","-7465","9250","53.35","17","63","9.5","891","2","18","0.1","-12480","13250","38.85","5","56","7","891","2","18","0.1","-16890","17750","38.1","9","28","8","891","0","20","0","0","0","43.7","0","61","0"
,"892","20","0","1","1075.375","0","48.25","121","0","8.15","892","7","13","0.35","-419.2857142857143","3000","34.05","41","85","8","892","0","20","0","0","0","49.75","0","84","0","892","2","18","0.1","-7485","9250","53.35","17","63","9.5","892","2","18","0.1","-12510","13250","38.85","5","56","7","892","2","18","0.1","-16930","17750","38.1","9","28","8","892","0","20","0","0","0","43.7","0","61","0"
,"893","20","0","1","1075.375","0","48.25","121","0","8.15","893","7","13","0.35","-424.2857142857143","3000","34.05","41","85","8","893","0","20","0","0","0","49.75","0","84","0","893","2","18","0.1","-7505","9250","53.35","17","63","9.5","893","2","18","0.1","-12540","13250","38.85","5","56","7","893","2","18","0.1","-16970","17750","38.1","9","28","8","893","0","20","0","0","0","43.7","0","61","0"
,"894","20","0","1","1075.375","0","48.25","121","0","8.15","894","7","13","0.35","-429.2857142857143","3000","34.05","41","85","8","894","0","20","0","0","0","49.75","0","84","0","894","2","18","0.1","-7525","9250","53.35","17","63","9.5","894","2","18","0.1","-12570","13250","38.85","5","56","7","894","2","18","0.1","-17010","17750","38.1","9","28","8","894","0","20","0","0","0","43.7","0","61","0"
,"895","20","0","1","1075.375","0","48.25","121","0","8.15","895","7","13","0.35","-434.2857142857143","3000","34.05","41","85","8","895","0","20","0","0","0","49.75","0","84","0","895","2","18","0.1","-7545","9250","53.35","17","63","9.5","895","2","18","0.1","-12600","13250","38.85","5","56","7","895","2","18","0.1","-17050","17750","38.1","9","28","8","895","0","20","0","0","0","43.7","0","61","0"
,"896","20","0","1","1075.375","0","48.25","121","0","8.15","896","7","13","0.35","-439.2857142857143","3000","34.05","41","85","8","896","0","20","0","0","0","49.75","0","84","0","896","2","18","0.1","-7565","9250","53.35","17","63","9.5","896","2","18","0.1","-12630","13250","38.85","5","56","7","896","2","18","0.1","-17090","17750","38.1","9","28","8","896","0","20","0","0","0","43.7","0","61","0"
,"897","20","0","1","1075.375","0","48.25","121","0","8.15","897","7","13","0.35","-444.2857142857143","3000","34.05","41","85","8","897","0","20","0","0","0","49.75","0","84","0","897","2","18","0.1","-7585","9250","53.35","17","63","9.5","897","2","18","0.1","-12660","13250","38.85","5","56","7","897","2","18","0.1","-17130","17750","38.1","9","28","8","897","0","20","0","0","0","43.7","0","61","0"
,"898","20","0","1","1075.375","0","48.25","121","0","8.15","898","7","13","0.35","-449.2857142857143","3000","34.05","41","85","8","898","0","20","0","0","0","49.75","0","84","0","898","2","18","0.1","-7605","9250","53.35","17","63","9.5","898","2","18","0.1","-12690","13250","38.85","5","56","7","898","2","18","0.1","-17170","17750","38.1","9","28","8","898","0","20","0","0","0","43.7","0","61","0"
,"899","20","0","1","1075.375","0","48.25","121","0","8.15","899","7","13","0.35","-454.2857142857143","3000","34.05","41","85","8","899","0","20","0","0","0","49.75","0","84","0","899","2","18","0.1","-7625","9250","53.35","17","63","9.5","899","2","18","0.1","-12720","13250","38.85","5","56","7","899","2","18","0.1","-17210","17750","38.1","9","28","8","899","0","20","0","0","0","43.7","0","61","0"
,"900","20","0","1","1075.375","0","48.25","121","0","8.15","900","7","13","0.35","-459.2857142857143","3000","34.05","41","85","8","900","0","20","0","0","0","49.75","0","84","0","900","2","18","0.1","-7645","9250","53.35","17","63","9.5","900","2","18","0.1","-12750","13250","38.85","5","56","7","900","2","18","0.1","-17250","17750","38.1","9","28","8","900","0","20","0","0","0","43.7","0","61","0"
,"901","20","0","1","1075.375","0","48.25","121","0","8.15","901","6","14","0.3","-207.5","3250","34.05","38","88","8.166666666666666","901","0","20","0","0","0","49.75","0","84","0","901","2","18","0.1","-7665","9250","53.35","17","63","9.5","901","2","18","0.1","-12530","13500","38.85","5","56","7","901","2","18","0.1","-17040","18000","38.1","9","28","8","901","0","20","0","0","0","43.7","0","61","0"
,"902","20","0","1","1075.375","0","48.25","121","0","8.15","902","6","14","0.3","-212.5","3250","34.05","38","88","8.166666666666666","902","0","20","0","0","0","49.75","0","84","0","902","2","18","0.1","-7685","9250","53.35","17","63","9.5","902","2","18","0.1","-12560","13500","38.85","5","56","7","902","2","18","0.1","-17080","18000","38.1","9","28","8","902","0","20","0","0","0","43.7","0","61","0"
,"903","20","0","1","1075.375","0","48.25","121","0","8.15","903","6","14","0.3","-217.5","3250","34.05","38","88","8.166666666666666","903","0","20","0","0","0","49.75","0","84","0","903","2","18","0.1","-7705","9250","53.35","17","63","9.5","903","2","18","0.1","-12590","13500","38.85","5","56","7","903","2","18","0.1","-17120","18000","38.1","9","28","8","903","0","20","0","0","0","43.7","0","61","0"
,"904","20","0","1","1075.375","0","48.25","121","0","8.15","904","6","14","0.3","-222.5","3250","34.05","38","88","8.166666666666666","904","0","20","0","0","0","49.75","0","84","0","904","2","18","0.1","-7725","9250","53.35","17","63","9.5","904","2","18","0.1","-12620","13500","38.85","5","56","7","904","2","18","0.1","-17160","18000","38.1","9","28","8","904","0","20","0","0","0","43.7","0","61","0"
,"905","20","0","1","1075.375","0","48.25","121","0","8.15","905","6","14","0.3","-227.5","3250","34.05","38","88","8.166666666666666","905","0","20","0","0","0","49.75","0","84","0","905","2","18","0.1","-7745","9250","53.35","17","63","9.5","905","2","18","0.1","-12650","13500","38.85","5","56","7","905","2","18","0.1","-17200","18000","38.1","9","28","8","905","0","20","0","0","0","43.7","0","61","0"
,"906","20","0","1","1075.375","0","48.25","121","0","8.15","906","6","14","0.3","-232.5","3250","34.05","38","88","8.166666666666666","906","0","20","0","0","0","49.75","0","84","0","906","2","18","0.1","-7765","9250","53.35","17","63","9.5","906","2","18","0.1","-12680","13500","38.85","5","56","7","906","2","18","0.1","-17240","18000","38.1","9","28","8","906","0","20","0","0","0","43.7","0","61","0"
,"907","20","0","1","1075.375","0","48.25","121","0","8.15","907","6","14","0.3","-237.5","3250","34.05","38","88","8.166666666666666","907","0","20","0","0","0","49.75","0","84","0","907","2","18","0.1","-7785","9250","53.35","17","63","9.5","907","2","18","0.1","-12710","13500","38.85","5","56","7","907","2","18","0.1","-17280","18000","38.1","9","28","8","907","0","20","0","0","0","43.7","0","61","0"
,"908","20","0","1","1075.375","0","48.25","121","0","8.15","908","6","14","0.3","-242.5","3250","34.05","38","88","8.166666666666666","908","0","20","0","0","0","49.75","0","84","0","908","2","18","0.1","-7805","9250","53.35","17","63","9.5","908","2","18","0.1","-12740","13500","38.85","5","56","7","908","2","18","0.1","-17320","18000","38.1","9","28","8","908","0","20","0","0","0","43.7","0","61","0"
,"909","20","0","1","1075.375","0","48.25","121","0","8.15","909","6","14","0.3","-247.5","3250","34.05","38","88","8.166666666666666","909","0","20","0","0","0","49.75","0","84","0","909","2","18","0.1","-7825","9250","53.35","17","63","9.5","909","2","18","0.1","-12770","13500","38.85","5","56","7","909","2","18","0.1","-17360","18000","38.1","9","28","8","909","0","20","0","0","0","43.7","0","61","0"
,"910","20","0","1","1075.375","0","48.25","121","0","8.15","910","6","14","0.3","-252.5","3250","34.05","38","88","8.166666666666666","910","0","20","0","0","0","49.75","0","84","0","910","2","18","0.1","-7845","9250","53.35","17","63","9.5","910","2","18","0.1","-12800","13500","38.85","5","56","7","910","2","18","0.1","-17400","18000","38.1","9","28","8","910","0","20","0","0","0","43.7","0","61","0"
,"911","20","0","1","1075.375","0","48.25","121","0","8.15","911","6","14","0.3","-257.5","3250","34.05","38","88","8.166666666666666","911","0","20","0","0","0","49.75","0","84","0","911","2","18","0.1","-7615","9500","53.35","17","63","9.5","911","2","18","0.1","-12830","13500","38.85","5","56","7","911","2","18","0.1","-17440","18000","38.1","9","28","8","911","0","20","0","0","0","43.7","0","61","0"
,"912","20","0","1","1075.375","0","48.25","121","0","8.15","912","6","14","0.3","-262.5","3250","34.05","38","88","8.166666666666666","912","0","20","0","0","0","49.75","0","84","0","912","2","18","0.1","-7635","9500","53.35","17","63","9.5","912","2","18","0.1","-12860","13500","38.85","5","56","7","912","2","18","0.1","-17480","18000","38.1","9","28","8","912","0","20","0","0","0","43.7","0","61","0"
,"913","20","0","1","1075.375","0","48.25","121","0","8.15","913","6","14","0.3","-267.5","3250","34.05","38","88","8.166666666666666","913","0","20","0","0","0","49.75","0","84","0","913","2","18","0.1","-7655","9500","53.35","17","63","9.5","913","2","18","0.1","-12890","13500","38.85","5","56","7","913","2","18","0.1","-17270","18250","38.1","9","28","8","913","0","20","0","0","0","43.7","0","61","0"
,"914","20","0","1","1075.375","0","48.25","121","0","8.15","914","6","14","0.3","-272.5","3250","34.05","38","88","8.166666666666666","914","0","20","0","0","0","49.75","0","84","0","914","2","18","0.1","-7675","9500","53.35","17","63","9.5","914","2","18","0.1","-12920","13500","38.85","5","56","7","914","2","18","0.1","-17310","18250","38.1","9","28","8","914","0","20","0","0","0","43.7","0","61","0"
,"915","20","0","1","1075.375","0","48.25","121","0","8.15","915","6","14","0.3","-277.5","3250","34.05","38","88","8.166666666666666","915","0","20","0","0","0","49.75","0","84","0","915","2","18","0.1","-7695","9500","53.35","17","63","9.5","915","2","18","0.1","-12950","13500","38.85","5","56","7","915","2","18","0.1","-17350","18250","38.1","9","28","8","915","0","20","0","0","0","43.7","0","61","0"
,"916","20","0","1","1075.375","0","48.25","121","0","8.15","916","6","14","0.3","-282.5","3250","34.05","38","88","8.166666666666666","916","0","20","0","0","0","49.75","0","84","0","916","2","18","0.1","-7715","9500","53.35","17","63","9.5","916","2","18","0.1","-12980","13500","38.85","5","56","7","916","2","18","0.1","-17390","18250","38.1","9","28","8","916","0","20","0","0","0","43.7","0","61","0"
,"917","20","0","1","1075.375","0","48.25","121","0","8.15","917","6","14","0.3","-287.5","3250","34.05","38","88","8.166666666666666","917","0","20","0","0","0","49.75","0","84","0","917","2","18","0.1","-7735","9500","53.35","17","63","9.5","917","2","18","0.1","-12760","13750","38.85","5","56","7","917","2","18","0.1","-17430","18250","38.1","9","28","8","917","0","20","0","0","0","43.7","0","61","0"
,"918","20","0","1","1075.375","0","48.25","121","0","8.15","918","6","14","0.3","-292.5","3250","34.05","38","88","8.166666666666666","918","0","20","0","0","0","49.75","0","84","0","918","2","18","0.1","-7755","9500","53.35","17","63","9.5","918","2","18","0.1","-12790","13750","38.85","5","56","7","918","2","18","0.1","-17470","18250","38.1","9","28","8","918","0","20","0","0","0","43.7","0","61","0"
,"919","20","0","1","1075.375","0","48.25","121","0","8.15","919","6","14","0.3","-297.5","3250","34.05","38","88","8.166666666666666","919","0","20","0","0","0","49.75","0","84","0","919","2","18","0.1","-7775","9500","53.35","17","63","9.5","919","2","18","0.1","-12820","13750","38.85","5","56","7","919","2","18","0.1","-17510","18250","38.1","9","28","8","919","0","20","0","0","0","43.7","0","61","0"
,"920","20","0","1","1075.375","0","48.25","121","0","8.15","920","6","14","0.3","-302.5","3250","34.05","38","88","8.166666666666666","920","0","20","0","0","0","49.75","0","84","0","920","2","18","0.1","-7795","9500","53.35","17","63","9.5","920","2","18","0.1","-12850","13750","38.85","5","56","7","920","2","18","0.1","-17550","18250","38.1","9","28","8","920","0","20","0","0","0","43.7","0","61","0"
,"921","20","0","1","1075.375","0","48.25","121","0","8.15","921","6","14","0.3","-307.5","3250","34.05","38","88","8.166666666666666","921","0","20","0","0","0","49.75","0","84","0","921","2","18","0.1","-7815","9500","53.35","17","63","9.5","921","2","18","0.1","-12880","13750","38.85","5","56","7","921","2","18","0.1","-17590","18250","38.1","9","28","8","921","0","20","0","0","0","43.7","0","61","0"
,"922","20","0","1","1075.375","0","48.25","121","0","8.15","922","6","14","0.3","-312.5","3250","34.05","38","88","8.166666666666666","922","0","20","0","0","0","49.75","0","84","0","922","2","18","0.1","-7835","9500","53.35","17","63","9.5","922","2","18","0.1","-12910","13750","38.85","5","56","7","922","2","18","0.1","-17630","18250","38.1","9","28","8","922","0","20","0","0","0","43.7","0","61","0"
,"923","20","0","1","1075.375","0","48.25","121","0","8.15","923","6","14","0.3","-317.5","3250","34.05","38","88","8.166666666666666","923","0","20","0","0","0","49.75","0","84","0","923","2","18","0.1","-7855","9500","53.35","17","63","9.5","923","2","18","0.1","-12940","13750","38.85","5","56","7","923","2","18","0.1","-17670","18250","38.1","9","28","8","923","0","20","0","0","0","43.7","0","61","0"
,"924","20","0","1","1075.375","0","48.25","121","0","8.15","924","6","14","0.3","-322.5","3250","34.05","38","88","8.166666666666666","924","0","20","0","0","0","49.75","0","84","0","924","2","18","0.1","-7875","9500","53.35","17","63","9.5","924","2","18","0.1","-12970","13750","38.85","5","56","7","924","2","18","0.1","-17710","18250","38.1","9","28","8","924","0","20","0","0","0","43.7","0","61","0"
,"925","20","0","1","1075.375","0","48.25","121","0","8.15","925","6","14","0.3","-327.5","3250","34.05","38","88","8.166666666666666","925","0","20","0","0","0","49.75","0","84","0","925","2","18","0.1","-7895","9500","53.35","17","63","9.5","925","2","18","0.1","-13000","13750","38.85","5","56","7","925","2","18","0.1","-17750","18250","38.1","9","28","8","925","0","20","0","0","0","43.7","0","61","0"
,"926","20","0","1","1075.375","0","48.25","121","0","8.15","926","6","14","0.3","-332.5","3250","34.05","38","88","8.166666666666666","926","0","20","0","0","0","49.75","0","84","0","926","2","18","0.1","-7915","9500","53.35","17","63","9.5","926","2","18","0.1","-13030","13750","38.85","5","56","7","926","2","18","0.1","-17540","18500","38.1","9","28","8","926","0","20","0","0","0","43.7","0","61","0"
,"927","20","0","1","1075.375","0","48.25","121","0","8.15","927","6","14","0.3","-337.5","3250","34.05","38","88","8.166666666666666","927","0","20","0","0","0","49.75","0","84","0","927","2","18","0.1","-7935","9500","53.35","17","63","9.5","927","2","18","0.1","-13060","13750","38.85","5","56","7","927","2","18","0.1","-17580","18500","38.1","9","28","8","927","0","20","0","0","0","43.7","0","61","0"
,"928","20","0","1","1075.375","0","48.25","121","0","8.15","928","6","14","0.3","-342.5","3250","34.05","38","88","8.166666666666666","928","0","20","0","0","0","49.75","0","84","0","928","2","18","0.1","-7955","9500","53.35","17","63","9.5","928","2","18","0.1","-13090","13750","38.85","5","56","7","928","2","18","0.1","-17620","18500","38.1","9","28","8","928","0","20","0","0","0","43.7","0","61","0"
,"929","20","0","1","1075.375","0","48.25","121","0","8.15","929","6","14","0.3","-347.5","3250","34.05","38","88","8.166666666666666","929","0","20","0","0","0","49.75","0","84","0","929","2","18","0.1","-7975","9500","53.35","17","63","9.5","929","2","18","0.1","-13120","13750","38.85","5","56","7","929","2","18","0.1","-17660","18500","38.1","9","28","8","929","0","20","0","0","0","43.7","0","61","0"
,"930","20","0","1","1075.375","0","48.25","121","0","8.15","930","6","14","0.3","-352.5","3250","34.05","38","88","8.166666666666666","930","0","20","0","0","0","49.75","0","84","0","930","2","18","0.1","-7995","9500","53.35","17","63","9.5","930","2","18","0.1","-13150","13750","38.85","5","56","7","930","2","18","0.1","-17700","18500","38.1","9","28","8","930","0","20","0","0","0","43.7","0","61","0"
,"931","20","0","1","1075.375","0","48.25","121","0","8.15","931","6","14","0.3","-357.5","3250","34.05","38","88","8.166666666666666","931","0","20","0","0","0","49.75","0","84","0","931","2","18","0.1","-8015","9500","53.35","17","63","9.5","931","2","18","0.1","-13180","13750","38.85","5","56","7","931","2","18","0.1","-17740","18500","38.1","9","28","8","931","0","20","0","0","0","43.7","0","61","0"
,"932","20","0","1","1075.375","0","48.25","121","0","8.15","932","6","14","0.3","-362.5","3250","34.05","38","88","8.166666666666666","932","0","20","0","0","0","49.75","0","84","0","932","2","18","0.1","-8035","9500","53.35","17","63","9.5","932","2","18","0.1","-13210","13750","38.85","5","56","7","932","2","18","0.1","-17780","18500","38.1","9","28","8","932","0","20","0","0","0","43.7","0","61","0"
,"933","20","0","1","1075.375","0","48.25","121","0","8.15","933","6","14","0.3","-367.5","3250","34.05","38","88","8.166666666666666","933","0","20","0","0","0","49.75","0","84","0","933","2","18","0.1","-8055","9500","53.35","17","63","9.5","933","2","18","0.1","-13240","13750","38.85","5","56","7","933","2","18","0.1","-17820","18500","38.1","9","28","8","933","0","20","0","0","0","43.7","0","61","0"
,"934","20","0","1","1075.375","0","48.25","121","0","8.15","934","6","14","0.3","-372.5","3250","34.05","38","88","8.166666666666666","934","0","20","0","0","0","49.75","0","84","0","934","2","18","0.1","-8075","9500","53.35","17","63","9.5","934","2","18","0.1","-13020","14000","38.85","5","56","7","934","2","18","0.1","-17860","18500","38.1","9","28","8","934","0","20","0","0","0","43.7","0","61","0"
,"935","20","0","1","1075.375","0","48.25","121","0","8.15","935","6","14","0.3","-377.5","3250","34.05","38","88","8.166666666666666","935","0","20","0","0","0","49.75","0","84","0","935","2","18","0.1","-8095","9500","53.35","17","63","9.5","935","2","18","0.1","-13050","14000","38.85","5","56","7","935","2","18","0.1","-17900","18500","38.1","9","28","8","935","0","20","0","0","0","43.7","0","61","0"
,"936","20","0","1","1075.375","0","48.25","121","0","8.15","936","6","14","0.3","-382.5","3250","34.05","38","88","8.166666666666666","936","0","20","0","0","0","49.75","0","84","0","936","2","18","0.1","-7865","9750","53.35","17","63","9.5","936","2","18","0.1","-13080","14000","38.85","5","56","7","936","2","18","0.1","-17940","18500","38.1","9","28","8","936","0","20","0","0","0","43.7","0","61","0"
,"937","20","0","1","1075.375","0","48.25","121","0","8.15","937","6","14","0.3","-387.5","3250","34.05","38","88","8.166666666666666","937","0","20","0","0","0","49.75","0","84","0","937","2","18","0.1","-7885","9750","53.35","17","63","9.5","937","2","18","0.1","-13110","14000","38.85","5","56","7","937","2","18","0.1","-17980","18500","38.1","9","28","8","937","0","20","0","0","0","43.7","0","61","0"
,"938","20","0","1","1075.375","0","48.25","121","0","8.15","938","6","14","0.3","-392.5","3250","34.05","38","88","8.166666666666666","938","0","20","0","0","0","49.75","0","84","0","938","2","18","0.1","-7905","9750","53.35","17","63","9.5","938","2","18","0.1","-13140","14000","38.85","5","56","7","938","2","18","0.1","-17770","18750","38.1","9","28","8","938","0","20","0","0","0","43.7","0","61","0"
,"939","20","0","1","1075.375","0","48.25","121","0","8.15","939","6","14","0.3","-397.5","3250","34.05","38","88","8.166666666666666","939","0","20","0","0","0","49.75","0","84","0","939","2","18","0.1","-7925","9750","53.35","17","63","9.5","939","2","18","0.1","-13170","14000","38.85","5","56","7","939","2","18","0.1","-17810","18750","38.1","9","28","8","939","0","20","0","0","0","43.7","0","61","0"
,"940","20","0","1","1075.375","0","48.25","121","0","8.2","940","6","14","0.3","-402.5","3250","34.05","38","88","8.166666666666666","940","0","20","0","0","0","49.75","0","84","0","940","2","18","0.1","-7945","9750","53.35","17","63","9.5","940","2","18","0.1","-13200","14000","38.85","5","56","7","940","2","18","0.1","-17850","18750","38.1","9","28","8","940","0","20","0","0","0","43.7","0","61","0"
,"941","20","0","1","1075.375","0","48.25","121","0","8.2","941","6","14","0.3","-407.5","3250","34.05","38","88","8.166666666666666","941","0","20","0","0","0","49.75","0","84","0","941","2","18","0.1","-7965","9750","53.35","17","63","9.5","941","2","18","0.1","-13230","14000","38.85","5","56","7","941","2","18","0.1","-17890","18750","38.1","9","28","8","941","0","20","0","0","0","43.7","0","61","0"
,"942","20","0","1","1075.375","0","48.25","121","0","8.2","942","6","14","0.3","-412.5","3250","34.05","38","88","8.166666666666666","942","0","20","0","0","0","49.75","0","84","0","942","2","18","0.1","-7985","9750","53.35","17","63","9.5","942","2","18","0.1","-13260","14000","38.85","5","56","7","942","2","18","0.1","-17930","18750","38.1","9","28","8","942","0","20","0","0","0","43.7","0","61","0"
,"943","20","0","1","1075.375","0","48.25","121","0","8.2","943","6","14","0.3","-417.5","3250","34.05","38","88","8.166666666666666","943","0","20","0","0","0","49.75","0","84","0","943","2","18","0.1","-8005","9750","53.35","17","63","9.5","943","2","18","0.1","-13290","14000","38.85","5","56","7","943","2","18","0.1","-17970","18750","38.1","9","28","8","943","0","20","0","0","0","43.7","0","61","0"
,"944","20","0","1","1075.375","0","48.25","121","0","8.2","944","6","14","0.3","-422.5","3250","34.05","38","88","8.166666666666666","944","0","20","0","0","0","49.75","0","84","0","944","2","18","0.1","-8025","9750","53.35","17","63","9.5","944","2","18","0.1","-13320","14000","38.85","5","56","7","944","2","18","0.1","-18010","18750","38.1","9","28","8","944","0","20","0","0","0","43.7","0","61","0"
,"945","20","0","1","1075.375","0","48.25","121","0","8.2","945","6","14","0.3","-427.5","3250","34.05","38","88","8.166666666666666","945","0","20","0","0","0","49.75","0","84","0","945","2","18","0.1","-8045","9750","53.35","17","63","9.5","945","2","18","0.1","-13350","14000","38.85","5","56","7","945","2","18","0.1","-18050","18750","38.1","9","28","8","945","0","20","0","0","0","43.7","0","61","0"
,"946","20","0","1","1075.375","0","48.25","121","0","8.25","946","6","14","0.3","-432.5","3250","34.05","38","88","8.166666666666666","946","0","20","0","0","0","49.75","0","84","0","946","2","18","0.1","-8065","9750","53.35","17","63","9.5","946","2","18","0.1","-13380","14000","38.85","5","56","7","946","2","18","0.1","-18090","18750","38.1","9","28","8","946","0","20","0","0","0","43.7","0","61","0"
,"947","20","0","1","1075.375","0","48.25","121","0","8.25","947","6","14","0.3","-437.5","3250","34.05","38","88","8.166666666666666","947","0","20","0","0","0","49.75","0","84","0","947","2","18","0.1","-8085","9750","53.35","17","63","9.5","947","2","18","0.1","-13410","14000","38.85","5","56","7","947","2","18","0.1","-18130","18750","38.1","9","28","8","947","0","20","0","0","0","43.7","0","61","0"
,"948","20","0","1","1075.375","0","48.25","121","0","8.25","948","6","14","0.3","-442.5","3250","34.05","38","88","8.166666666666666","948","0","20","0","0","0","49.75","0","84","0","948","2","18","0.1","-8105","9750","53.35","17","63","9.5","948","2","18","0.1","-13440","14000","38.85","5","56","7","948","2","18","0.1","-18170","18750","38.1","9","28","8","948","0","20","0","0","0","43.7","0","61","0"
,"949","20","0","1","1075.375","0","48.25","121","0","8.25","949","6","14","0.3","-447.5","3250","34.05","38","88","8.166666666666666","949","0","20","0","0","0","49.75","0","84","0","949","2","18","0.1","-8125","9750","53.35","17","63","9.5","949","2","18","0.1","-13470","14000","38.85","5","56","7","949","2","18","0.1","-18210","18750","38.1","9","28","8","949","0","20","0","0","0","43.7","0","61","0"
,"950","20","0","1","1075.375","0","48.25","121","0","8.25","950","6","14","0.3","-452.5","3250","34.05","38","88","8.166666666666666","950","0","20","0","0","0","49.75","0","84","0","950","2","18","0.1","-8145","9750","53.35","17","63","9.5","950","2","18","0.1","-13500","14000","38.85","5","56","7","950","2","18","0.1","-18250","18750","38.1","9","28","8","950","0","20","0","0","0","43.7","0","61","0"
,"951","20","0","1","1075.375","0","48.25","121","0","8.3","951","6","14","0.3","-457.5","3250","34.05","38","88","8.166666666666666","951","0","20","0","0","0","49.75","0","84","0","951","2","18","0.1","-8165","9750","53.35","17","63","9.5","951","2","18","0.1","-13280","14250","38.85","5","56","7","951","2","18","0.1","-18040","19000","38.1","9","28","8","951","0","20","0","0","0","43.7","0","61","0"
,"952","20","0","1","1075.375","0","48.25","121","0","8.3","952","6","14","0.3","-379.1666666666667","3333.3333333333335","34.05","38","88","8.166666666666666","952","0","20","0","0","0","49.75","0","84","0","952","2","18","0.1","-8185","9750","53.35","17","63","9.5","952","2","18","0.1","-13310","14250","38.85","5","56","7","952","2","18","0.1","-18080","19000","38.1","9","28","8","952","0","20","0","0","0","43.7","0","61","0"
,"953","20","0","1","1075.375","0","48.25","121","0","8.3","953","6","14","0.3","-384.1666666666667","3333.3333333333335","34.05","38","88","8.166666666666666","953","0","20","0","0","0","49.75","0","84","0","953","2","18","0.1","-8205","9750","53.35","17","63","9.5","953","2","18","0.1","-13340","14250","38.85","5","56","7","953","2","18","0.1","-18120","19000","38.1","9","28","8","953","0","20","0","0","0","43.7","0","61","0"
,"954","20","0","1","1075.375","0","48.25","121","0","8.3","954","6","14","0.3","-389.1666666666667","3333.3333333333335","34.05","38","88","8.166666666666666","954","0","20","0","0","0","49.75","0","84","0","954","2","18","0.1","-8225","9750","53.35","17","63","9.5","954","2","18","0.1","-13370","14250","38.85","5","56","7","954","2","18","0.1","-18160","19000","38.1","9","28","8","954","0","20","0","0","0","43.7","0","61","0"
,"955","20","0","1","1075.375","0","48.25","121","0","8.3","955","6","14","0.3","-394.1666666666667","3333.3333333333335","34.05","38","88","8.166666666666666","955","0","20","0","0","0","49.75","0","84","0","955","2","18","0.1","-8245","9750","53.35","17","63","9.5","955","2","18","0.1","-13400","14250","38.85","5","56","7","955","2","18","0.1","-18200","19000","38.1","9","28","8","955","0","20","0","0","0","43.7","0","61","0"
,"956","20","0","1","1075.375","0","48.25","121","0","8.3","956","6","14","0.3","-399.1666666666667","3333.3333333333335","34.05","38","88","8.166666666666666","956","0","20","0","0","0","49.75","0","84","0","956","2","18","0.1","-8265","9750","53.35","17","63","9.5","956","2","18","0.1","-13430","14250","38.85","5","56","7","956","2","18","0.1","-18240","19000","38.1","9","28","8","956","0","20","0","0","0","43.7","0","61","0"
,"957","20","0","1","1075.375","0","48.25","121","0","8.3","957","6","14","0.3","-404.1666666666667","3333.3333333333335","34.05","38","88","8.166666666666666","957","0","20","0","0","0","49.75","0","84","0","957","2","18","0.1","-8285","9750","53.35","17","63","9.5","957","2","18","0.1","-13460","14250","38.85","5","56","7","957","2","18","0.1","-18280","19000","38.1","9","28","8","957","0","20","0","0","0","43.7","0","61","0"
,"958","20","0","1","1075.375","0","48.25","121","0","8.3","958","6","14","0.3","-409.1666666666667","3333.3333333333335","34.05","38","88","8.166666666666666","958","0","20","0","0","0","49.75","0","84","0","958","2","18","0.1","-8305","9750","53.35","17","63","9.5","958","2","18","0.1","-13490","14250","38.85","5","56","7","958","2","18","0.1","-18320","19000","38.1","9","28","8","958","0","20","0","0","0","43.7","0","61","0"
,"959","20","0","1","1075.375","0","48.25","121","0","8.3","959","6","14","0.3","-414.1666666666667","3333.3333333333335","34.05","38","88","8.166666666666666","959","0","20","0","0","0","49.75","0","84","0","959","2","18","0.1","-8325","9750","53.35","17","63","9.5","959","2","18","0.1","-13520","14250","38.85","5","56","7","959","2","18","0.1","-18360","19000","38.1","9","28","8","959","0","20","0","0","0","43.7","0","61","0"
,"960","20","0","1","1075.375","0","48.25","121","0","8.3","960","6","14","0.3","-419.1666666666667","3333.3333333333335","34.05","38","88","8.166666666666666","960","0","20","0","0","0","49.75","0","84","0","960","2","18","0.1","-8345","9750","53.35","17","63","9.5","960","2","18","0.1","-13550","14250","38.85","5","56","7","960","2","18","0.1","-18400","19000","38.1","9","28","8","960","0","20","0","0","0","43.7","0","61","0"
,"961","20","0","1","1075.375","0","48.25","121","0","8.3","961","6","14","0.3","-424.1666666666667","3333.3333333333335","34.05","38","88","8.166666666666666","961","0","20","0","0","0","49.75","0","84","0","961","2","18","0.1","-8115","10000","53.35","17","63","9.5","961","2","18","0.1","-13580","14250","38.85","5","56","7","961","2","18","0.1","-18440","19000","38.1","9","28","8","961","0","20","0","0","0","43.7","0","61","0"
,"962","20","0","1","1075.375","0","48.25","121","0","8.3","962","6","14","0.3","-429.1666666666667","3333.3333333333335","34.05","38","88","8.166666666666666","962","0","20","0","0","0","49.75","0","84","0","962","2","18","0.1","-8135","10000","53.35","17","63","9.5","962","2","18","0.1","-13610","14250","38.85","5","56","7","962","2","18","0.1","-18480","19000","38.1","9","28","8","962","0","20","0","0","0","43.7","0","61","0"
,"963","20","0","1","1075.375","0","48.25","121","0","8.3","963","6","14","0.3","-434.1666666666667","3333.3333333333335","34.05","38","88","8.166666666666666","963","0","20","0","0","0","49.75","0","84","0","963","2","18","0.1","-8155","10000","53.35","17","63","9.5","963","2","18","0.1","-13640","14250","38.85","5","56","7","963","2","18","0.1","-18270","19250","38.1","9","28","8","963","0","20","0","0","0","43.7","0","61","0"
,"964","20","0","1","1075.375","0","48.25","121","0","8.3","964","6","14","0.3","-439.1666666666667","3333.3333333333335","34.05","38","88","8.166666666666666","964","0","20","0","0","0","49.75","0","84","0","964","2","18","0.1","-8175","10000","53.35","17","63","9.5","964","2","18","0.1","-13670","14250","38.85","5","56","7","964","2","18","0.1","-18310","19250","38.1","9","28","8","964","0","20","0","0","0","43.7","0","61","0"
,"965","20","0","1","1075.375","0","48.25","121","0","8.3","965","6","14","0.3","-444.1666666666667","3333.3333333333335","34.05","38","88","8.166666666666666","965","0","20","0","0","0","49.75","0","84","0","965","2","18","0.1","-8195","10000","53.35","17","63","9.5","965","2","18","0.1","-13700","14250","38.85","5","56","7","965","2","18","0.1","-18350","19250","38.1","9","28","8","965","0","20","0","0","0","43.7","0","61","0"
,"966","20","0","1","1075.375","0","48.25","121","0","8.3","966","6","14","0.3","-449.1666666666667","3333.3333333333335","34.05","38","88","8.166666666666666","966","0","20","0","0","0","49.75","0","84","0","966","2","18","0.1","-8215","10000","53.35","17","63","9.5","966","2","18","0.1","-13730","14250","38.85","5","56","7","966","2","18","0.1","-18390","19250","38.1","9","28","8","966","0","20","0","0","0","43.7","0","61","0"
,"967","20","0","1","1075.375","0","48.25","121","0","8.3","967","6","14","0.3","-454.1666666666667","3333.3333333333335","34.05","38","88","8.166666666666666","967","0","20","0","0","0","49.75","0","84","0","967","2","18","0.1","-8235","10000","53.35","17","63","9.5","967","2","18","0.1","-13510","14500","38.85","5","56","7","967","2","18","0.1","-18430","19250","38.1","9","28","8","967","0","20","0","0","0","43.7","0","61","0"
,"968","20","0","1","1075.375","0","48.25","121","0","8.3","968","6","14","0.3","-459.1666666666667","3333.3333333333335","34.05","38","88","8.166666666666666","968","0","20","0","0","0","49.75","0","84","0","968","2","18","0.1","-8255","10000","53.35","17","63","9.5","968","2","18","0.1","-13540","14500","38.85","5","56","7","968","2","18","0.1","-18470","19250","38.1","9","28","8","968","0","20","0","0","0","43.7","0","61","0"
,"969","20","0","1","1075.375","0","48.25","121","0","8.3","969","6","14","0.3","-464.1666666666667","3333.3333333333335","34.05","38","88","8.166666666666666","969","0","20","0","0","0","49.75","0","84","0","969","2","18","0.1","-8275","10000","53.35","17","63","9.5","969","2","18","0.1","-13570","14500","38.85","5","56","7","969","2","18","0.1","-18510","19250","38.1","9","28","8","969","0","20","0","0","0","43.7","0","61","0"
,"970","20","0","1","1075.375","0","48.25","121","0","8.3","970","6","14","0.3","-469.1666666666667","3333.3333333333335","34.05","38","88","8.166666666666666","970","0","20","0","0","0","49.75","0","84","0","970","2","18","0.1","-8295","10000","53.35","17","63","9.5","970","2","18","0.1","-13600","14500","38.85","5","56","7","970","2","18","0.1","-18550","19250","38.1","9","28","8","970","0","20","0","0","0","43.7","0","61","0"
,"971","20","0","1","1075.375","0","48.25","121","0","8.3","971","6","14","0.3","-474.1666666666667","3333.3333333333335","34.05","38","88","8.166666666666666","971","0","20","0","0","0","49.75","0","84","0","971","2","18","0.1","-8315","10000","53.35","17","63","9.5","971","2","18","0.1","-13630","14500","38.85","5","56","7","971","2","18","0.1","-18590","19250","38.1","9","28","8","971","0","20","0","0","0","43.7","0","61","0"
,"972","20","0","1","1075.375","0","48.25","121","0","8.3","972","6","14","0.3","-479.1666666666667","3333.3333333333335","34.05","38","88","8.166666666666666","972","0","20","0","0","0","49.75","0","84","0","972","2","18","0.1","-8335","10000","53.35","17","63","9.5","972","2","18","0.1","-13660","14500","38.85","5","56","7","972","2","18","0.1","-18630","19250","38.1","9","28","8","972","0","20","0","0","0","43.7","0","61","0"
,"973","20","0","1","1075.375","0","48.25","121","0","8.3","973","6","14","0.3","-484.1666666666667","3333.3333333333335","34.05","38","88","8.166666666666666","973","0","20","0","0","0","49.75","0","84","0","973","2","18","0.1","-8355","10000","53.35","17","63","9.5","973","2","18","0.1","-13690","14500","38.85","5","56","7","973","2","18","0.1","-18670","19250","38.1","9","28","8","973","0","20","0","0","0","43.7","0","61","0"
,"974","20","0","1","1075.375","0","48.25","121","0","8.3","974","6","14","0.3","-489.1666666666667","3333.3333333333335","34.05","41","88","8.333333333333334","974","0","20","0","0","0","49.75","0","84","0","974","2","18","0.1","-8375","10000","53.35","17","63","9.5","974","2","18","0.1","-13720","14500","38.85","5","56","7","974","2","18","0.1","-18710","19250","38.1","9","28","8","974","0","20","0","0","0","43.7","0","61","0"
,"975","20","0","1","1075.375","0","48.25","121","0","8.3","975","6","14","0.3","-494.1666666666667","3333.3333333333335","34.05","41","88","8.333333333333334","975","0","20","0","0","0","49.75","0","84","0","975","2","18","0.1","-8395","10000","53.35","17","63","9.5","975","2","18","0.1","-13750","14500","38.85","5","56","7","975","2","18","0.1","-18750","19250","38.1","9","28","8","975","0","20","0","0","0","43.7","0","61","0"
,"976","20","0","1","1075.375","0","48.25","121","0","8.3","976","6","14","0.3","-499.1666666666667","3333.3333333333335","34.05","41","88","8.333333333333334","976","0","20","0","0","0","49.75","0","84","0","976","2","18","0.1","-8415","10000","53.35","17","63","9.5","976","2","18","0.1","-13780","14500","38.85","5","56","7","976","2","18","0.1","-18540","19500","38.1","9","28","8","976","0","20","0","0","0","43.7","0","61","0"
,"977","20","0","1","1075.375","0","48.25","121","0","8.3","977","6","14","0.3","-504.1666666666667","3333.3333333333335","34.05","41","88","8.333333333333334","977","0","20","0","0","0","49.75","0","84","0","977","2","18","0.1","-8435","10000","53.35","17","63","9.5","977","2","18","0.1","-13810","14500","38.85","5","56","7","977","2","18","0.1","-18580","19500","38.1","9","28","8","977","0","20","0","0","0","43.7","0","61","0"
,"978","20","0","1","1075.375","0","48.25","121","0","8.3","978","6","14","0.3","-509.1666666666667","3333.3333333333335","34.05","41","88","8.333333333333334","978","0","20","0","0","0","49.75","0","84","0","978","2","18","0.1","-8455","10000","53.35","17","63","9.5","978","2","18","0.1","-13840","14500","38.85","5","56","7","978","2","18","0.1","-18620","19500","38.1","9","28","8","978","0","20","0","0","0","43.7","0","61","0"
,"979","20","0","1","1075.375","0","48.25","121","0","8.3","979","6","14","0.3","-514.1666666666666","3333.3333333333335","34.05","41","88","8.333333333333334","979","0","20","0","0","0","49.75","0","84","0","979","2","18","0.1","-8475","10000","53.35","17","63","9.5","979","2","18","0.1","-13870","14500","38.85","5","56","7","979","2","18","0.1","-18660","19500","38.1","9","28","8","979","0","20","0","0","0","43.7","0","61","0"
,"980","20","0","1","1075.375","0","48.25","121","0","8.3","980","6","14","0.3","-519.1666666666666","3333.3333333333335","34.05","41","88","8.333333333333334","980","0","20","0","0","0","49.75","0","84","0","980","2","18","0.1","-8495","10000","53.35","17","63","9.5","980","2","18","0.1","-13900","14500","38.85","5","56","7","980","2","18","0.1","-18700","19500","38.1","9","28","8","980","0","20","0","0","0","43.7","0","61","0"
,"981","20","0","1","1075.375","0","48.25","121","0","8.3","981","6","14","0.3","-524.1666666666666","3333.3333333333335","34.05","41","88","8.333333333333334","981","0","20","0","0","0","49.75","0","84","0","981","2","18","0.1","-8515","10000","53.35","17","63","9.5","981","2","18","0.1","-13930","14500","38.85","5","56","7","981","2","18","0.1","-18740","19500","38.1","9","28","8","981","0","20","0","0","0","43.7","0","61","0"
,"982","20","0","1","1075.375","0","48.25","121","0","8.3","982","6","14","0.3","-529.1666666666666","3333.3333333333335","34.05","41","88","8.333333333333334","982","0","20","0","0","0","49.75","0","84","0","982","2","18","0.1","-8535","10000","53.35","17","63","9.5","982","2","18","0.1","-13960","14500","38.85","5","56","7","982","2","18","0.1","-18780","19500","38.1","9","28","8","982","0","20","0","0","0","43.7","0","61","0"
,"983","20","0","1","1075.375","0","48.25","121","0","8.3","983","6","14","0.3","-534.1666666666666","3333.3333333333335","34.05","41","88","8.333333333333334","983","0","20","0","0","0","49.75","0","84","0","983","2","18","0.1","-8555","10000","53.35","17","63","9.5","983","2","18","0.1","-13990","14500","38.85","5","56","7","983","2","18","0.1","-18820","19500","38.1","9","28","8","983","0","20","0","0","0","43.7","0","61","0"
,"984","20","0","1","1075.375","0","48.25","121","0","8.3","984","6","14","0.3","-539.1666666666666","3333.3333333333335","34.05","41","88","8.333333333333334","984","0","20","0","0","0","49.75","0","84","0","984","2","18","0.1","-8575","10000","53.35","17","63","9.5","984","2","18","0.1","-13770","14750","38.85","5","56","7","984","2","18","0.1","-18860","19500","38.1","9","28","8","984","0","20","0","0","0","43.7","0","61","0"
,"985","20","0","1","1075.375","0","48.25","121","0","8.3","985","6","14","0.3","-544.1666666666666","3333.3333333333335","34.05","41","88","8.333333333333334","985","0","20","0","0","0","49.75","0","84","0","985","2","18","0.1","-8595","10000","53.35","17","63","9.5","985","2","18","0.1","-13800","14750","38.85","5","56","7","985","2","18","0.1","-18900","19500","38.1","9","28","8","985","0","20","0","0","0","43.7","0","61","0"
,"986","20","0","1","1075.375","0","48.25","121","0","8.3","986","6","14","0.3","-549.1666666666666","3333.3333333333335","34.05","41","88","8.333333333333334","986","0","20","0","0","0","49.75","0","84","0","986","2","18","0.1","-8365","10250","53.35","17","63","9.5","986","2","18","0.1","-13830","14750","38.85","5","56","7","986","2","18","0.1","-18940","19500","38.1","9","28","8","986","0","20","0","0","0","43.7","0","61","0"
,"987","20","0","1","1075.375","0","48.25","121","0","8.3","987","6","14","0.3","-554.1666666666666","3333.3333333333335","34.05","41","88","8.333333333333334","987","0","20","0","0","0","49.75","0","84","0","987","2","18","0.1","-8385","10250","53.35","17","63","9.5","987","2","18","0.1","-13860","14750","38.85","5","56","7","987","2","18","0.1","-18980","19500","38.1","9","28","8","987","0","20","0","0","0","43.7","0","61","0"
,"988","20","0","1","1075.375","0","48.25","121","0","8.3","988","6","14","0.3","-559.1666666666666","3333.3333333333335","34.05","41","88","8.333333333333334","988","0","20","0","0","0","49.75","0","84","0","988","2","18","0.1","-8405","10250","53.35","20","63","10","988","2","18","0.1","-13890","14750","38.85","5","56","7","988","2","18","0.1","-18770","19750","38.1","9","28","8","988","0","20","0","0","0","43.7","0","61","0"
,"989","20","0","1","1075.375","0","48.25","121","0","8.3","989","6","14","0.3","-564.1666666666666","3333.3333333333335","34.05","41","88","8.333333333333334","989","0","20","0","0","0","49.75","0","84","0","989","2","18","0.1","-8425","10250","53.35","20","63","10","989","2","18","0.1","-13920","14750","38.85","5","56","7","989","2","18","0.1","-18810","19750","38.1","9","28","8","989","0","20","0","0","0","43.7","0","61","0"
,"990","20","0","1","1075.375","0","48.25","121","0","8.3","990","6","14","0.3","-569.1666666666666","3333.3333333333335","34.05","41","88","8.333333333333334","990","0","20","0","0","0","49.75","0","84","0","990","2","18","0.1","-8445","10250","53.35","20","63","10","990","2","18","0.1","-13950","14750","38.85","5","56","7","990","2","18","0.1","-18850","19750","38.1","9","28","8","990","0","20","0","0","0","43.7","0","61","0"
,"991","20","0","1","1075.375","0","48.25","121","0","8.3","991","6","14","0.3","-574.1666666666666","3333.3333333333335","34.05","41","88","8.333333333333334","991","0","20","0","0","0","49.75","0","84","0","991","2","18","0.1","-8465","10250","53.35","20","63","10","991","2","18","0.1","-13980","14750","38.85","5","56","7","991","2","18","0.1","-18890","19750","38.1","9","28","8","991","0","20","0","0","0","43.7","0","61","0"
,"992","20","0","1","1075.375","0","48.25","121","0","8.3","992","6","14","0.3","-579.1666666666666","3333.3333333333335","34.05","41","88","8.333333333333334","992","0","20","0","0","0","49.75","0","84","0","992","2","18","0.1","-8485","10250","53.35","20","63","10","992","2","18","0.1","-14010","14750","38.85","5","56","7","992","2","18","0.1","-18930","19750","38.1","9","28","8","992","0","20","0","0","0","43.7","0","61","0"
,"993","20","0","1","1075.375","0","48.25","121","0","8.3","993","6","14","0.3","-584.1666666666666","3333.3333333333335","34.05","41","88","8.333333333333334","993","0","20","0","0","0","49.75","0","84","0","993","2","18","0.1","-8505","10250","53.35","20","63","10","993","2","18","0.1","-14040","14750","38.85","5","56","7","993","2","18","0.1","-18970","19750","38.1","9","28","8","993","0","20","0","0","0","43.7","0","61","0"
,"994","20","0","1","1075.375","0","48.25","121","0","8.3","994","6","14","0.3","-589.1666666666666","3333.3333333333335","34.05","41","88","8.333333333333334","994","0","20","0","0","0","49.75","0","84","0","994","2","18","0.1","-8525","10250","53.35","20","63","10","994","2","18","0.1","-14070","14750","38.85","5","56","7","994","2","18","0.1","-19010","19750","38.1","9","28","8","994","0","20","0","0","0","43.7","0","61","0"
,"995","20","0","1","1075.375","0","48.25","121","0","8.3","995","6","14","0.3","-594.1666666666666","3333.3333333333335","34.05","41","88","8.333333333333334","995","0","20","0","0","0","49.75","0","84","0","995","2","18","0.1","-8545","10250","53.35","20","63","10","995","2","18","0.1","-14100","14750","38.85","5","56","7","995","2","18","0.1","-19050","19750","38.1","9","28","8","995","0","20","0","0","0","43.7","0","61","0"
,"996","20","0","1","1075.375","0","48.25","121","0","8.3","996","6","14","0.3","-599.1666666666666","3333.3333333333335","34.05","41","88","8.333333333333334","996","0","20","0","0","0","49.75","0","84","0","996","2","18","0.1","-8565","10250","53.35","20","63","10","996","2","18","0.1","-14130","14750","38.85","5","56","7","996","2","18","0.1","-19090","19750","38.1","9","28","8","996","0","20","0","0","0","43.7","0","61","0"
,"997","20","0","1","1075.375","0","48.25","121","0","8.3","997","6","14","0.3","-604.1666666666666","3333.3333333333335","34.05","41","88","8.333333333333334","997","0","20","0","0","0","49.75","0","84","0","997","2","18","0.1","-8585","10250","53.35","20","63","10","997","2","18","0.1","-14160","14750","38.85","5","56","7","997","2","18","0.1","-19130","19750","38.1","9","28","8","997","0","20","0","0","0","43.7","0","61","0"
,"998","20","0","1","1075.375","0","48.25","121","0","8.3","998","6","14","0.3","-609.1666666666666","3333.3333333333335","34.05","41","88","8.333333333333334","998","0","20","0","0","0","49.75","0","84","0","998","2","18","0.1","-8605","10250","53.35","20","63","10","998","2","18","0.1","-14190","14750","38.85","5","56","7","998","2","18","0.1","-19170","19750","38.1","9","28","8","998","0","20","0","0","0","43.7","0","61","0"
,"999","20","0","1","1075.375","0","48.25","121","0","8.3","999","6","14","0.3","-614.1666666666666","3333.3333333333335","34.05","41","88","8.333333333333334","999","0","20","0","0","0","49.75","0","84","0","999","2","18","0.1","-8625","10250","53.35","20","63","10","999","2","18","0.1","-14220","14750","38.85","5","56","7","999","2","18","0.1","-19210","19750","38.1","9","28","8","999","0","20","0","0","0","43.7","0","61","0"
,"1000","20","0","1","1075.375","0","48.25","121","0","8.3","1000","6","14","0.3","-619.1666666666666","3333.3333333333335","34.05","41","88","8.333333333333334","1000","0","20","0","0","0","49.75","0","84","0","1000","2","18","0.1","-8645","10250","53.35","20","63","10","1000","2","18","0.1","-14250","14750","38.85","5","56","7","1000","2","18","0.1","-19250","19750","38.1","9","28","8","1000","0","20","0","0","0","43.7","0","61","0"
